stamp,person_id,a_h,a_r,a_m,pos_x,pos_y,pos_z,roll,pitch,yaw,is_target,ptu_blind,bbox_u,bbox_v,bbox_w,bbox_h
1778698748.587461,0,0.975888,0.999827,0.975720,1.0993,-0.0125,1.2491,0.000,-2.060,-169.116,0,0,304,234,96,111
1778698748.587461,1,0.954950,0.919299,0.877885,1.1539,-0.4967,1.3068,-0.000,-9.324,155.358,0,0,557,207,104,111
1778698748.587461,2,0.947318,0.900294,0.852865,0.9791,0.3990,1.3558,0.000,0.839,-139.481,0,0,49,161,99,125
1778698748.687551,0,0.976456,0.999827,0.976287,1.0993,-0.0125,1.2491,-0.000,-2.425,-169.623,0,0,304,234,96,113
1778698748.687551,1,0.952039,0.919299,0.875208,1.1568,-0.4980,1.3072,-0.000,-9.813,154.679,0,0,557,207,103,110
1778698748.687551,2,0.948860,0.900294,0.854253,0.9771,0.3981,1.3554,-0.000,1.234,-139.534,0,0,49,161,98,125
1778698748.787635,0,0.974812,0.999827,0.974644,1.0993,-0.0125,1.2491,0.000,-2.628,-169.229,0,0,304,234,96,113
1778698748.787635,1,0.953020,0.919299,0.876110,1.1539,-0.4967,1.3068,0.000,-9.612,154.553,0,0,557,207,103,111
1778698748.787635,2,0.948818,0.900294,0.854215,0.9791,0.3990,1.3558,0.000,1.111,-139.615,0,0,49,161,99,125
1778698748.787635,0,0.975967,0.999827,0.975798,1.0993,-0.0125,1.2491,0.000,-2.628,-169.229,0,0,304,234,96,113
1778698748.787635,1,0.953022,0.919299,0.876112,1.1539,-0.4967,1.3068,0.000,-9.612,154.553,0,0,557,207,104,110
1778698748.787635,2,0.947224,0.900294,0.852780,0.9791,0.3990,1.3558,0.000,1.111,-139.615,0,0,49,161,99,126
1778698748.987861,0,0.975909,0.999827,0.975740,1.0993,-0.0125,1.2491,0.000,-2.394,-169.403,0,0,304,234,96,113
1778698748.987861,1,0.953568,0.919299,0.876614,1.1539,-0.4967,1.3068,-0.000,-9.499,154.489,0,0,557,207,103,110
1778698748.987861,2,0.945131,0.900294,0.850896,0.9840,0.4014,1.3570,0.000,0.808,-139.021,0,0,49,161,99,128
1778698749.054609,0,0.975617,0.999827,0.975448,1.0993,-0.0125,1.2491,0.000,-2.108,-169.064,0,0,304,234,96,113
1778698749.054609,1,0.954898,0.919299,0.877837,1.1539,-0.4967,1.3068,0.000,-9.330,155.316,0,0,557,207,104,110
1778698749.054609,2,0.946272,0.900294,0.851923,0.9791,0.3990,1.3558,-0.000,0.853,-139.238,0,0,49,161,99,125
1778698749.121357,0,0.976586,0.999827,0.976418,1.0993,-0.0125,1.2491,0.000,-2.181,-169.456,0,0,304,234,96,111
1778698749.121357,1,0.951311,0.919299,0.874539,1.1539,-0.4967,1.3068,-0.000,-9.992,155.086,0,0,557,207,104,110
1778698749.121357,2,0.944761,0.900294,0.850563,0.9791,0.3990,1.3558,0.000,0.970,-138.824,0,0,49,161,99,126
1778698749.121357,0,0.976649,0.999827,0.976480,1.0993,-0.0125,1.2491,-0.000,-1.927,-169.267,0,0,304,234,96,113
1778698749.121357,1,0.952105,0.919299,0.875269,1.1539,-0.4967,1.3068,-0.000,-9.860,155.276,0,0,557,207,103,109
1778698749.121357,2,0.944266,0.900294,0.850117,0.9791,0.3990,1.3558,0.000,0.817,-138.828,0,0,49,161,99,125
1778698749.221455,0,0.975113,0.999827,0.974944,1.0993,-0.0125,1.2491,0.000,-2.461,-169.187,0,0,304,234,96,111
1778698749.221455,1,0.947854,0.919299,0.871361,1.1539,-0.4967,1.3068,0.000,-10.665,155.588,0,0,557,208,102,110
1778698749.221455,2,0.947515,0.900294,0.853042,0.9791,0.3990,1.3558,0.000,1.362,-139.143,0,0,49,161,99,126
1778698749.221455,0,0.975397,0.999827,0.975228,1.0993,-0.0125,1.2491,0.000,-2.461,-169.187,0,0,304,234,95,111
1778698749.221455,1,0.948971,0.919366,0.872451,1.1539,-0.4967,1.3068,0.000,-10.665,155.588,0,0,557,207,104,110
1778698749.221455,2,0.947769,0.900294,0.853271,0.9791,0.3990,1.3558,0.000,1.362,-139.143,0,0,49,161,99,126
1778698749.288195,0,0.975065,0.999827,0.974897,1.0993,-0.0125,1.2491,0.000,-2.855,-169.639,0,0,304,234,96,111
1778698749.288195,1,0.946953,0.919299,0.870532,1.1540,-0.4967,1.3049,0.000,-10.564,155.740,0,0,556,207,103,111
1778698749.288195,2,0.946659,0.900294,0.852271,0.9791,0.3990,1.3558,0.000,1.017,-139.449,0,0,49,161,99,126
1778698749.421672,0,0.974754,0.999827,0.974586,1.0993,-0.0125,1.2491,0.000,-2.931,-169.482,0,0,304,234,96,111
1778698749.421672,1,0.947346,0.919877,0.871442,1.1499,-0.4931,1.3062,-0.000,-10.714,155.184,0,0,556,207,103,111
1778698749.421672,2,0.946573,0.900294,0.852194,0.9791,0.3990,1.3558,0.000,1.070,-139.145,0,0,49,161,99,126
1778698749.555134,0,0.976762,0.999827,0.976593,1.0993,-0.0125,1.2491,-0.000,-2.303,-169.623,0,0,304,234,96,113
1778698749.555134,1,0.942485,0.919808,0.866905,1.1497,-0.4931,1.3081,0.000,-11.469,155.096,0,0,556,206,103,109
1778698749.555134,2,0.945891,0.900294,0.851580,0.9791,0.3990,1.3558,0.000,1.073,-138.994,0,0,49,161,99,126
1778698749.555134,0,0.974925,0.999827,0.974756,1.0993,-0.0125,1.2491,0.000,-2.859,-169.476,0,0,304,234,96,111
1778698749.555134,1,0.950536,0.919808,0.874310,1.1497,-0.4931,1.3081,0.000,-9.952,154.403,0,0,556,208,103,110
1778698749.555134,2,0.946713,0.900294,0.852320,0.9791,0.3990,1.3558,0.000,0.876,-139.318,0,0,49,161,99,128
1778698749.655241,0,0.976841,0.999827,0.976672,1.0993,-0.0125,1.2491,0.000,-2.302,-169.651,0,0,304,234,96,111
1778698749.655241,1,0.953364,0.919944,0.877042,1.1501,-0.4931,1.3043,-0.000,-9.584,154.280,0,0,556,207,103,109
1778698749.655241,2,0.947084,0.900294,0.852654,0.9791,0.3990,1.3558,0.000,0.976,-139.327,0,0,49,161,99,128
1778698749.788724,0,0.976148,0.999827,0.975979,1.0993,-0.0125,1.2491,0.000,-2.787,-169.846,0,0,304,234,96,111
1778698749.788724,1,0.945140,0.919877,0.869413,1.1499,-0.4931,1.3062,0.000,-11.086,154.958,0,0,556,207,103,109
1778698749.788724,2,0.947637,0.900294,0.853151,0.9791,0.3990,1.3558,-0.000,1.226,-139.267,0,0,49,161,99,128
1778698749.855461,0,0.978035,0.999830,0.977869,1.0995,-0.0125,1.2473,0.000,-2.332,-170.024,0,0,304,235,96,110
1778698749.855461,1,0.944302,0.919877,0.868641,1.1499,-0.4931,1.3062,0.000,-11.223,154.861,0,0,556,207,103,109
1778698749.855461,2,0.946441,0.900294,0.852075,0.9791,0.3990,1.3558,0.000,1.231,-139.001,0,0,49,161,99,126
1778698749.855461,0,0.975989,0.999830,0.975823,1.0995,-0.0125,1.2473,0.000,-2.899,-169.799,0,0,304,235,96,110
1778698749.855461,1,0.944634,0.919877,0.868947,1.1499,-0.4931,1.3062,0.000,-11.227,155.602,0,0,556,207,103,109
1778698749.855461,2,0.946896,0.900294,0.852485,0.9791,0.3990,1.3558,0.000,1.109,-139.188,0,0,49,161,99,128
1778698749.955530,0,0.975659,0.999830,0.975494,1.0995,-0.0125,1.2473,0.000,-2.870,-169.653,0,0,304,235,96,110
1778698749.955530,1,0.939267,0.919877,0.864010,1.1499,-0.4931,1.3062,0.000,-12.125,155.306,0,0,556,207,103,109
1778698749.955530,2,0.947980,0.900294,0.853460,0.9791,0.3990,1.3558,0.000,0.917,-139.571,0,0,49,161,99,128
1778698750.022264,0,0.976007,0.999830,0.975842,1.0995,-0.0125,1.2473,0.000,-2.952,-169.856,0,0,304,235,96,110
1778698750.022264,1,0.945218,0.919877,0.869484,1.1499,-0.4931,1.3062,0.000,-11.127,155.640,0,0,556,207,103,110
1778698750.022264,2,0.947929,0.900294,0.853415,0.9791,0.3990,1.3558,-0.000,0.926,-139.553,0,0,49,161,99,126
1778698750.089003,0,0.978474,0.999830,0.978308,1.0995,-0.0125,1.2473,-0.000,-2.298,-170.157,0,0,304,235,96,110
1778698750.089003,1,0.941942,0.919877,0.866471,1.1499,-0.4931,1.3062,0.000,-11.678,155.392,0,0,556,208,103,110
1778698750.089003,2,0.947078,0.900294,0.852649,0.9791,0.3990,1.3558,0.000,1.073,-139.254,0,0,49,161,99,128
1778698750.222467,0,0.976506,0.999827,0.976337,1.0993,-0.0125,1.2491,0.000,-2.346,-169.571,0,0,304,234,96,109
1778698750.222467,1,0.946174,0.919366,0.869879,1.1501,-0.4950,1.3043,-0.000,-11.021,155.101,0,0,557,208,102,110
1778698750.222467,2,0.948673,0.900460,0.854242,0.9822,0.4004,1.3549,-0.000,1.284,-139.397,0,0,49,162,99,126
1778698750.289203,0,0.977283,0.999827,0.977114,1.0993,-0.0125,1.2491,0.000,-2.074,-169.611,0,0,304,234,96,109
1778698750.289203,1,0.939221,0.919366,0.863487,1.1540,-0.4967,1.3049,0.000,-12.198,154.855,0,0,557,208,103,110
1778698750.289203,2,0.948243,0.900294,0.853698,0.9870,0.4028,1.3577,0.000,1.087,-139.503,0,0,49,161,99,128
1778698750.389303,0,0.977779,0.999830,0.977613,1.0995,-0.0125,1.2473,-0.000,-2.186,-169.800,0,0,304,235,96,110
1778698750.389303,1,0.947800,0.919366,0.871375,1.1501,-0.4950,1.3043,0.000,-10.672,154.544,0,0,557,208,103,110
1778698750.389303,2,0.945301,0.900294,0.851049,0.9821,0.4004,1.3565,0.000,0.435,-139.339,0,0,49,161,99,126
1778698750.456041,0,0.978086,0.999830,0.977920,1.0995,-0.0125,1.2473,-0.000,-2.186,-169.912,0,0,304,235,96,110
1778698750.456041,1,0.948715,0.919366,0.872216,1.1501,-0.4950,1.3043,-0.000,-10.539,154.847,0,0,557,208,104,110
1778698750.456041,2,0.947809,0.900294,0.853307,0.9938,0.4060,1.3593,0.000,1.178,-139.339,0,0,49,161,99,128
1778698750.456041,0,0.977192,0.999830,0.977026,1.0995,-0.0125,1.2473,-0.000,-2.031,-169.459,0,0,304,235,96,110
1778698750.456041,1,0.948703,0.919366,0.872205,1.1501,-0.4950,1.3043,-0.000,-10.523,154.672,0,0,557,208,104,110
1778698750.456041,2,0.949890,0.900294,0.855180,0.9938,0.4060,1.3593,0.000,1.377,-139.662,0,0,49,161,99,128
1778698750.556139,0,0.977227,0.999830,0.977061,1.0995,-0.0125,1.2473,0.000,-2.737,-170.101,0,0,304,235,96,109
1778698750.556139,1,0.951122,0.919366,0.874429,1.1501,-0.4950,1.3043,0.000,-10.123,155.120,0,0,557,208,103,110
1778698750.556139,2,0.948311,0.900294,0.853759,0.9821,0.4004,1.3565,-0.000,1.280,-139.378,0,0,49,161,99,125
1778698750.689607,0,0.978924,0.999830,0.978758,1.0995,-0.0125,1.2473,0.000,-1.515,-169.656,0,0,304,235,96,109
1778698750.689607,1,0.948780,0.919366,0.872276,1.1501,-0.4950,1.3043,0.000,-10.563,155.222,0,0,557,208,103,110
1778698750.689607,2,0.950743,0.900294,0.855948,0.9791,0.3990,1.3558,0.000,1.385,-139.851,0,0,49,161,99,125
1778698750.756346,0,0.979149,0.999830,0.978983,1.0965,-0.0126,1.2470,-0.000,-1.664,-169.856,0,0,304,235,96,110
1778698750.756346,1,0.951203,0.919366,0.874503,1.1501,-0.4950,1.3043,0.000,-10.070,154.752,0,0,557,208,103,110
1778698750.756346,2,0.948086,0.900460,0.853713,0.9940,0.4060,1.3576,-0.000,0.994,-139.477,0,0,49,162,99,126
1778698750.756346,0,0.976892,0.999830,0.976726,1.0965,-0.0126,1.2470,0.000,-1.839,-169.202,0,0,304,236,96,110
1778698750.756346,1,0.950834,0.919366,0.874164,1.1501,-0.4950,1.3043,0.000,-10.116,154.555,0,0,557,208,103,110
1778698750.756346,2,0.948903,0.900460,0.854449,0.9940,0.4060,1.3576,0.000,0.891,-139.738,0,0,49,161,99,128
1778698750.756346,0,0.976864,0.999830,0.976698,1.0965,-0.0126,1.2470,0.000,-1.839,-169.202,0,0,304,236,96,110
1778698750.756346,1,0.952004,0.919366,0.875240,1.1501,-0.4950,1.3043,0.000,-10.116,154.555,0,0,557,208,103,111
1778698750.756346,2,0.944456,0.900294,0.850288,0.9940,0.4060,1.3576,0.000,0.891,-139.738,0,0,49,161,99,126
1778698750.856463,0,0.977927,0.999830,0.977761,1.0967,-0.0126,1.2452,0.000,-2.029,-169.263,0,0,304,236,95,110
1778698750.856463,1,0.949725,0.919366,0.873145,1.1501,-0.4950,1.3043,0.000,-9.977,155.348,0,0,557,208,103,110
1778698750.856463,2,0.943047,0.900294,0.849019,0.9791,0.3990,1.3558,0.000,0.758,-138.911,0,0,49,161,99,125
1778698750.989921,0,0.977031,0.999830,0.976865,1.0967,-0.0126,1.2452,0.000,-1.986,-169.599,0,0,304,235,96,110
1778698750.989921,1,0.949211,0.919366,0.872672,1.1501,-0.4950,1.3043,-0.000,-10.416,155.574,0,0,557,208,103,110
1778698750.989921,2,0.944492,0.900294,0.850320,0.9791,0.3990,1.3558,-0.000,0.878,-138.524,0,0,49,161,99,126
1778698751.090028,0,0.976789,0.999830,0.976623,1.0935,-0.0126,1.2467,-0.000,-2.070,-169.350,0,0,304,236,95,110
1778698751.090028,1,0.950397,0.919366,0.873763,1.1540,-0.4967,1.3049,-0.000,-10.279,155.384,0,0,557,208,103,111
1778698751.090028,2,0.946628,0.900294,0.852243,0.9791,0.3990,1.3558,0.000,1.176,-139.081,0,0,49,161,99,128
1778698751.156767,0,0.979947,0.999830,0.979781,1.0937,-0.0126,1.2449,0.000,-1.577,-169.997,0,0,304,236,96,110
1778698751.156767,1,0.952263,0.919366,0.875478,1.1501,-0.4950,1.3043,-0.000,-9.889,154.917,0,0,557,208,103,111
1778698751.156767,2,0.946399,0.900294,0.852037,0.9791,0.3990,1.3558,0.000,0.977,-139.174,0,0,49,161,99,128
1778698751.223505,0,0.981074,0.999830,0.980907,1.0937,-0.0126,1.2449,0.000,-0.550,-169.646,0,0,305,235,96,107
1778698751.223505,1,0.954301,0.919366,0.877352,1.1501,-0.4950,1.3043,-0.000,-9.526,155.186,0,0,557,208,103,111
1778698751.223505,2,0.946811,0.900294,0.852408,0.9791,0.3990,1.3558,-0.000,1.011,-139.241,0,0,49,161,99,126
1778698751.290244,0,0.977108,0.999861,0.976972,1.0905,-0.0145,1.2464,-0.000,-1.722,-169.285,0,0,305,236,96,110
1778698751.290244,1,0.954861,0.919366,0.877867,1.1501,-0.4950,1.3043,0.000,-9.457,155.692,0,0,557,208,103,111
1778698751.290244,2,0.949573,0.900294,0.854894,0.9791,0.3990,1.3558,0.000,1.281,-139.660,0,0,49,161,99,126
1778698751.290244,0,0.978577,0.999861,0.978441,1.0905,-0.0145,1.2464,-0.000,-1.722,-169.285,0,0,305,235,96,111
1778698751.290244,1,0.955435,0.919366,0.878394,1.1501,-0.4950,1.3043,0.000,-9.457,155.692,0,0,557,208,103,111
1778698751.290244,2,0.945896,0.900294,0.851584,0.9791,0.3990,1.3558,0.000,1.281,-139.660,0,0,49,161,99,126
1778698751.490452,0,0.977814,0.999861,0.977678,1.0905,-0.0145,1.2464,0.000,-1.904,-169.675,0,0,305,235,95,109
1778698751.490452,1,0.951973,0.919366,0.875212,1.1501,-0.4950,1.3043,-0.000,-10.009,155.728,0,0,557,208,103,111
1778698751.490452,2,0.946701,0.900294,0.852309,0.9821,0.4004,1.3565,-0.000,1.064,-139.178,0,0,49,161,99,126
1778698751.490452,0,0.977364,0.999861,0.977228,1.0905,-0.0145,1.2464,-0.000,-1.921,-169.530,0,0,305,235,96,109
1778698751.490452,1,0.950829,0.919366,0.874160,1.1501,-0.4950,1.3043,0.000,-10.154,154.889,0,0,557,208,103,111
1778698751.490452,2,0.948509,0.900294,0.853937,0.9821,0.4004,1.3565,0.000,1.232,-139.457,0,0,49,161,99,126
1778698751.657274,0,0.976242,0.999861,0.976106,1.0905,-0.0145,1.2464,0.000,-1.591,-168.898,0,0,306,236,96,109
1778698751.657274,1,0.953173,0.919366,0.876314,1.1501,-0.4950,1.3043,0.000,-9.791,155.892,0,0,556,207,103,111
1778698751.657274,2,0.947200,0.900294,0.852758,0.9791,0.3990,1.3558,0.000,0.969,-139.357,0,0,49,161,99,125
1778698751.724008,0,0.975923,0.999889,0.975814,1.0937,-0.0162,1.2449,0.000,-1.869,-169.026,0,0,306,236,96,110
1778698751.724008,1,0.954393,0.919299,0.877372,1.1539,-0.4967,1.3068,-0.000,-9.452,155.645,0,0,557,207,104,113
1778698751.724008,2,0.948637,0.900294,0.854052,0.9791,0.3990,1.3558,0.000,1.408,-139.358,0,0,49,161,99,128
1778698751.790751,0,0.977850,0.999885,0.977738,1.0939,-0.0162,1.2431,0.000,-1.340,-169.210,0,0,306,237,96,110
1778698751.790751,1,0.957949,0.919366,0.880705,1.1501,-0.4950,1.3043,0.000,-8.802,155.108,0,0,557,208,104,111
1778698751.790751,2,0.945499,0.900294,0.851227,0.9821,0.4004,1.3565,0.000,1.019,-138.948,0,0,49,161,99,126
1778698751.790751,0,0.977228,0.999885,0.977116,1.0939,-0.0162,1.2431,0.000,-1.340,-169.210,0,0,306,237,96,110
1778698751.790751,1,0.944376,0.900294,0.850216,1.1501,-0.4950,1.3043,0.000,-8.802,155.108,0,0,49,161,99,128
1778698751.790751,2,0.949614,0.919877,0.873529,0.9821,0.4004,1.3565,0.000,1.019,-138.948,0,0,556,207,103,113
1778698751.890859,0,0.980094,0.999885,0.979981,1.0939,-0.0162,1.2431,0.000,-1.369,-169.024,0,0,306,236,96,111
1778698751.890859,2,0.952347,0.919877,0.876043,0.9771,0.3981,1.3554,0.000,0.817,-138.851,0,0,557,208,103,111
1778698751.890859,1,0.947179,0.900460,0.852897,1.1499,-0.4931,1.3062,-0.000,-10.357,155.968,0,0,49,162,99,126
1778698752.057700,0,0.980039,0.999889,0.979930,1.0907,-0.0163,1.2446,0.000,-0.792,-169.647,0,0,306,236,96,111
1778698752.057700,1,0.955680,0.919366,0.878620,1.1471,-0.4937,1.3039,-0.000,-9.258,155.182,0,0,557,208,103,111
1778698752.057700,2,0.949773,0.900294,0.855075,0.9791,0.3990,1.3558,-0.000,1.480,-139.562,0,0,49,161,99,128
1778698752.124439,0,0.981658,0.999889,0.981549,1.0937,-0.0162,1.2449,0.000,-0.020,-169.716,0,0,306,236,97,113
1778698752.124439,1,0.953011,0.919366,0.876165,1.1471,-0.4937,1.3039,0.000,-9.823,155.918,0,0,557,208,103,110
1778698752.124439,2,0.946068,0.900294,0.851739,0.9771,0.3981,1.3554,-0.000,0.718,-139.293,0,0,49,161,99,128
1778698752.124439,0,0.982808,0.999889,0.982699,1.0937,-0.0162,1.2449,0.000,-0.020,-169.716,0,0,306,236,97,114
1778698752.124439,1,0.956183,0.919366,0.879082,1.1471,-0.4937,1.3039,0.000,-9.823,155.918,0,0,557,208,103,111
1778698752.124439,2,0.944519,0.900294,0.850345,0.9771,0.3981,1.3554,-0.000,0.718,-139.293,0,0,49,161,99,128
1778698752.257905,0,0.983170,0.999889,0.983061,1.0967,-0.0162,1.2452,0.000,-0.256,-170.420,0,0,306,236,97,111
1778698752.257905,1,0.958556,0.918786,0.880707,1.1471,-0.4956,1.3039,0.000,-8.668,154.864,0,0,558,208,104,111
1778698752.257905,2,0.948920,0.900460,0.854464,0.9773,0.3981,1.3538,0.000,1.865,-139.052,0,0,49,162,99,126
1778698752.257905,0,0.981484,0.999889,0.981375,1.0967,-0.0162,1.2452,-0.000,-0.427,-169.913,0,0,306,236,96,113
1778698752.257905,1,0.958812,0.918786,0.880943,1.1471,-0.4956,1.3039,0.000,-8.640,155.093,0,0,557,208,103,113
1778698752.257905,2,0.947544,0.900460,0.853226,0.9773,0.3981,1.3538,0.000,1.603,-138.928,0,0,49,162,99,126
1778698752.257905,0,0.981461,0.999889,0.981352,1.0967,-0.0162,1.2452,-0.000,-0.427,-169.913,0,0,306,236,97,114
1778698752.257905,1,0.960519,0.919366,0.883068,1.1471,-0.4956,1.3039,0.000,-8.640,155.093,0,0,557,208,103,113
1778698752.257905,2,0.944863,0.900460,0.850811,0.9773,0.3981,1.3538,0.000,1.603,-138.928,0,0,49,162,99,126
1778698752.491473,0,0.983037,0.999889,0.982928,1.0937,-0.0162,1.2449,0.000,-0.265,-170.376,0,0,306,236,97,111
1778698752.491473,1,0.962439,0.919366,0.884833,1.1471,-0.4937,1.3039,0.000,-7.941,155.944,0,0,557,208,103,113
1778698752.491473,2,0.945936,0.900460,0.851777,0.9744,0.3967,1.3531,-0.000,1.546,-138.622,0,0,49,162,99,126
1778698752.491473,0,0.979825,0.999889,0.979716,1.0937,-0.0162,1.2449,0.000,-0.265,-170.376,0,0,306,236,97,114
1778698752.491473,1,0.959392,0.918786,0.881476,1.1471,-0.4937,1.3039,0.000,-7.941,155.944,0,0,558,208,104,113
1778698752.491473,2,0.947793,0.900460,0.853450,0.9744,0.3967,1.3531,-0.000,1.546,-138.622,0,0,49,162,99,126
1778698752.624950,0,0.979395,0.999889,0.979286,1.0937,-0.0162,1.2449,0.000,-0.355,-169.147,0,0,306,236,97,113
1778698752.624950,1,0.954339,0.919366,0.877386,1.1471,-0.4937,1.3039,0.000,-9.560,155.734,0,0,557,208,103,113
1778698752.624950,2,0.946004,0.901055,0.852402,0.9773,0.3965,1.3538,0.000,1.667,-138.645,0,0,50,162,100,126
1778698752.624950,0,0.977958,0.999913,0.977873,1.0937,-0.0162,1.2449,0.000,-0.355,-169.147,0,0,307,236,96,111
1778698752.624950,1,0.961542,0.919366,0.884009,1.1471,-0.4937,1.3039,0.000,-9.560,155.734,0,0,557,208,103,113
1778698752.624950,2,0.948676,0.901055,0.854810,0.9773,0.3965,1.3538,0.000,1.667,-138.645,0,0,50,162,100,126
1778698752.691673,0,0.978986,0.999913,0.978901,1.0937,-0.0180,1.2449,0.000,-0.040,-168.931,0,0,307,235,96,113
1778698752.691673,1,0.956040,0.919366,0.878950,1.1471,-0.4937,1.3039,0.000,-9.142,154.743,0,0,557,208,103,113
1778698752.691673,2,0.944952,0.901055,0.851454,0.9773,0.3965,1.3538,0.000,1.547,-138.502,0,0,49,162,99,126
1778698752.691673,0,0.979135,0.999913,0.979050,1.0937,-0.0180,1.2449,0.000,-0.040,-168.931,0,0,307,236,97,111
1778698752.691673,1,0.959016,0.919366,0.881686,1.1471,-0.4937,1.3039,0.000,-9.142,154.743,0,0,557,208,103,113
1778698752.691673,2,0.948961,0.901055,0.855066,0.9773,0.3965,1.3538,0.000,1.547,-138.502,0,0,50,162,100,126
1778698752.858534,0,0.978015,0.999913,0.977930,1.0937,-0.0180,1.2449,0.000,-0.526,-169.266,0,0,307,236,97,113
1778698752.858534,1,0.957099,0.919366,0.879924,1.1471,-0.4937,1.3039,-0.000,-8.582,155.057,0,0,557,208,103,113
1778698752.858534,2,0.945576,0.901055,0.852016,0.9773,0.3965,1.3538,0.000,2.239,-138.907,0,0,50,162,100,126
1778698752.925252,0,0.978360,0.999913,0.978276,1.0937,-0.0180,1.2449,0.000,-0.300,-168.768,0,0,307,236,97,113
1778698752.925252,1,0.955079,0.919366,0.878067,1.1471,-0.4937,1.3039,0.000,-8.877,154.331,0,0,557,208,103,113
1778698752.925252,2,0.943727,0.901055,0.850350,0.9793,0.3974,1.3542,-0.000,1.764,-138.492,0,0,50,162,100,126
1778698752.992003,0,0.979823,0.999913,0.979738,1.0937,-0.0180,1.2449,0.000,-0.788,-169.176,0,0,307,236,97,113
1778698752.992003,1,0.958602,0.919366,0.881306,1.1471,-0.4937,1.3039,0.000,-9.393,155.387,0,0,557,208,104,114
1778698752.992003,2,0.946437,0.900460,0.852229,0.9793,0.3974,1.3542,0.000,1.682,-138.161,0,0,49,162,99,125
1778698753.058743,0,0.979708,0.999913,0.979623,1.0937,-0.0180,1.2449,-0.000,-0.340,-169.343,0,0,307,236,97,113
1778698753.058743,1,0.953027,0.919366,0.876180,1.1501,-0.4950,1.3043,-0.000,-9.780,155.299,0,0,557,208,104,113
1778698753.058743,2,0.948077,0.900460,0.853706,0.9773,0.3981,1.3538,0.000,1.791,-138.918,0,0,49,162,99,125
1778698753.158850,0,0.979402,0.999913,0.979317,1.0937,-0.0180,1.2449,0.000,-0.527,-169.356,0,0,307,236,97,113
1778698753.158850,1,0.957519,0.919366,0.880310,1.1471,-0.4937,1.3039,-0.000,-8.897,155.197,0,0,557,208,103,113
1778698753.158850,2,0.946444,0.900460,0.852235,0.9773,0.3981,1.3538,0.000,2.238,-138.288,0,0,50,162,100,125
1778698753.225575,0,0.978959,0.999913,0.978874,1.0937,-0.0180,1.2449,0.000,-0.546,-169.221,0,0,307,236,96,113
1778698753.225575,1,0.957666,0.919366,0.880445,1.1471,-0.4937,1.3039,-0.000,-8.896,155.546,0,0,557,208,103,113
1778698753.225575,2,0.943692,0.901055,0.850319,0.9773,0.3965,1.3538,-0.000,1.349,-138.370,0,0,50,161,100,125
1778698753.359040,0,0.979502,0.999913,0.979417,1.0937,-0.0180,1.2449,-0.000,-0.592,-169.431,0,0,307,236,96,113
1778698753.359040,1,0.962262,0.919430,0.884732,1.1473,-0.4937,1.3020,-0.000,-8.040,155.483,0,0,557,209,104,114
1778698753.359040,2,0.947948,0.901055,0.854154,0.9773,0.3965,1.3538,-0.000,2.364,-138.614,0,0,50,162,100,126
1778698753.425796,0,0.979301,0.999913,0.979216,1.0937,-0.0180,1.2449,-0.000,-0.541,-169.331,0,0,307,236,96,111
1778698753.425796,2,0.942821,0.901055,0.849534,0.9793,0.3974,1.3542,0.000,1.074,-138.374,0,0,50,162,100,126
1778698753.425796,1,0.958492,0.919366,0.881204,1.1471,-0.4937,1.3039,0.000,-8.723,155.442,0,0,557,208,103,113
1778698753.425796,0,0.979649,0.999913,0.979564,1.0937,-0.0180,1.2449,0.000,-0.604,-169.488,0,0,307,236,96,111
1778698753.425796,2,0.960690,0.919366,0.883225,1.1471,-0.4937,1.3039,0.000,-8.300,155.821,0,0,557,208,103,113
1778698753.425796,1,0.943905,0.901055,0.850511,0.9793,0.3974,1.3542,0.000,1.869,-138.080,0,0,50,161,100,125
1778698753.425796,0,0.980477,0.999913,0.980392,1.0937,-0.0180,1.2449,0.000,-0.604,-169.488,0,0,307,236,96,113
1778698753.425796,1,0.964246,0.919366,0.886494,1.1471,-0.4937,1.3039,0.000,-8.300,155.821,0,0,557,209,103,114
1778698753.425796,2,0.948218,0.900889,0.854239,0.9793,0.3974,1.3542,0.000,1.869,-138.080,0,0,50,162,100,126
1778698753.659345,0,0.980689,0.999889,0.980580,1.0935,-0.0162,1.2467,-0.000,-0.844,-169.984,0,0,306,235,97,113
1778698753.659345,1,0.964829,0.919430,0.887092,1.1473,-0.4937,1.3020,0.000,-7.501,155.644,0,0,557,209,103,114
1778698753.659345,2,0.941108,0.901055,0.847990,0.9744,0.3951,1.3531,-0.000,1.605,-137.679,0,0,50,162,100,126
1778698753.659345,0,0.979998,0.999889,0.979889,1.0935,-0.0162,1.2467,0.000,-1.274,-170.056,0,0,306,236,97,111
1778698753.659345,1,0.962468,0.919430,0.884922,1.1473,-0.4937,1.3020,0.000,-7.987,155.369,0,0,557,209,103,114
1778698753.659345,2,0.943756,0.901055,0.850377,0.9744,0.3951,1.3531,0.000,1.719,-138.144,0,0,50,162,100,126
1778698753.826195,0,0.980250,0.999889,0.980141,1.0937,-0.0162,1.2449,-0.000,-1.002,-169.869,0,0,306,236,97,111
1778698753.826195,1,0.961986,0.919430,0.884479,1.1473,-0.4937,1.3020,0.000,-8.053,155.014,0,0,557,209,103,114
1778698753.826195,2,0.945962,0.901055,0.852364,0.9773,0.3965,1.3538,0.000,2.149,-138.330,0,0,50,162,100,126
1778698753.826195,0,0.980153,0.999889,0.980044,1.0937,-0.0162,1.2449,-0.000,-1.002,-169.869,0,0,306,236,97,113
1778698753.826195,1,0.960524,0.919430,0.883134,1.1473,-0.4937,1.3020,0.000,-8.053,155.014,0,0,557,208,103,113
1778698753.826195,2,0.945660,0.901055,0.852092,0.9773,0.3965,1.3538,0.000,2.149,-138.330,0,0,50,162,100,126
1778698753.926280,0,0.981508,0.999889,0.981398,1.0937,-0.0162,1.2449,0.000,-0.544,-170.000,0,0,306,236,97,113
1778698753.926280,1,0.957106,0.919366,0.879931,1.1501,-0.4950,1.3043,-0.000,-9.032,155.950,0,0,557,208,103,113
1778698753.926280,2,0.945665,0.901055,0.852097,0.9793,0.3974,1.3542,0.000,1.844,-138.460,0,0,50,162,100,126
1778698753.993019,0,0.980448,0.999889,0.980338,1.0967,-0.0162,1.2452,0.000,-0.834,-169.820,0,0,306,236,97,114
1778698753.993019,1,0.959057,0.919366,0.881724,1.1471,-0.4937,1.3039,0.000,-8.498,154.441,0,0,557,208,104,113
1778698753.993019,2,0.944192,0.901055,0.850769,0.9773,0.3965,1.3538,-0.000,1.611,-138.302,0,0,50,162,100,126
1778698754.126520,0,0.982799,0.999889,0.982690,1.0967,-0.0162,1.2452,-0.000,-0.507,-170.454,0,0,306,236,97,113
1778698754.126520,1,0.958800,0.919366,0.881487,1.1471,-0.4937,1.3039,0.000,-8.607,154.889,0,0,557,208,104,113
1778698754.126520,2,0.943178,0.901055,0.849856,0.9793,0.3974,1.3542,0.000,1.984,-137.861,0,0,50,162,100,126
1778698754.193258,0,0.980703,0.999889,0.980594,1.0937,-0.0162,1.2449,0.000,-0.763,-169.861,0,0,306,236,97,113
1778698754.193258,1,0.954234,0.919366,0.877290,1.1471,-0.4937,1.3039,0.000,-9.555,155.371,0,0,557,208,104,111
1778698754.193258,2,0.944957,0.901055,0.851458,0.9793,0.3974,1.3542,-0.000,2.219,-138.081,0,0,50,162,100,128
1778698754.260005,0,0.979676,0.999889,0.979567,1.0937,-0.0162,1.2449,0.000,-0.761,-169.500,0,0,306,236,97,114
1778698754.260005,2,0.946606,0.901055,0.852944,0.9793,0.3974,1.3542,0.000,2.387,-138.319,0,0,50,162,100,126
1778698754.260005,1,0.960115,0.919366,0.882696,1.1471,-0.4937,1.3039,0.000,-8.428,156.006,0,0,557,208,104,113
1778698754.326735,0,0.981726,0.999889,0.981616,1.0937,-0.0162,1.2449,0.000,-0.720,-170.203,0,0,306,236,97,114
1778698754.326735,1,0.955909,0.919366,0.878830,1.1471,-0.4937,1.3039,0.000,-9.229,155.356,0,0,557,208,103,113
1778698754.326735,2,0.944665,0.901055,0.851195,0.9793,0.3974,1.3542,0.000,1.908,-138.211,0,0,50,162,100,128
1778698754.393471,0,0.980443,0.999889,0.980334,1.0937,-0.0162,1.2449,-0.000,-1.018,-169.950,0,0,306,236,97,115
1778698754.393471,1,0.957490,0.919430,0.880345,1.1473,-0.4937,1.3020,0.000,-9.006,155.322,0,0,557,209,103,114
1778698754.393471,2,0.945637,0.901055,0.852071,0.9773,0.3965,1.3538,0.000,1.939,-138.393,0,0,50,162,100,126
1778698754.393471,0,0.981364,0.999889,0.981255,1.0937,-0.0162,1.2449,-0.000,-0.861,-170.171,0,0,306,236,97,115
1778698754.393471,1,0.959233,0.919430,0.881947,1.1473,-0.4937,1.3020,0.000,-8.630,155.070,0,0,557,208,104,113
1778698754.393471,2,0.947861,0.901055,0.854075,0.9773,0.3965,1.3538,0.000,2.337,-138.612,0,0,50,162,100,126
1778698754.393471,0,0.981999,0.999889,0.981890,1.0937,-0.0162,1.2449,-0.000,-0.861,-170.171,0,0,306,236,97,113
1778698754.393471,1,0.955114,0.919366,0.878099,1.1473,-0.4937,1.3020,0.000,-8.630,155.070,0,0,557,208,103,113
1778698754.393471,2,0.944991,0.901055,0.851489,0.9773,0.3965,1.3538,0.000,2.337,-138.612,0,0,50,162,100,126
1778698754.627058,0,0.983618,0.999889,0.983508,1.0937,-0.0162,1.2449,0.000,-0.120,-170.498,0,0,306,236,97,113
1778698754.627058,1,0.959468,0.919366,0.882102,1.1471,-0.4937,1.3039,0.000,-8.492,155.085,0,0,557,208,103,113
1778698754.627058,2,0.941614,0.901055,0.848446,0.9822,0.3988,1.3549,-0.000,1.597,-137.785,0,0,50,162,100,128
1778698754.693794,0,0.984218,0.999885,0.984106,1.0969,-0.0162,1.2434,0.000,-0.038,-170.609,0,0,306,237,96,110
1778698754.693794,1,0.960357,0.919366,0.882920,1.1471,-0.4937,1.3039,0.000,-8.247,154.566,0,0,557,208,103,113
1778698754.693794,2,0.944640,0.901055,0.851173,0.9822,0.3988,1.3549,0.000,1.866,-138.233,0,0,50,162,100,126
1778698754.693794,0,0.983116,0.999885,0.983003,1.0969,-0.0162,1.2434,0.000,-0.217,-170.307,0,0,306,237,96,111
1778698754.693794,1,0.957875,0.919366,0.880637,1.1471,-0.4937,1.3039,0.000,-8.762,154.621,0,0,557,208,104,113
1778698754.693794,2,0.945318,0.901055,0.851784,0.9822,0.3988,1.3549,0.000,2.574,-137.945,0,0,50,162,100,128
1778698754.793902,0,0.982990,0.999885,0.982878,1.0939,-0.0162,1.2431,0.000,-0.125,-170.200,0,0,305,237,97,111
1778698754.793902,1,0.961099,0.919366,0.883601,1.1471,-0.4937,1.3039,0.000,-8.151,155.038,0,0,557,209,104,114
1778698754.793902,2,0.944809,0.901055,0.851325,0.9822,0.3988,1.3549,-0.000,2.034,-138.163,0,0,49,162,99,125
1778698754.927366,0,0.982242,0.999885,0.982129,1.0939,-0.0162,1.2431,0.000,-0.098,-169.910,0,0,306,237,96,111
1778698754.927366,1,0.957556,0.919366,0.880344,1.1471,-0.4937,1.3039,0.000,-8.866,154.966,0,0,557,208,104,113
1778698754.927366,2,0.948699,0.900460,0.854265,0.9793,0.3990,1.3542,0.000,2.325,-138.710,0,0,49,162,99,125
1778698755.027458,0,0.982777,0.999885,0.982664,1.0939,-0.0162,1.2431,-0.000,-0.155,-170.140,0,0,306,237,96,111
1778698755.027458,1,0.957736,0.919366,0.880509,1.1471,-0.4937,1.3039,0.000,-8.819,154.866,0,0,557,208,104,113
1778698755.027458,2,0.946775,0.900624,0.852688,0.9794,0.3990,1.3526,0.000,2.068,-138.413,0,0,49,163,99,124
1778698755.027458,0,0.983991,0.999885,0.983878,1.0939,-0.0162,1.2431,0.000,-0.083,-170.551,0,0,305,237,97,111
1778698755.027458,1,0.958005,0.919366,0.880757,1.1471,-0.4937,1.3039,0.000,-8.765,154.864,0,0,557,209,103,114
1778698755.027458,2,0.942426,0.900624,0.848771,0.9794,0.3990,1.3526,0.000,1.598,-137.811,0,0,50,162,100,126
1778698755.194306,0,0.983279,0.999885,0.983166,1.0939,-0.0162,1.2431,0.000,0.055,-170.194,0,0,306,237,96,111
1778698755.194306,1,0.958226,0.919366,0.880960,1.1471,-0.4937,1.3039,0.000,-8.714,154.809,0,0,557,208,103,113
1778698755.194306,2,0.948865,0.901055,0.854980,0.9822,0.3988,1.3549,0.000,2.295,-138.852,0,0,50,162,100,125
1778698755.261042,0,0.983556,0.999858,0.983416,1.0939,-0.0144,1.2431,0.000,-0.008,-170.236,0,0,305,237,97,111
1778698755.261042,1,0.943999,0.901055,0.850596,0.9891,0.4021,1.3565,0.000,1.583,-138.281,0,0,50,162,100,126
1778698755.261042,2,0.957173,0.919366,0.879992,1.1471,-0.4937,1.3039,-0.000,-8.881,154.464,0,0,557,208,104,113
1778698755.327778,0,0.983733,0.999885,0.983620,1.0939,-0.0162,1.2431,0.000,-0.073,-170.446,0,0,306,237,96,111
1778698755.327778,2,0.959537,0.919366,0.882165,1.1471,-0.4937,1.3039,-0.000,-8.469,154.996,0,0,557,208,104,113
1778698755.327778,1,0.946414,0.900460,0.852208,0.9793,0.3990,1.3542,-0.000,2.285,-138.253,0,0,49,162,99,128
1778698755.427877,0,0.981962,0.999885,0.981850,1.0939,-0.0162,1.2431,-0.000,-0.805,-170.281,0,0,306,236,98,113
1778698755.427877,1,0.954664,0.919366,0.877685,1.1471,-0.4937,1.3039,-0.000,-9.491,155.637,0,0,556,208,103,113
1778698755.427877,2,0.946594,0.901055,0.852934,0.9871,0.4011,1.3560,0.000,2.484,-138.259,0,0,50,162,100,128
1778698755.494615,0,0.985288,0.999889,0.985178,1.0907,-0.0163,1.2446,0.000,-0.317,-171.311,0,0,306,236,97,113
1778698755.494615,1,0.960690,0.919366,0.883226,1.1471,-0.4937,1.3039,0.000,-8.191,154.666,0,0,557,208,103,113
1778698755.494615,2,0.947819,0.900460,0.853473,0.9822,0.4004,1.3549,0.000,2.298,-138.539,0,0,49,162,99,126
1778698755.561354,0,0.984083,0.999885,0.983970,1.0939,-0.0162,1.2431,0.000,-0.196,-170.663,0,0,306,237,97,114
1778698755.561354,2,0.942824,0.901055,0.849537,0.9871,0.4011,1.3560,0.000,1.654,-137.994,0,0,50,162,100,126
1778698755.561354,1,0.955072,0.919366,0.878060,1.1471,-0.4937,1.3039,0.000,-9.388,155.311,0,0,557,208,103,113
1778698755.628092,0,0.982873,0.999885,0.982761,1.0939,-0.0162,1.2431,-0.000,-0.122,-170.155,0,0,306,237,97,114
1778698755.628092,2,0.956234,0.919366,0.879129,1.1471,-0.4937,1.3039,0.000,-9.154,155.229,0,0,557,208,103,113
1778698755.628092,1,0.943976,0.900460,0.850013,0.9822,0.4004,1.3549,0.000,1.809,-138.044,0,0,49,162,99,126
1778698755.694837,0,0.982989,0.999885,0.982876,1.0909,-0.0163,1.2429,0.000,-0.471,-170.431,0,0,306,237,97,114
1778698755.694837,1,0.961604,0.919430,0.884128,1.1473,-0.4937,1.3020,-0.000,-8.108,154.796,0,0,557,209,104,114
1778698755.694837,2,0.947818,0.900460,0.853472,0.9822,0.4004,1.3549,-0.000,2.506,-138.413,0,0,49,162,99,128
1778698755.694837,0,0.982815,0.999885,0.982702,1.0909,-0.0163,1.2429,0.000,-0.412,-170.324,0,0,306,237,97,114
1778698755.694837,1,0.959656,0.919430,0.882336,1.1473,-0.4937,1.3020,0.000,-8.532,154.956,0,0,557,209,103,114
1778698755.694837,2,0.941462,0.900460,0.847749,0.9822,0.4004,1.3549,0.000,1.704,-137.600,0,0,49,162,99,126
1778698755.694837,0,0.982380,0.999885,0.982267,1.0909,-0.0163,1.2429,0.000,-0.412,-170.324,0,0,306,237,97,114
1778698755.694837,1,0.959147,0.919366,0.881807,1.1473,-0.4937,1.3020,0.000,-8.532,154.956,0,0,557,208,104,113
1778698755.694837,2,0.943737,0.900460,0.849797,0.9822,0.4004,1.3549,0.000,1.704,-137.600,0,0,49,162,99,126
1778698755.861683,0,0.981874,0.999885,0.981762,1.0939,-0.0162,1.2431,0.000,-0.468,-170.014,0,0,306,237,97,114
1778698755.861683,1,0.957467,0.919366,0.880262,1.1471,-0.4937,1.3039,0.000,-8.811,154.380,0,0,557,209,103,114
1778698755.861683,2,0.942424,0.900460,0.848615,0.9793,0.3990,1.3542,0.000,1.521,-137.909,0,0,49,162,99,126
1778698756.028510,0,0.981387,0.999885,0.981275,1.0939,-0.0162,1.2431,0.000,-0.605,-169.931,0,0,306,237,97,114
1778698756.028510,1,0.959983,0.919366,0.882575,1.1471,-0.4937,1.3039,0.000,-8.427,155.544,0,0,557,208,104,113
1778698756.028510,2,0.943290,0.900460,0.849395,0.9793,0.3990,1.3542,0.000,1.744,-137.944,0,0,49,162,99,126
1778698756.095247,0,0.981169,0.999885,0.981056,1.0939,-0.0162,1.2431,0.000,-0.430,-169.738,0,0,306,237,97,115
1778698756.095247,1,0.955136,0.919366,0.878119,1.1471,-0.4937,1.3039,0.000,-9.393,155.529,0,0,557,208,104,113
1778698756.095247,2,0.944300,0.900294,0.850148,0.9791,0.3990,1.3558,-0.000,2.053,-138.007,0,0,49,161,99,128
1778698756.161978,0,0.980055,0.999885,0.979943,1.0909,-0.0163,1.2429,0.000,-0.671,-169.506,0,0,306,237,97,114
1778698756.161978,1,0.957065,0.919430,0.879954,1.1473,-0.4937,1.3020,0.000,-8.997,154.479,0,0,557,209,104,114
1778698756.161978,2,0.940462,0.900460,0.846849,0.9793,0.3990,1.3542,0.000,1.901,-137.282,0,0,49,162,99,126
1778698756.228717,0,0.979703,0.999885,0.979591,1.0909,-0.0163,1.2429,-0.000,-0.105,-169.044,0,0,306,237,97,115
1778698756.228717,1,0.955069,0.919430,0.878119,1.1473,-0.4937,1.3020,-0.000,-9.441,154.901,0,0,557,209,104,114
1778698756.228717,2,0.946954,0.900460,0.852694,0.9793,0.3990,1.3542,-0.000,2.076,-138.495,0,0,49,162,99,126
1778698756.295431,0,0.979688,0.999910,0.979600,1.0909,-0.0181,1.2429,-0.000,-0.278,-169.240,0,0,307,237,96,114
1778698756.295431,1,0.951542,0.919366,0.874815,1.1501,-0.4950,1.3043,-0.000,-10.060,155.301,0,0,557,208,104,113
1778698756.295431,2,0.941793,0.900294,0.847890,0.9821,0.4004,1.3565,0.000,1.632,-137.761,0,0,49,161,99,128
1778698756.295431,0,0.978996,0.999910,0.978908,1.0909,-0.0181,1.2429,-0.000,-0.175,-168.955,0,0,306,237,97,115
1778698756.295431,1,0.953381,0.919366,0.876506,1.1501,-0.4950,1.3043,0.000,-9.734,155.592,0,0,557,208,104,113
1778698756.295431,2,0.942312,0.900294,0.848358,0.9821,0.4004,1.3565,-0.000,2.114,-137.568,0,0,49,161,99,125
1778698756.395532,0,0.979921,0.999885,0.979809,1.0909,-0.0163,1.2429,0.000,-0.170,-169.153,0,0,307,237,96,114
1778698756.395532,1,0.958216,0.919366,0.880951,1.1471,-0.4937,1.3039,0.000,-8.784,155.513,0,0,557,208,104,113
1778698756.395532,2,0.941018,0.900294,0.847193,0.9791,0.3990,1.3558,-0.000,1.881,-137.451,0,0,49,162,99,126
1778698756.395532,0,0.979028,0.999910,0.978940,1.0909,-0.0163,1.2429,0.000,-0.170,-169.153,0,0,307,237,96,115
1778698756.395532,1,0.956398,0.919430,0.879341,1.1471,-0.4937,1.3039,0.000,-8.784,155.513,0,0,557,209,104,114
1778698756.395532,2,0.942358,0.900460,0.848556,0.9791,0.3990,1.3558,-0.000,1.881,-137.451,0,0,49,162,99,126
1778698756.529009,0,0.979322,0.999910,0.979234,1.0909,-0.0181,1.2429,0.000,-0.427,-169.207,0,0,307,237,96,115
1778698756.529009,1,0.957458,0.919430,0.880316,1.1473,-0.4937,1.3020,0.000,-9.035,155.619,0,0,557,208,104,113
1778698756.529009,2,0.942060,0.900460,0.848287,0.9822,0.4004,1.3549,0.000,1.695,-137.726,0,0,49,161,99,129
1778698756.529009,0,0.978784,0.999910,0.978696,1.0909,-0.0181,1.2429,0.000,-0.427,-169.207,0,0,307,237,96,114
1778698756.529009,1,0.937947,0.900294,0.844428,1.1473,-0.4937,1.3020,0.000,-9.035,155.619,0,0,49,162,99,126
1778698756.529009,2,0.959919,0.919366,0.882517,0.9822,0.4004,1.3549,0.000,1.695,-137.726,0,0,557,208,103,113
1778698756.762603,0,0.978471,0.999885,0.978359,1.0939,-0.0162,1.2431,0.000,-0.165,-168.680,0,0,306,237,97,115
1778698756.762603,2,0.943497,0.900294,0.849424,0.9771,0.3981,1.3554,0.000,2.253,-137.723,0,0,49,161,99,128
1778698756.762603,1,0.961340,0.919430,0.883885,1.1473,-0.4937,1.3020,0.000,-8.171,154.854,0,0,557,209,104,114
1778698756.762603,0,0.979782,0.999885,0.979670,1.0939,-0.0162,1.2431,0.000,-0.246,-169.151,0,0,307,237,96,114
1778698756.762603,1,0.957016,0.919430,0.879910,1.1473,-0.4937,1.3020,0.000,-9.104,155.367,0,0,557,208,104,113
1778698756.762603,2,0.942598,0.900294,0.848616,0.9771,0.3981,1.3554,-0.000,2.030,-137.676,0,0,49,162,99,125
1778698756.929450,0,0.977828,0.999910,0.977740,1.0909,-0.0181,1.2429,-0.000,-0.506,-168.771,0,0,307,237,96,115
1778698756.929450,1,0.962589,0.919430,0.885033,1.1473,-0.4937,1.3020,0.000,-7.944,155.189,0,0,557,209,103,113
1778698756.929450,2,0.944280,0.900460,0.850286,0.9793,0.3990,1.3542,0.000,1.663,-138.199,0,0,49,162,99,126
1778698756.929450,0,0.980194,0.999885,0.980082,1.0909,-0.0181,1.2429,-0.000,-0.506,-168.771,0,0,306,237,97,115
1778698756.929450,1,0.960615,0.919366,0.883157,1.1473,-0.4937,1.3020,0.000,-7.944,155.189,0,0,557,208,104,113
1778698756.929450,2,0.945215,0.900460,0.851128,0.9793,0.3990,1.3542,0.000,1.663,-138.199,0,0,49,162,99,126
1778698757.062898,0,0.980327,0.999885,0.980215,1.0909,-0.0163,1.2429,0.000,-0.049,-169.219,0,0,306,237,97,115
1778698757.062898,1,0.958536,0.919366,0.881245,1.1471,-0.4937,1.3039,0.000,-8.710,155.399,0,0,557,208,103,113
1778698757.062898,2,0.942470,0.900460,0.848657,0.9793,0.3990,1.3542,0.000,1.846,-137.715,0,0,49,162,99,128
1778698757.129641,0,0.977425,0.999910,0.977337,1.0909,-0.0181,1.2429,0.000,-0.576,-168.684,0,0,307,237,96,115
1778698757.129641,1,0.955384,0.919366,0.878347,1.1471,-0.4937,1.3039,0.000,-9.305,155.060,0,0,557,208,103,113
1778698757.129641,2,0.939013,0.900294,0.845388,0.9771,0.3981,1.3554,0.000,1.604,-137.226,0,0,49,161,99,129
1778698757.129641,0,0.978220,0.999910,0.978132,1.0909,-0.0181,1.2429,0.000,-0.226,-168.736,0,0,306,237,97,115
1778698757.129641,1,0.959012,0.919366,0.881683,1.1471,-0.4937,1.3039,0.000,-8.575,154.993,0,0,557,208,103,113
1778698757.129641,2,0.942257,0.900294,0.848309,0.9771,0.3981,1.3554,0.000,1.967,-137.646,0,0,49,162,99,126
1778698757.229751,0,0.978201,0.999885,0.978089,1.0909,-0.0163,1.2429,0.000,-0.413,-168.734,0,0,306,237,97,115
1778698757.229751,1,0.957099,0.919366,0.879924,1.1471,-0.4937,1.3039,0.000,-8.969,155.084,0,0,557,208,104,113
1778698757.229751,2,0.940132,0.900460,0.846552,0.9793,0.3990,1.3542,0.000,1.939,-137.196,0,0,49,162,99,128
1778698757.229751,0,0.980191,0.999885,0.980078,1.0909,-0.0163,1.2429,0.000,-0.413,-168.734,0,0,306,237,97,115
1778698757.229751,1,0.943187,0.900460,0.849302,1.1471,-0.4937,1.3039,0.000,-8.969,155.084,0,0,49,161,99,125
1778698757.229751,2,0.957818,0.919366,0.880585,0.9793,0.3990,1.3542,0.000,1.939,-137.196,0,0,557,208,103,113
1778698757.363228,0,0.980764,0.999885,0.980652,1.0879,-0.0163,1.2426,-0.000,-0.391,-169.572,0,0,306,237,97,115
1778698757.363228,2,0.941771,0.900294,0.847870,0.9771,0.3981,1.3554,-0.000,1.916,-137.580,0,0,49,162,99,126
1778698757.363228,1,0.961509,0.919366,0.883978,1.1471,-0.4937,1.3039,0.000,-8.044,154.857,0,0,557,208,104,113
1778698757.429965,0,0.978919,0.999885,0.978807,1.0909,-0.0163,1.2429,0.000,-0.527,-169.034,0,0,306,237,97,115
1778698757.429965,2,0.960656,0.919366,0.883194,1.1471,-0.4937,1.3039,-0.000,-8.254,155.151,0,0,557,208,104,113
1778698757.429965,1,0.940225,0.900460,0.846635,0.9793,0.3990,1.3542,-0.000,2.016,-137.168,0,0,49,161,99,128
1778698757.496702,0,0.980071,0.999885,0.979958,1.0879,-0.0163,1.2426,0.000,-0.453,-169.372,0,0,306,237,97,115
1778698757.496702,1,0.938586,0.900294,0.845003,0.9771,0.3981,1.3554,-0.000,1.839,-137.000,0,0,49,162,99,126
1778698757.496702,2,0.957364,0.919366,0.880168,1.1471,-0.4937,1.3039,0.000,-8.928,155.202,0,0,557,208,103,113
1778698757.630128,0,0.979328,0.999885,0.979216,1.0879,-0.0163,1.2426,-0.000,-0.530,-169.171,0,0,306,237,97,114
1778698757.630128,2,0.942788,0.900460,0.848943,0.9822,0.4004,1.3549,-0.000,1.809,-137.802,0,0,49,162,99,126
1778698757.630128,1,0.960930,0.919430,0.883508,1.1473,-0.4937,1.3020,0.000,-8.260,154.883,0,0,557,209,104,114
1778698757.630128,0,0.980019,0.999879,0.979900,1.0879,-0.0163,1.2426,-0.000,-0.530,-169.171,0,0,306,238,97,114
1778698757.630128,1,0.959052,0.919430,0.881782,0.9822,0.4004,1.3549,-0.000,1.809,-137.802,0,0,557,209,103,114
1778698757.630128,2,0.943554,0.900460,0.849633,1.1473,-0.4937,1.3020,0.000,-8.260,154.883,0,0,49,162,99,126
1778698757.696865,0,0.981417,0.999879,0.981299,1.0911,-0.0163,1.2411,0.000,-0.421,-169.757,0,0,306,238,97,114
1778698757.696865,1,0.941168,0.900460,0.847484,0.9793,0.3990,1.3542,0.000,2.121,-137.292,0,0,49,162,99,126
1778698757.696865,2,0.958039,0.919430,0.880850,1.1473,-0.4937,1.3020,0.000,-8.813,154.563,0,0,557,209,103,114
1778698757.796974,0,0.981084,0.999879,0.980966,1.0881,-0.0163,1.2408,0.000,-0.537,-169.713,0,0,306,238,97,114
1778698757.796974,2,0.939395,0.900460,0.845888,0.9793,0.3990,1.3542,0.000,1.137,-137.547,0,0,49,162,99,126
1778698757.796974,1,0.956662,0.919430,0.879584,1.1443,-0.4924,1.3015,0.000,-9.165,155.269,0,0,557,208,104,113
1778698757.863711,0,0.980024,0.999879,0.979906,1.0881,-0.0163,1.2408,0.000,-0.393,-169.260,0,0,306,237,97,117
1778698757.863711,2,0.956618,0.919366,0.879482,1.1471,-0.4937,1.3039,0.000,-9.096,155.440,0,0,557,209,103,114
1778698757.863711,1,0.939840,0.900460,0.846288,0.9793,0.3990,1.3542,0.000,2.192,-136.992,0,0,49,162,99,128
1778698757.963814,0,0.980600,0.999885,0.980488,1.0879,-0.0163,1.2426,0.000,-0.452,-169.553,0,0,306,238,97,114
1778698757.963814,1,0.953327,0.919430,0.876518,1.1443,-0.4924,1.3015,-0.000,-9.843,155.697,0,0,557,208,103,113
1778698757.963814,2,0.940847,0.900460,0.847195,0.9793,0.3990,1.3542,-0.000,1.737,-137.458,0,0,49,162,99,126
1778698757.963814,0,0.981369,0.999879,0.981250,1.0879,-0.0163,1.2426,0.000,-0.452,-169.553,0,0,306,238,97,114
1778698757.963814,1,0.953503,0.919366,0.876618,1.1443,-0.4924,1.3015,-0.000,-9.843,155.697,0,0,557,208,104,113
1778698757.963814,2,0.940892,0.900460,0.847235,0.9793,0.3990,1.3542,-0.000,1.737,-137.458,0,0,49,162,99,126
1778698758.164045,0,0.981013,0.999879,0.980895,1.0881,-0.0163,1.2408,0.000,-0.157,-169.456,0,0,306,238,97,114
1778698758.164045,1,0.960134,0.919430,0.882776,1.1473,-0.4937,1.3020,-0.000,-8.435,154.968,0,0,557,209,104,114
1778698758.164045,2,0.942116,0.901055,0.848898,0.9871,0.4011,1.3560,0.000,1.672,-137.839,0,0,50,162,100,126
1778698758.230776,0,0.981548,0.999879,0.981430,1.0881,-0.0163,1.2408,-0.000,-0.311,-169.735,0,0,306,238,97,114
1778698758.230776,1,0.957964,0.919430,0.880781,1.1473,-0.4937,1.3020,0.000,-8.847,154.713,0,0,557,209,104,114
1778698758.230776,2,0.944059,0.901055,0.850649,0.9822,0.3988,1.3549,0.000,1.772,-138.172,0,0,50,162,100,128
1778698758.230776,0,0.980953,0.999879,0.980835,1.0881,-0.0163,1.2408,0.000,0.079,-169.302,0,0,306,237,97,117
1778698758.230776,1,0.956308,0.919430,0.879258,1.1473,-0.4937,1.3020,-0.000,-9.267,155.685,0,0,557,208,104,113
1778698758.230776,2,0.941150,0.901055,0.848028,0.9822,0.3988,1.3549,0.000,1.857,-137.533,0,0,49,162,99,126
1778698758.397619,0,0.981248,0.999879,0.981130,1.0881,-0.0163,1.2408,0.000,-0.021,-169.458,0,0,306,238,97,115
1778698758.397619,1,0.956706,0.919366,0.879562,1.1471,-0.4937,1.3039,0.000,-9.056,155.168,0,0,557,208,104,113
1778698758.397619,2,0.942224,0.900460,0.848435,0.9773,0.3981,1.3538,-0.000,1.909,-137.627,0,0,49,162,99,126
1778698758.464357,0,0.979828,0.999904,0.979734,1.0881,-0.0181,1.2408,-0.000,-0.038,-169.094,0,0,307,238,96,115
1778698758.464357,2,0.939972,0.900460,0.846408,0.9793,0.3990,1.3542,0.000,1.752,-137.276,0,0,49,162,99,126
1778698758.464357,1,0.958981,0.919430,0.881716,1.1473,-0.4937,1.3020,0.000,-8.677,155.024,0,0,557,209,104,114
1778698758.531092,0,0.979211,0.999879,0.979093,1.0881,-0.0163,1.2408,0.000,0.171,-168.684,0,0,306,238,97,115
1778698758.531092,2,0.954931,0.919366,0.877931,1.1471,-0.4937,1.3039,-0.000,-9.413,155.286,0,0,557,208,104,113
1778698758.531092,1,0.941414,0.900460,0.847706,0.9773,0.3981,1.3538,0.000,2.068,-137.371,0,0,49,162,99,126
1778698758.531092,0,0.980327,0.999879,0.980209,1.0881,-0.0163,1.2408,0.000,0.171,-168.684,0,0,306,238,97,117
1778698758.531092,1,0.955209,0.919366,0.878186,1.1471,-0.4937,1.3039,-0.000,-9.413,155.286,0,0,557,208,104,113
1778698758.531092,2,0.942790,0.900460,0.848944,0.9773,0.3981,1.3538,0.000,2.068,-137.371,0,0,49,162,99,126
1778698758.697878,0,0.981148,0.999879,0.981030,1.0881,-0.0163,1.2408,-0.000,0.688,-169.054,0,0,306,238,97,117
1778698758.697878,1,0.955313,0.919366,0.878282,1.1471,-0.4937,1.3039,0.000,-9.356,155.499,0,0,557,208,104,113
1778698758.697878,2,0.940858,0.900460,0.847205,0.9871,0.4028,1.3560,-0.000,2.089,-137.249,0,0,49,162,99,126
1778698758.697878,0,0.980276,0.999879,0.980158,1.0881,-0.0163,1.2408,0.000,0.461,-168.880,0,0,307,239,98,115
1778698758.697878,1,0.943263,0.900460,0.849371,0.9871,0.4028,1.3560,-0.000,1.985,-137.790,0,0,49,161,99,128
1778698758.697878,2,0.956060,0.919366,0.878969,1.1471,-0.4937,1.3039,0.000,-9.203,155.400,0,0,557,209,104,114
1778698758.797987,0,0.978393,0.999895,0.978290,1.0883,-0.0181,1.2390,0.000,0.284,-168.426,0,0,306,238,97,117
1778698758.797987,1,0.954364,0.919430,0.877471,1.1473,-0.4937,1.3020,0.000,-9.662,156.038,0,0,556,208,103,113
1778698758.797987,2,0.939439,0.900294,0.845772,0.9771,0.3981,1.3554,0.000,1.711,-137.243,0,0,49,162,99,126
1778698758.931498,0,0.979547,0.999879,0.979429,1.0881,-0.0163,1.2408,0.000,0.349,-168.701,0,0,306,239,97,115
1778698758.931498,1,0.956917,0.919430,0.879818,1.1473,-0.4937,1.3020,-0.000,-9.124,155.375,0,0,557,209,104,114
1778698758.931498,2,0.941783,0.900460,0.848038,0.9577,0.3888,1.3492,0.000,1.992,-137.489,0,0,49,162,99,128
1778698758.931498,0,0.980438,0.999870,0.980310,1.0883,-0.0163,1.2390,-0.000,0.462,-168.884,0,0,307,239,98,115
1778698758.931498,1,0.955462,0.919430,0.878480,1.1473,-0.4937,1.3020,-0.000,-9.397,155.221,0,0,557,209,104,114
1778698758.931498,2,0.941191,0.900460,0.847505,0.9577,0.3888,1.3492,-0.000,2.003,-137.365,0,0,49,162,99,126
1778698759.031608,0,0.980264,0.999895,0.980161,1.0883,-0.0181,1.2390,0.000,0.051,-169.136,0,0,307,238,98,115
1778698759.031608,1,0.954411,0.919430,0.877514,1.1443,-0.4924,1.3015,0.000,-9.603,155.247,0,0,557,209,104,114
1778698759.031608,2,0.939252,0.900460,0.845759,0.9527,0.3865,1.3481,-0.000,1.731,-137.148,0,0,49,162,99,128
1778698759.098346,0,0.980466,0.999904,0.980372,1.0881,-0.0181,1.2408,-0.000,0.016,-169.275,0,0,307,239,97,114
1778698759.098346,2,0.939482,0.900460,0.845966,0.9154,0.3688,1.3394,-0.000,1.490,-137.340,0,0,49,161,99,128
1778698759.098346,1,0.954033,0.919430,0.877166,1.1473,-0.4937,1.3020,0.000,-9.689,155.421,0,0,557,209,104,114
1778698759.165083,0,0.979711,0.999895,0.979608,1.0883,-0.0181,1.2390,0.000,0.170,-168.895,0,0,307,238,98,117
1778698759.165083,2,0.956469,0.919430,0.879406,1.1473,-0.4937,1.3020,-0.000,-9.180,155.025,0,0,556,208,103,113
1778698759.165083,1,0.942069,0.900294,0.848139,0.9221,0.3720,1.3425,0.000,2.238,-137.446,0,0,49,162,99,126
1778698759.298554,0,0.981182,0.999895,0.981079,1.0883,-0.0181,1.2390,0.000,0.184,-169.370,0,0,307,239,97,114
1778698759.298554,1,0.955804,0.919944,0.879286,1.1471,-0.4918,1.3039,0.000,-9.279,155.964,0,0,556,208,103,113
1778698759.298554,2,0.943850,0.899863,0.849336,0.9194,0.3722,1.3403,-0.000,1.554,-138.092,0,0,48,162,97,124
1778698759.365285,0,0.980376,0.999895,0.980272,1.0883,-0.0181,1.2390,-0.000,0.335,-169.027,0,0,307,239,97,114
1778698759.365285,1,0.956988,0.919944,0.880375,1.1471,-0.4918,1.3039,0.000,-8.997,155.278,0,0,556,208,103,113
1778698759.365285,2,0.942167,0.900460,0.848384,0.9154,0.3688,1.3394,-0.000,1.674,-137.761,0,0,49,162,99,124
1778698759.432015,0,0.979580,0.999895,0.979477,1.0883,-0.0181,1.2390,0.000,-0.051,-168.967,0,0,307,239,97,115
1778698759.432015,1,0.954131,0.919944,0.877748,1.1471,-0.4918,1.3039,0.000,-9.559,155.324,0,0,556,208,103,113
1778698759.432015,2,0.940504,0.900294,0.846730,0.9113,0.3669,1.3400,0.000,2.087,-137.227,0,0,49,161,99,126
1778698759.432015,0,0.981907,0.999895,0.981804,1.0883,-0.0181,1.2390,0.000,0.490,-169.457,0,0,307,239,97,114
1778698759.432015,1,0.953225,0.919944,0.876914,1.1471,-0.4918,1.3039,0.000,-9.746,155.490,0,0,556,209,103,111
1778698759.432015,2,0.942574,0.900294,0.848593,0.9113,0.3669,1.3400,0.000,2.514,-137.386,0,0,49,160,98,128
1778698759.598861,0,0.979887,0.999895,0.979784,1.0883,-0.0181,1.2390,-0.000,0.181,-168.946,0,0,307,239,97,114
1778698759.598861,1,0.955561,0.919944,0.879063,1.1471,-0.4918,1.3039,0.000,-9.307,155.637,0,0,556,208,104,113
1778698759.598861,2,0.944135,0.899530,0.849277,0.9024,0.3642,1.3394,0.000,2.571,-137.621,0,0,48,160,97,128
1778698759.598861,0,0.979552,0.999895,0.979449,1.0883,-0.0181,1.2390,0.000,0.285,-168.787,0,0,307,239,97,115
1778698759.598861,1,0.953866,0.919944,0.877504,1.1471,-0.4918,1.3039,0.000,-9.554,154.780,0,0,557,209,104,114
1778698759.598861,2,0.944463,0.899530,0.849573,0.9024,0.3642,1.3394,-0.000,2.733,-137.594,0,0,46,159,93,133
1778698759.698963,0,0.980529,0.999895,0.980426,1.0883,-0.0181,1.2390,0.000,0.587,-168.954,0,0,307,239,97,115
1778698759.698963,1,0.954377,0.919430,0.877483,1.1473,-0.4937,1.3020,0.000,-9.618,155.354,0,0,557,209,104,114
1778698759.698963,2,0.955785,0.898166,0.858453,0.9042,0.3681,1.3413,-0.000,3.573,-139.388,0,0,46,159,92,130
1778698759.698963,0,0.980136,0.999895,0.980033,1.0883,-0.0181,1.2390,0.000,0.587,-168.954,0,0,307,239,97,115
1778698759.698963,1,0.953199,0.919430,0.876400,1.1473,-0.4937,1.3020,0.000,-9.618,155.354,0,0,556,208,103,113
1778698759.698963,2,0.953454,0.898166,0.856360,0.9042,0.3681,1.3413,-0.000,3.573,-139.388,0,0,46,157,92,130
1778698759.765693,0,0.979595,0.999895,0.979492,1.0883,-0.0181,1.2390,-0.000,0.463,-168.887,0,0,307,239,97,117
1778698759.765693,1,0.953182,0.919944,0.876874,1.1473,-0.4937,1.3020,0.000,-9.830,155.200,0,0,556,208,104,113
1778698759.765693,2,0.939758,0.897821,0.843734,0.9091,0.3705,1.3425,0.000,3.296,-139.030,0,0,48,154,96,133
1778698759.965908,0,0.979205,0.999882,0.979090,1.0884,-0.0181,1.2372,-0.000,0.553,-168.508,0,0,307,240,97,114
1778698759.965908,1,0.955533,0.919944,0.879037,1.1471,-0.4918,1.3039,-0.000,-9.232,154.791,0,0,556,208,103,113
1778698759.965908,2,0.937670,0.898478,0.842476,0.9211,0.3736,1.3531,0.000,3.509,-136.104,0,0,48,154,96,133
1778698760.032641,0,0.980130,0.999882,0.980015,1.0884,-0.0181,1.2372,-0.000,0.270,-168.931,0,0,307,240,97,114
1778698760.032641,1,0.955242,0.920009,0.878831,1.1473,-0.4918,1.3020,0.000,-9.444,155.418,0,0,556,209,103,113
1778698760.032641,2,0.934542,0.898478,0.839665,0.9211,0.3736,1.3531,-0.000,3.641,-135.464,0,0,48,154,96,133
1778698760.032641,0,0.979390,0.999882,0.979275,1.0884,-0.0181,1.2372,-0.000,0.270,-168.931,0,0,308,240,98,113
1778698760.032641,1,0.955517,0.920009,0.879084,1.1473,-0.4918,1.3020,0.000,-9.444,155.418,0,0,556,209,103,111
1778698760.032641,2,0.937606,0.898478,0.842419,0.9211,0.3736,1.3531,-0.000,3.641,-135.464,0,0,48,155,97,133
1778698760.132754,0,0.980984,0.999904,0.980890,1.0884,-0.0199,1.2372,0.000,0.574,-169.163,0,0,308,240,98,114
1778698760.132754,1,0.953973,0.920009,0.877664,1.1473,-0.4918,1.3020,0.000,-9.688,155.400,0,0,556,208,103,113
1778698760.132754,2,0.940089,0.898659,0.844819,0.9085,0.3675,1.3485,-0.000,3.555,-136.496,0,0,49,156,98,132
1778698760.199487,0,0.979765,0.999904,0.979671,1.0884,-0.0199,1.2372,0.000,0.648,-168.741,0,0,308,240,98,114
1778698760.199487,1,0.955682,0.919944,0.879174,1.1471,-0.4918,1.3039,0.000,-9.305,156.008,0,0,556,208,103,113
1778698760.199487,2,0.940891,0.899431,0.846267,0.9018,0.3627,1.3453,0.000,3.145,-136.917,0,0,49,155,98,133
1778698760.266215,0,0.981250,0.999904,0.981155,1.0884,-0.0199,1.2372,-0.000,0.703,-169.191,0,0,308,240,97,114
1778698760.266215,1,0.953816,0.919944,0.877458,1.1471,-0.4918,1.3039,0.000,-9.601,155.131,0,0,556,208,103,113
1778698760.266215,2,0.931648,0.899253,0.837787,0.9016,0.3627,1.3468,0.000,3.047,-135.298,0,0,49,153,99,136
1778698760.332953,0,0.980739,0.999904,0.980645,1.0884,-0.0199,1.2372,0.000,0.775,-168.993,0,0,308,240,97,114
1778698760.332953,1,0.956866,0.919944,0.880264,1.1471,-0.4918,1.3039,0.000,-9.024,155.305,0,0,556,208,103,113
1778698760.332953,2,0.932017,0.898888,0.837780,0.9013,0.3627,1.3497,0.000,3.400,-135.258,0,0,49,152,98,136
1778698760.433061,0,0.980386,0.999904,0.980292,1.0884,-0.0199,1.2372,-0.000,0.659,-168.932,0,0,308,240,97,114
1778698760.433061,1,0.936907,0.898703,0.842001,0.9031,0.3637,1.3517,-0.000,2.810,-136.514,0,0,49,152,99,136
1778698760.433061,2,0.953800,0.919944,0.877443,1.1501,-0.4931,1.3043,0.000,-9.597,155.055,0,0,557,209,104,114
1778698760.433061,0,0.981487,0.999904,0.981393,1.0884,-0.0199,1.2372,-0.000,0.659,-168.932,0,0,308,240,97,114
1778698760.433061,1,0.956196,0.919430,0.879156,0.9031,0.3637,1.3517,-0.000,2.810,-136.514,0,0,557,208,104,113
1778698760.433061,2,0.939749,0.899664,0.845458,1.1501,-0.4931,1.3043,0.000,-9.597,155.055,0,0,50,154,100,133
1778698760.633257,0,0.982092,0.999904,0.981998,1.0884,-0.0199,1.2372,-0.000,0.702,-169.470,0,0,308,240,97,113
1778698760.633257,1,0.956801,0.919944,0.880203,1.1471,-0.4918,1.3039,0.000,-9.042,155.368,0,0,556,208,103,113
1778698760.633257,2,0.938764,0.899664,0.844572,0.9103,0.3654,1.3504,0.000,3.437,-136.522,0,0,50,154,100,133
1778698760.699995,0,0.979851,0.999904,0.979757,1.0884,-0.0199,1.2372,-0.000,0.645,-168.769,0,0,308,240,97,115
1778698760.699995,1,0.956117,0.919366,0.879021,1.1471,-0.4937,1.3039,0.000,-9.225,155.907,0,0,557,208,104,113
1778698760.699995,2,0.939148,0.899664,0.844918,0.9103,0.3654,1.3504,0.000,3.571,-136.524,0,0,50,154,100,133
1778698760.699995,0,0.981080,0.999904,0.980985,1.0884,-0.0199,1.2372,-0.000,0.645,-168.769,0,0,308,240,97,114
1778698760.699995,1,0.953765,0.919366,0.876859,1.1471,-0.4937,1.3039,0.000,-9.225,155.907,0,0,557,208,104,113
1778698760.699995,2,0.942361,0.899664,0.847808,0.9103,0.3654,1.3504,0.000,3.571,-136.524,0,0,50,154,101,133
1778698760.766705,0,0.982047,0.999904,0.981953,1.0884,-0.0199,1.2372,0.000,1.256,-169.215,0,0,308,240,97,114
1778698760.766705,1,0.954711,0.919366,0.877728,1.1471,-0.4937,1.3039,0.000,-9.474,155.509,0,0,557,208,104,113
1778698760.766705,2,0.934709,0.899664,0.840924,0.9083,0.3645,1.3500,0.000,2.730,-136.150,0,0,50,154,101,133
1778698760.933520,0,0.979954,0.999904,0.979860,1.0884,-0.0199,1.2372,0.000,0.491,-168.871,0,0,308,240,97,113
1778698760.933520,2,0.939742,0.900256,0.846008,0.9054,0.3616,1.3492,-0.000,2.972,-137.053,0,0,51,154,103,133
1778698760.933520,1,0.954950,0.919944,0.878500,1.1471,-0.4918,1.3039,0.000,-9.433,155.750,0,0,556,208,103,113
1778698760.933520,0,0.981248,0.999904,0.981153,1.0884,-0.0199,1.2372,0.000,0.491,-168.871,0,0,308,240,97,114
1778698760.933520,2,0.938232,0.899698,0.844125,0.9054,0.3616,1.3492,-0.000,2.972,-137.053,0,0,51,151,103,137
1778698760.933520,1,0.960515,0.919430,0.883127,1.1471,-0.4918,1.3039,0.000,-9.433,155.750,0,0,557,209,104,114
1778698761.066997,0,0.981560,0.999904,0.981466,1.0884,-0.0199,1.2372,0.000,1.134,-169.106,0,0,308,240,97,114
1778698761.066997,2,0.934547,0.900287,0.841361,0.9099,0.3624,1.3549,0.000,3.906,-135.792,0,0,52,151,104,136
1778698761.066997,1,0.960046,0.919944,0.883189,1.1471,-0.4918,1.3039,0.000,-8.444,156.243,0,0,556,208,103,113
1778698761.066997,0,0.981902,0.999904,0.981808,1.0884,-0.0199,1.2372,0.000,1.131,-169.219,0,0,308,240,97,114
1778698761.066997,2,0.937841,0.900287,0.844327,0.9099,0.3624,1.3549,0.000,4.532,-136.086,0,0,52,150,105,137
1778698761.066997,1,0.952893,0.919944,0.876608,1.1471,-0.4918,1.3039,0.000,-9.855,156.418,0,0,556,208,103,113
1778698761.233844,0,0.978638,0.999904,0.978544,1.0884,-0.0199,1.2372,-0.000,0.635,-168.399,0,0,308,240,97,113
1778698761.233844,2,0.936691,0.900097,0.843113,0.9136,0.3643,1.3574,0.000,3.402,-136.489,0,0,52,150,104,137
1778698761.233844,1,0.957842,0.919944,0.881161,1.1501,-0.4931,1.3043,0.000,-8.866,155.771,0,0,556,208,103,113
1778698761.300583,0,0.979385,0.999904,0.979291,1.0884,-0.0199,1.2372,-0.000,0.812,-168.553,0,0,308,240,97,113
1778698761.300583,2,0.937556,0.900287,0.844070,0.9099,0.3624,1.3549,0.000,3.419,-136.601,0,0,52,151,104,136
1778698761.300583,1,0.956395,0.919944,0.879830,1.1471,-0.4918,1.3039,0.000,-9.148,155.708,0,0,556,208,103,113
1778698761.367321,0,0.979793,0.999904,0.979699,1.0884,-0.0199,1.2372,0.000,0.680,-168.736,0,0,308,240,97,113
1778698761.367321,2,0.936464,0.899698,0.842535,0.9079,0.3630,1.3544,0.000,3.714,-136.152,0,0,51,151,103,137
1778698761.367321,1,0.959151,0.919366,0.881810,1.1471,-0.4937,1.3039,0.000,-8.573,155.250,0,0,557,208,104,113
1778698761.367321,0,0.980480,0.999904,0.980386,1.0884,-0.0199,1.2372,0.000,1.123,-168.766,0,0,308,241,97,114
1778698761.367321,1,0.955428,0.919366,0.878388,1.1471,-0.4937,1.3039,0.000,-9.350,155.747,0,0,556,208,103,113
1778698761.367321,2,0.940505,0.899698,0.846170,0.9079,0.3630,1.3544,-0.000,3.375,-137.100,0,0,51,153,103,136
1778698761.534179,0,0.978927,0.999889,0.978818,1.0886,-0.0199,1.2354,0.000,0.843,-168.361,0,0,308,241,97,114
1778698761.534179,1,0.956921,0.920009,0.880375,1.1473,-0.4918,1.3020,0.000,-9.141,155.774,0,0,556,209,103,111
1778698761.534179,2,0.938637,0.900072,0.844841,0.9052,0.3616,1.3507,0.000,3.338,-136.679,0,0,51,153,102,136
1778698761.600899,0,0.979477,0.999889,0.979367,1.0886,-0.0199,1.2354,-0.000,1.002,-168.465,0,0,308,241,97,114
1778698761.600899,1,0.937945,0.899886,0.844043,0.9051,0.3616,1.3522,-0.000,3.161,-136.688,0,0,51,152,102,137
1778698761.600899,2,0.952890,0.919366,0.876054,1.1471,-0.4937,1.3039,0.000,-9.842,155.843,0,0,557,208,104,111
1778698761.667636,0,0.979422,0.999904,0.979327,1.0884,-0.0199,1.2372,-0.000,1.293,-168.376,0,0,308,240,97,115
1778698761.667636,2,0.944959,0.899886,0.850355,0.9031,0.3607,1.3517,0.000,3.137,-138.083,0,0,51,152,103,136
1778698761.667636,1,0.957016,0.919366,0.879848,1.1471,-0.4937,1.3039,0.000,-9.002,155.252,0,0,557,208,104,113
1778698761.667636,0,0.981937,0.999907,0.981846,1.0884,-0.0199,1.2372,-0.000,1.293,-168.376,0,0,309,241,98,115
1778698761.667636,2,0.940074,0.899698,0.845782,0.9031,0.3607,1.3517,0.000,3.137,-138.083,0,0,51,151,103,135
1778698761.667636,1,0.958712,0.919430,0.881469,1.1471,-0.4937,1.3039,0.000,-9.002,155.252,0,0,557,209,104,114
1778698761.734375,0,0.981004,0.999907,0.980913,1.0886,-0.0217,1.2354,0.000,1.152,-168.983,0,0,309,240,98,117
1778698761.734375,2,0.937921,0.899698,0.843846,0.9050,0.3616,1.3537,0.000,3.498,-136.538,0,0,51,151,103,135
1778698761.734375,1,0.953574,0.919430,0.876744,1.1473,-0.4937,1.3020,0.000,-9.767,155.297,0,0,557,208,104,113
1778698761.934597,0,0.980321,0.999922,0.980245,1.0855,-0.0217,1.2369,-0.000,1.504,-168.675,0,0,309,240,98,115
1778698761.934597,2,0.933416,0.899508,0.839615,0.9077,0.3630,1.3559,0.000,3.073,-135.977,0,0,51,150,103,135
1778698761.934597,1,0.953343,0.919366,0.876471,1.1471,-0.4937,1.3039,-0.000,-9.649,154.609,0,0,557,208,104,113
1778698761.934597,0,0.980857,0.999922,0.980781,1.0855,-0.0217,1.2369,-0.000,1.504,-168.675,0,0,309,241,98,114
1778698761.934597,2,0.931353,0.899508,0.837759,0.9077,0.3630,1.3559,0.000,3.073,-135.977,0,0,51,151,103,136
1778698761.934597,1,0.953308,0.919366,0.876438,1.1471,-0.4937,1.3039,-0.000,-9.649,154.609,0,0,557,208,104,113
1778698762.101433,0,0.981001,0.999922,0.980925,1.0855,-0.0217,1.2369,0.000,1.509,-168.885,0,0,309,240,98,115
1778698762.101433,2,0.931371,0.900097,0.838324,0.9077,0.3615,1.3559,-0.000,3.144,-135.657,0,0,52,150,105,135
1778698762.101433,1,0.954331,0.919366,0.877379,1.1471,-0.4937,1.3039,0.000,-9.480,154.785,0,0,557,208,104,113
1778698762.101433,0,0.979704,0.999922,0.979628,1.0855,-0.0217,1.2369,0.000,1.509,-168.885,0,0,309,240,98,115
1778698762.101433,2,0.933255,0.900287,0.840197,0.9077,0.3615,1.3559,-0.000,3.144,-135.657,0,0,52,151,104,136
1778698762.101433,1,0.950333,0.919944,0.874253,1.1471,-0.4937,1.3039,0.000,-9.480,154.785,0,0,556,208,103,111
1778698762.234940,0,0.978072,0.999922,0.977996,1.0855,-0.0217,1.2369,0.000,0.954,-168.201,0,0,309,240,98,115
1778698762.234940,2,0.931196,0.900097,0.838166,0.9097,0.3624,1.3564,0.000,3.097,-135.650,0,0,52,150,105,135
1778698762.234940,1,0.948809,0.919944,0.872851,1.1471,-0.4918,1.3039,0.000,-10.560,155.402,0,0,556,208,103,111
1778698762.234940,0,0.978103,0.999922,0.978027,1.0855,-0.0217,1.2369,0.000,0.844,-168.254,0,0,309,240,97,115
1778698762.234940,2,0.934406,0.900097,0.841056,0.9097,0.3624,1.3564,0.000,3.078,-136.245,0,0,52,151,104,136
1778698762.234940,1,0.956350,0.919944,0.879789,1.1471,-0.4918,1.3039,0.000,-9.118,155.218,0,0,556,208,103,111
1778698762.234940,0,0.977294,0.999922,0.977218,1.0855,-0.0217,1.2369,0.000,0.844,-168.254,0,0,309,240,97,115
1778698762.234940,2,0.930670,0.900287,0.837871,0.9097,0.3624,1.3564,0.000,3.078,-136.245,0,0,51,151,102,136
1778698762.234940,1,0.954283,0.919944,0.877887,1.1471,-0.4918,1.3039,0.000,-9.118,155.218,0,0,556,208,103,111
1778698762.401786,0,0.976682,0.999922,0.976606,1.0855,-0.0217,1.2369,0.000,0.403,-168.020,0,0,310,240,98,115
1778698762.401786,2,0.933316,0.899698,0.839702,0.9050,0.3616,1.3537,-0.000,3.485,-135.698,0,0,52,151,104,136
1778698762.401786,1,0.955059,0.919944,0.878601,1.1471,-0.4918,1.3039,-0.000,-9.371,155.228,0,0,556,208,102,113
1778698762.401786,0,0.976456,0.999938,0.976395,1.0855,-0.0217,1.2369,0.000,0.403,-168.020,0,0,310,240,98,115
1778698762.401786,2,0.929386,0.899698,0.836166,0.9050,0.3616,1.3537,-0.000,3.485,-135.698,0,0,51,151,103,136
1778698762.401786,1,0.953641,0.919944,0.877297,1.1471,-0.4918,1.3039,-0.000,-9.371,155.228,0,0,556,208,103,111
1778698762.601952,0,0.976208,0.999922,0.976132,1.0884,-0.0217,1.2372,0.000,0.355,-167.903,0,0,309,240,97,115
1778698762.601952,2,0.931195,0.899698,0.837794,0.9050,0.3616,1.3537,0.000,3.254,-135.439,0,0,51,151,103,136
1778698762.601952,1,0.955227,0.919944,0.878756,1.1471,-0.4918,1.3039,0.000,-9.344,155.295,0,0,556,208,102,111
1778698762.601952,0,0.975773,0.999922,0.975698,1.0884,-0.0217,1.2372,0.000,0.355,-167.903,0,0,309,240,97,115
1778698762.601952,2,0.930282,0.899508,0.836795,0.9050,0.3616,1.3537,0.000,3.254,-135.439,0,0,51,150,103,137
1778698762.601952,1,0.958967,0.920522,0.882750,1.1471,-0.4918,1.3039,0.000,-9.344,155.295,0,0,555,208,103,113
1778698762.668691,0,0.975150,0.999922,0.975074,1.0884,-0.0217,1.2372,0.000,0.159,-167.687,0,0,309,240,97,115
1778698762.668691,2,0.931866,0.899508,0.838220,0.9097,0.3639,1.3564,0.000,3.072,-135.696,0,0,51,151,103,136
1778698762.668691,1,0.954465,0.920522,0.878606,1.1501,-0.4912,1.3043,0.000,-9.501,155.549,0,0,555,208,103,113
1778698762.835529,0,0.976005,0.999922,0.975930,1.0884,-0.0217,1.2372,0.000,0.660,-167.719,0,0,309,240,98,115
1778698762.835529,2,0.935328,0.899698,0.841513,0.9050,0.3616,1.3537,0.000,3.037,-136.308,0,0,51,151,103,136
1778698762.835529,1,0.953239,0.920586,0.877539,1.1473,-0.4899,1.3020,0.000,-9.875,156.427,0,0,555,209,103,113
1778698762.902268,0,0.975998,0.999922,0.975922,1.0884,-0.0217,1.2372,-0.000,0.209,-167.907,0,0,309,240,98,115
1778698762.902268,2,0.935419,0.900287,0.842145,0.9099,0.3624,1.3549,0.000,2.620,-136.653,0,0,52,151,104,136
1778698762.902268,1,0.951993,0.920586,0.876392,1.1473,-0.4899,1.3020,0.000,-10.051,155.398,0,0,555,209,103,111
1778698762.902268,0,0.976066,0.999922,0.975990,1.0884,-0.0217,1.2372,-0.000,0.689,-167.725,0,0,309,240,98,115
1778698762.902268,2,0.937720,0.900287,0.844218,0.9099,0.3624,1.3549,0.000,3.068,-136.829,0,0,51,151,103,136
1778698762.902268,1,0.957393,0.920586,0.881363,1.1473,-0.4899,1.3020,0.000,-9.051,156.000,0,0,555,209,103,111
1778698763.002372,0,0.976572,0.999922,0.976496,1.0855,-0.0217,1.2369,0.000,0.690,-167.869,0,0,309,240,98,115
1778698763.002372,2,0.938243,0.899698,0.844135,0.9079,0.3630,1.3544,0.000,2.896,-136.940,0,0,52,151,104,136
1778698763.002372,1,0.954467,0.920586,0.878669,1.1473,-0.4899,1.3020,0.000,-9.592,155.542,0,0,555,209,103,111
1778698763.135852,0,0.975753,0.999922,0.975678,1.0855,-0.0217,1.2369,0.000,0.732,-167.620,0,0,309,240,98,115
1778698763.135852,2,0.937497,0.899698,0.843464,0.9079,0.3630,1.3544,0.000,3.235,-136.603,0,0,51,151,102,137
1778698763.135852,1,0.955789,0.920586,0.879886,1.1503,-0.4912,1.3024,0.000,-9.376,156.181,0,0,555,209,103,111
1778698763.135852,0,0.975113,0.999922,0.975038,1.0855,-0.0217,1.2369,0.000,0.732,-167.620,0,0,309,240,98,115
1778698763.135852,2,0.936523,0.900287,0.843139,0.9079,0.3630,1.3544,0.000,3.235,-136.603,0,0,52,151,104,137
1778698763.135852,1,0.956378,0.920586,0.880429,1.1503,-0.4912,1.3024,0.000,-9.376,156.181,0,0,555,209,103,111
1778698763.336071,0,0.976109,0.999922,0.976034,1.0855,-0.0217,1.2369,-0.000,0.719,-167.726,0,0,309,240,98,115
1778698763.336071,2,0.935901,0.900287,0.842579,0.9099,0.3624,1.3549,-0.000,2.974,-136.539,0,0,52,151,104,137
1778698763.336071,1,0.958593,0.920586,0.882468,1.1473,-0.4899,1.3020,0.000,-8.722,154.980,0,0,555,209,103,113
1778698763.336071,0,0.975705,0.999922,0.975630,1.0855,-0.0217,1.2369,0.000,0.455,-167.718,0,0,309,240,98,115
1778698763.336071,2,0.938845,0.900287,0.845230,0.9099,0.3624,1.3549,-0.000,3.572,-136.761,0,0,52,151,104,137
1778698763.336071,1,0.956396,0.920586,0.880445,1.1473,-0.4899,1.3020,0.000,-9.214,155.513,0,0,555,209,103,111
1778698763.502917,0,0.974103,0.999922,0.974028,1.0855,-0.0217,1.2369,0.000,1.114,-167.029,0,0,309,240,98,115
1778698763.502917,2,0.933917,0.899886,0.840419,0.9051,0.3616,1.3522,0.000,3.211,-135.912,0,0,51,152,103,136
1778698763.502917,1,0.957142,0.920586,0.881132,1.1473,-0.4899,1.3020,0.000,-8.997,154.845,0,0,555,209,103,111
1778698763.502917,0,0.974809,0.999922,0.974734,1.0855,-0.0217,1.2369,0.000,1.114,-167.029,0,0,309,240,98,117
1778698763.502917,2,0.936651,0.899886,0.842879,0.9051,0.3616,1.3522,0.000,3.211,-135.912,0,0,51,152,103,136
1778698763.502917,1,0.955708,0.920586,0.879812,1.1473,-0.4899,1.3020,0.000,-8.997,154.845,0,0,555,209,103,111
1778698763.569629,0,0.975810,0.999922,0.975735,1.0855,-0.0217,1.2369,0.000,0.295,-167.815,0,0,309,240,98,117
1778698763.569629,2,0.939588,0.899886,0.845522,0.9051,0.3616,1.3522,-0.000,3.097,-137.038,0,0,51,151,103,137
1778698763.569629,1,0.957359,0.920586,0.881331,1.1473,-0.4899,1.3020,-0.000,-9.016,155.431,0,0,555,209,103,111
1778698763.669736,0,0.977297,0.999922,0.977221,1.0855,-0.0217,1.2369,0.000,0.379,-168.210,0,0,309,240,98,115
1778698763.669736,2,0.938215,0.899698,0.844110,0.9079,0.3630,1.3544,0.000,2.887,-136.940,0,0,51,151,103,137
1778698763.669736,1,0.958366,0.920586,0.882258,1.1473,-0.4899,1.3020,-0.000,-8.784,155.127,0,0,555,209,103,111
1778698763.736475,0,0.976090,0.999922,0.976014,1.0825,-0.0217,1.2367,0.000,-0.055,-168.054,0,0,309,241,97,114
1778698763.736475,2,0.938121,0.899698,0.844026,0.9079,0.3630,1.3544,0.000,3.036,-136.835,0,0,51,151,103,137
1778698763.736475,1,0.957788,0.920586,0.881726,1.1503,-0.4912,1.3024,0.000,-8.934,155.467,0,0,555,209,103,114
1778698763.803222,0,0.976493,0.999907,0.976402,1.0856,-0.0217,1.2352,0.000,0.273,-167.979,0,0,309,241,97,114
1778698763.803222,2,0.935266,0.899698,0.841457,0.9138,0.3658,1.3559,0.000,2.661,-136.512,0,0,51,151,103,137
1778698763.803222,1,0.958195,0.920586,0.882101,1.1473,-0.4899,1.3020,0.000,-8.856,155.504,0,0,555,209,103,114
1778698763.903330,0,0.976100,0.999907,0.976009,1.0856,-0.0217,1.2352,0.000,0.180,-167.906,0,0,309,241,97,114
1778698763.903330,2,0.938288,0.899698,0.844176,0.9079,0.3630,1.3544,0.000,2.201,-137.374,0,0,51,152,103,136
1778698763.903330,1,0.957793,0.920586,0.881731,1.1503,-0.4912,1.3024,0.000,-8.881,154.966,0,0,555,209,103,111
1778698763.970099,0,0.977711,0.999907,0.977620,1.0856,-0.0217,1.2352,-0.000,0.530,-168.226,0,0,310,241,98,114
1778698763.970099,2,0.937095,0.899886,0.843279,0.9080,0.3630,1.3529,-0.000,2.170,-137.112,0,0,51,152,103,136
1778698763.970099,1,0.959145,0.920586,0.882976,1.1473,-0.4899,1.3020,0.000,-8.697,155.960,0,0,556,209,102,114
1778698764.103546,0,0.976581,0.999922,0.976505,1.0856,-0.0235,1.2352,0.000,0.452,-168.029,0,0,310,241,98,114
1778698764.103546,2,0.938220,0.899698,0.844114,0.9138,0.3658,1.3559,0.000,2.768,-137.011,0,0,51,151,103,137
1778698764.103546,1,0.957019,0.919944,0.880404,1.1471,-0.4918,1.3039,0.000,-9.007,155.463,0,0,556,208,102,113
1778698764.103546,0,0.977095,0.999922,0.977019,1.0856,-0.0235,1.2352,0.000,0.278,-168.253,0,0,310,241,98,114
1778698764.103546,2,0.936167,0.899698,0.842267,0.9138,0.3658,1.3559,-0.000,2.549,-136.749,0,0,51,152,103,136
1778698764.103546,1,0.957482,0.919944,0.880830,1.1471,-0.4918,1.3039,0.000,-8.864,154.940,0,0,556,208,104,113
1778698764.270385,0,0.977108,0.999907,0.977017,1.0826,-0.0217,1.2349,-0.000,0.500,-168.061,0,0,309,241,97,114
1778698764.270385,2,0.936981,0.899698,0.842999,0.9206,0.3690,1.3576,0.000,2.625,-136.858,0,0,51,151,103,135
1778698764.270385,1,0.958430,0.920009,0.881764,1.1473,-0.4918,1.3020,-0.000,-8.845,155.854,0,0,556,209,102,111
1778698764.337103,0,0.977254,0.999907,0.977163,1.0826,-0.0217,1.2349,-0.000,0.309,-168.185,0,1,309,241,97,114
1778698764.337103,2,0.939397,0.899698,0.845173,0.9226,0.3699,1.3581,0.000,3.124,-137.029,1,1,51,151,103,137
1778698764.337103,1,0.957721,0.920522,0.881603,1.1471,-0.4899,1.3039,0.000,-8.866,155.595,0,1,555,208,103,113
1778698764.337103,3,0.787894,0.982743,0.774298,1.0826,-0.0217,1.2349,-0.000,0.309,-168.185,0,1,216,226,97,111
1778698764.337103,0,0.982383,0.964345,0.947356,0.9226,0.3699,1.3581,0.000,3.124,-137.029,0,1,467,300,106,120
1778698766.439242,2,0.790486,0.988904,0.781715,0.9318,0.3632,1.3274,0.000,-0.439,-119.341,0,1,229,230,98,111
1778698766.439242,0,0.980844,0.953431,0.935167,1.0817,-0.0364,1.2048,0.000,0.744,-169.531,0,1,481,305,107,120
1778698766.505981,0,0.980446,0.953431,0.934788,1.0821,-0.0491,1.1986,0.000,0.052,-170.218,0,1,485,306,107,117
1778698766.505981,2,0.773912,0.990155,0.766294,0.9304,0.3403,1.3177,0.000,-0.859,-118.988,0,1,234,231,96,114
1778698766.505981,0,0.980171,0.951455,0.932588,1.0821,-0.0491,1.1986,0.000,0.052,-170.218,0,1,490,308,107,120
1778698766.505981,2,0.772972,0.990155,0.765363,0.9304,0.3403,1.3177,0.000,-0.859,-118.988,0,1,238,232,96,113
1778698766.572727,0,0.978957,0.948797,0.928832,1.1080,-0.0848,1.1847,0.000,-1.856,-172.053,0,1,494,310,108,117
1778698766.572727,2,0.767909,0.991106,0.761080,0.9895,0.3363,1.3158,0.000,-1.342,-119.954,0,1,241,235,96,111
1778698766.572727,0,0.978303,0.946555,0.926018,1.1080,-0.0848,1.1847,0.000,-1.856,-172.053,0,1,492,308,108,117
1778698766.572727,2,0.775075,0.991798,0.768718,0.9895,0.3363,1.3158,0.000,-1.342,-119.954,0,1,240,233,96,110
1778698766.606097,0,0.977743,0.949173,0.928047,1.1102,-0.0913,1.1813,0.000,-1.048,-171.900,0,1,490,306,108,122
1778698766.606097,2,0.761831,0.991079,0.755035,1.9595,0.7094,1.4852,0.000,-1.204,-120.819,0,1,238,230,96,113
1778698766.772946,0,0.755081,0.991079,0.748345,1.9342,0.6818,1.4824,-0.000,-1.431,-119.520,0,1,236,230,96,115
1778698766.772946,2,0.978642,0.950548,0.930247,1.1333,-0.0955,1.1819,0.000,-1.063,-172.147,0,1,487,306,107,120
1778698766.772946,0,0.975612,0.950548,0.927367,1.1328,-0.1099,1.1754,0.000,-1.873,-172.197,0,1,485,304,107,121
1778698766.772946,2,0.765117,0.990615,0.757937,1.9444,0.6639,1.4700,0.000,-1.547,-120.968,0,1,234,229,96,113
1778698766.772946,0,0.786672,0.988011,0.777241,1.1328,-0.1099,1.1754,0.000,-1.873,-172.197,0,1,226,225,97,113
1778698766.772946,2,0.978410,0.956524,0.935872,1.9444,0.6639,1.4700,0.000,-1.547,-120.968,0,1,476,300,106,118
1778698766.873053,2,0.783496,0.988011,0.774103,1.9456,0.6745,1.4748,0.000,-1.640,-122.488,0,1,223,224,97,111
1778698766.873053,0,0.980469,0.956524,0.937842,1.1235,-0.1042,1.1794,-0.000,-0.835,-173.094,0,1,473,298,106,120
1778698766.939792,2,0.782459,0.987179,0.772427,1.9317,0.6804,1.4763,0.000,-2.768,-122.483,0,1,220,223,97,110
1778698766.939792,0,0.977733,0.958161,0.936826,1.1313,-0.0997,1.1832,0.000,-0.953,-172.106,0,1,470,295,106,120
1778698767.006510,2,0.973617,0.959934,0.934608,1.9735,-0.1849,1.2056,0.000,-1.990,-172.066,0,1,461,293,104,115
1778698767.006510,0,0.779084,0.986319,0.768426,1.9465,0.6542,1.4602,0.000,-1.625,-122.508,0,1,212,218,98,110
1778698767.039880,0,0.976817,0.963973,0.941626,1.1191,-0.0995,1.1816,0.000,-0.987,-171.868,0,1,458,292,104,111
1778698767.039880,2,0.772196,0.983783,0.759673,1.9504,0.6855,1.4795,-0.000,-1.180,-121.040,0,1,209,215,98,114
1778698767.139984,0,0.979659,0.966667,0.947003,1.1258,-0.0972,1.1818,0.000,-0.481,-172.406,0,1,455,291,105,114
1778698767.139984,2,0.775020,0.982023,0.761088,1.9406,0.6848,1.4843,0.000,-1.810,-121.463,0,1,207,214,98,111
1778698767.139984,0,0.977648,0.966667,0.945060,1.1251,-0.1182,1.1715,0.000,-1.648,-173.108,0,1,450,288,104,114
1778698767.139984,2,0.772608,0.982023,0.758719,1.9580,0.6481,1.4647,0.000,-1.520,-122.150,0,1,201,210,98,113
1778698767.206723,0,0.978571,0.969041,0.948276,1.9879,-0.1755,1.2039,0.000,-1.054,-172.829,0,1,444,285,104,115
1778698767.206723,2,0.768627,0.979827,0.753121,1.9530,0.6686,1.4786,-0.000,-1.293,-121.205,0,1,195,206,98,117
1778698767.273455,0,0.973469,0.971704,0.945924,1.9723,-0.1813,1.1998,0.000,-2.398,-171.989,0,1,440,284,103,115
1778698767.273455,2,0.786313,0.977495,0.768617,1.9281,0.6521,1.4725,-0.000,-1.555,-123.153,0,1,192,205,102,118
1778698767.340187,0,0.768587,0.976369,0.750424,1.9149,0.6580,1.4739,0.000,-1.092,-121.052,0,1,189,203,102,117
1778698767.340187,2,0.976534,0.973285,0.950446,1.9803,-0.1693,1.2034,0.000,-1.575,-172.219,0,1,438,281,104,117
1778698767.440272,2,0.780231,0.971899,0.758305,1.9195,0.6702,1.4787,0.000,-2.421,-122.312,0,1,181,200,102,115
1778698767.440272,0,0.978345,0.978070,0.956890,1.1203,-0.1014,1.1845,0.000,-1.684,-172.635,0,1,429,276,103,117
1778698767.440272,2,0.978383,0.978070,0.956927,1.1195,-0.1223,1.1741,-0.000,-1.176,-173.461,0,1,426,276,103,111
1778698767.440272,0,0.772010,0.971899,0.750316,1.9366,0.6337,1.4596,-0.000,-3.146,-122.756,0,1,178,198,102,117
1778698767.507008,0,0.977753,0.979047,0.957266,1.9684,-0.1877,1.1989,0.000,-0.989,-172.950,0,1,424,273,102,113
1778698767.507008,2,0.775406,0.970553,0.752573,1.9243,0.6400,1.4645,0.000,-3.883,-123.102,0,1,175,197,102,111
1778698767.607116,0,0.978099,0.980023,0.958560,1.9745,-0.2080,1.2074,-0.000,-0.794,-173.642,0,1,416,270,100,110
1778698767.607116,2,0.759711,0.969285,0.736377,1.9319,0.6249,1.4662,0.000,-2.241,-121.567,0,1,165,191,103,117
1778698767.607116,0,0.979269,0.982790,0.962415,1.9812,-0.1827,1.2175,0.000,-0.288,-173.159,0,1,413,268,102,113
1778698767.607116,2,0.776800,0.964577,0.749283,1.9266,0.6585,1.4865,0.000,-1.569,-122.136,0,1,162,189,103,117
1778698767.707224,0,0.980044,0.984989,0.965332,1.9655,-0.1865,1.2335,-0.000,-0.216,-173.631,0,1,410,265,102,117
1778698767.707224,2,0.768564,0.961685,0.739116,1.9120,0.6477,1.4928,0.000,-1.485,-121.542,0,1,159,188,104,118
1778698767.707224,0,0.775432,0.961685,0.745722,1.9120,0.6477,1.4928,0.000,-1.620,-122.237,0,1,157,186,104,118
1778698767.707224,2,0.977539,0.984989,0.962865,1.9655,-0.1865,1.2335,0.000,0.005,-172.855,0,1,407,264,102,117
1778698767.807333,2,0.784428,0.955616,0.749612,1.9095,0.6471,1.5107,0.000,-0.972,-123.020,0,1,147,182,105,117
1778698767.807333,0,0.979603,0.988310,0.968152,1.9788,-0.1900,1.2510,0.000,-0.061,-173.656,0,1,399,260,102,115
1778698767.807333,2,0.785039,0.955616,0.750196,1.9095,0.6471,1.5107,-0.000,-2.624,-123.672,0,1,144,181,105,117
1778698767.807333,0,0.976923,0.988310,0.965503,1.9788,-0.1900,1.2510,-0.000,0.251,-172.803,0,1,396,258,102,117
1778698767.874053,2,0.788759,0.954114,0.752566,1.9167,0.6337,1.5140,0.000,-1.994,-124.268,0,1,141,180,105,114
1778698767.874053,0,0.981240,0.989190,0.970633,1.9752,-0.2042,1.2576,-0.000,0.789,-174.400,0,1,394,258,100,114
1778698767.874053,2,0.767946,0.952593,0.731540,1.9167,0.6337,1.5140,0.000,-1.994,-124.268,0,1,128,171,106,117
1778698767.874053,0,0.978190,0.989669,0.968085,1.9752,-0.2042,1.2576,-0.000,0.789,-174.400,0,1,383,252,98,111
1778698767.907421,2,0.979260,0.993108,0.972511,1.9159,0.6437,1.5173,0.000,-0.460,-121.475,0,1,380,251,98,109
1778698767.907421,0,0.785179,0.943233,0.740607,1.9749,-0.1976,1.2576,0.000,2.008,-173.093,0,1,125,169,106,120
1778698768.007529,0,0.780681,0.943233,0.736364,1.8979,0.6657,1.5493,0.000,-1.117,-122.397,0,1,121,167,107,121
1778698768.007529,2,0.980230,0.993108,0.973474,1.1201,-0.1108,1.2194,0.000,2.099,-173.107,0,1,377,250,97,111
1778698768.007529,0,0.980208,0.994185,0.974508,1.8979,0.6657,1.5493,0.000,-1.117,-122.397,0,1,375,248,100,111
1778698768.007529,2,0.792817,0.939068,0.744509,1.1201,-0.1108,1.2194,0.000,2.099,-173.107,0,1,118,165,107,124
1778698768.107637,2,0.795524,0.939068,0.747051,1.9043,0.6656,1.5625,-0.000,-1.565,-124.235,0,1,109,165,110,118
1778698768.107637,0,0.975090,0.994185,0.969420,1.9646,-0.1828,1.2907,0.000,2.033,-171.970,0,1,366,246,98,115
1778698768.107637,2,0.808202,0.932765,0.753863,1.9043,0.6656,1.5625,-0.000,-1.565,-124.235,0,1,106,164,110,121
1778698768.107637,0,0.979651,0.996203,0.975931,1.9646,-0.1828,1.2907,0.000,2.033,-171.970,0,1,363,247,97,111
1778698768.274483,2,0.800211,0.932765,0.746409,1.9154,0.6719,1.5658,0.000,-1.479,-124.627,0,1,103,163,110,121
1778698768.274483,0,0.978876,0.996203,0.975159,1.1155,-0.1120,1.2267,-0.000,1.060,-173.123,0,1,361,245,98,113
1778698768.341218,0,0.979188,0.997708,0.976943,1.1055,-0.0970,1.2296,0.000,0.505,-172.690,0,0,352,245,98,115
1778698768.341218,2,0.783543,0.925516,0.725182,1.9183,0.7048,1.5723,0.000,-1.107,-121.966,0,0,93,162,110,124
1778698768.341218,4,0.947995,0.895947,0.849353,1.1250,-0.5533,1.2985,0.000,-9.638,160.814,0,0,596,209,87,117
1778698768.341218,0,0.781713,0.925516,0.723488,1.9202,0.6997,1.5723,0.000,-0.955,-121.880,0,0,89,161,112,125
1778698768.341218,2,0.982744,0.997708,0.980492,1.1053,-0.0998,1.2296,-0.000,1.243,-173.691,0,0,349,244,98,114
1778698768.341218,4,0.955456,0.895947,0.856038,1.1235,-0.5562,1.2985,0.000,-9.428,156.360,0,0,595,209,90,117
1778698768.441322,2,0.796180,0.923166,0.735006,1.0341,0.3563,1.3687,-0.000,-0.337,-122.752,0,0,85,162,113,124
1778698768.441322,0,0.984961,0.998065,0.983055,1.0921,-0.0935,1.2303,0.000,1.421,-174.117,0,0,347,244,98,115
1778698768.441322,4,0.960409,0.896569,0.861073,1.1235,-0.5543,1.2985,-0.000,-8.639,154.604,0,0,593,209,93,117
1778698768.508056,2,0.986240,0.998270,0.984533,1.0892,-0.0898,1.2301,-0.000,1.598,-174.313,0,0,344,246,98,110
1778698768.508056,0,0.800804,0.921150,0.737661,1.0343,0.3632,1.3670,0.000,-1.130,-123.150,0,0,82,161,113,125
1778698768.508056,4,0.958574,0.897810,0.860617,1.1235,-0.5506,1.2985,-0.000,-8.967,155.239,0,0,591,210,97,117
1778698768.641501,0,0.988233,0.999244,0.987485,1.0832,-0.0681,1.2296,0.000,1.293,-174.006,0,0,335,244,97,111
1778698768.641501,2,0.802325,0.914260,0.733534,0.9644,0.3538,1.3524,0.000,-0.459,-121.994,0,0,73,161,114,126
1778698768.641501,4,0.963771,0.902182,0.869496,1.1237,-0.5376,1.2966,0.000,-7.920,155.982,0,0,586,210,104,117
1778698768.708239,0,0.985559,0.999419,0.984986,1.0832,-0.0627,1.2296,0.000,1.505,-172.592,0,0,332,244,97,111
1778698768.708239,2,0.806578,0.911806,0.735442,0.9573,0.3571,1.3523,0.000,-0.826,-122.254,0,0,69,160,115,126
1778698768.708239,4,0.982654,0.904566,0.888876,1.1206,-0.5287,1.2980,0.000,-2.948,152.782,0,0,582,209,104,121
1778698768.774978,0,0.814768,0.910084,0.741507,0.9554,0.3610,1.3519,0.000,-1.592,-123.182,0,0,66,160,115,125
1778698768.774978,2,0.985861,0.999591,0.985457,1.0770,-0.0572,1.2308,0.000,0.909,-172.691,0,0,329,243,97,114
1778698768.774978,4,0.981388,0.906930,0.890051,1.1144,-0.5185,1.2990,0.000,-3.154,157.249,0,0,578,208,105,117
1778698768.774978,2,0.810691,0.908351,0.736392,0.9554,0.3610,1.3519,0.000,-1.592,-123.182,0,0,63,160,115,125
1778698768.774978,0,0.986744,0.999649,0.986398,1.0770,-0.0572,1.2308,0.000,0.909,-172.691,0,0,327,244,98,114
1778698768.774978,4,0.951814,0.907656,0.863920,1.1144,-0.5185,1.2990,0.000,-3.154,157.249,0,0,577,210,110,111
1778698768.941833,2,0.766915,0.903331,0.692778,0.9433,0.3729,1.3522,0.000,-2.070,-117.606,0,0,55,158,110,130
1778698768.941833,0,0.983689,0.999882,0.983573,1.0770,-0.0395,1.2308,0.000,0.742,-170.972,0,0,319,243,98,114
1778698768.941833,4,0.965434,0.913749,0.882164,1.1280,-0.5039,1.2935,0.000,-7.675,154.592,0,0,567,212,105,111
1778698768.941833,0,0.983135,0.999882,0.983020,0.9433,0.3729,1.3522,0.000,-2.070,-117.606,0,0,317,243,98,115
1778698768.941833,2,0.774508,0.903331,0.699637,1.0770,-0.0395,1.2308,0.000,0.742,-170.972,0,0,54,158,108,132
1778698768.941833,4,0.948633,0.913749,0.866812,1.1280,-0.5039,1.2935,0.000,-7.675,154.592,0,0,564,213,107,109
1778698769.108689,0,0.982492,0.999889,0.982383,1.0802,-0.0324,1.2293,0.000,0.569,-170.192,0,0,315,244,98,114
1778698769.108689,2,0.777577,0.902153,0.701493,0.9413,0.3751,1.3517,0.000,-1.726,-118.331,0,0,53,158,107,130
1778698769.108689,4,0.961072,0.916108,0.880446,1.1409,-0.5021,1.2953,0.000,-8.646,156.337,0,0,563,212,106,111
1778698769.175428,0,0.984152,0.999879,0.984034,1.0832,-0.0271,1.2296,0.000,0.016,-170.742,0,0,312,244,98,115
1778698769.175428,2,0.792681,0.900970,0.714182,0.9413,0.3782,1.3517,0.000,-0.137,-119.040,0,0,51,158,102,130
1778698769.175428,4,0.951196,0.918447,0.873623,1.1479,-0.4975,1.2963,-0.000,-10.502,155.131,0,0,559,212,104,109
1778698769.242164,0,0.983907,0.999904,0.983813,1.0800,-0.0271,1.2311,0.000,0.483,-170.464,0,0,312,243,98,115
1778698769.242164,2,0.797230,0.900795,0.718140,0.9392,0.3773,1.3528,-0.000,0.351,-119.340,0,0,51,157,102,132
1778698769.242164,4,0.956506,0.918447,0.878500,1.1479,-0.4975,1.2963,0.000,-9.421,154.525,0,0,559,212,104,110
1778698769.308903,0,0.985714,0.999904,0.985619,1.0800,-0.0271,1.2311,0.000,0.664,-171.040,0,0,312,243,98,117
1778698769.308903,2,0.817311,0.900795,0.736230,0.9392,0.3773,1.3528,0.000,0.206,-121.481,0,0,51,157,102,132
1778698769.308903,4,0.950195,0.918447,0.872704,1.1449,-0.4962,1.2959,0.000,-10.702,155.337,0,0,559,212,104,107
1778698769.308903,0,0.985019,0.999904,0.984924,1.0800,-0.0271,1.2311,0.000,0.664,-171.040,0,0,312,244,98,114
1778698769.308903,2,0.841910,0.900795,0.758388,0.9392,0.3773,1.3528,0.000,0.206,-121.481,0,0,50,155,101,133
1778698769.308903,4,0.951414,0.918447,0.873823,1.1449,-0.4962,1.2959,0.000,-10.702,155.337,0,0,558,212,105,110
1778698769.308903,0,0.985098,0.999879,0.984979,1.0800,-0.0271,1.2311,-0.000,0.973,-170.637,0,0,312,244,98,115
1778698769.308903,2,0.958103,0.919029,0.880524,0.9392,0.3773,1.3528,-0.000,0.538,-124.069,0,0,558,212,104,109
1778698769.308903,4,0.852931,0.899846,0.767506,1.1449,-0.4962,1.2959,0.000,-10.437,154.869,0,0,50,154,101,133
1778698769.542487,0,0.985029,0.999879,0.984910,1.0832,-0.0271,1.2296,0.000,1.235,-170.490,0,0,312,244,98,114
1778698769.542487,4,0.954563,0.919029,0.877271,1.1479,-0.4956,1.2963,0.000,-9.826,154.870,0,0,558,212,105,109
1778698769.542487,2,0.860978,0.899846,0.774747,0.9389,0.3789,1.3559,0.000,-0.692,-126.889,0,0,50,155,100,133
1778698769.542487,0,0.985188,0.999879,0.985069,1.0832,-0.0271,1.2296,0.000,1.235,-170.490,0,0,312,244,98,115
1778698769.542487,4,0.957574,0.918447,0.879482,1.1479,-0.4956,1.2963,0.000,-9.826,154.870,0,0,559,212,104,110
1778698769.542487,2,0.910201,0.899072,0.818336,0.9389,0.3789,1.3559,0.000,-0.692,-126.889,0,0,49,154,99,133
1778698769.675979,0,0.985031,0.999879,0.984912,1.0802,-0.0271,1.2293,0.000,1.147,-170.526,0,0,312,244,98,114
1778698769.675979,4,0.952350,0.918447,0.874683,1.1449,-0.4962,1.2959,0.000,-10.281,155.077,0,0,559,212,104,110
1778698769.675979,2,0.922888,0.899072,0.829742,0.9387,0.3804,1.3575,0.000,0.661,-135.166,0,0,49,154,99,133
1778698769.742718,0,0.984932,0.999879,0.984813,1.0832,-0.0271,1.2296,-0.000,0.972,-170.564,0,0,312,244,98,114
1778698769.742718,4,0.953082,0.918447,0.875356,1.1479,-0.4975,1.2963,0.000,-10.136,155.012,0,0,559,212,104,110
1778698769.742718,2,0.923242,0.899664,0.830607,0.9387,0.3789,1.3575,0.000,0.521,-135.408,0,0,50,154,100,133
1778698769.742718,0,0.983989,0.999879,0.983870,1.0832,-0.0271,1.2296,0.000,0.852,-170.280,0,0,312,244,98,115
1778698769.742718,4,0.950118,0.918447,0.872634,1.1479,-0.4975,1.2963,-0.000,-10.749,155.950,0,0,558,212,104,107
1778698769.742718,2,0.952035,0.899664,0.856512,0.9387,0.3789,1.3575,-0.000,1.032,-140.985,0,0,49,153,98,135
1778698769.742718,0,0.984073,0.999879,0.983954,1.0832,-0.0271,1.2296,0.000,0.852,-170.280,0,0,312,244,98,114
1778698769.742718,4,0.951209,0.918972,0.874134,1.1479,-0.4975,1.2963,-0.000,-10.749,155.950,0,0,558,211,104,109
1778698769.742718,2,0.950606,0.898888,0.854489,0.9387,0.3789,1.3575,-0.000,1.032,-140.985,0,0,49,153,98,135
1778698769.909564,0,0.982627,0.999879,0.982508,1.0802,-0.0271,1.2293,0.000,0.461,-169.984,0,0,312,244,98,115
1778698769.909564,4,0.955300,0.918972,0.877893,1.1477,-0.4956,1.2982,0.000,-9.638,155.399,0,0,558,212,103,109
1778698769.909564,2,0.957782,0.898888,0.860939,0.9406,0.3814,1.3595,-0.000,0.962,-142.548,0,0,49,153,98,135
1778698770.076410,0,0.984481,0.999879,0.984362,1.0802,-0.0271,1.2293,0.000,1.032,-170.377,0,0,312,244,98,115
1778698770.076410,4,0.953597,0.918447,0.875828,1.1449,-0.4962,1.2959,0.000,-10.065,155.340,0,0,559,212,104,110
1778698770.076410,2,0.960568,0.898295,0.862873,0.9356,0.3806,1.3583,-0.000,0.299,-144.015,0,0,48,153,97,133
1778698770.143136,0,0.985122,0.999879,0.985003,1.0802,-0.0271,1.2293,-0.000,0.945,-170.644,0,0,312,244,98,115
1778698770.143136,4,0.956920,0.919029,0.879437,1.1479,-0.4956,1.2963,0.000,-9.443,155.904,0,0,558,212,104,107
1778698770.143136,2,0.960421,0.898295,0.862742,0.9386,0.3820,1.3590,-0.000,0.510,-143.721,0,0,48,153,96,135
1778698770.143136,0,0.983755,0.999879,0.983637,1.0802,-0.0271,1.2293,-0.000,0.858,-170.196,0,0,312,244,98,114
1778698770.143136,4,0.953439,0.919029,0.876238,1.1479,-0.4956,1.2963,0.000,-10.111,155.762,0,0,558,212,105,109
1778698770.143136,2,0.963501,0.898295,0.865508,0.9386,0.3820,1.3590,0.000,0.491,-144.756,0,0,49,154,98,133
1778698770.309964,0,0.984347,0.999879,0.984228,1.0802,-0.0271,1.2293,0.000,0.888,-170.390,0,0,312,244,98,115
1778698770.309964,4,0.953445,0.919029,0.876243,1.1479,-0.4956,1.2963,0.000,-10.112,155.800,0,0,558,212,104,109
1778698770.309964,2,0.963642,0.898478,0.865811,0.9387,0.3820,1.3575,0.000,0.521,-144.661,0,0,48,154,96,132
1778698770.376685,0,0.982526,0.999879,0.982407,1.0802,-0.0271,1.2293,-0.000,0.671,-169.857,0,0,312,244,98,115
1778698770.376685,4,0.958990,0.919084,0.881392,1.1481,-0.4956,1.2944,0.000,-9.097,155.499,0,0,558,213,105,110
1778698770.376685,2,0.962612,0.898295,0.864710,0.9386,0.3820,1.3590,0.000,0.384,-144.587,0,0,48,153,96,133
1778698770.376685,0,0.982263,0.999879,0.982144,1.0802,-0.0271,1.2293,0.000,0.972,-169.647,0,0,312,244,98,114
1778698770.376685,4,0.962679,0.919084,0.884783,1.1481,-0.4956,1.2944,-0.000,-8.375,156.393,0,0,558,212,105,109
1778698770.376685,2,0.962654,0.898295,0.864748,0.9386,0.3820,1.3590,0.000,0.247,-144.776,0,0,48,153,96,133
1778698770.543531,0,0.983584,0.999879,0.983465,1.0802,-0.0271,1.2293,0.000,0.827,-170.150,0,0,312,244,98,115
1778698770.543531,4,0.955832,0.919029,0.878437,1.1479,-0.4956,1.2963,0.000,-9.632,155.476,0,0,558,212,104,110
1778698770.543531,2,0.961566,0.898295,0.863770,0.9386,0.3820,1.3590,0.000,0.373,-144.251,0,0,48,153,97,133
1778698770.610266,0,0.983400,0.999879,0.983282,1.0802,-0.0271,1.2293,-0.000,0.713,-170.136,0,0,312,244,98,115
1778698770.610266,4,0.951416,0.919029,0.874379,1.1479,-0.4956,1.2963,0.000,-10.513,156.362,0,0,558,212,105,109
1778698770.610266,2,0.959325,0.898295,0.861757,0.9386,0.3820,1.3590,0.000,-0.100,-144.101,0,0,48,153,96,133
1778698770.710363,0,0.983935,0.999879,0.983817,1.0802,-0.0271,1.2293,0.000,0.900,-170.241,0,0,312,244,98,114
1778698770.710363,4,0.952361,0.919029,0.875247,1.1479,-0.4956,1.2963,0.000,-10.333,156.202,0,0,558,212,105,110
1778698770.710363,2,0.962942,0.898478,0.865182,0.9387,0.3820,1.3575,0.000,0.543,-144.396,0,0,48,154,96,132
1778698770.777075,0,0.983543,0.999879,0.983424,1.0772,-0.0271,1.2291,0.000,0.819,-170.139,0,0,312,244,98,115
1778698770.777075,4,0.957648,0.919029,0.880107,1.1479,-0.4956,1.2963,0.000,-9.295,155.826,0,0,558,212,105,110
1778698770.777075,2,0.963546,0.898478,0.865725,0.9358,0.3806,1.3567,0.000,0.472,-144.688,0,0,48,154,96,133
1778698770.777075,0,0.983920,0.999879,0.983801,1.0772,-0.0271,1.2291,0.000,0.819,-170.139,0,0,312,244,98,115
1778698770.777075,4,0.953623,0.919029,0.876407,1.1479,-0.4956,1.2963,0.000,-9.295,155.826,0,0,558,212,105,110
1778698770.777075,2,0.964351,0.898295,0.866271,0.9358,0.3806,1.3567,0.000,0.472,-144.688,0,0,48,153,96,133
1778698770.843813,0,0.985125,0.999879,0.985007,1.0772,-0.0271,1.2291,0.000,1.555,-169.986,0,0,312,244,98,115
1778698770.843813,4,0.962578,0.919029,0.884637,1.1479,-0.4956,1.2963,0.000,-10.046,155.300,0,0,558,211,103,113
1778698770.843813,2,0.966245,0.898295,0.867973,0.9356,0.3806,1.3583,0.000,0.568,-144.955,0,0,47,154,95,132
1778698770.843813,0,0.984443,0.999879,0.984325,1.0772,-0.0271,1.2291,-0.000,1.495,-170.425,0,0,312,244,98,115
1778698770.843813,4,0.954500,0.918972,0.877158,1.1479,-0.4956,1.2963,-0.000,-8.189,154.768,0,0,558,212,104,111
1778698770.843813,2,0.966413,0.897883,0.867726,0.9356,0.3806,1.3583,0.000,0.947,-145.144,0,0,47,154,95,132
1778698771.077428,0,0.984007,0.999852,0.983861,1.0774,-0.0271,1.2273,0.000,1.263,-170.084,0,0,312,245,98,114
1778698771.077428,4,0.955861,0.919029,0.878464,1.1479,-0.4956,1.2963,-0.000,-9.593,155.066,0,0,558,212,105,110
1778698771.077428,2,0.966131,0.897883,0.867473,0.9358,0.3821,1.3567,-0.000,0.799,-145.090,0,0,47,154,95,132
1778698771.077428,0,0.982087,0.999879,0.981968,1.0774,-0.0271,1.2273,0.000,1.263,-170.084,0,0,312,244,98,115
1778698771.077428,4,0.953446,0.919029,0.876245,1.1479,-0.4956,1.2963,-0.000,-9.593,155.066,0,0,558,212,104,110
1778698771.077428,2,0.965775,0.897883,0.867153,0.9358,0.3821,1.3567,-0.000,0.799,-145.090,0,0,47,154,95,132
1778698771.210918,0,0.983604,0.999879,0.983486,1.0772,-0.0271,1.2291,0.000,0.943,-170.109,0,0,312,244,97,115
1778698771.210918,4,0.955340,0.919029,0.877985,1.1479,-0.4956,1.2963,0.000,-9.756,155.970,0,0,558,212,104,109
1778698771.210918,2,0.959535,0.898478,0.862121,0.9407,0.3829,1.3579,0.000,-0.596,-144.707,0,0,48,154,96,132
1778698771.277656,0,0.984055,0.999852,0.983910,1.0774,-0.0271,1.2273,0.000,0.926,-170.231,0,0,312,245,97,114
1778698771.277656,4,0.956760,0.919029,0.879290,1.1479,-0.4956,1.2963,-0.000,-9.422,155.133,0,0,558,212,104,111
1778698771.277656,2,0.962857,0.898478,0.865105,0.9358,0.3806,1.3567,0.000,-0.828,-146.299,0,0,48,154,96,132
1778698771.277656,0,0.982967,0.999852,0.982821,1.0774,-0.0271,1.2273,0.000,1.214,-169.752,0,0,312,244,97,115
1778698771.277656,4,0.959251,0.919029,0.881580,1.1479,-0.4956,1.2963,-0.000,-8.863,154.602,0,0,559,212,104,110
1778698771.277656,2,0.962363,0.898478,0.864662,0.9358,0.3806,1.3567,0.000,0.344,-144.447,0,0,48,153,96,133
1778698771.277656,0,0.982560,0.999852,0.982414,1.0774,-0.0271,1.2273,0.000,1.214,-169.752,0,0,312,245,97,115
1778698771.277656,4,0.957064,0.919029,0.879569,1.1479,-0.4956,1.2963,-0.000,-8.863,154.602,0,0,558,212,104,107
1778698771.277656,2,0.965818,0.898063,0.867366,0.9358,0.3806,1.3567,0.000,0.344,-144.447,0,0,47,155,95,130
1778698771.444456,0,0.982488,0.999858,0.982348,1.0774,-0.0271,1.2273,-0.000,1.175,-169.632,0,0,313,245,98,115
1778698771.444456,4,0.954050,0.919029,0.876799,1.1479,-0.4956,1.2963,0.000,-9.391,155.493,0,0,558,212,105,110
1778698771.444456,2,0.963424,0.898478,0.865615,0.9409,0.3845,1.3564,0.000,0.797,-144.874,0,0,48,154,96,132
1778698771.511185,0,0.982950,0.999858,0.982810,1.0774,-0.0289,1.2273,0.000,1.259,-169.679,0,0,313,245,98,115
1778698771.511185,4,0.956649,0.919029,0.879188,1.1479,-0.4956,1.2963,0.000,-9.976,155.458,0,0,558,212,105,110
1778698771.511185,2,0.962112,0.898478,0.864436,0.9387,0.3820,1.3575,0.000,0.395,-144.744,0,0,48,153,96,133
1778698771.678057,0,0.980561,0.999858,0.980422,1.0744,-0.0289,1.2271,0.000,1.257,-169.071,0,0,313,245,98,115
1778698771.678057,4,0.955120,0.919029,0.877783,1.1479,-0.4956,1.2963,0.000,-9.758,155.311,0,0,558,212,105,110
1778698771.678057,2,0.957987,0.898295,0.860555,0.9386,0.3820,1.3590,0.000,0.605,-142.882,0,0,48,153,96,133
1778698771.678057,0,0.981970,0.999858,0.981830,1.0744,-0.0289,1.2271,0.000,1.257,-169.071,0,0,313,245,98,115
1778698771.678057,4,0.950954,0.919029,0.873954,1.1479,-0.4956,1.2963,0.000,-9.758,155.311,0,0,558,212,104,107
1778698771.678057,2,0.961839,0.898295,0.864015,0.9386,0.3820,1.3590,0.000,0.605,-142.882,0,0,48,153,96,133
1778698771.811508,0,0.982390,0.999858,0.982250,1.0744,-0.0289,1.2271,0.000,1.437,-169.588,0,0,313,245,98,115
1778698771.811508,4,0.956243,0.919029,0.878815,1.1479,-0.4956,1.2963,0.000,-9.547,155.408,0,0,558,212,103,111
1778698771.811508,2,0.961960,0.898295,0.864124,0.9386,0.3820,1.3590,-0.000,0.740,-143.943,0,0,48,153,96,133
1778698771.811508,0,0.982560,0.999858,0.982420,1.0744,-0.0289,1.2271,0.000,1.067,-169.772,0,0,313,245,98,114
1778698771.811508,4,0.952688,0.919029,0.875547,1.1479,-0.4956,1.2963,-0.000,-10.274,156.344,0,0,558,212,104,109
1778698771.811508,2,0.964157,0.898295,0.866097,0.9386,0.3820,1.3590,0.000,1.141,-144.195,0,0,48,153,96,133
1778698771.911610,0,0.983459,0.999858,0.983319,1.0774,-0.0289,1.2273,-0.000,1.241,-170.007,0,0,313,245,98,114
1778698771.911610,4,0.954215,0.919029,0.876951,1.1479,-0.4956,1.2963,0.000,-9.972,155.953,0,0,558,212,104,109
1778698771.911610,2,0.959017,0.898295,0.861480,0.9386,0.3820,1.3590,0.000,0.916,-142.856,0,0,48,154,96,133
1778698771.978340,0,0.983406,0.999858,0.983267,1.0774,-0.0289,1.2273,-0.000,1.210,-170.001,0,0,313,245,98,114
1778698771.978340,4,0.956864,0.919029,0.879386,1.1479,-0.4956,1.2963,-0.000,-9.415,155.290,0,0,558,212,104,109
1778698771.978340,2,0.961259,0.898478,0.863670,0.9407,0.3829,1.3579,0.000,0.984,-143.363,0,0,47,154,95,132
1778698772.111826,0,0.984400,0.999858,0.984260,1.0744,-0.0289,1.2271,0.000,1.152,-170.363,0,0,313,245,98,115
1778698772.111826,4,0.952941,0.919029,0.875781,1.1449,-0.4943,1.2959,-0.000,-10.192,155.525,0,0,558,212,104,109
1778698772.111826,2,0.959358,0.898295,0.861786,0.9386,0.3820,1.3590,0.000,0.992,-142.876,0,0,48,153,96,133
1778698772.178571,0,0.983473,0.999858,0.983333,1.0774,-0.0289,1.2273,-0.000,0.893,-170.145,0,0,313,245,98,114
1778698772.178571,4,0.958259,0.919029,0.880668,1.1479,-0.4956,1.2963,0.000,-9.134,155.264,0,0,558,212,103,109
1778698772.178571,2,0.959897,0.897701,0.861700,0.9386,0.3835,1.3590,0.000,0.774,-143.173,0,0,47,153,95,133
1778698772.245311,0,0.982265,0.999858,0.982125,1.0774,-0.0289,1.2273,0.000,0.880,-169.746,0,0,313,245,100,114
1778698772.245311,4,0.953342,0.919029,0.876149,1.1479,-0.4956,1.2963,0.000,-10.153,156.846,0,0,558,212,104,109
1778698772.245311,2,0.959739,0.897701,0.861558,0.9386,0.3835,1.3590,-0.000,0.777,-143.123,0,0,47,153,95,133
1778698772.245311,0,0.984020,0.999858,0.983880,1.0774,-0.0289,1.2273,-0.000,1.113,-170.246,0,0,313,245,98,115
1778698772.245311,4,0.952530,0.919029,0.875403,1.1479,-0.4956,1.2963,0.000,-10.275,155.620,0,0,558,212,104,109
1778698772.245311,2,0.957303,0.897701,0.859372,0.9386,0.3835,1.3590,-0.000,0.841,-142.351,0,0,47,154,95,132
1778698772.412157,0,0.984340,0.999858,0.984200,1.0774,-0.0289,1.2273,-0.000,1.330,-170.275,0,0,313,245,100,115
1778698772.412157,4,0.953320,0.919029,0.876128,1.1479,-0.4956,1.2963,0.000,-10.154,156.299,0,0,558,212,104,109
1778698772.412157,2,0.957808,0.897701,0.859825,0.9386,0.3835,1.3590,-0.000,0.728,-142.610,0,0,47,153,95,133
1778698772.478894,0,0.985222,0.999827,0.985052,1.0776,-0.0289,1.2255,0.000,1.500,-170.490,0,0,313,246,98,114
1778698772.478894,4,0.953604,0.919029,0.876389,1.1479,-0.4956,1.2963,0.000,-10.087,155.909,0,0,558,212,104,109
1778698772.478894,2,0.956243,0.897701,0.858420,0.9386,0.3835,1.3590,0.000,0.527,-142.372,0,0,47,153,95,133
1778698772.545626,0,0.984731,0.999827,0.984561,1.0776,-0.0289,1.2255,-0.000,1.189,-170.427,0,0,313,246,100,114
1778698772.545626,4,0.950625,0.919084,0.873704,1.1451,-0.4943,1.2940,0.000,-10.752,156.394,0,0,558,213,104,110
1778698772.545626,2,0.953605,0.897701,0.856052,0.9386,0.3835,1.3590,-0.000,0.218,-141.960,0,0,47,153,95,133
1778698772.545626,0,0.983700,0.999827,0.983530,1.0776,-0.0289,1.2255,0.000,1.027,-170.132,0,0,312,245,98,113
1778698772.545626,4,0.954446,0.919084,0.877216,1.1451,-0.4943,1.2940,0.000,-10.031,156.325,0,0,558,212,104,109
1778698772.545626,2,0.952828,0.897701,0.855354,0.9386,0.3835,1.3590,-0.000,0.399,-141.571,0,0,47,154,95,133
1778698772.712472,0,0.985129,0.999852,0.984983,1.0774,-0.0271,1.2273,-0.000,1.412,-170.421,0,0,312,245,98,113
1778698772.712472,4,0.952306,0.919084,0.875249,1.1451,-0.4943,1.2940,-0.000,-10.370,155.089,0,0,558,213,103,110
1778698772.712472,2,0.953354,0.897701,0.855826,0.9406,0.3845,1.3595,-0.000,0.471,-141.641,0,0,47,153,95,133
1778698772.712472,0,0.985224,0.999852,0.985078,1.0774,-0.0271,1.2273,0.000,1.507,-170.421,0,0,312,245,98,113
1778698772.712472,4,0.951282,0.919084,0.874308,1.1451,-0.4943,1.2940,0.000,-10.601,155.625,0,0,558,213,104,110
1778698772.712472,2,0.953393,0.897701,0.855861,0.9406,0.3845,1.3595,0.000,0.411,-141.709,0,0,47,154,95,133
1778698772.879310,0,0.984370,0.999821,0.984194,1.0776,-0.0271,1.2255,0.000,1.364,-170.138,0,0,312,246,97,111
1778698772.879310,4,0.953303,0.919029,0.876113,1.1479,-0.4956,1.2963,0.000,-10.103,155.256,0,0,558,212,104,109
1778698772.879310,2,0.954509,0.897883,0.857038,0.9387,0.3835,1.3575,0.000,0.703,-141.644,0,0,47,154,95,133
1778698772.946049,0,0.983274,0.999852,0.983128,1.0774,-0.0271,1.2273,-0.000,0.730,-170.043,0,0,312,245,98,115
1778698772.946049,4,0.949907,0.919664,0.873596,1.1451,-0.4924,1.2940,0.000,-10.882,156.739,0,0,557,213,105,107
1778698772.946049,2,0.954688,0.898063,0.857370,0.9409,0.3845,1.3564,0.000,1.003,-141.338,0,0,47,155,95,132
1778698772.946049,0,0.983213,0.999852,0.983067,1.0774,-0.0271,1.2273,-0.000,0.730,-170.043,0,0,312,246,98,114
1778698772.946049,4,0.956493,0.919664,0.879653,1.1451,-0.4924,1.2940,0.000,-10.882,156.739,0,0,558,212,104,107
1778698772.946049,2,0.953286,0.898063,0.856111,0.9409,0.3845,1.3564,0.000,1.003,-141.338,0,0,48,154,96,133
1778698773.112885,0,0.983387,0.999821,0.983211,1.0776,-0.0271,1.2255,0.000,1.365,-169.805,0,0,312,246,98,114
1778698773.112885,4,0.948714,0.919029,0.871895,1.1479,-0.4956,1.2963,-0.000,-11.012,156.565,0,0,558,213,104,107
1778698773.112885,2,0.960035,0.898478,0.862571,0.9387,0.3820,1.3575,0.000,1.166,-142.813,0,0,47,153,95,133
1778698773.179624,0,0.984644,0.999821,0.984467,1.0776,-0.0271,1.2255,0.000,1.560,-170.167,0,0,312,246,98,114
1778698773.179624,4,0.952934,0.919029,0.875774,1.1449,-0.4943,1.2959,0.000,-10.196,155.571,0,0,558,212,104,109
1778698773.179624,2,0.956712,0.897701,0.858841,0.9386,0.3835,1.3590,-0.000,0.679,-142.349,0,0,47,153,95,133
1778698773.246362,0,0.984425,0.999852,0.984279,1.0774,-0.0271,1.2273,0.000,1.429,-170.169,0,0,312,245,98,113
1778698773.246362,4,0.951051,0.919029,0.874044,1.1479,-0.4956,1.2963,-0.000,-10.553,155.631,0,0,558,212,104,109
1778698773.246362,2,0.957938,0.897701,0.859942,0.9386,0.3835,1.3590,-0.000,0.630,-142.749,0,0,47,153,95,133
1778698773.313087,0,0.984778,0.999821,0.984602,1.0776,-0.0271,1.2255,0.000,1.267,-170.315,0,0,312,246,98,114
1778698773.313087,4,0.948880,0.919029,0.872048,1.1479,-0.4956,1.2963,0.000,-10.923,155.211,0,0,558,212,104,110
1778698773.313087,2,0.959076,0.897883,0.861138,0.9358,0.3821,1.3567,0.000,1.143,-142.470,0,0,47,154,95,133
1778698773.379786,0,0.985541,0.999821,0.985364,1.0776,-0.0271,1.2255,0.000,1.865,-170.384,0,0,312,246,97,113
1778698773.379786,4,0.950948,0.919029,0.873949,1.1479,-0.4956,1.2963,-0.000,-10.548,155.278,0,0,558,212,104,109
1778698773.379786,2,0.957941,0.897883,0.860119,0.9319,0.3802,1.3558,-0.000,0.681,-142.610,0,0,47,154,94,133
1778698773.479863,0,0.984854,0.999852,0.984708,1.0774,-0.0271,1.2273,0.000,1.401,-170.328,0,0,312,245,98,113
1778698773.479863,4,0.951020,0.919084,0.874067,1.1481,-0.4956,1.2944,0.000,-10.667,155.963,0,0,558,213,104,107
1778698773.479863,2,0.959335,0.897701,0.861195,0.9209,0.3751,1.3546,0.000,0.770,-143.010,0,0,47,153,94,133
1778698773.479863,0,0.984126,0.999821,0.983950,1.0774,-0.0271,1.2273,0.000,1.401,-170.328,0,0,312,246,98,111
1778698773.479863,4,0.947085,0.919664,0.871001,1.1481,-0.4956,1.2944,0.000,-10.667,155.963,0,0,557,213,105,107
1778698773.479863,2,0.960534,0.897883,0.862447,0.9209,0.3751,1.3546,0.000,0.770,-143.010,0,0,47,154,94,133
1778698773.546601,0,0.983762,0.999821,0.983586,1.0776,-0.0271,1.2255,-0.000,1.456,-169.900,0,0,312,245,98,113
1778698773.546601,4,0.955765,0.919664,0.878983,1.1451,-0.4924,1.2940,0.000,-9.699,155.154,0,0,558,212,104,109
1778698773.546601,2,0.961265,0.897883,0.863104,0.9211,0.3751,1.3531,0.000,1.292,-142.955,0,0,47,154,94,133
1778698773.713451,0,0.979504,0.999852,0.979359,1.0774,-0.0271,1.2273,0.000,0.516,-168.914,0,0,311,245,97,113
1778698773.713451,4,0.951205,0.919029,0.874185,1.1479,-0.4956,1.2963,0.000,-10.533,155.796,0,0,558,212,105,107
1778698773.713451,2,0.958958,0.897883,0.861032,0.9250,0.3770,1.3541,0.000,0.822,-142.758,0,0,47,154,94,132
1778698773.780217,0,0.978894,0.999812,0.978710,1.0805,-0.0253,1.2258,-0.000,0.262,-168.690,0,0,311,246,97,110
1778698773.780217,4,0.949639,0.919029,0.872745,1.1479,-0.4956,1.2963,-0.000,-10.806,155.513,0,0,558,212,104,109
1778698773.780217,2,0.959360,0.897701,0.861218,0.9288,0.3788,1.3566,0.000,1.222,-142.555,0,0,47,153,94,133
1778698773.880310,0,0.974503,0.999812,0.974320,1.0776,-0.0253,1.2255,0.000,-0.220,-167.619,0,0,311,246,97,110
1778698773.880310,4,0.957488,0.919029,0.879959,1.1479,-0.4956,1.2963,0.000,-9.278,155.138,0,0,558,212,105,109
1778698773.880310,2,0.955840,0.897701,0.858058,0.9317,0.3802,1.3573,0.000,0.840,-141.948,0,0,47,153,94,133
1778698773.947035,0,0.934600,0.999904,0.934510,1.0770,-0.0271,1.2308,0.000,-2.128,-160.134,0,0,312,243,97,114
1778698773.947035,4,0.951775,0.919029,0.874709,1.1479,-0.4956,1.2963,-0.000,-10.414,155.574,0,0,558,212,105,107
1778698773.947035,2,0.949723,0.897701,0.852567,0.9317,0.3802,1.3573,0.000,0.514,-140.672,0,0,47,153,95,133
1778698774.013766,0,0.926977,0.999904,0.926888,1.0770,-0.0271,1.2308,-0.000,-1.430,-158.641,0,0,312,243,97,114
1778698774.013766,4,0.957027,0.919029,0.879535,1.1479,-0.4956,1.2963,0.000,-9.407,155.632,0,0,558,212,105,111
1778698774.013766,2,0.951413,0.897701,0.854084,0.9317,0.3802,1.3573,0.000,0.408,-141.196,0,0,47,153,95,133
1778698774.013766,0,0.915778,0.999904,0.915690,1.0770,-0.0271,1.2308,0.000,-1.371,-156.902,0,0,312,242,97,114
1778698774.013766,4,0.959179,0.919029,0.881513,1.1479,-0.4956,1.2963,0.000,-8.948,155.263,0,0,558,213,103,110
1778698774.013766,2,0.949827,0.897701,0.852660,0.9317,0.3802,1.3573,-0.000,0.507,-140.704,0,0,47,154,95,133
1778698774.113874,0,0.880396,0.999925,0.880330,1.0768,-0.0271,1.2326,0.000,-2.387,-152.407,0,0,313,241,96,115
1778698774.113874,4,0.957616,0.919084,0.880129,1.1451,-0.4943,1.2940,0.000,-9.382,155.627,0,0,558,212,104,109
1778698774.113874,2,0.929490,0.897883,0.834573,0.9319,0.3802,1.3558,0.000,-0.306,-136.879,0,0,48,154,96,133
1778698774.247347,0,0.870838,0.999950,0.870794,1.0767,-0.0289,1.2344,0.000,-2.773,-151.464,0,0,313,240,96,115
1778698774.247347,4,0.953313,0.918447,0.875567,1.1449,-0.4962,1.2959,-0.000,-10.086,154.947,0,0,559,212,104,111
1778698774.247347,2,0.916787,0.898478,0.823713,0.9338,0.3796,1.3562,0.000,0.001,-134.443,0,0,48,154,96,133
1778698774.314085,0,0.864102,0.999965,0.864072,1.0765,-0.0289,1.2361,0.000,-3.108,-150.778,0,0,313,240,96,114
1778698774.314085,4,0.957056,0.919029,0.879562,1.1479,-0.4956,1.2963,0.000,-9.412,155.804,0,0,558,212,104,109
1778698774.314085,2,0.909059,0.898659,0.816933,0.9320,0.3787,1.3542,0.000,0.373,-132.893,0,0,48,155,96,133
1778698774.414186,0,0.815927,0.999981,0.815911,1.0733,-0.0307,1.2376,0.000,-4.634,-146.027,0,0,314,239,96,113
1778698774.414186,4,0.953983,0.918447,0.876183,1.1449,-0.4962,1.2959,0.000,-10.002,155.505,0,0,559,212,104,109
1778698774.414186,2,0.840293,0.899253,0.755636,0.9340,0.3781,1.3547,-0.000,-1.339,-124.607,0,0,49,155,98,133
1778698774.414186,0,0.810050,0.999981,0.810035,1.0733,-0.0307,1.2376,0.000,-4.634,-146.027,0,0,314,239,97,114
1778698774.414186,4,0.953594,0.919029,0.876380,1.1449,-0.4962,1.2959,0.000,-10.002,155.505,0,0,558,212,104,109
1778698774.414186,2,0.833245,0.899253,0.749298,0.9340,0.3781,1.3547,-0.000,-1.339,-124.607,0,0,49,155,98,133
1778698774.547658,0,0.789241,0.999990,0.789233,1.0761,-0.0307,1.2396,-0.000,-4.898,-143.456,0,0,314,238,95,113
1778698774.547658,4,0.950638,0.919029,0.873664,1.1479,-0.4956,1.2963,-0.000,-10.641,155.850,0,0,558,212,104,109
1778698774.547658,2,0.818072,0.899253,0.735653,0.9360,0.3790,1.3552,0.000,-1.073,-121.976,0,0,49,155,98,133
1778698774.614385,0,0.734857,0.999981,0.734843,1.0733,-0.0324,1.2376,0.000,-4.387,-138.420,0,0,315,239,96,113
1778698774.614385,4,0.950926,0.919029,0.873929,1.1479,-0.4956,1.2963,0.000,-10.549,155.245,0,0,558,212,103,109
1778698774.614385,2,0.788186,0.899253,0.708778,0.9340,0.3781,1.3547,0.000,-0.734,-118.719,0,0,49,155,99,133
1778698774.614385,0,0.730498,0.999981,0.730484,1.0733,-0.0324,1.2376,0.000,-4.387,-138.420,0,0,315,239,95,113
1778698774.614385,4,0.951770,0.919029,0.874704,1.1479,-0.4956,1.2963,0.000,-10.549,155.245,0,0,558,212,104,109
1778698774.614385,2,0.786466,0.899253,0.707232,0.9340,0.3781,1.3547,0.000,-0.734,-118.719,0,0,49,155,99,133
1778698774.781251,0,0.725197,0.999981,0.725183,1.0763,-0.0324,1.2379,0.000,-4.482,-137.608,0,0,315,239,95,113
1778698774.781251,4,0.952746,0.919029,0.875601,1.1479,-0.4956,1.2963,0.000,-10.258,156.125,0,0,558,212,105,107
1778698774.781251,2,0.780346,0.900025,0.702331,0.9341,0.3766,1.3532,0.000,0.145,-117.676,0,0,50,156,100,132
1778698774.847989,0,0.739417,0.999981,0.739402,1.0763,-0.0307,1.2379,0.000,-4.519,-138.747,0,0,314,239,95,111
1778698774.847989,4,0.951174,0.919029,0.874157,1.1449,-0.4943,1.2959,-0.000,-10.521,155.488,0,0,558,212,104,109
1778698774.847989,2,0.765623,0.900025,0.689080,0.9361,0.3775,1.3536,0.000,-1.268,-116.784,0,0,50,156,100,132
1778698774.914709,0,0.747948,0.999981,0.747934,1.0763,-0.0324,1.2379,0.000,-5.837,-139.933,0,0,315,239,96,111
1778698774.914709,4,0.949177,0.918390,0.871715,1.1477,-0.4975,1.2982,-0.000,-10.807,155.493,0,0,559,211,104,109
1778698774.914709,2,0.763749,0.900202,0.687529,0.9363,0.3775,1.3521,0.000,-0.801,-116.406,0,0,50,157,100,132
1778698774.981447,0,0.747537,0.999981,0.747522,1.0763,-0.0324,1.2379,-0.000,-5.340,-139.767,0,0,314,239,97,110
1778698774.981447,4,0.953060,0.919029,0.875890,1.1479,-0.4956,1.2963,0.000,-10.188,155.856,0,0,558,212,104,109
1778698774.981447,2,0.754442,0.900025,0.679016,0.9341,0.3766,1.3532,0.000,-1.207,-115.706,0,0,50,156,101,133
1778698775.048205,0,0.754205,0.999981,0.754190,1.0763,-0.0324,1.2379,0.000,-5.790,-140.486,0,0,315,239,96,111
1778698775.048205,4,0.951481,0.919029,0.874438,1.1479,-0.4956,1.2963,0.000,-10.469,155.563,0,0,558,212,105,109
1778698775.048205,2,0.749187,0.900202,0.674419,0.9343,0.3766,1.3516,0.000,-0.685,-115.007,0,0,50,157,100,132
1778698775.114943,0,0.748735,0.999981,0.748721,1.0763,-0.0307,1.2379,-0.000,-5.391,-139.786,0,0,314,239,96,111
1778698775.114943,4,0.945609,0.919029,0.869042,1.1479,-0.4956,1.2963,0.000,-11.514,155.267,0,0,558,212,105,110
1778698775.114943,2,0.743656,0.900202,0.669440,0.9343,0.3766,1.3516,0.000,-1.464,-114.783,0,0,50,157,100,132
1778698775.114943,0,0.746790,0.999981,0.746776,1.0763,-0.0307,1.2379,-0.000,-5.391,-139.786,0,0,314,239,95,111
1778698775.114943,4,0.954469,0.919029,0.877184,1.1479,-0.4956,1.2963,0.000,-11.514,155.267,0,0,558,213,103,110
1778698775.114943,2,0.752982,0.900202,0.677836,0.9343,0.3766,1.3516,0.000,-1.464,-114.783,0,0,50,157,100,132
1778698775.114943,0,0.750748,0.999981,0.750734,1.0763,-0.0307,1.2379,-0.000,-5.025,-139.520,0,0,315,239,96,111
1778698775.114943,4,0.945506,0.919084,0.868999,1.1479,-0.4956,1.2963,0.000,-9.918,155.834,0,0,557,212,103,107
1778698775.114943,2,0.744622,0.900202,0.670310,0.9343,0.3766,1.3516,-0.000,-1.072,-115.497,0,0,50,157,101,132
1778698775.348483,0,0.750210,0.999968,0.750186,1.0765,-0.0324,1.2361,0.000,-5.500,-140.021,0,0,315,240,96,110
1778698775.348483,4,0.949430,0.919084,0.872606,1.1451,-0.4943,1.2940,0.000,-10.948,155.722,0,0,558,213,104,110
1778698775.348483,2,0.750023,0.900202,0.675173,0.9323,0.3756,1.3512,0.000,-0.748,-115.106,0,0,50,157,100,132
1778698775.415224,0,0.743306,0.999968,0.743282,1.0765,-0.0324,1.2361,0.000,-4.199,-139.094,0,0,315,240,96,111
1778698775.415224,4,0.952506,0.919029,0.875381,1.1479,-0.4956,1.2963,0.000,-10.264,155.379,0,0,558,212,104,110
1778698775.415224,2,0.739890,0.900202,0.666050,0.9323,0.3756,1.3512,0.000,-1.282,-114.374,0,0,50,157,100,130
1778698775.415224,0,0.744610,0.999968,0.744587,1.0765,-0.0324,1.2361,-0.000,-3.795,-139.120,0,0,315,240,96,111
1778698775.415224,4,0.952337,0.919029,0.875225,1.1479,-0.4956,1.2963,-0.000,-10.282,155.207,0,0,558,212,104,109
1778698775.415224,2,0.741093,0.900202,0.667134,0.9323,0.3756,1.3512,0.000,-1.236,-114.466,0,0,50,157,100,132
1778698775.515329,0,0.746948,0.999968,0.746925,1.0765,-0.0324,1.2361,-0.000,-3.929,-139.355,0,0,315,240,96,111
1778698775.515329,4,0.954254,0.919029,0.876987,1.1449,-0.4943,1.2959,-0.000,-9.955,155.756,0,0,558,212,103,109
1778698775.515329,2,0.742431,0.900202,0.668338,0.9323,0.3756,1.3512,-0.000,-0.511,-114.330,0,0,50,157,101,132
1778698775.648796,0,0.745966,0.999968,0.745943,1.0765,-0.0324,1.2361,-0.000,-4.033,-139.291,0,0,315,240,96,111
1778698775.648796,4,0.950548,0.919029,0.873581,1.1479,-0.4956,1.2963,-0.000,-10.656,155.815,0,0,558,212,104,109
1778698775.648796,2,0.746036,0.900202,0.671583,0.9323,0.3756,1.3512,0.000,-0.718,-114.730,0,0,50,157,101,132
1778698775.648796,0,0.748749,0.999968,0.748725,1.0765,-0.0324,1.2361,0.000,-3.489,-139.419,0,0,315,240,95,113
1778698775.648796,4,0.950667,0.919029,0.873690,1.1479,-0.4956,1.2963,0.000,-10.653,156.435,0,0,558,212,104,109
1778698775.648796,2,0.748693,0.900202,0.673975,0.9323,0.3756,1.3512,0.000,-0.502,-114.897,0,0,50,157,101,132
1778698775.815619,0,0.754094,0.999968,0.754070,1.0765,-0.0324,1.2361,-0.000,-3.940,-139.994,0,0,315,240,95,111
1778698775.815619,4,0.952152,0.919029,0.875055,1.1479,-0.4956,1.2963,-0.000,-10.337,155.465,0,0,558,212,104,110
1778698775.815619,2,0.742173,0.900202,0.668106,0.9323,0.3756,1.3512,0.000,-0.400,-114.268,0,0,50,157,100,132
1778698775.815619,0,0.746372,0.999968,0.746348,1.0765,-0.0324,1.2361,-0.000,-3.853,-139.287,0,0,315,240,95,111
1778698775.815619,4,0.951028,0.919029,0.874022,1.1479,-0.4956,1.2963,0.000,-10.562,155.722,0,0,558,212,104,107
1778698775.815619,2,0.741913,0.900202,0.667872,0.9323,0.3756,1.3512,0.000,-0.803,-114.385,0,0,50,157,100,132
1778698775.982471,0,0.757552,0.999978,0.757535,1.0763,-0.0342,1.2379,-0.000,-4.259,-140.502,0,0,316,239,96,113
1778698775.982471,4,0.950697,0.919029,0.873718,1.1449,-0.4943,1.2959,0.000,-10.600,155.356,0,0,558,212,105,110
1778698775.982471,2,0.739871,0.900202,0.666033,0.9323,0.3756,1.3512,0.000,-1.609,-114.491,0,0,50,157,100,132
1778698775.982471,0,0.745991,0.999978,0.745974,1.0763,-0.0342,1.2379,0.000,-4.085,-139.428,0,0,316,240,96,113
1778698775.982471,4,0.951879,0.919029,0.874805,1.1449,-0.4943,1.2959,0.000,-10.425,156.300,0,0,558,212,104,109
1778698775.982471,2,0.752009,0.900202,0.676960,0.9323,0.3756,1.3512,-0.000,-0.512,-115.205,0,0,50,157,100,132
1778698776.149306,0,0.757712,0.999965,0.757686,1.0765,-0.0342,1.2361,0.000,-4.221,-140.485,0,0,316,240,96,111
1778698776.149306,4,0.951461,0.919029,0.874420,1.1449,-0.4943,1.2959,0.000,-10.455,155.315,0,0,558,212,104,109
1778698776.149306,2,0.736483,0.900202,0.662983,0.9323,0.3756,1.3512,0.000,-0.496,-113.789,0,0,50,157,100,132
1778698776.216030,0,0.752496,0.999981,0.752481,1.0763,-0.0324,1.2379,0.000,-3.820,-139.845,0,0,315,239,95,113
1778698776.216030,4,0.953159,0.918447,0.875426,1.1449,-0.4962,1.2959,0.000,-10.150,155.361,0,0,559,212,104,109
1778698776.216030,2,0.751793,0.900202,0.676765,0.9294,0.3742,1.3505,0.000,-0.284,-115.106,0,0,50,157,100,132
1778698776.216030,0,0.761160,0.999978,0.761143,1.0763,-0.0324,1.2379,0.000,-3.820,-139.845,0,0,316,239,96,113
1778698776.216030,4,0.954710,0.918447,0.876850,1.1449,-0.4962,1.2959,0.000,-10.150,155.361,0,0,559,212,104,109
1778698776.216030,2,0.750859,0.900202,0.675925,0.9294,0.3742,1.3505,0.000,-0.284,-115.106,0,0,50,157,100,132
1778698776.282783,0,0.756342,0.999978,0.756325,1.0763,-0.0342,1.2379,-0.000,-4.196,-140.378,0,0,316,239,96,113
1778698776.282783,4,0.947845,0.918447,0.870545,1.1449,-0.4962,1.2959,0.000,-11.142,155.508,0,0,558,212,105,109
1778698776.282783,2,0.757920,0.900202,0.682281,0.9323,0.3756,1.3512,0.000,-1.352,-116.062,0,0,50,157,100,132
1778698776.382891,0,0.751518,0.999978,0.751501,1.0763,-0.0342,1.2379,-0.000,-4.022,-139.905,0,0,315,240,95,111
1778698776.382891,4,0.954344,0.919029,0.877070,1.1479,-0.4956,1.2963,0.000,-9.938,155.753,0,0,559,212,104,107
1778698776.382891,2,0.757471,0.900202,0.681877,0.9323,0.3756,1.3512,-0.000,-1.169,-115.951,0,0,50,156,100,133
1778698776.382891,0,0.756932,0.999968,0.756908,1.0763,-0.0342,1.2379,-0.000,-4.022,-139.905,1,1,315,239,95,113
1778698776.382891,4,0.956208,0.918447,0.878227,1.1479,-0.4956,1.2963,0.000,-9.938,155.753,0,1,558,212,104,109
1778698776.382891,2,0.754772,0.900025,0.679314,0.9323,0.3756,1.3512,-0.000,-1.169,-115.951,0,1,49,156,99,132
1778698778.518470,0,0.757989,0.999938,0.757941,1.0735,-0.0395,1.2358,-0.000,-3.978,-140.756,0,1,319,240,96,113
1778698778.518470,2,0.761672,0.901386,0.686561,0.9323,0.3726,1.3512,0.000,-2.713,-117.133,0,1,52,157,104,129
1778698778.518470,4,0.961330,0.916695,0.881246,1.1409,-0.5002,1.2953,-0.000,-8.567,155.538,0,1,562,212,104,111
1778698778.585208,0,0.758527,0.999922,0.758468,1.0767,-0.0395,1.2344,0.000,-3.213,-140.617,0,1,319,241,96,111
1778698778.585208,2,0.759224,0.901386,0.684354,0.9323,0.3726,1.3512,-0.000,-2.247,-116.708,0,1,52,157,104,129
1778698778.585208,4,0.957180,0.916695,0.877442,1.1380,-0.4989,1.2949,-0.000,-9.429,156.284,0,1,562,212,104,111
1778698778.651953,0,0.756925,0.999922,0.756866,1.0767,-0.0395,1.2344,0.000,-3.327,-140.497,0,1,319,241,96,111
1778698778.651953,2,0.759513,0.900795,0.684165,0.9323,0.3741,1.3512,-0.000,-2.766,-116.861,0,1,51,157,103,129
1778698778.651953,4,0.959540,0.916695,0.879605,1.1449,-0.5019,1.2959,0.000,-8.932,155.475,0,1,562,212,104,110
1778698778.651953,0,0.760851,0.999922,0.760792,1.0767,-0.0395,1.2344,0.000,-3.524,-140.893,0,1,319,240,96,113
1778698778.651953,2,0.752156,0.900795,0.677538,0.9323,0.3741,1.3512,0.000,-2.584,-116.090,0,1,51,157,103,130
1778698778.651953,4,0.955242,0.916695,0.875665,1.1449,-0.5019,1.2959,0.000,-9.809,156.340,0,1,562,211,104,111
1778698778.818772,0,0.753708,0.999922,0.753649,1.0767,-0.0395,1.2344,0.000,-3.279,-140.199,0,1,319,241,96,111
1778698778.818772,2,0.752481,0.900795,0.677831,0.9323,0.3741,1.3512,0.000,-2.112,-115.932,0,1,51,157,103,130
1778698778.818772,4,0.957695,0.916695,0.877914,1.1409,-0.5002,1.2953,0.000,-9.319,155.827,0,1,562,212,104,110
1778698778.818772,0,0.758955,0.999922,0.758896,1.0767,-0.0395,1.2344,0.000,-3.279,-140.199,0,1,319,241,96,111
1778698778.818772,2,0.749053,0.900795,0.674743,0.9323,0.3741,1.3512,0.000,-2.112,-115.932,0,1,51,157,103,130
1778698778.818772,4,0.955982,0.916695,0.876343,1.1409,-0.5002,1.2953,0.000,-9.319,155.827,0,1,562,212,105,111
1778698778.985613,0,0.754041,0.999938,0.753994,1.0765,-0.0395,1.2361,-0.000,-3.914,-140.387,0,1,319,240,96,113
1778698778.985613,2,0.753277,0.900795,0.678547,0.9323,0.3741,1.3512,-0.000,-2.109,-116.005,0,1,51,157,103,130
1778698778.985613,4,0.958321,0.916695,0.878487,1.1380,-0.4989,1.2949,-0.000,-9.173,155.359,0,1,562,212,105,111
1778698779.052352,0,0.755813,0.999950,0.755775,1.0767,-0.0342,1.2344,-0.000,-3.320,-140.093,0,1,316,241,96,113
1778698779.052352,2,0.952420,0.918447,0.874747,1.1449,-0.4962,1.2959,0.000,-10.297,155.467,0,1,559,212,104,107
1778698779.052352,4,0.762149,0.899431,0.685501,0.9341,0.3781,1.3532,0.000,-1.619,-116.503,0,1,49,156,99,132
1778698779.052352,0,0.757978,0.999950,0.757940,1.0767,-0.0342,1.2344,-0.000,-3.320,-140.093,0,1,316,240,96,113
1778698779.052352,4,0.948068,0.918447,0.870750,1.1449,-0.4962,1.2959,0.000,-10.297,155.467,0,1,558,212,104,107
1778698779.052352,2,0.762650,0.899431,0.685951,0.9341,0.3781,1.3532,0.000,-1.619,-116.503,0,1,49,156,99,132
1778698779.152440,0,0.759557,0.999965,0.759531,1.0765,-0.0342,1.2361,-0.000,-4.515,-140.721,0,1,316,240,96,113
1778698779.152440,4,0.955750,0.919029,0.878362,1.1479,-0.4956,1.2963,0.000,-9.652,155.527,0,1,558,212,104,109
1778698779.152440,2,0.770744,0.899431,0.693231,0.9341,0.3781,1.3532,0.000,-1.222,-117.171,0,1,49,156,99,132
1778698779.285927,0,0.754434,0.999965,0.754408,1.0765,-0.0342,1.2361,0.000,-3.555,-140.040,0,1,316,241,94,113
1778698779.285927,4,0.951916,0.919029,0.874838,1.1479,-0.4956,1.2963,-0.000,-10.341,154.984,0,1,559,212,104,109
1778698779.285927,2,0.770773,0.899431,0.693258,0.9341,0.3781,1.3532,0.000,-1.676,-117.353,0,1,49,156,99,132
1778698779.352685,0,0.757474,0.999965,0.757448,1.0795,-0.0342,1.2364,0.000,-3.519,-140.305,0,1,316,240,95,113
1778698779.352685,4,0.953764,0.919029,0.876537,1.1449,-0.4943,1.2959,0.000,-10.060,155.996,0,1,558,212,104,107
1778698779.352685,2,0.772873,0.899431,0.695146,0.9361,0.3790,1.3536,0.000,-1.183,-117.362,0,1,49,156,99,132
1778698779.419425,0,0.756911,0.999965,0.756885,1.0795,-0.0342,1.2364,0.000,-3.871,-140.332,0,1,316,240,95,113
1778698779.419425,4,0.955211,0.919084,0.877919,1.1451,-0.4943,1.2940,0.000,-9.856,155.646,0,1,558,213,105,110
1778698779.419425,2,0.765773,0.899431,0.688760,0.9341,0.3781,1.3532,-0.000,-1.530,-116.814,0,1,49,156,99,132
1778698779.486137,0,0.754230,0.999950,0.754192,1.0826,-0.0342,1.2349,-0.000,-3.488,-139.987,0,1,316,241,95,114
1778698779.486137,4,0.948880,0.919029,0.872048,1.1449,-0.4943,1.2959,-0.000,-10.965,155.899,0,1,558,212,105,109
1778698779.486137,2,0.769808,0.899431,0.692390,0.9361,0.3790,1.3536,0.000,-1.261,-117.097,0,1,49,156,99,132
1778698779.486137,0,0.764185,0.999950,0.764147,1.0826,-0.0342,1.2349,0.000,-4.209,-141.048,0,1,316,240,95,111
1778698779.486137,4,0.951370,0.919029,0.874337,1.1449,-0.4943,1.2959,0.000,-10.451,155.068,0,1,558,212,105,109
1778698779.486137,2,0.756473,0.899431,0.680396,0.9361,0.3790,1.3536,-0.000,-1.717,-116.005,0,1,49,156,99,132
1778698779.486137,0,0.757084,0.999965,0.757057,1.0826,-0.0342,1.2349,0.000,-4.209,-141.048,0,1,316,240,95,113
1778698779.486137,4,0.949643,0.919029,0.872749,1.1449,-0.4943,1.2959,0.000,-10.451,155.068,0,1,558,212,105,109
1778698779.486137,2,0.772357,0.899431,0.694682,0.9361,0.3790,1.3536,-0.000,-1.717,-116.005,0,1,49,155,99,132
1778698779.719719,0,0.749228,0.999965,0.749202,1.0825,-0.0342,1.2367,-0.000,-4.006,-139.675,0,1,316,240,96,113
1778698779.719719,4,0.953170,0.919029,0.875991,1.1449,-0.4943,1.2959,0.000,-10.167,155.869,0,1,558,212,105,109
1778698779.719719,2,0.768193,0.899431,0.690937,0.9361,0.3790,1.3536,0.000,-1.498,-117.034,0,1,49,156,99,132
1778698779.786455,0,0.750489,0.999965,0.750463,1.0825,-0.0342,1.2367,0.000,-3.363,-139.648,0,1,316,240,95,111
1778698779.786455,4,0.950615,0.918447,0.873089,1.1409,-0.4945,1.2953,0.000,-10.621,155.279,0,1,559,212,104,109
1778698779.786455,2,0.771863,0.899431,0.694238,0.9361,0.3790,1.3536,0.000,-1.139,-117.248,0,1,49,156,99,132
1778698779.853194,0,0.750788,0.999965,0.750762,1.0825,-0.0342,1.2367,0.000,-3.993,-139.811,0,1,316,240,95,113
1778698779.853194,4,0.951774,0.919029,0.874708,1.1449,-0.4943,1.2959,0.000,-10.432,155.898,0,1,558,212,105,107
1778698779.853194,2,0.771870,0.899253,0.694106,0.9360,0.3790,1.3552,-0.000,-1.796,-117.535,0,1,49,155,99,133
1778698779.919919,0,0.754647,0.999965,0.754621,1.0795,-0.0342,1.2364,-0.000,-3.532,-140.054,0,1,316,240,95,113
1778698779.919919,4,0.952662,0.919029,0.875524,1.1409,-0.4926,1.2953,0.000,-10.180,154.782,0,1,558,212,105,110
1778698779.919919,2,0.771284,0.899253,0.693579,0.9340,0.3781,1.3547,0.000,-1.395,-117.317,0,1,49,155,99,133
1778698779.986658,0,0.748366,0.999965,0.748340,1.0795,-0.0342,1.2364,0.000,-3.801,-139.553,0,1,316,240,95,113
1778698779.986658,4,0.951993,0.919084,0.874961,1.1451,-0.4943,1.2940,0.000,-10.487,155.998,0,1,558,213,105,107
1778698779.986658,2,0.776388,0.899431,0.698308,0.9361,0.3790,1.3536,-0.000,-0.899,-117.594,0,1,49,156,99,130
1778698779.986658,0,0.754262,0.999965,0.754236,1.0795,-0.0342,1.2364,-0.000,-3.958,-140.114,0,1,316,240,97,111
1778698779.986658,4,0.954665,0.919084,0.877417,1.1451,-0.4943,1.2940,0.000,-9.934,155.260,0,1,559,212,104,109
1778698779.986658,2,0.770315,0.899431,0.692846,0.9361,0.3790,1.3536,0.000,-1.404,-117.201,0,1,49,155,99,133
1778698780.086709,0,0.749711,0.999965,0.749685,1.0795,-0.0342,1.2364,0.000,-3.161,-139.537,0,1,316,241,95,110
1778698780.086709,4,0.953103,0.918447,0.875375,1.1449,-0.4962,1.2959,0.000,-10.137,155.063,0,1,558,212,104,107
1778698780.086709,2,0.771199,0.899253,0.693503,0.9360,0.3790,1.3552,-0.000,-0.834,-117.090,0,1,49,155,99,133
1778698780.086709,0,0.747685,0.999950,0.747648,1.0795,-0.0342,1.2364,0.000,-3.161,-139.537,0,1,316,240,94,111
1778698780.086709,4,0.953168,0.919029,0.875989,1.1449,-0.4962,1.2959,0.000,-10.137,155.063,0,1,558,212,105,110
1778698780.086709,2,0.772162,0.899253,0.694369,0.9360,0.3790,1.3552,-0.000,-0.834,-117.090,0,1,49,156,99,130
1778698780.286925,0,0.756485,0.999981,0.756471,1.0793,-0.0324,1.2382,0.000,-4.215,-140.294,0,1,315,239,95,111
1778698780.286925,4,0.950168,0.919029,0.873232,1.1449,-0.4943,1.2959,0.000,-10.745,156.427,0,1,558,212,105,109
1778698780.286925,2,0.771687,0.899431,0.694080,0.9322,0.3772,1.3527,-0.000,-1.588,-117.407,0,1,49,156,99,130
1778698780.353663,0,0.752546,0.999990,0.752538,1.0761,-0.0324,1.2396,0.000,-4.633,-140.064,0,1,315,238,96,113
1778698780.353663,4,0.949184,0.919029,0.872327,1.1449,-0.4943,1.2959,0.000,-10.891,155.545,0,1,558,212,104,107
1778698780.353663,2,0.766554,0.899431,0.689463,0.9341,0.3781,1.3532,0.000,-1.547,-116.896,0,1,49,156,99,130
1778698780.353663,0,0.757354,0.999990,0.757346,1.0761,-0.0324,1.2396,0.000,-4.633,-140.064,0,1,315,238,96,113
1778698780.353663,4,0.950459,0.919029,0.873499,1.1449,-0.4943,1.2959,0.000,-10.891,155.545,0,1,558,212,104,109
1778698780.353663,2,0.771381,0.899431,0.693805,0.9341,0.3781,1.3532,0.000,-1.547,-116.896,0,1,49,156,99,132
1778698780.420402,0,0.761390,0.999990,0.761382,1.0761,-0.0324,1.2396,-0.000,-4.762,-140.530,0,0,315,238,96,113
1778698780.420402,4,0.945979,0.919029,0.869382,1.1449,-0.4943,1.2959,0.000,-10.681,156.023,0,0,558,212,105,107
1778698780.420402,2,0.771588,0.899431,0.693991,0.9341,0.3781,1.3532,0.000,-1.955,-117.525,0,0,49,155,99,133
1778698780.520508,0,0.762311,0.999990,0.762303,1.0761,-0.0324,1.2396,-0.000,-4.563,-140.932,0,0,314,238,95,111
1778698780.520508,4,0.952246,0.919029,0.875141,1.1449,-0.4943,1.2959,-0.000,-10.297,155.175,0,0,558,212,103,107
1778698780.520508,2,0.777340,0.899253,0.699025,0.9340,0.3781,1.3547,-0.000,-1.306,-117.872,0,0,49,156,99,130
1778698780.587245,0,0.759947,0.999990,0.759940,1.0732,-0.0307,1.2394,0.000,-4.684,-140.645,0,0,314,238,94,111
1778698780.587245,4,0.953005,0.919029,0.875839,1.1449,-0.4943,1.2959,0.000,-10.173,155.423,0,0,558,212,104,109
1778698780.587245,2,0.778316,0.899431,0.700042,0.9341,0.3781,1.3532,0.000,-1.926,-118.193,0,0,49,156,98,130
1778698780.754102,0,0.761701,0.999987,0.761691,1.0702,-0.0289,1.2391,0.000,-4.571,-140.676,0,0,313,238,95,111
1778698780.754102,4,0.955399,0.919084,0.878092,1.1451,-0.4943,1.2940,0.000,-9.814,155.555,0,0,558,213,105,107
1778698780.754102,2,0.775417,0.899253,0.697296,0.9360,0.3790,1.3552,0.000,-1.188,-117.637,0,0,49,155,99,132
1778698780.754102,0,0.766802,0.999987,0.766792,1.0702,-0.0289,1.2391,0.000,-4.625,-141.158,0,0,312,239,95,110
1778698780.754102,4,0.957192,0.919084,0.879740,1.1451,-0.4943,1.2940,-0.000,-9.462,155.553,0,0,558,213,104,107
1778698780.754102,2,0.771978,0.899253,0.694204,0.9360,0.3790,1.3552,0.000,-1.504,-117.428,0,0,49,156,98,130
1778698780.920951,0,0.774289,0.999972,0.774267,1.0703,-0.0271,1.2373,0.000,-4.760,-141.764,0,0,312,239,95,110
1778698780.920951,4,0.956862,0.919084,0.879436,1.1451,-0.4943,1.2940,0.000,-9.542,155.796,0,0,558,213,104,107
1778698780.920951,2,0.774943,0.899431,0.697008,0.9341,0.3781,1.3532,-0.000,-1.078,-117.523,0,0,49,156,98,130
1778698780.920951,0,0.769234,0.999972,0.769212,1.0703,-0.0271,1.2373,0.000,-4.760,-141.764,0,0,312,239,95,111
1778698780.920951,4,0.957778,0.919084,0.880279,1.1451,-0.4943,1.2940,0.000,-9.542,155.796,0,0,558,213,104,110
1778698780.920951,2,0.766729,0.899253,0.689483,0.9341,0.3781,1.3532,-0.000,-1.078,-117.523,0,0,49,155,99,133
1778698781.054426,0,0.764129,0.999950,0.764091,1.0705,-0.0254,1.2356,0.000,-3.334,-140.363,1,1,311,240,95,110
1778698781.054426,4,0.955704,0.919664,0.878927,1.1451,-0.4924,1.2940,-0.000,-9.769,157.571,0,1,557,213,105,109
1778698781.054426,2,0.770608,0.899431,0.693110,0.9341,0.3781,1.3532,0.000,-1.475,-117.258,0,1,49,156,98,130
1778698783.156566,0,0.757059,0.999972,0.757038,1.0823,-0.0360,1.2384,-0.000,-3.012,-140.281,0,1,317,240,95,110
1778698783.156566,2,0.758872,0.901028,0.683765,0.9340,0.3735,1.3547,-0.000,-2.764,-116.943,0,1,52,155,104,129
1778698783.156566,4,0.951362,0.914985,0.870482,1.1282,-0.5002,1.2916,-0.000,-10.620,157.159,0,1,565,213,106,113
1778698783.156566,0,0.762277,0.999962,0.762249,1.0823,-0.0360,1.2384,-0.000,-3.012,-140.281,0,1,318,239,96,111
1778698783.156566,2,0.756344,0.901208,0.681623,0.9340,0.3735,1.3547,-0.000,-2.764,-116.943,0,1,52,156,104,130
1778698783.156566,4,0.955036,0.914985,0.873843,1.1282,-0.5002,1.2916,-0.000,-10.620,157.159,0,1,565,213,105,111
1778698783.223302,0,0.763435,0.999962,0.763406,1.0853,-0.0378,1.2387,0.000,-3.818,-141.135,0,1,317,239,95,110
1778698783.223302,2,0.753572,0.901208,0.679125,0.9341,0.3735,1.3532,-0.000,-2.578,-116.335,0,1,51,155,103,132
1778698783.223302,4,0.949282,0.914985,0.868579,1.1282,-0.5002,1.2916,-0.000,-11.023,155.456,0,1,565,214,107,109
1778698783.390148,0,0.763144,0.999962,0.763115,1.0853,-0.0378,1.2387,-0.000,-3.680,-141.077,0,1,318,239,96,111
1778698783.390148,2,0.762576,0.900617,0.686789,0.9341,0.3750,1.3532,0.000,-2.592,-117.110,0,1,51,156,103,130
1778698783.390148,4,0.957341,0.914394,0.875388,1.1282,-0.5021,1.2916,0.000,-9.505,155.675,0,1,566,213,106,111
1778698783.456878,0,0.760102,0.999972,0.760080,1.0821,-0.0378,1.2402,0.000,-3.868,-140.866,0,1,318,238,96,111
1778698783.456878,2,0.760116,0.900437,0.684437,0.9360,0.3759,1.3552,-0.000,-2.872,-117.021,0,1,51,155,103,132
1778698783.456878,4,0.963993,0.914931,0.881986,1.1280,-0.5002,1.2935,-0.000,-7.984,154.804,0,1,565,212,105,111
1778698783.456878,0,0.762550,0.999972,0.762529,1.0821,-0.0378,1.2402,0.000,-3.868,-140.866,0,1,317,239,95,110
1778698783.456878,2,0.756727,0.900617,0.681522,0.9360,0.3759,1.3552,-0.000,-2.872,-117.021,0,1,51,156,103,130
1778698783.456878,4,0.956373,0.914985,0.875066,1.1280,-0.5002,1.2935,-0.000,-7.984,154.804,0,1,565,213,105,111
1778698783.523607,0,0.764456,0.999972,0.764434,1.0823,-0.0360,1.2384,0.000,-4.971,-141.409,0,1,317,237,96,113
1778698783.523607,2,0.766943,0.900617,0.690722,0.9322,0.3741,1.3527,0.000,-1.892,-117.243,0,1,51,156,103,130
1778698783.523607,4,0.960791,0.914985,0.879109,1.1312,-0.5015,1.2920,-0.000,-8.792,155.443,0,1,565,213,106,114
1778698783.623724,0,0.758212,0.999987,0.758202,1.0790,-0.0360,1.2417,0.000,-3.408,-140.511,0,1,313,237,96,109
1778698783.623724,4,0.952797,0.914985,0.871795,1.1243,-0.4984,1.2910,0.000,-10.361,155.223,0,1,559,212,104,111
1778698783.623724,2,0.778078,0.900617,0.700751,0.9341,0.3750,1.3532,0.000,-1.965,-118.360,0,1,49,154,98,132
1778698783.757201,0,0.760869,0.999981,0.760855,1.0791,-0.0271,1.2399,0.000,-3.476,-140.240,0,1,312,238,95,107
1778698783.757201,4,0.952681,0.918447,0.874987,1.1409,-0.4945,1.2953,0.000,-10.195,154.834,0,1,559,212,104,113
1778698783.757201,2,0.776196,0.898659,0.697535,0.9360,0.3806,1.3552,0.000,-2.663,-118.240,0,1,48,155,96,130
1778698783.823912,0,0.761263,0.999987,0.761253,1.0790,-0.0271,1.2417,0.000,-3.878,-140.391,0,1,312,237,95,107
1778698783.823912,4,0.957034,0.919029,0.879542,1.1449,-0.4943,1.2959,-0.000,-9.334,154.808,0,1,558,212,104,113
1778698783.823912,2,0.771260,0.898659,0.693099,0.9389,0.3820,1.3559,0.000,-2.061,-117.498,0,1,48,155,96,130
1778698783.823912,0,0.752010,0.999987,0.752001,1.0790,-0.0271,1.2417,0.000,-3.878,-140.391,0,1,314,238,95,106
1778698783.823912,4,0.956030,0.919029,0.878619,1.1449,-0.4943,1.2959,-0.000,-9.334,154.808,0,1,558,212,105,113
1778698783.823912,2,0.768273,0.898659,0.690415,0.9389,0.3820,1.3559,0.000,-2.061,-117.498,0,1,48,155,96,130
1778698783.823912,0,0.745869,0.999990,0.745862,1.0790,-0.0271,1.2417,0.000,-5.122,-139.861,0,1,314,238,95,107
1778698783.823912,4,0.955355,0.919029,0.877999,1.1449,-0.4943,1.2959,0.000,-9.589,155.420,0,1,558,212,105,113
1778698783.823912,2,0.776030,0.898659,0.697386,0.9389,0.3820,1.3559,0.000,-1.751,-117.082,0,1,48,155,96,130
1778698784.057492,0,0.729055,0.999987,0.729045,1.0761,-0.0342,1.2396,0.000,-4.516,-138.070,0,1,316,238,94,107
1778698784.057492,4,0.949613,0.919029,0.872721,1.1479,-0.4956,1.2963,0.000,-10.837,156.028,0,1,558,212,106,113
1778698784.057492,2,0.770978,0.898659,0.692846,0.9340,0.3796,1.3547,-0.000,-2.595,-117.696,0,1,48,155,96,130
1778698784.124231,0,0.680067,0.999972,0.680048,1.0761,-0.0377,1.2396,0.000,-3.479,-134.002,0,1,318,238,93,110
1778698784.124231,4,0.958619,0.918502,0.880494,1.1411,-0.4945,1.2934,0.000,-9.140,154.983,0,1,559,213,104,114
1778698784.124231,2,0.779133,0.898659,0.700175,0.9340,0.3796,1.3547,0.000,-1.968,-118.234,0,1,48,155,96,130
1778698784.124231,0,0.688412,0.999972,0.688393,1.0761,-0.0377,1.2396,0.000,-3.709,-134.715,0,1,319,237,93,113
1778698784.124231,4,0.961188,0.918502,0.882853,1.1411,-0.4945,1.2934,-0.000,-8.635,155.228,0,1,558,212,103,113
1778698784.124231,2,0.777485,0.898659,0.698694,0.9340,0.3796,1.3547,-0.000,-2.216,-118.175,0,1,48,155,96,130
1778698784.291081,0,0.673937,0.999959,0.673910,1.0761,-0.0395,1.2396,0.000,-4.252,-133.767,0,1,319,238,94,111
1778698784.291081,4,0.955936,0.919029,0.878533,1.1449,-0.4943,1.2959,-0.000,-9.639,155.960,0,1,558,212,104,113
1778698784.291081,2,0.780780,0.898063,0.701190,0.9340,0.3812,1.3547,-0.000,-2.289,-118.447,0,1,47,155,95,130
1778698784.291081,0,0.674550,0.999959,0.674523,1.0761,-0.0395,1.2396,0.000,-4.252,-133.767,0,1,319,238,93,111
1778698784.291081,4,0.949202,0.919029,0.872344,1.1449,-0.4943,1.2959,-0.000,-9.639,155.960,0,1,558,212,106,109
1778698784.291081,2,0.777175,0.898659,0.698415,0.9340,0.3812,1.3547,-0.000,-2.289,-118.447,0,1,48,155,96,130
1778698784.357819,0,0.671786,0.999959,0.671758,1.0791,-0.0395,1.2399,0.000,-4.873,-133.724,0,1,320,237,94,113
1778698784.357819,4,0.957012,0.919029,0.879522,1.1449,-0.4943,1.2959,-0.000,-9.335,154.775,0,1,558,213,105,110
1778698784.357819,2,0.775109,0.898659,0.696559,0.9340,0.3796,1.3547,-0.000,-1.948,-117.828,0,1,48,155,96,130
1778698784.524664,0,0.658747,0.999950,0.658714,1.0790,-0.0413,1.2417,0.000,-4.077,-132.659,0,1,319,238,93,111
1778698784.524664,4,0.953818,0.919084,0.876639,1.1451,-0.4943,1.2940,0.000,-10.139,155.936,0,1,558,212,105,109
1778698784.524664,2,0.773117,0.898659,0.694768,0.9340,0.3796,1.3547,0.000,-2.023,-117.664,0,1,48,155,96,130
1778698784.591402,0,0.668922,0.999962,0.668897,1.0793,-0.0378,1.2382,0.000,-4.465,-133.292,0,1,318,239,94,111
1778698784.591402,4,0.958537,0.919029,0.880923,1.1449,-0.4943,1.2959,0.000,-9.068,155.150,0,1,558,212,104,113
1778698784.591402,2,0.780300,0.898659,0.701224,0.9340,0.3796,1.3547,-0.000,-2.036,-118.378,0,1,48,155,96,130
1778698784.591402,0,0.677649,0.999972,0.677630,1.0793,-0.0378,1.2382,0.000,-4.465,-133.292,0,1,317,239,93,110
1778698784.591402,4,0.959961,0.919029,0.882232,1.1449,-0.4943,1.2959,0.000,-9.068,155.150,0,1,558,212,104,113
1778698784.591402,2,0.779675,0.898659,0.700661,0.9340,0.3796,1.3547,-0.000,-2.036,-118.378,0,1,48,155,96,130
1778698784.724879,0,0.670510,0.999978,0.670495,1.0763,-0.0342,1.2379,0.000,-4.632,-133.250,0,1,316,239,93,111
1778698784.724879,4,0.950699,0.919029,0.873720,1.1449,-0.4943,1.2959,0.000,-10.568,154.977,0,1,558,212,104,113
1778698784.724879,2,0.773042,0.898659,0.694700,0.9320,0.3787,1.3542,0.000,-2.229,-117.743,0,1,48,155,96,130
1778698784.724879,0,0.646674,0.999978,0.646659,1.0763,-0.0342,1.2379,0.000,-4.876,-131.441,0,1,314,238,92,109
1778698784.724879,4,0.957313,0.919029,0.879799,1.1449,-0.4943,1.2959,-0.000,-9.268,154.712,0,1,558,212,104,113
1778698784.724879,2,0.772757,0.898659,0.694445,0.9320,0.3787,1.3542,0.000,-3.007,-118.050,0,1,48,155,96,130
1778698784.891705,0,0.662417,0.999987,0.662409,1.0732,-0.0289,1.2394,-0.000,-4.764,-132.357,0,1,313,238,93,107
1778698784.891705,4,0.955988,0.919029,0.878580,1.1479,-0.4956,1.2963,-0.000,-9.498,154.451,0,1,558,212,103,113
1778698784.891705,2,0.786005,0.898659,0.706351,0.9320,0.3787,1.3542,0.000,-2.510,-119.157,0,1,48,155,96,130
1778698784.891705,0,0.666637,0.999987,0.666628,1.0732,-0.0289,1.2394,-0.000,-4.764,-132.357,0,1,313,238,94,110
1778698784.891705,4,0.954517,0.919084,0.877281,1.1479,-0.4956,1.2963,-0.000,-9.498,154.451,0,1,558,213,104,113
1778698784.891705,2,0.777252,0.898659,0.698484,0.9320,0.3787,1.3542,0.000,-2.510,-119.157,0,1,48,155,96,130
1778698784.958444,0,0.650520,0.999987,0.650512,1.0761,-0.0289,1.2396,0.000,-5.198,-131.521,0,1,310,238,93,109
1778698784.958444,4,0.961584,0.919084,0.883776,1.1451,-0.4943,1.2940,0.000,-8.459,154.518,0,1,558,212,104,114
1778698784.958444,2,0.779774,0.898659,0.700751,0.9340,0.3796,1.3547,0.000,-2.404,-118.483,0,1,48,155,96,130
1778698784.958444,0,0.669511,0.999959,0.669484,1.0761,-0.0289,1.2396,0.000,-5.198,-131.521,0,0,310,238,93,111
1778698784.958444,4,0.956826,0.919029,0.879351,1.1451,-0.4943,1.2940,0.000,-8.459,154.518,0,0,558,212,104,113
1778698784.958444,2,0.777916,0.898659,0.699081,0.9340,0.3796,1.3547,0.000,-2.404,-118.483,0,0,48,155,96,130
1778698785.058550,0,0.673874,0.999944,0.673837,1.0761,-0.0236,1.2396,0.000,-5.207,-132.707,0,0,309,238,93,111
1778698785.058550,4,0.956151,0.919029,0.878731,1.1479,-0.4956,1.2963,0.000,-9.355,154.629,0,0,558,212,103,113
1778698785.058550,2,0.777694,0.898063,0.698418,0.9340,0.3796,1.3547,0.000,-2.246,-118.231,0,0,47,155,95,130
1778698785.258765,0,0.666597,0.999904,0.666533,1.0761,-0.0183,1.2396,0.000,-5.196,-132.171,0,0,307,238,93,109
1778698785.258765,4,0.955825,0.919029,0.878431,1.1449,-0.4943,1.2959,0.000,-9.576,154.833,0,0,558,212,103,113
1778698785.258765,2,0.782604,0.897883,0.702687,0.9338,0.3812,1.3562,0.000,-1.988,-118.530,0,0,47,154,95,132
1778698785.258765,0,0.683508,0.999916,0.683451,1.0761,-0.0183,1.2396,0.000,-5.196,-132.171,0,0,308,239,94,110
1778698785.258765,4,0.957816,0.919029,0.880261,1.1449,-0.4943,1.2959,0.000,-9.576,154.833,0,0,558,212,104,113
1778698785.258765,2,0.777542,0.898063,0.698282,0.9338,0.3812,1.3562,0.000,-1.988,-118.530,0,0,47,155,95,130
1778698785.325506,0,0.684910,0.999916,0.684852,1.0763,-0.0200,1.2379,0.000,-5.205,-133.715,0,0,307,238,95,109
1778698785.325506,4,0.958056,0.919029,0.880481,1.1479,-0.4956,1.2963,0.000,-9.167,155.166,0,0,558,212,103,113
1778698785.325506,2,0.781130,0.898063,0.701504,0.9340,0.3812,1.3547,0.000,-1.925,-118.327,0,0,47,155,95,130
1778698785.425606,0,0.678889,0.999904,0.678824,1.0761,-0.0183,1.2396,-0.000,-5.477,-133.212,0,0,307,239,94,110
1778698785.425606,4,0.950573,0.919029,0.873604,1.1449,-0.4943,1.2959,0.000,-10.593,154.994,0,0,558,212,105,113
1778698785.425606,2,0.785931,0.898063,0.705816,0.9340,0.3812,1.3547,0.000,-2.475,-119.047,0,0,47,155,95,130
1778698785.559080,0,0.680675,0.999895,0.680603,1.0763,-0.0183,1.2379,0.000,-5.116,-133.254,0,0,307,238,94,109
1778698785.559080,4,0.950073,0.919029,0.873145,1.1449,-0.4943,1.2959,0.000,-10.735,155.659,0,0,558,213,105,113
1778698785.559080,2,0.780370,0.898063,0.700821,0.9360,0.3821,1.3552,-0.000,-1.845,-118.218,0,0,47,155,95,130
1778698785.559080,0,0.675260,0.999904,0.675195,1.0761,-0.0183,1.2396,-0.000,-5.443,-132.914,0,0,306,239,95,110
1778698785.559080,4,0.957213,0.919084,0.879759,1.1451,-0.4943,1.2940,0.000,-9.449,155.437,0,0,558,213,104,111
1778698785.559080,2,0.787371,0.898063,0.707109,0.9360,0.3821,1.3552,0.000,-2.964,-119.414,0,0,47,154,95,129
1778698785.659202,0,0.682476,0.999870,0.682387,1.0793,-0.0165,1.2382,0.000,-5.230,-133.323,1,1,306,239,95,110
1778698785.659202,4,0.955603,0.919084,0.878279,1.1451,-0.4943,1.2940,-0.000,-9.778,155.615,0,1,557,213,105,110
1778698785.659202,2,0.780680,0.897883,0.700960,0.9387,0.3835,1.3575,0.000,-1.390,-118.089,0,1,47,155,95,130
1778698787.728007,5,0.990025,0.999796,0.989824,1.0768,-0.0484,1.2326,-0.000,-0.934,-175.500,0,1,324,242,97,114
1778698787.728007,2,0.756098,0.902387,0.682293,0.9391,0.3727,1.3544,0.000,-3.100,-116.966,0,1,54,156,109,129
1778698787.728007,4,0.945300,0.911911,0.862029,1.1279,-0.5095,1.2953,0.000,-11.440,158.043,0,1,570,210,107,113
1778698787.894850,4,0.990282,0.999766,0.990050,1.0768,-0.0501,1.2326,0.000,-0.623,-175.424,0,1,325,242,98,114
1778698787.894850,2,0.758550,0.902387,0.684506,0.9361,0.3713,1.3536,0.000,-3.152,-117.223,0,1,54,156,109,129
1778698787.894850,6,0.951107,0.911315,0.866758,1.1180,-0.5069,1.2939,0.000,-10.418,157.721,0,1,571,211,108,114
1778698787.961587,4,0.991355,0.999766,0.991123,1.0768,-0.0501,1.2326,0.000,-0.566,-176.029,0,1,325,242,98,114
1778698787.961587,2,0.757787,0.902387,0.683818,0.9361,0.3713,1.3536,0.000,-2.901,-117.043,0,1,54,156,109,129
1778698787.961587,7,0.943343,0.911315,0.859682,1.1209,-0.5083,1.2943,0.000,-11.614,159.104,0,1,571,211,108,114
1778698787.961587,8,0.990705,0.999766,0.990473,1.0768,-0.0501,1.2326,0.000,-0.873,-175.956,0,1,325,242,98,114
1778698787.961587,2,0.762846,0.902387,0.688383,0.9361,0.3713,1.3536,0.000,-3.130,-117.627,0,1,54,156,109,129
1778698787.961587,4,0.947939,0.911315,0.863871,1.1209,-0.5083,1.2943,0.000,-11.000,157.725,0,1,571,210,108,113
1778698788.061695,4,0.990319,0.999766,0.990087,1.0768,-0.0501,1.2326,-0.000,-1.059,-175.926,0,1,325,242,98,114
1778698788.061695,2,0.756185,0.902387,0.682372,0.9361,0.3713,1.3536,-0.000,-3.302,-117.061,0,1,54,156,109,129
1778698788.061695,9,0.947330,0.911256,0.863261,1.1178,-0.5069,1.2957,0.000,-11.020,157.708,0,1,570,209,107,113
1778698788.061695,4,0.990815,0.999815,0.990632,1.0768,-0.0501,1.2326,-0.000,-1.059,-175.926,0,1,324,241,97,113
1778698788.061695,2,0.752728,0.902387,0.679252,0.9361,0.3713,1.3536,-0.000,-3.302,-117.061,0,1,54,156,109,129
1778698788.061695,10,0.941478,0.911256,0.857928,1.1178,-0.5069,1.2957,0.000,-11.020,157.708,0,1,571,210,110,113
1778698788.261857,4,0.991372,0.999849,0.991222,1.0828,-0.0449,1.2331,0.000,-1.015,-176.293,0,1,322,242,98,111
1778698788.261857,2,0.749761,0.901798,0.676133,0.9391,0.3742,1.3544,-0.000,-3.249,-116.342,0,1,53,156,107,130
1778698788.261857,11,0.955677,0.912562,0.872114,1.1211,-0.5045,1.2925,0.000,-9.715,154.544,0,1,569,212,106,114
1778698788.261857,12,0.991707,0.999849,0.991557,1.0828,-0.0449,1.2331,0.000,-0.426,-175.803,0,1,320,241,97,113
1778698788.261857,2,0.758007,0.901798,0.683570,0.9391,0.3742,1.3544,0.000,-3.072,-117.050,0,1,52,156,105,128
1778698788.261857,4,0.938772,0.912562,0.856688,1.1211,-0.5045,1.2925,0.000,-12.771,154.904,0,1,567,213,106,110
1778698788.361964,0,0.991095,0.999907,0.991003,1.0826,-0.0413,1.2349,-0.000,-0.519,-175.415,0,1,317,241,97,114
1778698788.361964,2,0.761955,0.901208,0.686681,0.9391,0.3758,1.3544,0.000,-2.118,-116.943,0,1,51,156,102,130
1778698788.361964,4,0.959069,0.913803,0.876400,1.1243,-0.5022,1.2910,0.000,-9.116,154.640,0,1,563,210,105,113
1778698788.428699,0,0.989416,0.999944,0.989361,1.0826,-0.0360,1.2349,0.000,-1.320,-174.986,0,1,315,241,97,115
1778698788.428699,4,0.954807,0.915992,0.874595,1.1376,-0.5008,1.2986,0.000,-9.668,154.994,0,1,559,212,105,111
1778698788.428699,2,0.780473,0.900617,0.702907,0.9391,0.3773,1.3544,0.000,-0.902,-118.167,0,1,49,155,99,132
1778698788.562180,0,0.989629,0.999953,0.989583,1.0826,-0.0324,1.2349,0.000,-1.282,-174.872,0,1,315,241,97,115
1778698788.562180,4,0.947010,0.918502,0.869831,1.1411,-0.4945,1.2934,0.000,-11.412,156.271,0,1,559,213,105,110
1778698788.562180,2,0.773746,0.899253,0.695793,0.9389,0.3804,1.3559,0.000,-1.454,-117.580,0,1,49,155,98,132
1778698788.628922,0,0.989829,0.999968,0.989798,1.0795,-0.0324,1.2364,-0.000,-1.388,-175.276,0,1,315,240,98,117
1778698788.628922,4,0.956813,0.918502,0.878835,1.1411,-0.4945,1.2934,0.000,-9.547,155.559,0,1,559,213,105,110
1778698788.628922,2,0.783311,0.899253,0.704394,0.9389,0.3804,1.3559,0.000,-1.705,-118.626,0,1,49,155,98,132
1778698788.628922,0,0.990933,0.999968,0.990902,1.0795,-0.0324,1.2364,-0.000,-1.127,-175.701,0,1,314,241,97,115
1778698788.628922,4,0.956433,0.918502,0.878486,1.1411,-0.4945,1.2934,0.000,-9.653,156.840,0,1,559,213,106,110
1778698788.628922,2,0.784496,0.899253,0.705460,0.9389,0.3804,1.3559,0.000,-0.911,-118.421,0,1,49,156,98,130
1778698788.795761,0,0.989660,0.999968,0.989629,1.0765,-0.0307,1.2361,0.000,-1.648,-175.435,0,1,314,240,98,117
1778698788.795761,4,0.954766,0.918447,0.876902,1.1409,-0.4945,1.2953,-0.000,-9.789,154.762,0,1,559,212,104,111
1778698788.795761,2,0.775826,0.898659,0.697203,0.9389,0.3820,1.3559,0.000,-2.204,-118.006,0,1,48,155,97,132
1778698788.795761,0,0.990282,0.999968,0.990251,1.0765,-0.0307,1.2361,0.000,-1.648,-175.435,0,1,314,240,98,117
1778698788.795761,4,0.957643,0.919029,0.880102,1.1409,-0.4945,1.2953,-0.000,-9.789,154.762,0,1,558,212,103,113
1778698788.795761,2,0.785775,0.898659,0.706143,0.9389,0.3820,1.3559,0.000,-2.204,-118.006,0,1,48,155,97,132
1778698788.929232,0,0.994099,0.999950,0.994049,1.0767,-0.0289,1.2344,-0.000,-0.706,-177.745,0,1,313,241,97,115
1778698788.929232,4,0.953387,0.919084,0.876242,1.1451,-0.4943,1.2940,0.000,-10.223,155.981,0,1,558,213,105,111
1778698788.929232,2,0.776575,0.898837,0.698014,0.9391,0.3820,1.3544,0.000,-1.921,-117.933,0,1,48,156,97,130
1778698788.929232,0,0.994675,0.999950,0.994626,1.0767,-0.0289,1.2344,-0.000,-0.706,-177.745,0,1,313,240,98,115
1778698788.929232,4,0.956026,0.919084,0.878668,1.1451,-0.4943,1.2940,0.000,-10.223,155.981,0,1,558,212,105,115
1778698788.929232,2,0.783022,0.898837,0.703809,0.9391,0.3820,1.3544,0.000,-1.921,-117.933,0,1,48,155,97,132
1778698789.096076,0,0.988551,0.999959,0.988510,1.0735,-0.0271,1.2358,0.000,-2.308,175.993,0,1,312,240,98,115
1778698789.096076,4,0.953973,0.919029,0.876729,1.1449,-0.4943,1.2959,0.000,-9.870,154.296,0,1,558,212,103,114
1778698789.096076,2,0.783045,0.898659,0.703690,0.9389,0.3820,1.3559,0.000,-1.986,-118.631,0,1,48,155,97,132
1778698789.162808,0,0.931120,0.999944,0.931067,1.0761,-0.0218,1.2396,-0.000,-3.082,160.921,0,1,309,238,97,115
1778698789.162808,4,0.952627,0.918390,0.874883,1.1447,-0.4962,1.2977,0.000,-10.072,154.455,0,1,559,211,104,114
1778698789.162808,2,0.786109,0.898659,0.706443,0.9389,0.3820,1.3559,-0.000,-1.522,-118.744,0,1,48,155,97,132
1778698789.229547,0,0.904472,0.999944,0.904421,1.0761,-0.0218,1.2396,-0.000,-3.480,156.914,0,1,309,238,96,115
1778698789.229547,4,0.951419,0.918390,0.873774,1.1447,-0.4962,1.2977,0.000,-10.314,154.578,0,1,559,211,104,113
1778698789.229547,2,0.780432,0.898659,0.701342,0.9389,0.3820,1.3559,0.000,-1.744,-118.269,0,1,48,155,97,132
1778698789.296280,0,0.884685,0.999932,0.884624,1.0760,-0.0200,1.2414,0.000,-4.448,154.698,0,1,308,237,96,117
1778698789.296280,4,0.959687,0.918447,0.881421,1.1409,-0.4945,1.2953,0.000,-8.631,153.582,0,1,559,212,104,113
1778698789.296280,2,0.783033,0.898659,0.703679,0.9389,0.3820,1.3559,0.000,-1.154,-118.286,0,1,48,155,97,130
1778698789.362982,0,0.816147,0.999858,0.816031,1.0760,-0.0147,1.2414,0.000,-4.933,147.206,0,1,305,237,95,113
1778698789.362982,4,0.953755,0.918447,0.875973,1.1409,-0.4945,1.2953,-0.000,-10.023,155.182,0,1,559,212,104,113
1778698789.362982,2,0.783854,0.898659,0.704417,0.9389,0.3820,1.3559,0.000,-1.366,-118.454,0,1,48,155,96,130
1778698789.362982,0,0.808903,0.999858,0.808788,1.0760,-0.0147,1.2414,-0.000,-5.688,146.693,0,1,304,237,95,111
1778698789.362982,4,0.950929,0.918447,0.873378,1.1409,-0.4945,1.2953,0.000,-10.523,154.815,0,1,559,212,104,111
1778698789.362982,2,0.777865,0.898659,0.699035,0.9389,0.3820,1.3559,0.000,-0.987,-117.711,0,1,48,156,96,129
1778698789.362982,0,0.801299,0.999827,0.801160,1.0760,-0.0147,1.2414,-0.000,-5.688,146.693,0,1,304,237,94,113
1778698789.362982,4,0.952473,0.918447,0.874796,1.1409,-0.4945,1.2953,0.000,-10.523,154.815,0,1,559,212,104,113
1778698789.362982,2,0.784491,0.899013,0.705268,0.9389,0.3820,1.3559,0.000,-0.987,-117.711,0,1,48,157,96,126
1778698789.596561,0,0.771851,0.999750,0.771658,1.0761,-0.0094,1.2396,0.000,-6.556,143.582,0,1,302,238,94,110
1778698789.596561,4,0.960897,0.918502,0.882586,1.1411,-0.4945,1.2934,-0.000,-8.639,154.671,0,1,559,213,104,114
1778698789.596561,2,0.782792,0.898659,0.703463,0.9409,0.3829,1.3564,0.000,-1.316,-118.328,0,1,48,155,96,129
1778698789.596561,0,0.757752,0.999750,0.757563,1.0761,-0.0094,1.2396,0.000,-6.556,143.582,0,1,302,238,94,110
1778698789.596561,4,0.961476,0.918447,0.883065,1.1411,-0.4945,1.2934,-0.000,-8.639,154.671,0,1,559,212,104,114
1778698789.596561,2,0.782836,0.898659,0.703503,0.9409,0.3829,1.3564,0.000,-1.316,-118.328,0,1,48,155,96,130
1778698789.663291,0,0.756949,0.999750,0.756760,1.0791,-0.0093,1.2399,0.000,-6.559,142.192,0,0,302,238,94,111
1778698789.663291,4,0.960393,0.918447,0.882071,1.1409,-0.4945,1.2953,0.000,-8.629,154.490,0,0,559,212,104,113
1778698789.663291,2,0.776364,0.898659,0.697686,0.9409,0.3829,1.3564,0.000,-1.550,-117.788,0,0,48,155,96,130
1778698789.763407,0,0.755534,0.999750,0.755346,1.0791,-0.0093,1.2399,-0.000,-5.953,141.890,0,0,302,238,94,111
1778698789.763407,4,0.959358,0.918447,0.881119,1.1409,-0.4945,1.2953,0.000,-8.848,154.539,0,0,558,211,104,113
1778698789.763407,2,0.788160,0.898659,0.708286,0.9409,0.3829,1.3564,0.000,-1.419,-118.907,0,0,48,155,96,132
1778698789.830145,0,0.746021,0.999750,0.745835,1.0791,-0.0093,1.2399,0.000,-6.441,141.165,0,0,302,238,94,111
1778698789.830145,4,0.958607,0.918972,0.880932,1.1447,-0.4943,1.2977,0.000,-8.870,154.358,0,0,558,212,103,114
1778698789.830145,2,0.783365,0.898659,0.703978,0.9409,0.3829,1.3564,-0.000,-1.797,-118.583,0,0,48,155,96,129
1778698789.896886,0,0.762208,0.999750,0.762018,1.0791,-0.0093,1.2399,0.000,-5.993,142.514,0,0,302,239,94,110
1778698789.896886,4,0.956337,0.919029,0.878901,1.1449,-0.4943,1.2959,-0.000,-9.533,155.471,0,0,558,212,103,114
1778698789.896886,2,0.779451,0.898659,0.700460,0.9409,0.3829,1.3564,0.000,-1.558,-118.095,0,0,47,155,95,130
1778698789.963612,0,0.759821,0.999741,0.759625,1.0793,-0.0093,1.2382,-0.000,-6.105,142.296,0,0,302,238,95,113
1778698789.963612,4,0.952435,0.919029,0.875315,1.1449,-0.4943,1.2959,-0.000,-10.232,154.867,0,0,558,212,105,111
1778698789.963612,2,0.787707,0.898063,0.707411,0.9409,0.3845,1.3564,-0.000,-1.283,-118.719,0,0,48,157,96,126
1778698790.097108,0,0.761532,0.999812,0.761389,1.0793,-0.0129,1.2382,0.000,-6.499,142.366,0,0,304,239,96,111
1778698790.097108,4,0.953936,0.918447,0.876140,1.1409,-0.4945,1.2953,0.000,-9.940,154.681,0,0,559,212,104,111
1778698790.097108,2,0.792003,0.898418,0.711550,0.9392,0.3835,1.3528,0.000,-0.152,-118.657,0,0,47,157,95,125
1778698790.197209,0,0.769423,0.999812,0.769278,1.0793,-0.0129,1.2382,0.000,-6.582,143.128,0,0,304,239,96,113
1778698790.197209,4,0.950236,0.919029,0.873294,1.1449,-0.4943,1.2959,0.000,-10.651,154.945,0,0,558,212,106,109
1778698790.197209,2,0.779180,0.898837,0.700356,0.9410,0.3829,1.3548,0.000,-1.549,-118.038,0,0,48,156,96,128
1778698790.263948,0,0.783574,0.999842,0.783450,1.0793,-0.0147,1.2382,-0.000,-6.674,144.410,0,0,305,239,96,113
1778698790.263948,4,0.948695,0.919084,0.871930,1.1451,-0.4943,1.2940,0.000,-11.093,155.960,0,0,558,213,107,111
1778698790.263948,2,0.774150,0.898063,0.695236,0.9409,0.3845,1.3564,0.000,-1.345,-117.403,0,0,47,155,95,129
1778698790.330693,0,0.772456,0.999870,0.772355,1.0793,-0.0165,1.2382,0.000,-6.393,143.156,0,1,306,239,96,113
1778698790.330693,4,0.953468,0.919029,0.876265,1.1409,-0.4926,1.2953,0.000,-10.121,156.115,0,1,558,212,105,113
1778698790.330693,2,0.783281,0.898063,0.703436,0.9409,0.3845,1.3564,0.000,-1.366,-118.311,1,1,47,155,95,129
1778698792.399494,0,0.765647,0.964216,0.738249,1.1022,-0.0084,1.2166,0.000,-6.152,142.315,0,1,460,294,100,117
1778698792.399494,2,0.788079,0.983663,0.775204,0.9558,0.4011,1.3385,0.000,-2.125,-118.344,0,1,211,222,95,107
1778698792.399494,2,0.805255,0.983663,0.792100,0.9558,0.4011,1.3385,-0.000,-2.459,-120.235,0,1,224,227,95,107
1778698792.399494,13,0.747084,0.964216,0.720351,1.1022,-0.0084,1.2166,0.000,-7.111,140.868,0,1,474,298,102,118
1778698792.399494,2,0.798662,0.988887,0.789786,0.9558,0.4011,1.3385,-0.000,-2.459,-120.235,0,1,229,229,96,109
1778698792.399494,0,0.778820,0.955650,0.744279,1.1022,-0.0084,1.2166,0.000,-7.111,140.868,0,1,478,300,103,117
1778698792.499601,2,0.776105,0.988887,0.767480,1.0019,0.3733,1.3252,-0.000,-3.093,-121.974,0,1,232,230,94,109
1778698792.499601,0,0.771426,0.955650,0.737214,1.0920,-0.0509,1.1979,0.000,-7.433,141.232,0,1,483,302,104,118
1778698792.566327,2,0.769198,0.953083,0.733109,1.1063,-0.0659,1.1924,0.000,-7.701,139.487,0,1,484,303,104,117
1778698792.566327,0,0.775932,0.989654,0.767904,1.9565,0.7588,1.4997,0.000,-2.958,-120.249,0,1,233,231,95,109
1778698792.599690,0,0.769857,0.989914,0.762092,1.9350,0.7459,1.4918,0.000,-2.415,-119.554,0,1,229,226,95,110
1778698792.599690,2,0.785051,0.952455,0.747726,1.1164,-0.0678,1.1911,-0.000,-7.104,140.726,0,1,478,298,103,118
1778698792.699804,2,0.769538,0.988815,0.760931,1.9595,0.7256,1.4916,0.000,-3.947,-120.827,0,1,227,225,94,109
1778698792.699804,0,0.772709,0.957033,0.739508,1.1114,-0.0762,1.1914,-0.000,-7.547,139.211,0,1,476,297,102,118
1778698792.699804,2,0.782384,0.988272,0.773208,1.9462,0.7279,1.4931,0.000,-3.220,-121.635,0,1,225,224,95,109
1778698792.699804,0,0.775400,0.957033,0.742083,1.1114,-0.0762,1.1914,0.000,-7.918,139.556,0,1,474,295,102,117
1778698792.799906,2,0.771155,0.987063,0.761179,1.9375,0.6982,1.4834,0.000,-3.754,-121.372,0,1,223,221,94,109
1778698792.799906,0,0.779294,0.959828,0.747989,1.1240,-0.0884,1.1890,-0.000,-7.778,139.221,0,1,471,293,103,117
1778698792.799906,2,0.782990,0.987063,0.772861,1.9375,0.6982,1.4834,-0.000,-2.766,-122.165,0,1,214,219,95,107
1778698792.799906,0,0.790672,0.959828,0.758909,1.1240,-0.0884,1.1890,0.000,-8.038,140.383,0,1,462,291,102,114
1778698792.900019,0,0.786416,0.965536,0.759312,1.1152,-0.0818,1.1912,0.000,-7.584,140.234,0,1,459,288,102,114
1778698792.900019,2,0.768675,0.983374,0.755895,1.9388,0.7142,1.4883,0.000,-3.433,-120.636,0,1,211,216,95,109
1778698792.966783,0,0.781071,0.983374,0.768085,1.9388,0.7142,1.4883,-0.000,-3.027,-121.686,0,1,208,214,95,109
1778698792.966783,2,0.773549,0.965536,0.746889,1.1152,-0.0818,1.1912,0.000,-7.515,138.993,0,1,456,287,102,117
1778698792.966783,2,0.785185,0.966870,0.759172,1.1230,-0.0903,1.1869,0.000,-8.175,139.758,0,1,453,285,102,117
1778698792.966783,0,0.785171,0.982335,0.771301,1.9363,0.6968,1.4807,-0.000,-3.717,-122.718,0,1,206,214,96,111
1778698792.966783,0,0.776987,0.981709,0.762775,1.1230,-0.0903,1.1869,0.000,-8.175,139.758,0,1,198,209,96,111
1778698792.966783,2,0.793277,0.968320,0.768146,1.9363,0.6968,1.4807,-0.000,-3.717,-122.718,0,1,445,281,100,115
1778698793.133616,2,0.769206,0.973095,0.748510,1.1230,-0.0805,1.1931,0.000,-7.040,138.606,0,1,442,280,98,117
1778698793.133616,0,0.781436,0.977315,0.763709,1.9261,0.7151,1.4870,-0.000,-2.611,-121.411,0,1,194,208,97,114
1778698793.133616,2,0.786521,0.977315,0.768679,1.1230,-0.0805,1.1931,0.000,-7.040,138.606,0,1,192,205,98,113
1778698793.133616,0,0.779074,0.973095,0.758113,1.9261,0.7151,1.4870,-0.000,-2.611,-121.411,0,1,439,278,100,117
1778698793.200345,2,0.785982,0.976369,0.767409,1.9211,0.6773,1.4742,0.000,-3.770,-123.140,0,1,187,203,100,113
1778698793.200345,0,0.793836,0.974415,0.773525,1.1439,-0.0975,1.1873,0.000,-6.873,139.971,0,1,434,275,100,117
1778698793.267083,2,0.779674,0.974406,0.759720,1.9395,0.6750,1.4706,0.000,-3.975,-122.780,0,1,183,202,97,110
1778698793.267083,0,0.775964,0.976506,0.757734,1.1386,-0.1019,1.1860,0.000,-8.365,138.359,0,1,430,274,98,115
1778698793.300452,2,0.780667,0.972843,0.759467,1.9268,0.6847,1.4722,0.000,-4.722,-122.803,0,1,180,200,97,109
1778698793.300452,0,0.778967,0.977967,0.761804,1.1272,-0.0940,1.1874,0.000,-7.156,138.761,0,1,428,273,98,115
1778698793.400560,2,0.776049,0.967596,0.750902,1.9192,0.6976,1.4784,0.000,-2.594,-121.206,0,1,171,196,97,111
1778698793.400560,0,0.786031,0.981889,0.771795,1.1236,-0.0877,1.1880,-0.000,-7.542,139.878,0,1,419,270,98,107
1778698793.400560,0,0.795866,0.981889,0.781452,1.1236,-0.0877,1.1880,-0.000,-6.727,140.637,0,1,416,267,97,111
1778698793.400560,2,0.776836,0.967596,0.751663,1.9192,0.6976,1.4784,0.000,-3.477,-121.590,0,1,169,194,98,111
1778698793.500635,2,0.784281,0.965110,0.756917,1.9163,0.6853,1.4831,-0.000,-3.884,-122.823,0,1,166,192,100,114
1778698793.500635,0,0.782632,0.983757,0.769919,1.1374,-0.0941,1.1922,0.000,-8.015,139.436,0,1,414,266,98,111
1778698793.500635,2,0.777684,0.965110,0.750550,1.9163,0.6853,1.4831,-0.000,-3.391,-121.990,0,1,157,187,102,114
1778698793.500635,0,0.794810,0.983757,0.781900,1.1374,-0.0941,1.1922,0.000,-6.818,140.316,0,1,406,262,98,111
1778698793.600730,2,0.768137,0.958995,0.736640,1.9182,0.7021,1.5101,0.000,-3.066,-120.748,0,1,154,184,102,117
1778698793.600730,0,0.780845,0.987211,0.770859,1.1141,-0.0866,1.2003,-0.000,-7.516,139.629,0,1,403,261,96,110
1778698793.600730,2,0.776478,0.958995,0.744638,1.9182,0.7021,1.5101,-0.000,-2.800,-121.453,0,1,151,184,102,115
1778698793.600730,0,0.785699,0.987211,0.775650,1.1141,-0.0866,1.2003,0.000,-6.626,139.868,0,1,400,259,96,110
1778698793.700837,2,0.785814,0.952904,0.748805,1.9180,0.7002,1.5250,-0.000,-2.501,-122.440,0,1,142,179,102,113
1778698793.700837,0,0.763700,0.990149,0.756178,1.1066,-0.0903,1.2127,-0.000,-6.263,137.690,0,1,393,254,96,113
1778698793.700837,2,0.784098,0.952904,0.747171,1.9180,0.7002,1.5250,0.000,-3.533,-122.683,0,1,139,178,103,113
1778698793.700837,0,0.778001,0.990149,0.770337,1.1066,-0.0903,1.2127,-0.000,-5.663,138.877,0,1,390,253,95,114
1778698793.767568,2,0.774938,0.951368,0.737251,1.9152,0.6827,1.5262,0.000,-2.757,-121.934,0,1,135,175,103,117
1778698793.767568,0,0.777288,0.990893,0.770210,1.1150,-0.0988,1.2151,-0.000,-6.399,138.593,0,1,387,252,96,114
1778698793.800937,2,0.791353,0.949028,0.751016,1.9027,0.6919,1.5339,0.000,-2.881,-123.329,0,1,127,171,105,117
1778698793.800937,0,0.784883,0.991609,0.778297,1.1104,-0.0931,1.2167,0.000,-5.644,139.448,0,1,380,247,96,113
1778698793.901031,2,0.794983,0.944546,0.750898,1.9033,0.6798,1.5451,0.000,-2.394,-123.948,0,1,124,169,105,118
1778698793.901031,0,0.777217,0.993883,0.772463,1.1037,-0.0948,1.2272,0.000,-6.153,138.919,0,1,377,246,96,114
1778698793.901031,2,0.777028,0.942743,0.732538,1.9022,0.6897,1.5517,0.000,-2.461,-121.954,0,1,121,167,105,117
1778698793.901031,0,0.772816,0.993883,0.768089,1.1037,-0.0948,1.2272,0.000,-5.587,138.355,0,1,374,244,95,113
1778698794.001153,2,0.790147,0.935676,0.739321,1.9075,0.7062,1.5715,0.000,-1.246,-122.545,0,1,112,163,106,118
1778698794.001153,0,0.793137,0.995902,0.789887,1.1010,-0.0881,1.2362,-0.000,-5.036,140.662,0,1,366,241,96,114
1778698794.001153,2,0.792849,0.935676,0.741850,1.9075,0.7062,1.5715,0.000,-1.246,-122.545,0,1,108,163,107,120
1778698794.001153,0,0.787165,0.995902,0.783939,1.1010,-0.0881,1.2362,-0.000,-5.036,140.662,0,1,363,241,95,113
1778698794.101261,2,0.795997,0.932765,0.742479,1.9055,0.6985,1.5658,0.000,-2.913,-123.990,0,1,106,164,108,118
1778698794.101261,0,0.789220,0.996769,0.786670,1.1098,-0.0909,1.2353,0.000,-4.820,140.080,0,1,360,242,95,114
1778698794.101261,2,0.790759,0.932765,0.737593,1.9055,0.6985,1.5658,0.000,-2.263,-123.164,0,1,103,163,108,120
1778698794.101261,0,0.790805,0.996769,0.788250,1.1098,-0.0909,1.2353,0.000,-4.773,140.221,0,1,357,242,95,114
1778698794.201355,2,0.768841,0.925336,0.711436,1.9128,0.7181,1.5756,-0.000,-2.329,-120.632,0,1,93,161,107,121
1778698794.201355,0,0.797609,0.998004,0.796017,1.0986,-0.0854,1.2344,-0.000,-4.772,141.171,0,1,350,242,96,114
1778698794.201355,2,0.772547,0.925336,0.714865,1.9128,0.7181,1.5756,0.000,-2.245,-120.958,0,1,90,161,108,121
1778698794.201355,0,0.780551,0.998004,0.778993,1.0986,-0.0854,1.2344,-0.000,-4.615,139.482,0,1,347,241,95,111
1778698794.334840,0,0.776203,0.922072,0.715715,1.9186,0.7229,1.5756,-0.000,-2.032,-121.147,0,1,87,161,108,124
1778698794.334840,1,0.775266,0.998527,0.774124,1.0977,-0.0848,1.2362,0.000,-4.348,138.982,0,1,345,241,96,113
1778698794.334840,2,0.679823,0.894515,0.608112,1.1022,-0.5471,1.3007,0.000,-16.187,-165.497,0,1,598,206,83,114
1778698794.334840,2,0.779574,0.922072,0.718823,1.9199,0.7196,1.5756,0.000,-2.249,-121.673,0,0,84,161,110,124
1778698794.334840,0,0.792716,0.998527,0.791548,1.0976,-0.0867,1.2362,0.000,-4.214,140.510,0,0,341,242,95,114
1778698794.334840,14,0.701731,0.894515,0.627709,1.1012,-0.5490,1.3007,0.000,-16.820,-168.021,0,0,597,206,85,110
1778698794.501664,2,0.797116,0.918757,0.732356,1.9199,0.7394,1.5756,-0.000,-2.464,-123.006,0,0,81,161,110,120
1778698794.501664,0,0.778539,0.999032,0.777786,1.0916,-0.0756,1.2357,0.000,-4.527,139.836,0,0,339,241,95,113
1778698794.501664,14,0.663695,0.895761,0.594512,1.1042,-0.5468,1.3012,0.000,-14.927,-163.355,0,0,596,206,88,110
1778698794.501664,2,0.784397,0.918757,0.720670,1.9199,0.7394,1.5756,-0.000,-1.883,-121.460,0,0,71,160,112,121
1778698794.501664,0,0.791857,0.999032,0.791091,1.0916,-0.0756,1.2357,0.000,-4.891,141.207,0,0,330,242,95,114
1778698794.501664,14,0.685370,0.895761,0.613928,1.1042,-0.5468,1.3012,0.000,-17.809,-166.888,0,0,591,204,97,109
1778698794.668529,2,0.803382,0.912948,0.733445,0.9917,0.3689,1.3604,0.000,-1.899,-122.548,0,0,68,161,112,118
1778698794.668529,0,0.782014,0.999566,0.781675,1.0828,-0.0592,1.2331,0.000,-4.528,141.048,0,0,328,242,94,110
1778698794.668529,14,0.702758,0.900092,0.632547,1.1200,-0.5417,1.3036,0.000,-17.964,-168.128,0,0,589,206,101,107
1778698794.735247,2,0.797939,0.908930,0.725271,0.9819,0.3760,1.3581,0.000,-2.385,-121.572,0,0,64,160,113,121
1778698794.735247,0,0.783828,0.999784,0.783659,1.0797,-0.0502,1.2346,0.000,-4.759,141.809,0,0,325,241,96,111
1778698794.735247,14,0.703917,0.900835,0.634113,1.1174,-0.5384,1.2994,0.000,-20.108,-169.485,0,0,588,208,104,98
1778698794.801975,2,0.792581,0.905439,0.717634,0.9436,0.3683,1.3491,0.000,-2.251,-120.433,0,0,58,160,113,122
1778698794.801975,0,0.783049,0.999922,0.782988,1.0737,-0.0395,1.2341,0.000,-4.732,142.333,0,0,319,241,95,113
1778698794.801975,14,0.682150,0.904566,0.617050,1.1235,-0.5301,1.2985,-0.000,-21.198,-167.494,0,0,582,209,104,99
1778698794.801975,0,0.784745,0.999922,0.784684,1.0737,-0.0395,1.2341,0.000,-4.691,142.484,0,0,317,241,95,114
1778698794.801975,2,0.789598,0.905439,0.714933,0.9436,0.3683,1.3491,0.000,-2.349,-120.171,0,0,55,159,111,125
1778698794.801975,14,0.690316,0.904566,0.624437,1.1235,-0.5301,1.2985,0.000,-24.625,-171.132,0,0,580,210,104,95
1778698794.902082,0,0.786484,0.999944,0.786440,1.0737,-0.0360,1.2341,0.000,-4.584,142.825,0,1,314,241,94,113
1778698794.902082,2,0.779570,0.903505,0.704346,0.9415,0.3720,1.3502,0.000,-2.894,-119.164,1,1,54,158,108,128
1778698794.902082,14,0.702634,0.905841,0.636475,1.1207,-0.5250,1.2962,0.000,-20.922,-169.168,0,1,577,208,104,101
1778698797.004253,2,0.781637,0.984264,0.769337,0.9617,0.4043,1.3428,0.000,-2.801,-118.013,0,1,213,222,95,109
1778698797.004253,15,0.788286,0.962268,0.758543,1.1012,-0.0114,1.2157,0.000,-4.961,143.983,0,1,464,296,103,117
1778698797.004253,2,0.772979,0.984264,0.760815,0.9617,0.4043,1.3428,0.000,-3.260,-117.347,0,1,218,225,96,110
1778698797.004253,0,0.787906,0.962268,0.758176,1.1012,-0.0114,1.2157,0.000,-4.306,143.802,0,1,468,298,103,118
1778698797.070992,2,0.787151,0.985824,0.775992,0.9532,0.3768,1.3285,0.000,-3.514,-119.879,0,1,222,226,95,107
1778698797.070992,0,0.783269,0.960277,0.752156,1.0980,-0.0309,1.2064,0.000,-4.448,142.206,0,1,473,299,103,118
1778698797.137738,2,0.781826,0.986969,0.771638,0.9535,0.3694,1.3265,-0.000,-3.385,-119.664,0,1,226,227,95,110
1778698797.137738,0,0.782653,0.957991,0.749774,1.0953,-0.0391,1.2044,0.000,-5.335,141.849,0,1,478,301,104,118
1778698797.171122,16,0.775230,0.955476,0.740714,1.0984,-0.0602,1.1947,0.000,-6.181,140.039,0,1,485,304,106,121
1778698797.171122,2,0.774784,0.988067,0.765538,1.0093,0.3723,1.3280,0.000,-3.321,-119.927,0,1,232,232,93,106
1778698797.171122,0,0.781064,0.989681,0.773004,1.0984,-0.0602,1.1947,0.000,-6.181,140.039,0,1,231,228,95,109
1778698797.171122,2,0.786297,0.951823,0.748416,1.0093,0.3723,1.3280,0.000,-3.321,-119.927,0,1,483,302,104,118
1778698797.271209,2,0.780373,0.989369,0.772076,1.9363,0.7443,1.4901,0.000,-2.395,-120.662,0,1,229,226,95,110
1778698797.271209,0,0.788888,0.953082,0.751875,1.1231,-0.0726,1.1906,-0.000,-5.122,140.168,0,1,480,300,104,118
1778698797.371323,2,0.777567,0.988815,0.768870,1.9493,0.7176,1.4914,0.000,-4.057,-121.766,0,1,225,225,94,107
1778698797.371323,0,0.766607,0.957130,0.733743,1.1270,-0.0770,1.1896,0.000,-5.957,138.262,0,1,475,299,103,118
1778698797.371323,2,0.780277,0.987747,0.770716,1.9458,0.7037,1.4820,0.000,-4.742,-122.550,0,1,223,224,94,105
1778698797.371323,0,0.777298,0.957130,0.743975,1.1267,-0.0903,1.1840,0.000,-6.134,138.502,0,1,473,296,100,118
1778698797.371323,2,0.777345,0.987179,0.767378,1.9458,0.7037,1.4820,0.000,-4.742,-122.550,0,1,220,221,94,107
1778698797.371323,0,0.776322,0.958494,0.744100,1.1267,-0.0903,1.1840,0.000,-6.134,138.502,0,1,470,294,100,115
1778698797.471425,2,0.768786,0.986240,0.758208,1.9420,0.6916,1.4816,-0.000,-3.799,-121.360,0,1,211,217,95,109
1778698797.471425,0,0.768022,0.960095,0.737374,1.1523,-0.0980,1.1875,0.000,-6.316,137.389,0,1,460,292,102,114
1778698797.571480,2,0.763646,0.966034,0.737708,1.1269,-0.0741,1.1938,-0.000,-5.918,138.202,0,1,457,290,102,114
1778698797.571480,0,0.776927,0.982705,0.763490,1.9314,0.7289,1.5025,0.000,-3.793,-121.233,0,1,209,215,94,107
1778698797.571480,0,0.767025,0.966034,0.740972,1.1269,-0.0874,1.1873,0.000,-5.619,137.661,0,1,454,288,102,117
1778698797.571480,2,0.773407,0.982705,0.760031,1.9432,0.7058,1.4900,-0.000,-2.895,-121.176,0,1,206,214,96,111
1778698797.571480,0,0.773829,0.981709,0.759674,1.1269,-0.0874,1.1873,0.000,-5.619,137.661,0,1,197,210,97,110
1778698797.571480,2,0.780203,0.967507,0.754851,1.9432,0.7058,1.4900,-0.000,-2.895,-121.176,0,1,445,284,98,113
1778698797.638218,2,0.784781,0.977659,0.767248,1.9524,0.6928,1.4810,0.000,-3.627,-121.826,0,1,195,208,96,113
1778698797.638218,0,0.767131,0.972704,0.746192,1.1478,-0.0970,1.1852,-0.000,-4.811,138.264,0,1,442,283,98,117
1778698797.738327,2,0.773712,0.977659,0.756427,1.9205,0.7213,1.4976,-0.000,-2.521,-120.505,0,1,192,206,96,113
1778698797.738327,0,0.781472,0.972704,0.760141,1.1233,-0.0747,1.1933,-0.000,-5.189,139.674,0,1,438,281,97,117
1778698797.838455,2,0.776541,0.976455,0.758258,1.9255,0.6911,1.4849,-0.000,-3.314,-121.813,0,1,189,205,98,111
1778698797.838455,0,0.764026,0.975218,0.745092,1.1401,-0.0861,1.1902,0.000,-5.983,137.613,0,1,436,280,98,118
1778698797.838455,2,0.771610,0.975306,0.752556,1.9255,0.6911,1.4849,-0.000,-3.314,-121.813,0,1,180,202,97,110
1778698797.838455,0,0.786405,0.975218,0.766916,1.1401,-0.0861,1.1902,0.000,-5.983,137.613,0,1,427,277,98,118
1778698797.938564,2,0.783747,0.970758,0.760828,1.9178,0.7096,1.4913,0.000,-4.198,-122.335,0,1,178,200,98,111
1778698797.938564,0,0.761231,0.980000,0.746006,1.1131,-0.0761,1.1898,-0.000,-4.902,137.646,0,1,423,276,97,114
1778698797.938564,2,0.771082,0.970758,0.748534,1.9178,0.7096,1.4913,0.000,-4.198,-122.335,0,1,175,197,98,113
1778698797.938564,0,0.774975,0.980000,0.759476,1.1131,-0.0761,1.1898,-0.000,-4.902,137.646,0,1,421,274,98,111
1778698797.938564,2,0.764729,0.969285,0.741240,1.9293,0.6864,1.4790,0.000,-4.052,-121.651,0,1,172,197,97,111
1778698797.938564,0,0.774139,0.980852,0.759315,1.1130,-0.0893,1.1833,-0.000,-5.462,138.213,0,1,417,273,97,111
1778698798.105411,2,0.786159,0.964285,0.758081,1.9213,0.7044,1.4920,0.000,-3.795,-122.586,0,1,164,192,100,111
1778698798.105411,0,0.769663,0.984994,0.758114,1.1082,-0.0787,1.1910,0.000,-5.600,138.420,0,1,409,268,97,111
1778698798.105411,2,0.778683,0.964285,0.750872,1.9213,0.7044,1.4920,0.000,-3.157,-121.607,0,1,161,191,100,113
1778698798.105411,0,0.764807,0.984994,0.753331,1.1082,-0.0787,1.1910,0.000,-5.598,137.975,0,1,406,267,96,114
1778698798.105411,2,0.795495,0.960958,0.764438,1.9213,0.7044,1.4920,0.000,-3.157,-121.607,0,1,157,189,102,115
1778698798.105411,0,0.776990,0.986886,0.766800,1.1082,-0.0787,1.1910,0.000,-5.598,137.975,0,1,403,265,96,111
1778698798.205495,2,0.763184,0.960958,0.733388,1.9221,0.6888,1.4932,-0.000,-3.010,-120.509,0,1,155,186,98,117
1778698798.205495,0,0.770807,0.986886,0.760698,1.1056,-0.0879,1.1926,0.000,-6.379,138.211,0,1,400,264,95,111
1778698798.305603,2,0.799305,0.954994,0.763332,1.9167,0.7003,1.5082,-0.000,-3.921,-124.206,0,1,145,184,103,111
1778698798.305603,0,0.776602,0.989997,0.768834,1.1049,-0.0826,1.2017,0.000,-5.456,138.973,0,1,392,260,95,114
1778698798.305603,2,0.788945,0.954994,0.753438,1.9167,0.7003,1.5082,-0.000,-3.921,-124.206,0,1,142,182,103,113
1778698798.305603,0,0.783535,0.989997,0.775697,1.1049,-0.0826,1.2017,0.000,-5.456,138.973,0,1,390,258,96,115
1778698798.405706,2,0.800789,0.951667,0.762084,1.9121,0.6928,1.5195,0.000,-3.347,-124.401,0,1,139,180,102,114
1778698798.405706,0,0.770532,0.991324,0.763847,1.1088,-0.0872,1.2075,0.000,-5.457,138.249,0,1,387,257,96,115
1778698798.405706,2,0.807550,0.951667,0.768518,1.9121,0.6928,1.5195,0.000,-2.382,-124.708,0,1,129,175,104,118
1778698798.405706,0,0.784418,0.991324,0.777612,1.1088,-0.0872,1.2075,-0.000,-4.447,139.334,0,1,380,253,96,117
1778698798.405706,2,0.837852,0.944388,0.791258,1.9121,0.6928,1.5195,0.000,-2.382,-124.708,0,1,126,173,104,117
1778698798.405706,0,0.783321,0.993826,0.778485,1.1088,-0.0872,1.2075,-0.000,-4.447,139.334,0,1,376,252,95,111
1778698798.505813,2,0.847226,0.944388,0.800110,1.9001,0.6931,1.5385,-0.000,-1.366,-128.766,0,1,122,171,105,117
1778698798.505813,0,0.780208,0.993826,0.775391,1.0991,-0.0869,1.2160,0.000,-4.705,139.107,0,1,373,251,95,110
1778698798.505813,2,0.862997,0.942095,0.813025,1.9001,0.6931,1.5385,-0.000,-1.366,-128.766,0,1,119,169,106,118
1778698798.505813,0,0.769732,0.994417,0.765435,1.0991,-0.0869,1.2160,0.000,-4.705,139.107,0,1,371,249,95,113
1778698798.639286,2,0.889516,0.940267,0.836383,1.9065,0.6930,1.5517,-0.000,-1.092,-134.318,0,1,109,165,108,117
1778698798.639286,0,0.784517,0.994853,0.780479,1.1222,-0.0925,1.2233,0.000,-4.088,139.221,0,1,364,246,95,114
1778698798.706023,2,0.903486,0.931884,0.841943,1.9116,0.7161,1.5748,-0.000,-0.397,-135.731,0,1,105,162,107,120
1778698798.706023,0,0.772968,0.996583,0.770327,1.1037,-0.0867,1.2311,0.000,-3.872,138.475,0,1,361,244,95,115
1778698798.706023,2,0.917199,0.931884,0.854722,1.9116,0.7161,1.5748,-0.000,-0.397,-135.731,0,1,102,161,108,120
1778698798.706023,0,0.782176,0.996583,0.779503,1.1037,-0.0867,1.2311,0.000,-3.872,138.475,0,1,358,243,95,115
1778698798.806079,2,0.934171,0.924613,0.863747,1.9199,0.7342,1.5815,0.000,-0.333,-140.756,0,1,92,160,112,121
1778698798.806079,0,0.783119,0.997848,0.781434,1.0963,-0.0824,1.2306,-0.000,-4.015,139.691,0,1,351,244,96,114
1778698798.806079,2,0.942237,0.924613,0.871205,1.9199,0.7342,1.5815,0.000,0.903,-141.496,0,1,89,160,110,122
1778698798.806079,0,0.789078,0.997848,0.787380,1.0963,-0.0824,1.2306,-0.000,-3.505,140.144,0,1,348,244,96,114
1778698798.872817,2,0.944340,0.922984,0.871611,1.9170,0.7196,1.5789,0.000,0.135,-142.897,0,1,86,159,112,125
1778698798.872817,0,0.785833,0.998169,0.784394,1.0954,-0.0882,1.2306,0.000,-3.678,139.557,0,1,346,244,96,113
1778698798.939559,0,0.950115,0.921160,0.875208,1.9166,0.7295,1.5822,0.000,0.305,-143.910,0,0,76,159,113,124
1778698798.939559,1,0.794799,0.998368,0.793502,1.0954,-0.0846,1.2306,0.000,-3.816,140.652,0,0,337,244,95,114
1778698799.006297,2,0.951814,0.915600,0.871481,1.0279,0.3762,1.3707,0.000,0.052,-143.841,0,0,73,160,112,122
1778698799.006297,0,0.779309,0.999112,0.778617,1.0862,-0.0717,1.2298,-0.000,-3.595,139.824,0,0,335,243,95,117
1778698799.006297,17,0.689273,0.895324,0.617123,1.1017,-0.5472,1.2953,0.000,-11.989,-164.187,0,0,596,209,88,111
1778698799.073036,2,0.953786,0.914084,0.871841,1.0153,0.3758,1.3660,0.000,-0.058,-144.105,0,0,70,159,114,122
1778698799.073036,0,0.785643,0.999268,0.785068,1.0830,-0.0681,1.2314,-0.000,-3.288,140.576,0,0,332,244,95,115
1778698799.073036,17,0.719771,0.895947,0.644877,1.1017,-0.5453,1.2953,0.000,-12.041,-166.879,0,0,593,209,93,113
1778698799.139769,2,0.953100,0.912200,0.869418,0.9915,0.3706,1.3621,0.000,0.109,-143.561,0,0,66,158,115,122
1778698799.139769,0,0.796510,0.999419,0.796047,1.0832,-0.0627,1.2296,0.000,-2.987,141.836,0,0,329,244,95,114
1778698799.139769,17,0.710318,0.897810,0.637730,1.1077,-0.5428,1.2961,-0.000,-13.260,-166.347,0,0,593,207,94,111
1778698799.273239,2,0.957458,0.904148,0.865684,0.9685,0.3816,1.3615,0.000,0.458,-143.452,0,0,57,156,115,128
1778698799.273239,0,0.778376,0.999824,0.778239,1.0772,-0.0431,1.2291,0.000,-3.208,141.266,0,0,321,244,95,114
1778698799.273239,17,0.726653,0.901569,0.655127,1.1148,-0.5351,1.2953,0.000,-16.271,-169.035,0,0,587,210,103,102
1778698799.339978,2,0.951193,0.903562,0.859462,0.9636,0.3809,1.3603,-0.000,-0.874,-143.026,0,0,56,156,112,125
1778698799.339978,0,0.780114,0.999895,0.780032,1.0681,-0.0377,1.2301,0.000,-3.116,141.732,0,0,318,243,95,114
1778698799.339978,17,0.729246,0.903406,0.658805,1.1178,-0.5310,1.2957,0.000,-15.944,-168.861,0,0,584,210,102,102
1778698799.406716,0,0.795083,0.999910,0.795012,1.0681,-0.0342,1.2301,0.000,-4.274,143.631,0,0,316,243,95,113
1778698799.406716,2,0.955434,0.902387,0.862172,0.9636,0.3841,1.3603,0.000,-0.008,-143.087,0,0,54,156,109,125
1778698799.406716,17,0.703967,0.906005,0.637798,1.1183,-0.5236,1.2902,0.000,-17.106,-166.550,0,0,580,213,102,102
1778698799.473454,0,0.771810,0.999910,0.771741,1.0681,-0.0289,1.2301,0.000,-3.110,141.463,0,0,313,243,95,114
1778698799.473454,2,0.955491,0.901618,0.861488,0.9634,0.3857,1.3619,-0.000,0.640,-142.436,0,0,53,155,106,128
1778698799.473454,17,0.692600,0.907164,0.628302,1.1181,-0.5199,1.2921,0.000,-19.368,-166.749,0,0,578,212,103,102
1778698799.473454,0,0.792586,0.999910,0.792515,1.0681,-0.0289,1.2301,0.000,-3.071,143.411,0,0,308,243,94,114
1778698799.473454,2,0.723118,0.907164,0.655987,1.1181,-0.5199,1.2921,0.000,-16.898,-168.221,0,0,572,213,103,106
1778698799.473454,17,0.958115,0.901618,0.863854,0.9634,0.3857,1.3619,0.000,1.088,-142.723,0,0,50,155,100,132
1778698799.473454,0,0.778529,0.999849,0.778411,1.0681,-0.0289,1.2301,0.000,-3.071,143.411,0,0,306,243,96,115
1778698799.473454,17,0.726077,0.911911,0.662118,1.1181,-0.5199,1.2921,0.000,-16.898,-168.221,0,0,570,211,102,105
1778698799.473454,2,0.956325,0.898659,0.859410,0.9634,0.3857,1.3619,0.000,1.088,-142.723,0,0,48,155,97,130
1778698799.740427,0,0.768481,0.999796,0.768325,1.0798,-0.0147,1.2329,0.000,-3.438,142.053,0,0,305,242,96,115
1778698799.740427,17,0.733185,0.913634,0.669862,1.1306,-0.5053,1.2976,0.000,-16.670,-168.351,0,0,567,210,103,105
1778698799.740427,2,0.959052,0.897883,0.861116,0.9593,0.3934,1.3625,0.000,0.085,-143.595,0,0,47,154,95,129
1778698799.740427,0,0.780166,0.999634,0.779881,1.0798,-0.0147,1.2329,0.000,-3.438,142.053,1,1,301,243,95,115
1778698799.740427,17,0.729444,0.915992,0.668165,1.1306,-0.5053,1.2976,0.000,-16.670,-168.351,0,1,563,210,104,106
1778698799.740427,2,0.953979,0.896691,0.855424,0.9593,0.3934,1.3625,0.000,0.085,-143.595,0,1,45,154,91,130
1778698799.807166,2,0.953122,0.901839,0.859562,1.0830,-0.0075,1.2314,-0.000,-3.004,143.427,0,1,54,153,108,126
1778698799.807166,0,0.776116,0.999962,0.776086,1.1376,-0.5008,1.2986,0.000,-17.817,-168.398,0,1,318,239,95,113
1778698799.807166,17,0.724524,0.904566,0.655380,0.9593,0.3966,1.3625,0.000,-0.553,-142.623,0,1,582,209,103,106
1778698801.909341,2,0.951656,0.901839,0.858240,0.9660,0.3855,1.3658,0.000,0.418,-141.889,0,1,54,152,108,125
1778698801.909341,0,0.780555,0.999962,0.780526,1.0644,-0.0377,1.2368,-0.000,-3.161,141.865,0,1,318,240,95,111
1778698801.909341,17,0.721249,0.904566,0.652418,1.1235,-0.5301,1.2985,-0.000,-15.677,-167.809,0,1,582,207,103,105
1778698801.909341,2,0.951946,0.901652,0.858324,0.9660,0.3855,1.3658,0.000,0.418,-141.889,0,1,54,152,108,126
1778698801.909341,0,0.789214,0.999950,0.789175,1.0644,-0.0377,1.2368,-0.000,-3.161,141.865,0,1,318,239,96,113
1778698801.909341,17,0.729323,0.904505,0.659676,1.1235,-0.5301,1.2985,-0.000,-15.677,-167.809,0,1,582,208,105,107
1778698802.109556,2,0.949056,0.901652,0.855718,0.9678,0.3864,1.3679,0.000,-0.134,-141.842,0,1,54,152,108,125
1778698802.109556,0,0.790501,0.999962,0.790471,1.0644,-0.0377,1.2368,0.000,-3.750,142.951,0,1,318,239,95,113
1778698802.109556,17,0.738479,0.904441,0.667910,1.1232,-0.5301,1.3022,-0.000,-15.947,-169.840,0,1,582,207,105,105
1778698802.176295,2,0.952793,0.901652,0.859088,0.9659,0.3855,1.3674,0.000,0.571,-142.119,0,1,54,152,108,125
1778698802.176295,0,0.786387,0.999962,0.786358,1.0644,-0.0377,1.2368,-0.000,-2.902,142.359,0,1,318,239,95,113
1778698802.176295,17,0.724371,0.904505,0.655197,1.1233,-0.5301,1.3003,0.000,-16.444,-168.645,0,1,582,208,103,103
1778698802.176295,2,0.948181,0.901652,0.854929,0.9659,0.3855,1.3674,0.000,-0.072,-141.558,0,1,53,153,107,126
1778698802.176295,0,0.801729,0.999962,0.801698,1.0644,-0.0377,1.2368,0.000,-2.683,143.794,0,1,316,241,95,114
1778698802.176295,17,0.722068,0.904505,0.653114,1.1233,-0.5301,1.3003,0.000,-14.486,-167.275,0,1,580,208,105,109
1778698802.176295,0,0.772992,0.999932,0.772939,0.9659,0.3855,1.3674,0.000,-0.072,-141.558,0,1,316,242,95,114
1778698802.176295,2,0.949860,0.901436,0.856237,1.0644,-0.0377,1.2368,0.000,-2.683,143.794,0,1,53,154,106,129
1778698802.176295,17,0.675636,0.906559,0.612504,1.1233,-0.5301,1.3003,0.000,-14.486,-167.275,0,1,579,212,98,105
1778698802.343129,0,0.787244,0.999932,0.787190,1.0679,-0.0342,1.2318,-0.000,-2.968,142.596,0,1,314,243,96,115
1778698802.343129,2,0.947916,0.901436,0.854486,0.9662,0.3871,1.3642,0.000,-0.078,-141.245,0,1,52,155,104,128
1778698802.343129,17,0.722529,0.906559,0.655015,1.1181,-0.5217,1.2921,0.000,-18.274,-169.130,0,1,579,214,100,106
1778698802.509951,0,0.791297,0.999824,0.791157,1.0802,-0.0200,1.2293,0.000,-3.406,143.843,0,1,308,244,95,114
1778698802.509951,17,0.736924,0.911475,0.671688,1.1245,-0.5096,1.2892,-0.000,-16.892,-168.935,0,1,571,214,102,107
1778698802.509951,2,0.951504,0.898659,0.855077,0.9634,0.3937,1.3619,0.000,-0.094,-141.637,0,1,48,155,97,130
1778698802.509951,0,0.778524,0.999827,0.778390,1.0802,-0.0200,1.2293,0.000,-3.406,143.843,0,1,307,243,96,113
1778698802.509951,17,0.716657,0.912616,0.654032,1.1245,-0.5096,1.2892,-0.000,-16.892,-168.935,0,1,569,213,104,106
1778698802.509951,2,0.951958,0.898063,0.854918,0.9634,0.3937,1.3619,0.000,-0.094,-141.637,0,1,47,155,95,130
1778698802.643428,0,0.781491,0.999796,0.781332,1.0768,-0.0147,1.2326,0.000,-2.939,143.154,0,1,305,242,95,114
1778698802.643428,17,0.959898,0.897287,0.861304,0.9613,0.3959,1.3630,0.000,0.750,-143.017,0,1,46,154,92,128
1778698802.643428,2,0.708497,0.913692,0.647349,1.1308,-0.5053,1.2958,0.000,-17.440,-166.277,0,1,567,211,102,105
1778698802.643428,0,0.796087,0.999710,0.795856,1.0768,-0.0147,1.2326,0.000,-2.939,143.154,0,1,303,243,96,113
1778698802.643428,17,0.740092,0.915404,0.677483,0.9613,0.3959,1.3630,0.000,0.750,-143.017,0,1,564,210,104,107
1778698802.643428,2,0.959601,0.896691,0.860465,1.1308,-0.5053,1.2958,0.000,-17.440,-166.277,0,1,45,154,90,129
1778698802.743563,0,0.796791,0.999710,0.796560,1.0800,-0.0111,1.2311,0.000,-2.587,144.654,0,1,303,243,96,113
1778698802.743563,17,0.743955,0.915404,0.681020,1.1376,-0.5027,1.2986,0.000,-16.437,-168.676,0,1,564,210,104,107
1778698802.743563,2,0.952344,0.896691,0.853958,0.9613,0.3975,1.3630,0.000,0.289,-143.344,0,1,45,154,90,129
1778698802.910418,0,0.793810,0.999674,0.793550,1.0830,-0.0093,1.2314,0.000,-2.528,144.523,0,1,302,243,95,114
1778698802.910418,17,0.737515,0.915343,0.675079,1.1374,-0.5027,1.3005,0.000,-18.219,-169.697,0,1,564,209,103,106
1778698802.910418,2,0.956804,0.896691,0.857957,0.9593,0.3966,1.3625,0.000,0.942,-141.850,0,1,45,154,90,128
1778698802.910418,0,0.798800,0.999674,0.798539,1.0830,-0.0093,1.2314,0.000,-2.677,145.037,0,1,302,243,95,114
1778698802.910418,17,0.730726,0.915343,0.668865,1.1374,-0.5027,1.3005,0.000,-17.736,-168.631,0,1,564,210,104,106
1778698802.910418,2,0.954693,0.896691,0.856064,0.9593,0.3966,1.3625,0.000,0.225,-141.982,0,1,45,154,90,128
1778698802.910418,0,0.800157,0.999674,0.799896,1.0830,-0.0093,1.2314,0.000,-2.677,145.037,0,1,302,243,95,113
1778698802.910418,17,0.740671,0.915404,0.678013,1.1374,-0.5027,1.3005,0.000,-17.736,-168.631,0,1,564,210,104,106
1778698802.910418,2,0.955831,0.896691,0.857085,0.9593,0.3966,1.3625,0.000,0.225,-141.982,0,1,45,154,90,128
1778698803.077217,0,0.797936,0.999674,0.797675,1.0830,-0.0093,1.2314,0.000,-2.412,144.898,0,1,302,243,95,113
1778698803.077217,17,0.732025,0.915404,0.670099,1.1376,-0.5027,1.2986,0.000,-18.112,-168.956,0,1,563,210,105,107
1778698803.077217,2,0.954132,0.896691,0.855561,0.9613,0.3975,1.3630,0.000,-0.116,-142.183,0,1,45,154,90,128
1778698803.077217,0,0.797216,0.999674,0.796956,1.0830,-0.0093,1.2314,0.000,-2.412,144.898,0,1,302,243,95,114
1778698803.077217,17,0.738390,0.915992,0.676359,1.1376,-0.5027,1.2986,0.000,-18.112,-168.956,0,1,564,209,104,107
1778698803.077217,2,0.955640,0.896691,0.856913,0.9613,0.3975,1.3630,0.000,-0.116,-142.183,0,1,45,155,90,126
1778698803.277432,0,0.800117,0.999674,0.799856,1.0860,-0.0092,1.2316,0.000,-2.614,145.153,0,1,302,243,95,114
1778698803.277432,17,0.733197,0.915343,0.671127,1.1374,-0.5027,1.3005,0.000,-17.224,-168.543,0,1,563,210,103,107
1778698803.277432,2,0.956578,0.896691,0.857755,0.9593,0.3966,1.3625,0.000,0.078,-142.672,0,1,45,154,90,128
1778698803.344152,0,0.796679,0.999674,0.796419,1.0800,-0.0093,1.2311,0.000,-2.802,144.858,0,1,302,243,95,114
1778698803.344152,17,0.729034,0.915992,0.667789,1.1406,-0.5021,1.2991,0.000,-18.120,-168.563,0,1,563,210,105,105
1778698803.344152,2,0.952340,0.896691,0.853954,0.9593,0.3966,1.3625,0.000,0.074,-141.498,0,1,45,154,90,128
1778698803.410888,0,0.795974,0.999674,0.795714,1.0830,-0.0093,1.2314,0.000,-2.768,144.782,0,1,302,243,95,114
1778698803.410888,17,0.740705,0.915992,0.678480,1.1376,-0.5008,1.2986,0.000,-16.922,-168.979,0,1,563,210,103,106
1778698803.410888,2,0.949570,0.896691,0.851470,0.9613,0.3975,1.3630,0.000,-0.108,-140.957,0,1,45,154,90,128
1778698803.477621,0,0.798028,0.999674,0.797767,1.0800,-0.0093,1.2311,0.000,-2.566,144.939,0,1,302,243,95,114
1778698803.477621,17,0.736308,0.915931,0.674407,1.1374,-0.5008,1.3005,0.000,-17.441,-168.937,0,1,563,209,103,107
1778698803.477621,2,0.950001,0.896691,0.851857,0.9613,0.3975,1.3630,0.000,-0.127,-141.087,0,1,45,154,90,128
1778698803.544389,0,0.799068,0.999674,0.798807,1.0800,-0.0093,1.2311,0.000,-2.529,145.032,0,1,302,243,95,114
1778698803.544389,17,0.738803,0.915931,0.676692,1.1374,-0.5008,1.3005,0.000,-16.954,-168.870,0,1,563,209,103,107
1778698803.544389,2,0.954334,0.896691,0.855743,0.9593,0.3966,1.3625,0.000,0.194,-141.915,0,1,45,154,90,128
1778698803.544389,0,0.794286,0.999674,0.794027,1.0800,-0.0093,1.2311,0.000,-2.529,145.032,0,1,302,243,95,113
1778698803.544389,17,0.733626,0.916051,0.672039,1.1374,-0.5008,1.3005,0.000,-16.954,-168.870,0,1,563,211,105,107
1778698803.544389,2,0.948663,0.896691,0.850657,0.9593,0.3966,1.3625,0.000,0.194,-141.915,0,1,45,154,90,130
1778698803.644497,0,0.792926,0.999674,0.792668,1.0800,-0.0093,1.2311,-0.000,-2.833,144.633,0,1,302,243,95,114
1778698803.644497,17,0.746071,0.915404,0.682957,1.1378,-0.5008,1.2967,-0.000,-17.722,-168.701,0,1,564,210,103,107
1778698803.644497,2,0.953075,0.896691,0.854613,0.9613,0.3975,1.3630,0.000,-0.127,-140.746,0,1,45,154,90,128
1778698803.777944,0,0.799026,0.999674,0.798765,1.0800,-0.0093,1.2311,-0.000,-2.466,145.015,0,1,302,243,95,114
1778698803.777944,17,0.736457,0.915992,0.674588,1.1406,-0.5021,1.2991,0.000,-17.558,-168.961,0,1,563,210,103,106
1778698803.777944,2,0.955900,0.896509,0.856973,0.9592,0.3966,1.3641,0.000,0.243,-142.389,0,1,45,153,90,129
1778698803.777944,0,0.798560,0.999674,0.798300,1.0800,-0.0093,1.2311,-0.000,-2.466,145.015,0,0,302,243,95,113
1778698803.777944,17,0.733831,0.915404,0.671752,1.1406,-0.5021,1.2991,0.000,-17.558,-168.961,0,0,564,210,104,107
1778698803.777944,2,0.952482,0.896691,0.854082,0.9592,0.3966,1.3641,0.000,0.243,-142.389,0,0,45,154,90,128
1778698803.844682,0,0.799418,0.999674,0.799157,1.0800,-0.0093,1.2311,-0.000,-2.546,145.070,0,0,302,243,95,114
1778698803.844682,17,0.740040,0.915404,0.677436,1.1376,-0.5027,1.2986,0.000,-16.963,-169.017,0,0,564,210,104,107
1778698803.844682,2,0.957197,0.896691,0.858309,0.9613,0.3975,1.3630,0.000,0.351,-142.557,0,0,45,154,90,128
1778698803.844682,0,0.799204,0.999674,0.798943,1.0800,-0.0093,1.2311,-0.000,-2.546,145.070,0,0,302,243,95,114
1778698803.844682,17,0.741700,0.915931,0.679346,1.1376,-0.5027,1.2986,0.000,-16.963,-169.017,0,0,563,209,103,107
1778698803.844682,2,0.949831,0.896691,0.851704,0.9613,0.3975,1.3630,0.000,0.351,-142.557,0,0,45,154,90,128
1778698804.011533,0,0.797069,0.999695,0.796826,1.0770,-0.0094,1.2308,-0.000,-2.424,145.024,0,0,302,242,95,113
1778698804.011533,17,0.731023,0.915992,0.669611,1.1404,-0.5021,1.3009,0.000,-16.596,-168.936,0,0,563,210,103,107
1778698804.011533,2,0.957696,0.896093,0.858184,0.9593,0.3966,1.3625,0.000,-0.065,-140.983,0,0,44,154,89,128
1778698804.078269,0,0.799332,0.999674,0.799071,1.0768,-0.0094,1.2326,0.000,-2.493,144.850,0,0,302,243,95,114
1778698804.078269,17,0.729555,0.916051,0.668310,1.1406,-0.5021,1.2991,0.000,-17.139,-168.108,0,0,563,211,104,106
1778698804.078269,2,0.956024,0.896870,0.857429,0.9593,0.3981,1.3625,0.000,0.152,-142.827,0,0,45,155,90,126
1778698804.144989,0,0.796512,0.999674,0.796252,1.0770,-0.0094,1.2308,0.000,-2.741,145.103,0,0,302,243,95,114
1778698804.144989,17,0.738267,0.916051,0.676290,1.1407,-0.5021,1.2972,0.000,-17.620,-168.204,0,0,564,210,105,109
1778698804.144989,2,0.957355,0.896870,0.858624,0.9615,0.3975,1.3614,0.000,-0.437,-142.995,0,0,45,155,90,126
1778698804.144989,0,0.801483,0.999674,0.801221,1.0770,-0.0094,1.2308,0.000,-2.731,144.826,0,0,302,243,95,113
1778698804.144989,17,0.725748,0.915992,0.664779,1.1407,-0.5021,1.2972,-0.000,-17.844,-169.280,0,0,563,210,103,107
1778698804.144989,2,0.953134,0.896870,0.854837,0.9615,0.3975,1.3614,0.000,0.210,-142.664,0,0,45,155,90,126
1778698804.311816,0,0.795696,0.999674,0.795437,1.0770,-0.0094,1.2308,0.000,-2.571,144.714,0,0,303,243,96,114
1778698804.311816,17,0.733049,0.915992,0.671467,1.1406,-0.5021,1.2991,0.000,-17.687,-168.688,0,0,563,210,103,106
1778698804.311816,2,0.959717,0.896870,0.860741,0.9634,0.3984,1.3619,-0.000,0.873,-142.657,0,0,45,155,90,125
1778698804.445279,0,0.793555,0.999674,0.793296,1.0770,-0.0094,1.2308,-0.000,-2.346,144.462,1,1,302,243,95,114
1778698804.445279,17,0.733192,0.915992,0.671598,1.1406,-0.5021,1.2991,-0.000,-17.239,-168.400,0,1,563,210,103,106
1778698804.445279,2,0.957662,0.896870,0.858898,0.9595,0.3966,1.3609,0.000,0.363,-142.590,0,1,45,155,90,126
1778698806.514061,0,0.795396,0.999950,0.795356,1.0616,-0.0377,1.2347,0.000,-2.472,143.110,0,1,318,240,95,113
1778698806.514061,2,0.948602,0.900875,0.854572,0.9657,0.3871,1.3690,-0.000,0.579,-141.034,0,1,53,151,106,129
1778698806.514061,17,0.699967,0.902478,0.631704,1.1228,-0.5357,1.3059,-0.000,-14.989,-165.854,0,1,585,205,103,105
1778698806.514061,0,0.791802,0.999950,0.791762,1.0616,-0.0377,1.2347,-0.000,-2.021,142.671,0,1,319,240,96,114
1778698806.514061,2,0.946473,0.900875,0.852654,0.9657,0.3871,1.3690,0.000,0.115,-140.943,0,1,53,151,106,129
1778698806.514061,17,0.697410,0.902478,0.629397,1.1228,-0.5357,1.3059,-0.000,-14.661,-165.441,0,1,586,206,102,106
1778698806.514061,0,0.798249,0.999938,0.798199,1.0616,-0.0377,1.2347,-0.000,-2.021,142.671,0,1,318,240,95,113
1778698806.514061,2,0.949222,0.900875,0.855131,0.9657,0.3871,1.3690,0.000,0.115,-140.943,0,1,53,151,106,129
1778698806.514061,17,0.692685,0.901934,0.624756,1.1228,-0.5357,1.3059,-0.000,-14.661,-165.441,0,1,586,206,100,106
1778698806.714292,0,0.792793,0.999938,0.792743,1.0705,-0.0395,1.2356,0.000,-2.573,142.779,0,1,319,240,96,114
1778698806.714292,2,0.948012,0.900875,0.854041,0.9657,0.3871,1.3690,0.000,0.484,-140.976,0,1,53,151,106,129
1778698806.714292,17,0.697046,0.902478,0.629068,1.1228,-0.5357,1.3059,0.000,-14.067,-165.101,0,1,585,205,102,106
1778698806.714292,0,0.794324,0.999938,0.794274,1.0705,-0.0395,1.2356,0.000,-2.573,142.779,0,1,319,240,96,113
1778698806.714292,2,0.946806,0.900875,0.852955,0.9657,0.3871,1.3690,0.000,0.484,-140.976,0,1,53,151,106,129
1778698806.714292,17,0.687500,0.902546,0.620500,1.1228,-0.5357,1.3059,0.000,-14.067,-165.101,0,1,585,206,102,103
1778698806.781030,0,0.799259,0.999938,0.799209,1.0795,-0.0395,1.2364,0.000,-2.429,143.375,0,1,319,240,96,114
1778698806.781030,2,0.948203,0.900875,0.854212,0.9677,0.3880,1.3695,0.000,0.162,-141.325,0,1,53,151,106,129
1778698806.781030,17,0.698959,0.902546,0.630842,1.1230,-0.5357,1.3040,0.000,-14.237,-165.310,0,1,585,206,102,106
1778698806.881138,0,0.792469,0.999938,0.792419,1.0884,-0.0396,1.2372,0.000,-2.420,142.716,0,1,316,243,95,115
1778698806.881138,2,0.944508,0.900875,0.850884,0.9677,0.3880,1.3695,0.000,0.950,-139.757,0,1,52,153,104,132
1778698806.881138,17,0.700037,0.902546,0.631815,1.1230,-0.5357,1.3040,-0.000,-14.012,-165.295,0,1,583,208,100,101
1778698807.014596,0,0.787955,0.999910,0.787884,1.0740,-0.0342,1.2306,0.000,-2.393,142.525,0,1,315,244,96,115
1778698807.014596,2,0.944655,0.900437,0.850603,0.9634,0.3889,1.3619,0.000,0.289,-139.886,0,1,51,155,102,130
1778698807.014596,17,0.702483,0.905234,0.635911,1.1207,-0.5268,1.2962,0.000,-14.322,-165.143,0,1,581,210,102,105
1778698807.081335,0,0.796850,0.999885,0.796759,1.0802,-0.0289,1.2293,0.000,-2.170,143.618,0,1,313,244,96,115
1778698807.081335,2,0.675890,0.907217,0.613179,1.1183,-0.5199,1.2902,-0.000,-15.936,-163.131,0,1,578,213,97,106
1778698807.081335,17,0.950676,0.899846,0.855461,0.9664,0.3919,1.3626,-0.000,0.284,-141.243,0,1,50,155,100,132
1778698807.081335,0,0.802136,0.999885,0.802044,1.0802,-0.0289,1.2293,0.000,-2.718,144.244,0,1,306,243,97,114
1778698807.081335,2,0.951759,0.899846,0.856436,0.9664,0.3919,1.3626,0.000,0.053,-141.741,0,1,46,154,92,128
1778698807.081335,17,0.684099,0.907217,0.620626,1.1183,-0.5199,1.2902,0.000,-15.222,-163.511,0,1,571,210,100,102
1778698807.181459,0,0.791616,0.999803,0.791460,1.0830,-0.0164,1.2314,0.000,-2.934,143.994,0,1,305,243,97,113
1778698807.181459,2,0.951716,0.897287,0.853963,0.9613,0.3959,1.3630,0.000,0.264,-141.240,0,1,45,154,91,128
1778698807.181459,17,0.705917,0.911256,0.643272,1.1306,-0.5128,1.2976,0.000,-13.486,-164.236,0,1,570,211,102,105
1778698807.314945,0,0.800114,0.999750,0.799914,1.1011,-0.0143,1.2311,0.000,-2.678,144.843,0,1,305,244,96,114
1778698807.314945,2,0.702869,0.911967,0.640993,1.1280,-0.5095,1.2935,0.000,-15.726,-164.917,0,1,570,212,102,106
1778698807.314945,17,0.952368,0.896870,0.854150,0.9615,0.3975,1.3614,-0.000,0.362,-141.146,0,1,45,155,90,130
1778698807.314945,0,0.799907,0.999750,0.799707,1.1011,-0.0143,1.2311,0.000,-2.678,144.843,0,1,304,244,95,114
1778698807.314945,17,0.681178,0.911967,0.621211,1.1280,-0.5095,1.2935,0.000,-15.726,-164.917,0,1,570,214,97,105
1778698807.314945,2,0.955224,0.896870,0.856712,0.9615,0.3975,1.3614,-0.000,0.362,-141.146,0,1,45,154,90,128
1778698807.415061,0,0.800802,0.999720,0.800578,1.1051,-0.0124,1.2314,0.000,-2.832,145.044,0,1,304,244,96,114
1778698807.415061,17,0.662838,0.912072,0.604556,1.1245,-0.5077,1.2892,-0.000,-18.020,-162.349,0,1,570,212,98,105
1778698807.415061,2,0.952349,0.896691,0.853962,0.9613,0.3975,1.3630,0.000,0.012,-141.563,0,1,44,154,89,128
1778698807.548544,0,0.794765,0.999720,0.794543,1.1011,-0.0125,1.2311,0.000,-3.192,144.534,0,1,305,243,96,115
1778698807.548544,17,0.663387,0.911967,0.604986,1.1280,-0.5095,1.2935,0.000,-17.272,-162.113,0,1,569,213,96,103
1778698807.548544,2,0.955936,0.896272,0.856778,0.9615,0.3991,1.3614,0.000,-0.047,-142.439,0,1,44,155,89,126
1778698807.548544,0,0.841567,0.999904,0.841486,1.1011,-0.0125,1.2311,0.000,-3.192,144.534,0,1,307,238,96,117
1778698807.548544,17,0.671281,0.912616,0.612621,1.1280,-0.5095,1.2935,0.000,-17.272,-162.113,0,1,569,213,98,106
1778698807.548544,2,0.956871,0.896272,0.857617,0.9615,0.3991,1.3614,0.000,-0.047,-142.439,0,1,44,155,89,125
1778698807.615271,0,0.862086,0.999904,0.862003,1.0941,-0.0180,1.2414,-0.000,-6.163,152.564,0,1,308,237,96,115
1778698807.615271,17,0.635533,0.912616,0.579997,1.1282,-0.5077,1.2916,0.000,-18.351,-160.075,0,1,569,214,96,103
1778698807.615271,2,0.956558,0.896272,0.857336,0.9615,0.3991,1.3614,0.000,0.367,-142.179,0,1,44,155,89,125
1778698807.782114,0,0.906045,0.999932,0.905983,1.0939,-0.0198,1.2431,0.000,-4.791,157.828,0,1,309,236,96,115
1778698807.782114,17,0.662299,0.912667,0.604458,1.1245,-0.5059,1.2892,0.000,-16.890,-161.617,0,1,569,215,98,103
1778698807.782114,2,0.958531,0.896272,0.859104,0.9595,0.3981,1.3609,0.000,0.572,-142.531,0,1,44,155,89,125
1778698807.848851,0,0.976005,0.999938,0.975945,1.0855,-0.0235,1.2369,0.000,-2.228,170.336,0,1,310,240,97,115
1778698807.848851,17,0.668488,0.912667,0.610107,1.1245,-0.5059,1.2892,-0.000,-17.545,-162.521,0,1,569,214,100,106
1778698807.848851,2,0.960527,0.895673,0.860318,0.9595,0.3997,1.3609,0.000,0.373,-143.255,0,1,43,155,87,125
1778698807.848851,0,0.986929,0.999938,0.986867,1.0855,-0.0235,1.2369,0.000,-2.228,170.336,0,1,311,241,97,117
1778698807.848851,17,0.653133,0.912667,0.596093,1.1245,-0.5059,1.2892,-0.000,-17.545,-162.521,0,1,569,213,98,105
1778698807.848851,2,0.955715,0.895673,0.856008,0.9595,0.3997,1.3609,0.000,0.373,-143.255,0,1,44,155,88,124
1778698807.948922,0,0.993786,0.999935,0.993721,1.0886,-0.0253,1.2354,-0.000,-1.095,179.021,0,1,312,243,98,115
1778698807.948922,17,0.678416,0.912616,0.619133,1.1243,-0.5059,1.2910,0.000,-17.489,-163.463,0,1,568,213,97,106
1778698807.948922,2,0.959386,0.896272,0.859871,0.9615,0.3991,1.3614,0.000,0.679,-142.669,0,1,44,155,88,124
1778698807.948922,0,0.944111,0.999904,0.944020,1.0886,-0.0253,1.2354,-0.000,-1.095,179.021,0,1,315,241,96,115
1778698807.948922,17,0.681472,0.913210,0.622327,1.1243,-0.5059,1.2910,0.000,-17.489,-163.463,0,1,569,213,98,106
1778698807.948922,2,0.960109,0.896272,0.860518,0.9615,0.3991,1.3614,0.000,0.679,-142.669,0,1,44,155,88,126
1778698808.082399,0,0.921337,0.999953,0.921294,1.0946,-0.0324,1.2360,0.000,-2.810,-158.583,0,1,315,240,96,115
1778698808.082399,17,0.683359,0.912616,0.623644,1.1282,-0.5077,1.2916,0.000,-16.935,-163.613,0,1,568,212,98,103
1778698808.082399,2,0.963315,0.896272,0.863392,0.9615,0.3991,1.3614,-0.000,0.971,-143.556,0,1,43,155,87,126
1778698808.082399,0,0.909452,0.999968,0.909423,1.0946,-0.0324,1.2360,0.000,-2.810,-158.583,0,1,315,240,95,114
1778698808.082399,17,0.672224,0.913156,0.613845,1.1282,-0.5077,1.2916,0.000,-16.935,-163.613,0,1,568,212,98,105
1778698808.082399,2,0.958972,0.895673,0.858925,0.9615,0.3991,1.3614,-0.000,0.971,-143.556,0,1,44,155,88,126
1778698808.149173,0,0.835716,0.999968,0.835690,1.0914,-0.0324,1.2375,0.000,-2.914,-156.854,0,1,317,243,95,114
1778698808.149173,17,0.651663,0.913156,0.595070,1.1280,-0.5058,1.2935,-0.000,-17.919,-163.113,0,1,567,214,103,103
1778698808.149173,2,0.957990,0.896272,0.858619,0.9615,0.4007,1.3614,0.000,0.033,-143.162,0,1,44,155,89,125
1778698808.349388,0,0.833225,0.999904,0.833145,1.0920,-0.0360,1.2321,-0.000,-1.730,-147.324,0,1,317,243,95,114
1778698808.349388,17,0.699374,0.913854,0.639125,1.1284,-0.5039,1.2897,0.000,-17.112,-164.999,0,1,567,212,102,106
1778698808.349388,2,0.957099,0.896272,0.857821,0.9615,0.3991,1.3614,0.000,-0.705,-143.559,0,1,44,155,89,126
1778698808.416127,0,0.835461,0.999879,0.835360,1.0921,-0.0360,1.2303,0.000,-2.475,-147.702,0,1,317,244,95,110
1778698808.416127,17,0.664244,0.914446,0.607415,1.1314,-0.5034,1.2902,0.000,-19.355,-162.917,0,1,566,214,103,106
1778698808.416127,2,0.954913,0.896272,0.855862,0.9615,0.3991,1.3614,0.000,0.403,-141.689,0,1,44,155,88,125
1778698808.482821,0,0.852716,0.999968,0.852689,1.0884,-0.0324,1.2372,0.000,-4.461,-150.058,0,0,315,240,95,113
1778698808.482821,17,0.698009,0.913749,0.637805,1.1280,-0.5039,1.2935,0.000,-15.942,-164.333,0,0,567,212,102,107
1778698808.482821,2,0.956704,0.896272,0.857467,0.9615,0.3991,1.3614,0.000,0.982,-141.617,0,0,44,155,88,124
1778698808.549560,0,0.869539,0.999981,0.869523,1.0883,-0.0324,1.2390,0.000,-3.901,-151.908,0,0,315,239,95,115
1778698808.549560,17,0.688454,0.913803,0.629111,1.1282,-0.5039,1.2916,0.000,-17.743,-164.388,0,0,567,213,103,105
1778698808.549560,2,0.958143,0.896272,0.858756,0.9615,0.3991,1.3614,-0.000,-0.003,-143.042,0,0,44,155,89,125
1778698808.616271,0,0.869072,0.999968,0.869045,1.0884,-0.0307,1.2372,0.000,-3.883,-151.712,0,0,314,240,95,114
1778698808.616271,17,0.677952,0.913803,0.619514,1.1282,-0.5039,1.2916,0.000,-18.866,-164.060,0,0,567,213,102,105
1778698808.616271,2,0.966455,0.897223,0.867126,0.9618,0.3975,1.3583,0.000,0.588,-144.965,0,0,45,157,90,122
1778698808.616271,0,0.868510,0.999968,0.868482,1.0884,-0.0307,1.2372,0.000,-3.883,-151.712,0,0,313,241,95,113
1778698808.616271,17,0.684336,0.913803,0.625348,1.1282,-0.5039,1.2916,0.000,-18.866,-164.060,0,0,567,214,102,105
1778698808.616271,2,0.956058,0.897223,0.857797,0.9618,0.3975,1.3583,0.000,0.588,-144.965,0,0,45,156,90,125
1778698808.716384,0,0.877239,0.999950,0.877195,1.0886,-0.0289,1.2354,0.000,-2.413,-152.148,0,0,313,241,96,114
1778698808.716384,17,0.666754,0.913854,0.609316,1.1284,-0.5039,1.2897,0.000,-19.255,-163.173,0,0,566,213,103,106
1778698808.716384,2,0.956415,0.897048,0.857950,0.9616,0.3975,1.3598,0.000,-0.183,-142.727,0,0,44,155,89,125
1778698808.849861,0,0.885112,0.999950,0.885068,1.0886,-0.0289,1.2354,0.000,-2.656,-153.210,0,0,313,240,96,114
1778698808.849861,17,0.680788,0.914394,0.622509,1.1312,-0.5034,1.2920,0.000,-18.513,-164.035,0,0,566,213,103,105
1778698808.849861,2,0.957944,0.895673,0.858004,0.9595,0.3997,1.3609,0.000,0.042,-142.838,0,0,43,155,87,125
1778698808.849861,0,0.887083,0.999965,0.887052,1.0884,-0.0289,1.2372,0.000,-3.515,-153.766,0,0,311,240,96,114
1778698808.849861,17,0.670803,0.914394,0.613379,1.1312,-0.5034,1.2920,0.000,-18.777,-163.252,0,0,566,213,103,105
1778698808.849861,2,0.959395,0.895673,0.859304,0.9595,0.3997,1.3609,0.000,0.497,-142.774,0,0,44,155,89,125
1778698808.949951,0,0.886982,0.999950,0.886938,1.0855,-0.0253,1.2369,0.000,-3.661,-153.600,0,0,311,240,96,114
1778698808.949951,17,0.684283,0.914394,0.625705,1.1282,-0.5021,1.2916,-0.000,-17.373,-163.700,0,0,567,213,102,106
1778698808.949951,2,0.955211,0.896272,0.856129,0.9615,0.3991,1.3614,0.000,1.290,-140.948,0,0,44,156,89,124
1778698809.016707,0,0.892302,0.999950,0.892257,1.0855,-0.0253,1.2369,0.000,-2.841,-154.034,0,0,311,241,96,114
1778698809.016707,17,0.687810,0.913803,0.628523,1.1282,-0.5039,1.2916,0.000,-15.244,-162.966,0,0,567,213,100,106
1778698809.016707,2,0.958808,0.896449,0.859522,0.9597,0.3981,1.3594,0.000,0.728,-142.366,0,0,44,155,89,125
1778698809.150186,0,0.906548,0.999867,0.906427,1.0860,-0.0217,1.2316,0.000,-2.273,-155.525,0,0,309,243,95,114
1778698809.150186,17,0.699707,0.913803,0.639394,1.1282,-0.5039,1.2916,0.000,-15.991,-164.461,0,0,567,213,102,106
1778698809.150186,2,0.961638,0.896272,0.861889,0.9595,0.3981,1.3609,-0.000,0.142,-143.976,0,0,44,155,89,126
1778698809.216918,0,0.906784,0.999867,0.906664,1.0860,-0.0217,1.2316,0.000,-2.589,-155.656,0,0,309,243,95,114
1778698809.216918,17,0.693006,0.913803,0.633270,1.1282,-0.5039,1.2916,0.000,-16.060,-163.870,0,0,567,213,102,107
1778698809.216918,2,0.954125,0.896272,0.855156,0.9615,0.3991,1.3614,0.000,0.897,-141.016,0,0,44,155,88,125
1778698809.283643,0,0.908347,0.999889,0.908246,1.0858,-0.0217,1.2334,0.000,-2.457,-155.869,0,0,309,242,96,115
1778698809.283643,17,0.690426,0.913210,0.630504,1.1282,-0.5058,1.2916,0.000,-16.977,-164.216,0,0,568,213,100,106
1778698809.283643,2,0.959472,0.896272,0.859948,0.9615,0.3991,1.3614,0.000,0.193,-143.225,0,0,44,155,89,126
1778698809.350395,0,0.904204,0.999889,0.904103,1.0858,-0.0217,1.2334,-0.000,-2.777,-155.382,0,0,309,242,96,115
1778698809.350395,17,0.705245,0.913210,0.644037,1.1282,-0.5058,1.2916,0.000,-16.815,-165.536,0,0,568,213,102,107
1778698809.350395,2,0.957182,0.896272,0.857895,0.9615,0.3991,1.3614,-0.000,0.087,-142.656,0,0,44,155,88,125
1778698809.417133,0,0.909109,0.999870,0.908991,1.0888,-0.0199,1.2337,0.000,-2.261,-155.816,0,0,308,242,95,115
1778698809.417133,17,0.705300,0.913156,0.644049,1.1280,-0.5058,1.2935,0.000,-16.933,-165.674,0,0,568,212,102,107
1778698809.417133,2,0.955292,0.896272,0.856201,0.9615,0.3991,1.3614,0.000,0.328,-141.867,0,0,44,155,88,125
1778698809.483852,0,0.910632,0.999870,0.910513,1.0858,-0.0199,1.2334,0.000,-2.778,-156.206,0,0,308,242,96,115
1778698809.483852,17,0.711748,0.912667,0.649589,1.1245,-0.5059,1.2892,0.000,-17.087,-166.348,0,0,569,214,102,107
1778698809.483852,2,0.957649,0.896272,0.858314,0.9615,0.3991,1.3614,0.000,0.503,-142.348,0,0,44,155,88,126
1778698809.550565,0,0.928172,0.999870,0.928052,1.0858,-0.0199,1.2334,0.000,-1.949,-158.629,0,0,308,242,96,117
1778698809.550565,17,0.708415,0.913210,0.646931,1.1282,-0.5058,1.2916,0.000,-15.472,-165.084,0,0,568,213,102,107
1778698809.550565,2,0.959468,0.897048,0.860689,0.9616,0.3975,1.3598,0.000,0.252,-143.156,0,0,45,156,90,125
1778698809.650673,0,0.931270,0.999849,0.931129,1.0828,-0.0182,1.2331,0.000,-1.734,-158.964,0,0,307,242,95,117
1778698809.650673,17,0.710298,0.913803,0.649073,1.1282,-0.5039,1.2916,0.000,-15.747,-165.333,0,0,567,213,103,107
1778698809.650673,2,0.962682,0.897048,0.863572,0.9616,0.3975,1.3598,0.000,0.117,-144.345,0,0,45,156,90,124
1778698809.750774,0,0.932664,0.999849,0.932523,1.0798,-0.0182,1.2329,0.000,-1.697,-159.184,0,0,307,242,97,115
1778698809.750774,17,0.702883,0.913803,0.642297,1.1282,-0.5039,1.2916,0.000,-15.629,-164.563,0,0,567,213,102,109
1778698809.750774,2,0.959203,0.896272,0.859707,0.9634,0.4000,1.3619,0.000,-0.103,-143.487,0,0,44,155,89,125
1778698809.750774,0,0.944865,0.999849,0.944722,1.0798,-0.0182,1.2329,0.000,-0.525,-160.940,0,0,307,242,97,115
1778698809.750774,17,0.697803,0.913803,0.637654,1.1282,-0.5039,1.2916,0.000,-17.540,-165.163,0,0,568,215,98,109
1778698809.750774,2,0.956602,0.896272,0.857375,0.9634,0.4000,1.3619,-0.000,-0.302,-142.920,0,0,44,156,89,126
1778698809.850880,0,0.945869,0.999849,0.945726,1.0828,-0.0182,1.2331,-0.000,-0.656,-161.166,0,1,307,241,97,117
1778698809.850880,17,0.690388,0.913310,0.630538,1.1286,-0.5058,1.2879,0.000,-16.738,-163.958,1,1,568,214,98,109
1778698809.850880,2,0.970110,0.896449,0.869654,0.9616,0.3991,1.3598,0.000,1.842,-144.773,0,1,45,156,90,125
1778698811.886347,0,0.960618,0.967504,0.929402,1.0438,-0.0456,1.2090,0.000,-2.296,-165.702,0,1,164,263,106,122
1778698811.886347,17,0.832576,0.984818,0.819936,1.0892,-0.5157,1.2697,0.000,-13.271,-177.607,0,1,411,239,88,106
1778698811.986447,0,0.960525,0.964243,0.926180,1.0596,-0.0193,1.2053,0.000,-2.852,-164.283,0,1,160,262,106,121
1778698811.986447,18,0.835665,0.987344,0.825089,1.1047,-0.4862,1.2590,0.000,-14.416,-176.760,0,1,406,240,90,106
1778698812.053174,19,0.950309,0.964243,0.916329,1.0596,-0.0193,1.2053,0.000,-2.168,-161.900,0,1,147,263,107,120
1778698812.053174,0,0.842543,0.990394,0.834450,1.1506,-0.4796,1.2634,0.000,-13.723,-175.997,0,1,394,240,88,103
1778698812.053174,0,0.960220,0.958453,0.920326,1.0710,0.0146,1.1978,0.000,-1.427,-161.621,0,1,144,263,110,122
1778698812.053174,20,0.833975,0.990394,0.825964,1.1576,-0.4661,1.2560,-0.000,-14.501,-174.430,0,1,390,239,88,106
1778698812.153282,0,0.961155,0.954686,0.917601,1.1005,0.0294,1.1975,0.000,-1.396,-161.048,0,1,139,264,108,118
1778698812.153282,21,0.833782,0.992188,0.827269,1.1926,-0.4619,1.2571,0.000,-15.506,-174.285,0,1,386,241,88,101
1778698812.153282,22,0.960597,0.954686,0.917069,1.1005,0.0294,1.1975,0.000,-1.396,-161.048,0,1,135,260,110,122
1778698812.153282,0,0.834447,0.992188,0.827928,1.1926,-0.4619,1.2571,0.000,-15.506,-174.285,0,1,381,234,88,105
1778698812.253381,0,0.964238,0.954210,0.920085,1.1607,0.0507,1.2077,-0.000,-2.521,-161.337,0,1,137,257,112,121
1778698812.320096,0,0.774563,0.992224,0.768540,1.9511,-0.6954,1.3505,0.000,-3.041,-161.070,0,1,140,255,110,120
1778698812.320096,25,0.775436,0.992224,0.769406,1.9511,-0.6954,1.3505,0.000,-3.041,-161.070,0,1,145,253,108,121
1778698812.420182,0,0.963206,0.959516,0.924211,1.1711,0.0673,1.2171,0.000,-1.536,-160.093,0,1,148,253,108,122
1778698812.420182,0,0.965280,0.959516,0.926202,1.1711,0.0673,1.2171,0.000,-1.522,-160.567,0,1,151,251,108,121
1778698812.520290,0,0.967188,0.962282,0.930707,1.1811,0.0716,1.2218,0.000,-1.196,-160.806,0,1,154,251,108,121
1778698812.520290,28,0.832730,0.989068,0.823626,1.9612,-0.6797,1.3749,0.000,-12.963,-171.292,0,1,399,226,88,102
1778698812.520290,0,0.968618,0.962282,0.932083,1.1811,0.0716,1.2218,0.000,-1.166,-161.143,0,1,165,246,106,118
1778698812.520290,29,0.847869,0.989068,0.838600,1.9612,-0.6797,1.3749,0.000,-12.489,-172.950,0,1,409,220,92,107
1778698812.520290,0,0.960721,0.968457,0.930417,1.1811,0.0716,1.2218,0.000,-1.166,-161.143,0,1,168,244,106,120
1778698812.620408,0,0.962645,0.968457,0.932281,1.1712,0.0596,1.2347,-0.000,-1.263,-160.617,0,1,171,243,106,120
1778698812.720526,0,0.770552,0.983675,0.757973,1.9529,-0.6893,1.4080,0.000,-0.885,-160.377,0,1,173,242,106,118
1778698812.720526,0,0.788372,0.983675,0.775502,1.9529,-0.6893,1.4080,0.000,-0.636,-161.993,0,1,181,239,105,120
1778698812.820615,0,0.781635,0.980159,0.766127,1.9450,-0.6994,1.4100,0.000,-0.475,-161.687,0,1,184,240,104,120
1778698812.820615,0,0.776090,0.980159,0.760692,1.9450,-0.6994,1.4100,0.000,-0.147,-161.094,0,1,186,240,105,120
1778698812.887378,0,0.784165,0.979555,0.768132,1.9571,-0.6706,1.4066,0.000,-0.840,-161.103,0,1,194,239,105,118
1778698812.987459,0,0.765001,0.972803,0.744195,1.9518,-0.7082,1.4134,0.000,-0.552,-160.364,0,1,197,240,104,118
1778698812.987459,0,0.774230,0.975614,0.755350,1.9604,-0.6843,1.4134,-0.000,-0.676,-160.514,0,1,199,239,105,118
1778698813.054178,0,0.783891,0.974825,0.764156,1.9677,-0.6671,1.4169,0.000,-0.283,-160.822,0,1,205,240,104,117
1778698813.120917,0,0.782696,0.972965,0.761535,1.9554,-0.6807,1.4153,-0.000,-0.131,-161.153,0,1,210,240,103,117
1778698813.120917,0,0.780482,0.970654,0.757578,1.9554,-0.6807,1.4153,-0.000,-0.131,-161.153,0,1,212,241,103,115
1778698813.254394,0,0.783883,0.968664,0.759319,1.9489,-0.6903,1.4137,-0.000,-0.008,-161.562,0,1,215,241,103,117
1778698813.254394,0,0.788049,0.968664,0.763354,1.9489,-0.6903,1.4137,-0.000,-0.008,-161.562,0,1,218,240,102,117
1778698813.254394,0,0.790625,0.964514,0.762568,1.9573,-0.6665,1.4137,0.000,-0.248,-161.293,0,1,226,241,102,118
1778698813.354502,0,0.790076,0.964514,0.762039,1.9668,-0.6663,1.4137,-0.000,-0.253,-161.400,0,1,229,240,102,117
1778698813.421239,0,0.784402,0.963286,0.755604,1.9559,-0.6729,1.4088,0.000,0.072,-161.049,0,1,231,240,103,117
1778698813.521336,0,0.786454,0.958792,0.754045,1.9623,-0.6829,1.4122,-0.000,0.073,-161.472,0,1,240,241,102,115
1778698813.521336,0,0.787815,0.958792,0.755350,1.9623,-0.6829,1.4122,-0.000,0.073,-161.472,0,1,243,242,100,115
1778698813.621455,0,0.786015,0.956497,0.751821,1.9603,-0.6725,1.4108,0.000,0.503,-161.080,0,1,245,241,102,117
1778698813.621455,0,0.787924,0.956497,0.753647,1.9603,-0.6725,1.4108,0.000,0.301,-161.304,0,1,248,241,100,117
1778698813.688193,0,0.792136,0.955034,0.756517,1.9565,-0.6568,1.4126,0.000,0.413,-161.309,0,1,256,242,98,115
1778698813.721562,0,0.781332,0.950725,0.742832,1.9559,-0.6870,1.4126,-0.000,0.300,-161.130,0,1,259,242,100,114
1778698813.788301,0,0.784222,0.949747,0.744812,1.9654,-0.6663,1.4126,0.000,-0.280,-160.888,0,1,261,241,100,117
1778698813.855032,0,0.961548,0.996723,0.958397,1.1751,0.0518,1.2374,-0.000,-0.643,-160.696,0,1,269,244,98,111
1778698813.855032,0,0.961155,0.996723,0.958006,1.1749,0.0568,1.2374,-0.000,-1.105,-160.529,0,0,271,243,98,115
1778698813.955132,0,0.967827,0.997402,0.965313,1.1239,0.0435,1.2349,0.000,-0.013,-162.202,0,0,274,243,98,114
1778698813.955132,0,0.970833,0.997402,0.968311,1.1239,0.0435,1.2349,0.000,-0.211,-163.029,0,0,277,242,98,115
1778698814.021872,0,0.973051,0.997781,0.970892,1.1207,0.0378,1.2365,0.000,0.770,-163.576,0,0,284,243,98,115
1778698814.088609,0,0.972968,0.998487,0.971496,1.1049,0.0240,1.2333,-0.000,0.458,-164.335,0,0,286,244,97,114
1778698814.088609,37,0.965531,0.934871,0.902647,1.1948,-0.4600,1.2989,-0.000,-7.438,156.173,0,0,532,214,103,111
1778698814.088609,0,0.972435,0.998643,0.971115,1.1049,0.0240,1.2333,-0.000,0.458,-164.335,0,0,289,243,98,113
1778698814.088609,37,0.973268,0.933785,0.908823,1.1948,-0.4600,1.2989,-0.000,-7.438,156.173,0,0,535,214,103,114
1778698814.188719,0,0.974195,0.998916,0.973139,1.0979,0.0145,1.2326,0.000,0.957,-164.993,0,0,297,244,98,114
1778698814.188719,37,0.979801,0.932145,0.913317,1.1760,-0.4626,1.2963,0.000,-3.839,155.828,0,0,544,213,103,115
1778698814.322195,0,0.971481,0.999520,0.971015,1.0892,-0.0038,1.2301,0.000,1.032,-165.244,0,0,299,244,97,111
1778698814.322195,37,0.972103,0.925397,0.899581,1.1510,-0.4759,1.2948,0.000,-5.872,154.717,0,0,547,213,104,117
1778698814.322195,38,0.954953,0.892305,0.852110,0.9562,0.4062,1.3634,-0.000,-0.142,-141.892,0,0,38,153,76,128
1778698814.322195,0,0.973996,0.999520,0.973529,1.0892,-0.0038,1.2301,0.000,0.172,-166.193,0,0,302,244,98,114
1778698814.322195,37,0.963949,0.925397,0.892035,1.1510,-0.4759,1.2948,0.000,-7.912,155.532,0,0,550,213,105,115
1778698814.322195,38,0.945705,0.892305,0.843857,0.9562,0.4062,1.3634,-0.000,-1.180,-140.504,0,0,39,152,79,129
1778698814.422302,0,0.969886,0.999649,0.969546,1.0892,-0.0091,1.2301,0.000,0.124,-165.444,0,0,303,244,98,114
1778698814.422302,37,0.964828,0.923691,0.891203,1.1411,-0.4775,1.2934,0.000,-7.632,154.641,0,0,552,213,105,114
1778698814.422302,38,0.949179,0.892727,0.847358,0.9561,0.4046,1.3650,0.000,-0.786,-141.176,0,0,40,153,81,128
1778698814.555761,0,0.971111,0.999686,0.970806,1.0892,-0.0109,1.2301,0.000,-0.631,-166.158,0,0,307,241,98,117
1778698814.555761,37,0.966447,0.922547,0.891593,1.1381,-0.4800,1.2930,-0.000,-7.232,154.233,0,0,556,214,105,115
1778698814.555761,38,0.959624,0.894894,0.858762,0.9613,0.4023,1.3630,0.000,-0.310,-143.795,0,0,42,154,85,126
1778698814.622481,0,0.970391,0.999849,0.970244,1.0888,-0.0181,1.2337,0.000,-0.518,-166.410,0,0,307,242,97,118
1778698814.622481,37,0.965654,0.920244,0.888637,1.1381,-0.4876,1.2930,0.000,-7.607,154.977,0,0,556,213,106,117
1778698814.622481,38,0.960237,0.895313,0.859712,0.9631,0.4016,1.3651,0.000,-0.766,-144.842,0,0,43,153,86,128
1778698814.622481,0,0.972886,0.999849,0.972739,1.0888,-0.0181,1.2337,0.000,-0.356,-167.000,0,0,307,241,98,117
1778698814.622481,37,0.957119,0.920244,0.880783,1.1381,-0.4876,1.2930,0.000,-9.453,155.532,0,0,556,213,106,117
1778698814.622481,38,0.960353,0.895313,0.859817,0.9631,0.4016,1.3651,0.000,-1.028,-145.285,0,0,43,154,86,126
1778698814.789338,0,0.975116,0.999889,0.975007,1.0886,-0.0199,1.2354,-0.000,-0.429,-167.803,0,0,308,241,98,115
1778698814.789338,37,0.959329,0.920244,0.882816,1.1342,-0.4859,1.2924,0.000,-9.024,155.734,0,0,556,213,107,117
1778698814.789338,38,0.963724,0.895494,0.863009,0.9633,0.4016,1.3635,-0.000,-0.123,-145.076,0,0,43,154,86,126
1778698814.856084,0,0.976159,0.999889,0.976051,1.0856,-0.0199,1.2352,0.000,-0.143,-167.968,0,0,308,241,98,115
1778698814.856084,37,0.955296,0.920244,0.879105,1.1381,-0.4876,1.2930,0.000,-9.815,155.584,0,0,556,213,106,117
1778698814.856084,38,0.959951,0.895313,0.859456,0.9611,0.4007,1.3646,0.000,-0.813,-144.808,0,0,43,153,86,128
1778698814.922822,0,0.975729,0.999904,0.975635,1.0825,-0.0200,1.2367,0.000,0.065,-167.793,0,0,308,240,98,117
1778698814.922822,37,0.955439,0.920244,0.879237,1.1381,-0.4876,1.2930,0.000,-9.811,157.770,0,0,556,213,106,117
1778698814.922822,38,0.954235,0.894894,0.853939,0.9593,0.4013,1.3625,0.000,-0.683,-142.571,0,0,42,154,85,126
1778698814.922822,0,0.976890,0.999904,0.976796,1.0825,-0.0200,1.2367,0.000,0.065,-167.793,0,0,308,240,98,117
1778698814.922822,37,0.960835,0.920244,0.884202,1.1381,-0.4876,1.2930,0.000,-9.811,157.770,0,0,555,213,105,117
1778698814.922822,38,0.957805,0.894894,0.857134,0.9593,0.4013,1.3625,0.000,-0.683,-142.571,0,0,42,154,85,126
1778698814.922822,0,0.975261,0.999889,0.975152,1.0825,-0.0200,1.2367,0.000,0.724,-167.846,0,0,308,241,98,115
1778698814.922822,37,0.961776,0.920821,0.885624,1.1381,-0.4876,1.2930,0.000,-8.728,157.791,0,0,555,213,105,117
1778698814.922822,38,0.959788,0.895494,0.859484,0.9593,0.4013,1.3625,0.000,0.685,-142.109,0,0,43,154,86,128
1778698815.189769,0,0.975253,0.999922,0.975178,1.0855,-0.0217,1.2369,0.000,-0.348,-167.952,0,0,309,240,97,113
1778698815.189769,37,0.957754,0.920244,0.881366,1.1381,-0.4876,1.2930,0.000,-9.368,157.482,0,0,556,213,106,117
1778698815.189769,38,0.960863,0.895673,0.860619,0.9634,0.4016,1.3619,0.000,0.013,-143.786,0,0,43,155,86,126
1778698815.256501,0,0.978573,0.999938,0.978512,1.0855,-0.0235,1.2369,0.000,-0.317,-169.038,0,0,310,240,97,111
1778698815.256501,37,0.956564,0.919664,0.879718,1.1381,-0.4895,1.2930,0.000,-9.612,156.278,0,0,557,213,106,117
1778698815.256501,38,0.962576,0.894894,0.861403,0.9633,0.4032,1.3635,0.000,-0.324,-144.842,0,0,42,154,85,128
1778698815.256501,0,0.979782,0.999938,0.979721,1.0855,-0.0235,1.2369,0.000,-0.036,-169.276,0,0,310,240,97,111
1778698815.256501,37,0.964321,0.919664,0.886851,1.1381,-0.4895,1.2930,0.000,-8.004,156.056,0,0,556,213,105,117
1778698815.256501,38,0.959282,0.894894,0.858456,0.9633,0.4032,1.3635,0.000,-0.659,-144.141,0,0,43,154,87,128
1778698815.356599,0,0.987292,0.999938,0.987230,1.0914,-0.0235,1.2375,-0.000,-0.123,-172.142,0,0,311,241,98,115
1778698815.356599,37,0.965340,0.920244,0.888348,1.1381,-0.4876,1.2930,0.000,-7.763,155.883,0,0,557,213,106,115
1778698815.356599,38,0.959667,0.895494,0.859376,0.9633,0.4016,1.3635,0.000,0.340,-143.121,0,0,43,154,86,125
1778698815.423347,0,0.989346,0.999935,0.989282,1.0916,-0.0253,1.2357,0.000,0.312,-172.810,0,0,310,239,98,117
1778698815.423347,37,0.969799,0.919664,0.891890,1.1381,-0.4895,1.2930,0.000,-6.787,156.902,0,0,556,213,105,117
1778698815.423347,38,0.954359,0.895494,0.854622,0.9613,0.4007,1.3630,0.000,0.762,-141.185,0,0,43,153,86,128
1778698815.423347,0,0.994587,0.999950,0.994537,1.0916,-0.0253,1.2357,0.000,0.312,-172.810,0,0,310,239,98,115
1778698815.423347,37,0.971110,0.920244,0.893657,1.1381,-0.4895,1.2930,0.000,-6.787,156.902,0,0,556,213,105,117
1778698815.423347,38,0.954031,0.895494,0.854329,0.9613,0.4007,1.3630,0.000,0.762,-141.185,0,0,43,154,86,126
1778698815.623524,0,0.993541,0.999922,0.993464,1.1133,-0.0215,1.2395,0.000,0.549,-174.934,0,0,309,240,97,121
1778698815.623524,37,0.953924,0.919664,0.877290,1.1381,-0.4895,1.2930,0.000,-10.129,156.517,0,0,557,213,107,117
1778698815.623524,38,0.958893,0.895494,0.858683,0.9633,0.4016,1.3635,-0.000,0.109,-143.147,0,0,43,154,86,126
1778698815.690260,0,0.994300,0.999922,0.994223,1.1203,-0.0214,1.2401,0.000,1.070,-174.973,0,0,309,240,98,121
1778698815.690260,37,0.955066,0.919664,0.878341,1.1381,-0.4895,1.2930,0.000,-9.894,156.009,0,0,557,213,107,117
1778698815.690260,38,0.953779,0.895494,0.854103,0.9593,0.3997,1.3625,-0.000,0.463,-141.316,0,0,43,154,86,126
1778698815.690260,0,0.993179,0.999922,0.993102,1.1203,-0.0214,1.2401,0.000,-0.096,-175.416,0,0,309,240,98,121
1778698815.690260,37,0.951569,0.919664,0.875124,1.1381,-0.4895,1.2930,-0.000,-10.565,156.191,0,0,557,213,107,115
1778698815.690260,38,0.952969,0.895494,0.853378,0.9593,0.3997,1.3625,0.000,0.609,-140.966,0,0,43,154,86,126
1778698815.790370,0,0.994051,0.999922,0.993974,1.1263,-0.0213,1.2407,0.000,-0.144,177.398,0,0,307,241,97,111
1778698815.790370,37,0.961632,0.919664,0.884379,1.1381,-0.4895,1.2930,0.000,-8.593,156.784,0,0,558,213,106,115
1778698815.790370,38,0.964700,0.895494,0.863883,0.9593,0.3997,1.3625,0.000,0.397,-144.721,0,0,42,154,85,128
1778698815.790370,0,0.985186,0.999842,0.985030,1.1263,-0.0213,1.2407,0.000,-0.144,177.398,0,0,306,241,98,115
1778698815.790370,37,0.961646,0.919084,0.883834,1.1381,-0.4895,1.2930,0.000,-8.593,156.784,0,0,558,213,106,115
1778698815.790370,38,0.963759,0.895072,0.862634,0.9593,0.3997,1.3625,0.000,0.397,-144.721,0,0,42,155,85,126
1778698815.990585,0,0.934834,0.999812,0.934658,1.1390,-0.0118,1.2438,-0.000,-1.064,161.252,0,0,304,239,96,117
1778698815.990585,37,0.960327,0.919664,0.883178,1.1381,-0.4895,1.2930,-0.000,-8.689,159.159,0,0,557,213,105,115
1778698815.990585,38,0.954340,0.895494,0.854606,0.9633,0.4016,1.3635,0.000,-1.062,-143.157,0,0,43,154,86,125
1778698815.990585,0,0.836914,0.999812,0.836757,1.1390,-0.0118,1.2438,0.000,-1.297,148.509,0,0,301,239,97,120
1778698815.990585,37,0.954101,0.919664,0.877452,1.1381,-0.4895,1.2930,0.000,-9.764,160.184,0,0,557,213,106,115
1778698815.990585,38,0.955946,0.895494,0.856044,0.9633,0.4016,1.3635,0.000,0.486,-141.881,0,0,43,154,86,126
1778698816.090713,0,0.831511,0.999701,0.831263,1.1430,-0.0061,1.2441,0.000,-1.735,148.331,0,0,302,239,96,118
1778698816.090713,37,0.950583,0.919664,0.874218,1.1381,-0.4895,1.2930,0.000,-10.433,160.206,0,0,558,213,106,115
1778698816.090713,38,0.957657,0.895494,0.857575,0.9633,0.4016,1.3635,0.000,0.762,-142.081,0,0,42,154,85,126
1778698816.224170,0,0.823312,0.999741,0.823099,1.1430,-0.0079,1.2441,0.000,-0.821,147.191,0,0,302,239,96,117
1778698816.224170,37,0.959212,0.919084,0.881596,1.1381,-0.4914,1.2930,0.000,-8.894,159.269,0,0,558,213,106,115
1778698816.224170,38,0.958158,0.895494,0.858025,0.9593,0.3997,1.3625,0.000,0.319,-142.689,0,0,43,154,86,126
1778698816.290877,37,0.960863,0.919084,0.883113,1.1381,-0.4914,1.2930,0.000,-8.656,158.504,0,0,558,213,105,115
1778698816.290877,0,0.793693,0.999778,0.793517,1.1390,-0.0099,1.2438,0.000,-3.312,144.668,0,0,303,239,94,115
1778698816.290877,38,0.954725,0.894894,0.854378,0.9613,0.4023,1.3630,0.000,0.117,-141.827,0,0,42,154,85,125
1778698816.290877,37,0.791415,0.999778,0.791239,1.1390,-0.0099,1.2438,0.000,-3.033,144.383,0,0,303,238,94,115
1778698816.290877,0,0.958329,0.919084,0.880785,1.1381,-0.4914,1.2930,-0.000,-9.051,159.415,0,0,558,214,105,114
1778698816.290877,38,0.960267,0.894894,0.859337,0.9613,0.4023,1.3630,0.000,0.614,-142.907,0,0,42,154,85,126
1778698816.390999,0,0.964173,0.919136,0.886206,1.1383,-0.4914,1.2911,0.000,-7.977,159.008,0,0,558,213,105,115
1778698816.390999,37,0.789766,0.999787,0.789598,1.1329,-0.0100,1.2451,0.000,-4.137,144.515,0,0,303,238,93,114
1778698816.390999,38,0.959148,0.894894,0.858335,0.9613,0.4023,1.3630,0.000,0.677,-142.505,0,0,43,154,86,126
1778698816.524476,37,0.799610,0.999861,0.799498,1.1283,-0.0138,1.2502,0.000,-4.367,145.419,0,0,305,235,94,110
1778698816.524476,0,0.964825,0.919084,0.886755,1.1381,-0.4914,1.2930,0.000,-7.707,159.222,0,0,558,213,105,115
1778698816.524476,38,0.958079,0.895494,0.857953,0.9633,0.4016,1.3635,0.000,-0.985,-144.270,0,0,43,154,86,126
1778698816.524476,0,0.791468,0.999861,0.791358,1.1283,-0.0138,1.2502,0.000,-4.367,145.419,0,0,305,235,93,109
1778698816.524476,37,0.961227,0.919084,0.883448,1.1381,-0.4914,1.2930,0.000,-7.707,159.222,0,0,558,213,105,115
1778698816.524476,38,0.955395,0.895494,0.855550,0.9633,0.4016,1.3635,0.000,-0.985,-144.270,0,0,43,154,86,125
1778698816.691304,37,0.960111,0.919084,0.882423,1.1381,-0.4914,1.2930,0.000,-8.753,158.970,0,0,558,213,105,115
1778698816.691304,0,0.797276,0.999889,0.797188,1.1323,-0.0156,1.2506,-0.000,-6.009,145.581,0,0,306,235,92,109
1778698816.691304,38,0.959462,0.895494,0.859192,0.9633,0.4016,1.3635,0.000,0.051,-143.392,0,0,43,154,86,125
1778698816.791393,0,0.804757,0.999935,0.804704,1.1355,-0.0194,1.2491,0.000,-5.268,145.868,0,0,308,236,93,111
1778698816.791393,37,0.954728,0.919084,0.877476,1.1381,-0.4914,1.2930,-0.000,-9.698,159.825,0,0,558,213,106,113
1778698816.791393,38,0.946038,0.894894,0.846604,0.9613,0.4023,1.3630,0.000,-1.423,-141.130,0,0,42,154,85,128
1778698816.791393,0,0.806793,0.999935,0.806740,1.1355,-0.0194,1.2491,0.000,-5.355,146.101,0,0,309,236,94,111
1778698816.791393,37,0.956867,0.919084,0.879441,1.1381,-0.4914,1.2930,-0.000,-9.440,158.753,0,0,558,213,105,113
1778698816.791393,38,0.953445,0.894894,0.853232,0.9613,0.4023,1.3630,0.000,-0.545,-142.183,0,0,42,154,85,126
1778698816.958242,0,0.797619,0.999953,0.797581,1.1385,-0.0212,1.2494,-0.000,-5.744,145.196,0,0,309,236,92,110
1778698816.958242,37,0.957779,0.919084,0.880279,1.1381,-0.4914,1.2930,0.000,-9.142,159.536,0,0,558,213,107,114
1778698816.958242,38,0.952159,0.894894,0.852082,0.9593,0.4013,1.3625,-0.000,-0.238,-141.494,0,0,42,154,85,126
1778698817.024986,0,0.792416,0.999944,0.792371,1.1359,-0.0212,1.2453,-0.000,-7.859,145.317,0,0,309,238,92,110
1778698817.024986,37,0.955449,0.919717,0.878743,1.1413,-0.4907,1.2915,-0.000,-9.268,161.520,0,0,557,214,105,114
1778698817.024986,38,0.957808,0.895494,0.857711,0.9633,0.4016,1.3635,0.000,-0.493,-143.530,0,0,43,154,86,126
1778698817.024986,0,0.788620,0.999944,0.788576,1.1359,-0.0212,1.2453,0.000,-7.728,144.890,0,0,308,239,93,110
1778698817.024986,37,0.962371,0.919717,0.885109,1.1413,-0.4907,1.2915,0.000,-8.133,160.311,0,0,557,214,105,114
1778698817.024986,38,0.960227,0.895494,0.859878,0.9633,0.4016,1.3635,0.000,-0.151,-143.887,0,0,42,155,85,126
1778698817.191826,0,0.788913,0.999904,0.788838,1.1392,-0.0193,1.2419,0.000,-7.838,144.985,0,0,308,240,93,110
1778698817.191826,37,0.956545,0.919717,0.879751,1.1383,-0.4895,1.2911,-0.000,-9.396,160.071,0,0,557,214,105,114
1778698817.191826,38,0.958404,0.895673,0.858416,0.9664,0.4031,1.3626,0.000,-0.395,-143.494,0,0,43,155,86,126
1778698817.191826,0,0.799534,0.999750,0.799335,1.1392,-0.0193,1.2419,0.000,-7.838,144.985,0,0,306,245,93,111
1778698817.191826,37,0.958424,0.919664,0.881428,1.1383,-0.4895,1.2911,-0.000,-9.396,160.071,0,0,557,213,105,115
1778698817.191826,38,0.949773,0.894713,0.849775,0.9664,0.4031,1.3626,0.000,-0.395,-143.494,0,0,42,153,85,129
1778698817.325303,0,0.800681,0.999686,0.800430,1.1445,-0.0155,1.2291,0.000,-7.579,146.030,0,0,306,247,93,111
1778698817.325303,37,0.965063,0.919664,0.887534,1.1411,-0.4907,1.2934,-0.000,-7.494,160.106,0,0,557,213,105,115
1778698817.325303,38,0.936493,0.894894,0.838062,0.9682,0.4056,1.3647,-0.000,-1.346,-138.750,0,0,42,154,85,128
1778698817.392027,0,0.802715,0.999508,0.802320,1.1521,-0.0116,1.2240,0.000,-7.453,146.294,0,0,304,250,93,110
1778698817.392027,37,0.960243,0.919664,0.883101,1.1381,-0.4895,1.2930,0.000,-8.368,160.839,0,0,557,213,105,115
1778698817.392027,38,0.952996,0.894894,0.852830,0.9682,0.4056,1.3647,0.000,-0.104,-141.581,0,0,42,154,85,128
1778698817.492135,0,0.803428,0.999176,0.802766,1.1740,-0.0073,1.2159,0.000,-7.038,146.278,0,0,302,255,93,111
1778698817.492135,37,0.963168,0.919664,0.885792,1.1381,-0.4895,1.2930,0.000,-8.097,159.097,0,0,557,213,105,115
1778698817.492135,38,0.940863,0.894894,0.841972,0.9711,0.4071,1.3654,0.000,-0.382,-138.861,0,0,42,154,85,128
1778698817.492135,0,0.799999,0.999176,0.799340,1.1740,-0.0073,1.2159,0.000,-7.038,146.278,0,0,302,256,93,113
1778698817.492135,37,0.955385,0.919664,0.878634,1.1381,-0.4895,1.2930,0.000,-8.097,159.097,0,0,557,213,105,115
1778698817.492135,38,0.942633,0.894894,0.843556,0.9711,0.4071,1.3654,0.000,-0.382,-138.861,0,0,42,154,85,128
1778698817.592263,0,0.809145,0.999115,0.808429,1.1922,-0.0069,1.2151,0.000,-6.206,146.594,0,0,302,257,94,113
1778698817.592263,37,0.962405,0.919664,0.885089,1.1381,-0.4895,1.2930,0.000,-8.212,159.406,0,0,557,213,105,114
1778698817.592263,38,0.954048,0.894894,0.853771,0.9731,0.4080,1.3659,0.000,0.237,-141.519,0,0,42,154,85,128
1778698817.725719,0,0.802535,0.998900,0.801652,1.2225,-0.0022,1.2130,0.000,-5.850,145.983,0,0,300,258,90,109
1778698817.725719,37,0.958578,0.919084,0.881014,1.1381,-0.4914,1.2930,-0.000,-9.151,158.249,0,0,558,213,106,115
1778698817.725719,38,0.951561,0.895494,0.852117,0.9780,0.4088,1.3671,-0.000,-0.586,-141.792,0,0,43,154,86,128
1778698817.725719,0,0.959795,0.919084,0.882132,1.1381,-0.4914,1.2930,-0.000,-8.855,158.695,0,0,557,213,105,114
1778698817.725719,37,0.804823,0.998900,0.803938,1.2225,-0.0022,1.2130,-0.000,-5.795,146.198,0,0,300,258,90,109
1778698817.725719,38,0.958346,0.895494,0.858193,0.9780,0.4088,1.3671,-0.000,-0.473,-143.678,0,0,43,155,86,126
1778698817.825844,37,0.961842,0.919664,0.884572,1.1411,-0.4907,1.2934,0.000,-8.546,157.111,0,0,558,213,105,114
1778698817.825844,0,0.813744,0.998900,0.812850,1.2465,-0.0016,1.2145,0.000,-5.523,147.031,0,0,300,258,90,107
1778698817.825844,38,0.955700,0.895673,0.855994,0.9879,0.4135,1.3679,0.000,0.455,-141.760,0,0,42,156,85,124
1778698817.959291,0,0.817488,0.998830,0.816532,1.2667,-0.0011,1.2136,0.000,-5.929,147.491,0,0,300,259,92,109
1778698817.959291,37,0.963321,0.919664,0.885932,1.1411,-0.4907,1.2934,0.000,-8.187,158.024,0,0,557,213,105,114
1778698817.959291,38,0.952399,0.895673,0.853038,1.0007,0.4197,1.3710,-0.000,0.039,-141.284,0,0,43,155,86,125
1778698817.959291,0,0.808619,0.998830,0.807673,1.2667,-0.0011,1.2136,0.000,-6.253,146.669,0,0,301,259,90,109
1778698817.959291,37,0.961714,0.919664,0.884454,1.1411,-0.4907,1.2934,-0.000,-8.563,157.426,0,0,558,213,106,114
1778698817.959291,38,0.956440,0.895673,0.856657,1.0007,0.4197,1.3710,0.000,0.066,-142.371,0,0,43,155,86,126
1778698817.959291,0,0.960689,0.919084,0.882954,1.2667,-0.0011,1.2136,0.000,-6.253,146.669,0,0,558,213,106,115
1778698817.959291,37,0.811099,0.998873,0.810185,1.1411,-0.4907,1.2934,-0.000,-8.563,157.426,0,0,301,259,92,107
1778698817.959291,38,0.956323,0.895072,0.855979,1.0007,0.4197,1.3710,0.000,0.066,-142.371,0,0,42,155,85,126
1778698818.126167,37,0.820227,0.998873,0.819303,1.2837,-0.0028,1.2146,-0.000,-5.924,147.673,0,0,303,259,90,109
1778698818.126167,0,0.958130,0.919084,0.880602,1.1381,-0.4914,1.2930,0.000,-9.268,157.934,0,0,557,213,105,115
1778698818.126167,38,0.952901,0.895072,0.852915,1.0223,0.4319,1.3763,0.000,0.451,-140.928,0,0,42,154,85,129
