stamp,person_id,A_h,A_r,A_m,pos_x,pos_y,pos_z,roll,pitch,yaw,is_target,bbox_u,bbox_v,bbox_w,bbox_h
1778009057.291516,29,0.562363,0.629199,0.353839,0.7690,-0.0747,1.4696,-0.000,6.411,178.358,1,346,100,117,133
1778009057.391631,29,0.554543,0.628244,0.348388,0.7668,-0.0732,1.4700,0.000,6.107,178.696,1,346,100,118,133
1778009057.391631,29,0.564080,0.628244,0.354380,0.7668,-0.0732,1.4700,-0.000,6.728,177.595,1,346,100,118,132
1778009057.458369,29,0.563352,0.627950,0.353757,0.7659,-0.0732,1.4696,-0.000,6.685,177.057,1,345,99,118,133
1778009057.458369,29,0.558806,0.628463,0.351189,0.7659,-0.0732,1.4696,-0.000,6.685,177.057,1,345,99,118,133
1778009057.525128,29,0.555770,0.627583,0.348792,0.7656,-0.0719,1.4709,0.000,6.184,176.737,1,344,100,117,130
1778009057.558497,29,0.562314,0.620817,0.349094,0.7435,-0.0693,1.4592,0.000,7.117,174.216,1,343,98,117,133
1778009057.591866,29,0.562506,0.622490,0.350155,0.7504,-0.0684,1.4652,0.000,7.017,173.802,1,342,97,117,136
1778009057.625250,29,0.564232,0.620927,0.350347,0.7465,-0.0669,1.4647,0.000,7.301,171.653,1,341,97,117,136
1778009057.658619,29,0.557388,0.620646,0.345940,0.7455,-0.0656,1.4643,-0.000,6.881,170.924,1,340,98,118,132
1778009057.691984,29,0.548068,0.620440,0.340043,0.7439,-0.0642,1.4622,0.000,6.342,169.247,1,339,98,117,133
1778009057.725357,29,0.551194,0.620459,0.341993,0.7439,-0.0629,1.4622,0.000,6.669,167.616,1,338,96,117,135
1778009057.758730,29,0.543259,0.622122,0.337973,0.7509,-0.0620,1.4682,0.000,6.100,166.554,1,338,97,116,135
1778009057.792099,29,0.538885,0.622205,0.335297,0.7502,-0.0620,1.4665,-0.000,5.807,166.407,0,338,96,116,135
1778009057.825475,29,0.555564,0.628621,0.349239,0.7714,-0.0616,1.4778,0.000,6.463,166.914,1,337,96,117,135
1778009057.825475,29,0.556343,0.628911,0.349890,0.7714,-0.0616,1.4778,0.000,6.463,166.914,1,337,96,117,135
1778009057.858844,29,0.563073,0.628911,0.354123,0.7723,-0.0616,1.4783,0.000,6.461,167.351,0,337,97,116,133
1778009057.892214,29,0.555775,0.622522,0.345982,0.7511,-0.0607,1.4669,-0.000,6.800,168.491,1,337,97,116,133
1778009057.958953,29,0.565116,0.626967,0.354309,0.7651,-0.0613,1.4735,-0.000,7.092,169.032,1,337,97,117,133
1778009057.958953,29,0.557247,0.629011,0.350515,0.7716,-0.0616,1.4765,0.000,6.343,169.996,1,337,98,116,133
1778009057.992321,29,0.560429,0.629403,0.352735,0.7719,-0.0616,1.4752,0.000,6.505,170.570,1,337,97,116,133
1778009058.025691,29,0.558950,0.627845,0.350934,0.7679,-0.0614,1.4748,0.000,6.489,171.192,1,337,97,118,133
1778009058.025691,29,0.558864,0.629011,0.351532,0.7679,-0.0614,1.4748,0.000,6.489,171.192,0,337,98,117,132
1778009058.092429,29,0.558031,0.628819,0.350901,0.7700,-0.0615,1.4743,0.000,6.370,170.825,1,337,98,117,132
1778009058.092429,29,0.565020,0.629403,0.355625,0.7700,-0.0615,1.4743,0.000,6.370,170.825,1,337,98,117,132
1778009058.159168,29,0.558227,0.628235,0.350698,0.7682,-0.0614,1.4735,-0.000,6.406,171.310,1,338,99,118,130
1778009058.159168,29,0.559462,0.628019,0.351353,0.7682,-0.0614,1.4735,-0.000,6.406,171.310,1,338,98,117,132
1778009058.225907,29,0.564741,0.627630,0.354448,0.7663,-0.0627,1.4726,0.000,6.879,171.683,1,338,99,117,130
1778009058.259275,29,0.569469,0.628606,0.357972,0.7684,-0.0627,1.4722,0.000,7.112,172.456,0,338,97,117,133
1778009058.292639,29,0.574054,0.627241,0.360070,0.7660,-0.0627,1.4739,0.000,7.527,172.664,0,338,96,117,135
1778009058.326006,29,0.573292,0.627437,0.359705,0.7676,-0.0627,1.4761,0.000,7.458,172.738,1,339,96,116,135
1778009058.359377,29,0.572524,0.626834,0.358878,0.7658,-0.0640,1.4752,-0.000,7.425,173.506,1,338,95,117,135
1778009058.392753,29,0.570669,0.627048,0.357837,0.7674,-0.0627,1.4774,0.000,7.279,173.965,0,339,96,118,136
1778009058.426123,29,0.574348,0.626541,0.359853,0.7648,-0.0639,1.4748,-0.000,7.570,173.825,1,339,96,117,135
1778009058.459492,29,0.571500,0.625954,0.357733,0.7630,-0.0639,1.4739,0.000,7.405,174.697,1,339,96,117,137
1778009058.492863,29,0.564067,0.626541,0.353411,0.7648,-0.0639,1.4748,0.000,6.844,174.986,1,339,96,117,135
1778009058.492863,29,0.568898,0.626541,0.356438,0.7648,-0.0639,1.4748,0.000,6.844,174.986,1,339,96,117,135
1778009058.559622,29,0.566584,0.626834,0.355154,0.7658,-0.0640,1.4752,0.000,6.997,175.469,1,339,97,117,136
1778009058.592991,29,0.569948,0.625752,0.356646,0.7614,-0.0638,1.4717,0.000,7.312,175.690,1,339,97,117,137
1778009058.626368,29,0.563056,0.626929,0.352996,0.7651,-0.0639,1.4735,0.000,6.747,175.818,1,340,97,118,136
1778009058.659757,29,0.568197,0.626322,0.355874,0.7632,-0.0652,1.4726,-0.000,7.144,175.740,1,340,97,118,136
1778009058.693127,29,0.563387,0.625733,0.352530,0.7614,-0.0651,1.4717,0.000,6.854,175.935,1,339,97,117,136
1778009058.726498,29,0.563682,0.626341,0.353058,0.7632,-0.0639,1.4726,0.000,6.836,176.199,1,339,96,117,137
1778009058.759873,29,0.567736,0.625954,0.355377,0.7630,-0.0639,1.4739,0.000,7.143,175.819,1,340,97,118,136
1778009058.793242,29,0.568527,0.626322,0.356081,0.7632,-0.0652,1.4726,0.000,7.172,176.338,1,339,96,117,137
1778009058.793242,29,0.567912,0.625954,0.355487,0.7632,-0.0652,1.4726,0.000,7.172,176.338,1,339,97,117,136
1778009058.859989,29,0.565628,0.626929,0.354608,0.7651,-0.0639,1.4735,0.000,6.926,175.955,1,340,96,118,139
1778009058.893358,29,0.568764,0.626522,0.356343,0.7648,-0.0653,1.4748,0.000,7.175,176.408,1,340,97,118,136
1778009058.926727,29,0.575185,0.626910,0.360589,0.7651,-0.0653,1.4735,-0.000,7.592,176.188,1,340,97,118,136
1778009058.960097,29,0.573166,0.626910,0.359323,0.7651,-0.0653,1.4735,-0.000,7.455,176.520,1,340,96,118,137
1778009058.993454,29,0.569372,0.626522,0.356724,0.7648,-0.0653,1.4748,0.000,7.218,176.494,1,339,96,117,139
1778009059.026823,29,0.572791,0.626541,0.358877,0.7648,-0.0639,1.4748,0.000,7.455,176.081,1,340,97,117,137
1778009059.060192,29,0.571425,0.626910,0.358232,0.7651,-0.0653,1.4735,0.000,7.334,176.561,1,340,97,118,137
1778009059.093562,29,0.567823,0.626910,0.355974,0.7651,-0.0653,1.4735,-0.000,7.079,176.311,1,340,97,117,136
1778009059.126943,29,0.573797,0.626322,0.359382,0.7632,-0.0652,1.4726,-0.000,7.541,176.429,1,340,97,117,137
1778009059.160300,29,0.567903,0.626910,0.356024,0.7651,-0.0653,1.4735,0.000,7.096,177.065,1,340,97,116,136
1778009059.193681,29,0.574877,0.627203,0.360564,0.7660,-0.0653,1.4739,0.000,7.558,176.857,1,339,96,117,137
1778009059.227039,29,0.573116,0.627418,0.359584,0.7676,-0.0641,1.4761,0.000,7.424,176.973,1,340,97,116,136
1778009059.260408,29,0.578353,0.626910,0.362575,0.7651,-0.0653,1.4735,0.000,7.830,177.209,1,340,97,118,136
1778009059.293787,29,0.572854,0.626910,0.359128,0.7651,-0.0653,1.4735,0.000,7.441,177.043,1,340,97,118,137
1778009059.293787,29,0.583371,0.627203,0.365892,0.7651,-0.0653,1.4735,0.000,7.441,177.043,0,340,96,118,135
1778009059.360526,29,0.575134,0.626814,0.360503,0.7658,-0.0653,1.4752,0.000,7.607,176.973,1,340,97,116,137
1778009059.393895,29,0.577243,0.627203,0.362049,0.7660,-0.0653,1.4739,0.000,7.728,177.074,1,340,97,117,137
1778009059.460643,29,0.581653,0.626910,0.364644,0.7651,-0.0653,1.4735,0.000,8.065,177.339,1,340,97,117,136
1778009059.460643,29,0.584423,0.627788,0.366894,0.7651,-0.0653,1.4735,0.000,8.065,177.339,1,340,97,117,137
1778009059.494013,29,0.584496,0.627203,0.366598,0.7660,-0.0653,1.4739,0.000,8.243,177.312,1,340,97,117,136
1778009059.494013,29,0.573829,0.627203,0.359907,0.7660,-0.0653,1.4739,0.000,8.243,177.312,1,340,98,117,136
1778009059.560741,29,0.571325,0.628177,0.358893,0.7682,-0.0654,1.4735,-0.000,7.264,178.003,1,340,98,117,136
1778009059.560741,29,0.561969,0.628177,0.353016,0.7682,-0.0654,1.4735,-0.000,7.264,178.003,1,341,98,118,133
1778009059.627480,29,0.564938,0.627572,0.354539,0.7663,-0.0666,1.4726,0.000,6.847,177.463,1,341,98,118,133
1778009059.660859,29,0.563863,0.628157,0.354195,0.7682,-0.0667,1.4735,0.000,6.727,177.361,1,341,98,117,135
1778009059.694218,29,0.562806,0.628157,0.353531,0.7682,-0.0667,1.4735,0.000,6.653,177.343,1,341,98,117,133
1778009059.727597,29,0.558991,0.628742,0.351461,0.7700,-0.0668,1.4743,0.000,6.349,177.459,1,341,98,117,133
1778009059.760957,29,0.563361,0.628742,0.354208,0.7700,-0.0668,1.4743,0.000,6.662,177.872,1,341,98,117,133
1778009059.760957,29,0.562304,0.628742,0.353544,0.7700,-0.0668,1.4743,0.000,6.662,177.872,1,341,99,117,133
1778009059.827705,29,0.572874,0.629132,0.360413,0.7703,-0.0668,1.4730,0.000,7.301,178.076,1,341,98,117,133
1778009059.861079,29,0.574096,0.629325,0.361293,0.7719,-0.0669,1.4752,0.000,7.389,178.584,1,342,99,118,133
1778009059.894449,29,0.572613,0.629696,0.360572,0.7722,-0.0682,1.4739,0.000,7.263,178.776,1,342,99,117,133
1778009059.927818,29,0.574791,0.629112,0.361608,0.7703,-0.0681,1.4730,0.000,7.441,178.253,1,342,99,117,133
1778009059.994558,29,0.573035,0.629112,0.360503,0.7703,-0.0681,1.4730,-0.000,7.321,178.343,1,342,99,117,133
1778009060.027954,29,0.564664,0.629112,0.355237,0.7703,-0.0681,1.4730,-0.000,6.774,179.321,1,342,100,117,132
1778009060.061324,29,0.574797,0.630087,0.362172,0.7724,-0.0682,1.4726,0.000,7.365,178.130,1,342,99,117,133
1778009060.094692,29,0.577348,0.629696,0.363554,0.7722,-0.0682,1.4739,0.000,7.581,178.366,1,343,100,118,132
1778009060.128069,29,0.570105,0.629482,0.358871,0.7706,-0.0695,1.4717,-0.000,7.092,178.482,1,343,100,118,132
1778009060.161442,29,0.562429,0.629482,0.354039,0.7706,-0.0695,1.4717,0.000,6.564,178.658,1,343,101,117,130
1778009060.194812,29,0.569627,0.629873,0.358792,0.7708,-0.0695,1.4704,-0.000,7.033,178.578,1,343,100,117,132
1778009060.228181,29,0.559695,0.629482,0.352318,0.7706,-0.0695,1.4717,0.000,6.367,178.436,1,343,101,117,130
1778009060.261552,29,0.570807,0.629286,0.359201,0.7690,-0.0694,1.4696,0.000,7.154,178.463,1,343,100,117,132
1778009060.294922,29,0.569490,0.629482,0.358483,0.7706,-0.0695,1.4717,-0.000,7.052,178.571,1,343,100,117,133
1778009060.328291,29,0.569457,0.629482,0.358463,0.7706,-0.0695,1.4717,0.000,7.048,178.515,1,343,100,117,133
1778009060.361684,29,0.568888,0.629482,0.358105,0.7706,-0.0695,1.4717,-0.000,7.020,178.839,1,343,100,117,132
1778009060.395053,29,0.566106,0.629482,0.356354,0.7706,-0.0695,1.4717,0.000,6.833,179.008,1,343,100,117,132
1778009060.428399,29,0.568426,0.629482,0.357814,0.7706,-0.0695,1.4717,0.000,6.988,178.844,1,343,100,117,132
1778009060.461768,29,0.566080,0.629482,0.356337,0.7706,-0.0695,1.4717,0.000,6.837,179.152,1,343,100,117,133
1778009060.461768,29,0.574116,0.629482,0.361396,0.7706,-0.0695,1.4717,0.000,6.837,179.152,1,343,100,117,132
1778009060.528506,29,0.566104,0.628896,0.356020,0.7687,-0.0694,1.4709,0.000,6.891,179.354,1,343,100,116,132
1778009060.528506,29,0.570800,0.629482,0.359308,0.7687,-0.0694,1.4709,0.000,6.891,179.354,1,342,101,117,132
1778009060.595243,29,0.577544,0.629894,0.363792,0.7708,-0.0681,1.4704,-0.000,7.610,179.167,1,342,99,117,133
1778009060.595243,29,0.559717,0.629894,0.352562,0.7708,-0.0681,1.4704,0.000,6.354,178.841,1,342,100,117,133
1778009060.662007,29,0.563553,0.630087,0.355088,0.7724,-0.0682,1.4726,0.000,6.666,-179.813,1,342,100,118,133
1778009060.695407,29,0.561496,0.629503,0.353463,0.7706,-0.0681,1.4717,0.000,6.551,179.885,1,341,99,117,133
1778009060.728777,29,0.554861,0.629716,0.349405,0.7722,-0.0669,1.4739,-0.000,6.050,179.266,1,341,100,117,133
1778009060.762109,29,0.565554,0.630108,0.356360,0.7724,-0.0669,1.4726,0.000,6.757,179.177,1,341,99,118,133
1778009060.795478,29,0.576020,0.629716,0.362729,0.7722,-0.0669,1.4739,0.000,7.527,179.418,1,341,99,118,133
1778009060.828822,29,0.578121,0.629716,0.364052,0.7722,-0.0669,1.4739,-0.000,7.682,179.567,1,340,98,117,136
1778009060.828822,29,0.579832,0.629716,0.365129,0.7722,-0.0669,1.4739,0.000,7.784,179.142,1,340,98,117,137
1778009060.895560,29,0.571439,0.629345,0.359632,0.7719,-0.0656,1.4752,0.000,7.269,-179.836,1,339,98,117,135
1778009060.928929,29,0.579396,0.629364,0.364651,0.7719,-0.0642,1.4752,0.000,7.829,-179.756,1,339,98,117,136
1778009060.962325,29,0.574795,0.629364,0.361755,0.7719,-0.0642,1.4752,0.000,7.494,179.980,1,339,98,117,136
1778009060.962325,29,0.573907,0.629364,0.361197,0.7719,-0.0642,1.4752,-0.000,7.444,-179.761,1,339,97,118,139
1778009061.029063,29,0.570403,0.628973,0.358768,0.7716,-0.0642,1.4765,-0.000,7.210,179.868,0,339,98,116,136
1778009061.062432,29,0.569048,0.628781,0.357807,0.7700,-0.0642,1.4743,-0.000,7.137,-179.970,1,338,98,117,136
1778009061.095821,29,0.576520,0.629384,0.362852,0.7719,-0.0629,1.4752,0.000,7.605,179.789,1,338,98,117,136
1778009061.095821,29,0.571454,0.628801,0.359331,0.7719,-0.0629,1.4752,0.000,7.605,179.789,1,338,97,117,137
1778009061.162559,29,0.571139,0.628410,0.358909,0.7698,-0.0628,1.4756,-0.000,7.320,-179.763,1,338,97,117,140
1778009061.162559,29,0.567701,0.627827,0.356418,0.7698,-0.0628,1.4756,-0.000,7.320,-179.763,0,338,98,117,137
1778009061.229279,29,0.571020,0.628216,0.358724,0.7682,-0.0627,1.4735,0.000,7.295,179.535,1,338,98,117,136
1778009061.262648,29,0.571944,0.628216,0.359304,0.7682,-0.0627,1.4735,-0.000,7.355,179.410,1,338,98,117,136
1778009061.296036,29,0.570696,0.628216,0.358520,0.7682,-0.0627,1.4735,0.000,7.287,179.870,1,338,98,118,136
1778009061.296036,29,0.569461,0.627630,0.357411,0.7682,-0.0627,1.4735,0.000,7.287,179.870,1,338,97,117,139
1778009061.362789,29,0.575417,0.627827,0.361262,0.7679,-0.0627,1.4748,0.000,7.609,178.955,1,338,97,117,137
1778009061.396158,29,0.579679,0.627827,0.363938,0.7679,-0.0627,1.4748,0.000,7.945,179.856,1,338,96,118,139
1778009061.429527,29,0.575364,0.628602,0.361675,0.7714,-0.0629,1.4778,-0.000,7.572,179.570,1,338,97,118,137
1778009061.429527,29,0.575348,0.627241,0.360882,0.7714,-0.0629,1.4778,-0.000,7.572,179.570,1,338,96,118,139
1778009061.462889,29,0.583232,0.628020,0.366282,0.7660,-0.0627,1.4739,0.000,7.677,179.712,1,338,97,118,137
1778009061.529629,29,0.576270,0.627827,0.361798,0.7679,-0.0627,1.4748,-0.000,7.679,179.228,1,338,97,118,139
1778009061.562998,29,0.573545,0.627241,0.359751,0.7660,-0.0627,1.4739,0.000,7.536,179.343,1,337,96,117,139
1778009061.562998,29,0.573214,0.627456,0.359667,0.7660,-0.0627,1.4739,0.000,7.536,179.343,1,337,97,117,137
1778009061.629735,29,0.568371,0.628429,0.357181,0.7698,-0.0615,1.4756,0.000,7.071,178.867,1,337,97,117,137
1778009061.629735,29,0.569993,0.627845,0.357867,0.7698,-0.0615,1.4756,0.000,7.071,178.867,1,337,97,117,137
1778009061.696473,29,0.569101,0.627260,0.356974,0.7660,-0.0613,1.4739,-0.000,7.200,178.640,1,337,97,117,137
1778009061.696473,29,0.568973,0.627845,0.357227,0.7660,-0.0613,1.4739,-0.000,7.200,178.640,1,337,97,117,137
1778009061.763212,29,0.574233,0.627845,0.360530,0.7679,-0.0614,1.4748,0.000,7.524,178.903,1,338,97,118,137
1778009061.796581,29,0.572791,0.627845,0.359624,0.7679,-0.0614,1.4748,0.000,7.429,179.069,1,337,97,117,137
1778009061.829950,29,0.577856,0.627456,0.362579,0.7676,-0.0614,1.4761,0.000,7.826,179.406,1,337,96,117,139
1778009061.863319,29,0.581731,0.627456,0.365011,0.7676,-0.0614,1.4761,0.000,8.087,179.091,1,337,96,117,139
1778009061.896692,29,0.578477,0.626560,0.362451,0.7648,-0.0626,1.4748,-0.000,7.936,179.452,1,338,96,118,139
1778009061.930061,29,0.586850,0.627456,0.368223,0.7676,-0.0614,1.4761,0.000,8.465,179.533,1,337,96,117,140
1778009061.930061,29,0.594497,0.627456,0.373020,0.7676,-0.0614,1.4761,0.000,8.465,179.533,1,337,96,117,140
1778009061.996820,29,0.592942,0.627456,0.372045,0.7676,-0.0614,1.4761,0.000,8.876,178.965,1,337,96,117,139
1778009062.030190,29,0.594700,0.626871,0.372800,0.7658,-0.0613,1.4752,0.000,9.074,179.725,1,337,96,117,141
1778009062.030190,29,0.594083,0.626871,0.372414,0.7658,-0.0613,1.4752,0.000,9.074,179.725,1,337,96,117,140
1778009062.096928,29,0.600633,0.628039,0.377221,0.7695,-0.0615,1.4769,0.000,9.432,-179.842,1,338,96,118,141
1778009062.130297,29,0.604097,0.627437,0.379033,0.7676,-0.0627,1.4761,0.000,9.724,-179.870,1,338,96,118,141
1778009062.163668,29,0.598724,0.627437,0.375662,0.7676,-0.0627,1.4761,0.000,9.317,179.676,1,338,96,117,141
1778009062.163668,29,0.599597,0.627437,0.376209,0.7676,-0.0627,1.4761,0.000,9.317,179.676,1,338,96,117,141
1778009062.230405,29,0.597032,0.628020,0.374948,0.7695,-0.0628,1.4769,0.000,9.177,-179.807,1,338,96,117,141
1778009062.263774,29,0.598822,0.627827,0.375957,0.7679,-0.0627,1.4748,0.000,9.300,179.771,1,338,97,117,140
1778009062.263774,29,0.598652,0.627827,0.375850,0.7679,-0.0627,1.4748,-0.000,9.291,179.848,1,338,97,117,140
1778009062.330499,29,0.595411,0.628410,0.374162,0.7698,-0.0628,1.4756,0.000,9.044,-179.583,1,338,97,117,140
1778009062.330499,29,0.596836,0.628410,0.375058,0.7698,-0.0628,1.4756,0.000,9.154,-179.424,1,338,96,117,141
1778009062.330499,29,0.596287,0.628602,0.374827,0.7698,-0.0628,1.4756,0.000,9.154,-179.424,1,339,97,116,140
1778009062.430608,29,0.592453,0.628602,0.372417,0.7714,-0.0629,1.4778,0.000,8.809,-179.775,1,339,96,116,141
1778009062.463977,29,0.588410,0.628001,0.369522,0.7695,-0.0642,1.4769,0.000,8.534,179.526,1,339,96,117,141
1778009062.497345,29,0.587485,0.628583,0.369283,0.7714,-0.0642,1.4778,0.000,8.451,-179.916,1,339,96,117,143
1778009062.497345,29,0.586816,0.628583,0.368862,0.7714,-0.0642,1.4778,0.000,8.420,-179.581,1,339,97,116,140
1778009062.564085,29,0.586581,0.628973,0.368944,0.7716,-0.0642,1.4765,0.000,8.351,179.943,1,339,97,117,139
1778009062.597454,29,0.578008,0.628391,0.363215,0.7698,-0.0642,1.4756,-0.000,7.795,-179.934,1,339,97,117,139
1778009062.630826,29,0.583069,0.627807,0.366055,0.7679,-0.0641,1.4748,0.000,8.175,179.644,1,339,97,117,139
1778009062.664195,29,0.583473,0.627807,0.366308,0.7679,-0.0641,1.4748,-0.000,8.228,-179.828,1,339,97,117,140
1778009062.697565,29,0.584329,0.628391,0.367187,0.7698,-0.0642,1.4756,-0.000,8.223,179.674,1,339,97,117,139
1778009062.730934,29,0.587664,0.628391,0.369283,0.7698,-0.0642,1.4756,0.000,8.457,179.627,1,339,97,117,139
1778009062.764303,29,0.588872,0.627807,0.369698,0.7679,-0.0641,1.4748,-0.000,8.620,-179.634,1,339,97,117,141
1778009062.797673,29,0.588754,0.627807,0.369624,0.7679,-0.0641,1.4748,-0.000,8.603,-179.804,1,339,97,117,141
1778009062.831078,29,0.588598,0.628391,0.369870,0.7698,-0.0642,1.4756,-0.000,8.538,179.961,1,339,97,117,139
1778009062.864447,29,0.584603,0.628391,0.367359,0.7698,-0.0642,1.4756,0.000,8.265,-179.838,1,339,97,116,139
1778009062.897822,29,0.588044,0.627611,0.369063,0.7663,-0.0640,1.4726,0.000,8.564,-179.885,1,339,98,117,137
1778009062.931192,29,0.589730,0.627807,0.370237,0.7679,-0.0641,1.4748,-0.000,8.658,179.897,1,339,97,118,139
1778009062.931192,29,0.586756,0.627807,0.368370,0.7679,-0.0641,1.4748,-0.000,8.658,179.897,1,339,97,118,139
1778009062.997931,29,0.588623,0.627807,0.369542,0.7679,-0.0641,1.4748,0.000,8.580,179.905,1,339,97,116,140
1778009063.031293,29,0.587438,0.627807,0.368798,0.7679,-0.0641,1.4748,0.000,8.488,179.725,1,339,97,116,140
1778009063.064669,29,0.594679,0.627222,0.372996,0.7660,-0.0640,1.4739,0.000,9.039,179.565,1,339,97,116,140
1778009063.098039,29,0.597644,0.627222,0.374856,0.7660,-0.0640,1.4739,0.000,9.254,179.639,1,339,97,116,137
1778009063.131433,29,0.587940,0.627827,0.369124,0.7679,-0.0627,1.4748,-0.000,8.550,-179.674,1,338,97,117,140
1778009063.164802,29,0.595515,0.627827,0.373880,0.7679,-0.0627,1.4748,-0.000,9.068,179.870,1,338,97,117,140
1778009063.198172,29,0.590934,0.628020,0.371119,0.7695,-0.0628,1.4769,0.000,8.740,-179.858,1,338,96,117,139
1778009063.231561,29,0.592445,0.627827,0.371953,0.7679,-0.0627,1.4748,0.000,8.855,-180.000,1,338,97,117,140
1778009063.264930,29,0.587890,0.627241,0.368749,0.7660,-0.0627,1.4739,0.000,8.556,179.583,1,338,97,117,140
1778009063.264930,29,0.587167,0.627241,0.368295,0.7660,-0.0627,1.4739,0.000,8.537,-179.707,1,338,96,117,140
1778009063.331668,29,0.592679,0.627437,0.371869,0.7676,-0.0627,1.4761,0.000,8.918,-179.624,1,338,97,118,140
1778009063.365047,29,0.592918,0.627241,0.371903,0.7660,-0.0627,1.4739,0.000,8.952,-179.578,1,338,96,118,139
1778009063.398425,29,0.591496,0.627437,0.371127,0.7676,-0.0627,1.4761,0.000,8.850,-179.312,1,338,96,118,140
1778009063.398425,29,0.591880,0.627437,0.371368,0.7676,-0.0627,1.4761,0.000,8.867,-179.509,1,337,96,117,141
1778009063.465154,29,0.589950,0.628039,0.370512,0.7695,-0.0615,1.4769,0.000,8.690,-179.416,1,338,96,118,139
1778009063.498524,29,0.588818,0.627437,0.369446,0.7676,-0.0627,1.4761,0.000,8.630,-179.901,1,338,97,118,140
1778009063.531902,29,0.593084,0.627827,0.372354,0.7679,-0.0627,1.4748,0.000,8.889,179.735,1,338,97,118,140
1778009063.565262,29,0.583178,0.627827,0.366134,0.7679,-0.0627,1.4748,0.000,8.193,179.882,1,338,97,118,139
1778009063.598640,29,0.582507,0.627241,0.365372,0.7660,-0.0627,1.4739,0.000,8.179,179.673,1,337,97,117,137
1778009063.632010,29,0.583697,0.627260,0.366130,0.7660,-0.0613,1.4739,0.000,8.257,179.556,1,337,97,117,137
1778009063.665384,29,0.583683,0.627845,0.366462,0.7679,-0.0614,1.4748,0.000,8.212,179.527,1,337,98,117,136
1778009063.665384,29,0.590727,0.628235,0.371115,0.7679,-0.0614,1.4748,0.000,8.212,179.527,1,337,98,117,136
1778009063.698748,29,0.585002,0.628235,0.367519,0.7682,-0.0614,1.4735,0.000,8.682,179.526,1,337,98,117,136
1778009063.765487,29,0.581006,0.628235,0.365008,0.7682,-0.0614,1.4735,-0.000,7.989,179.396,1,337,98,117,135
1778009063.798847,29,0.575956,0.628235,0.361836,0.7682,-0.0614,1.4735,0.000,7.632,179.321,1,337,99,116,133
1778009063.832216,29,0.581914,0.628625,0.365805,0.7684,-0.0614,1.4722,0.000,8.015,179.135,1,337,99,116,133
1778009063.865581,29,0.580042,0.629210,0.364969,0.7703,-0.0615,1.4730,0.000,7.839,179.118,1,337,100,116,132
1778009063.865581,29,0.580125,0.628427,0.364566,0.7703,-0.0615,1.4730,0.000,7.839,179.118,1,336,99,117,133
1778009063.898951,29,0.579184,0.628643,0.364100,0.7668,-0.0613,1.4700,0.000,7.896,178.918,1,336,99,117,133
1778009063.965689,29,0.578107,0.629228,0.363762,0.7703,-0.0602,1.4730,0.000,7.714,179.427,1,336,100,117,132
1778009063.999058,29,0.588795,0.629033,0.370371,0.7687,-0.0601,1.4709,0.000,8.466,178.961,0,336,99,117,133
1778009064.032428,29,0.587890,0.629228,0.369917,0.7703,-0.0602,1.4730,-0.000,8.400,179.315,1,335,99,117,133
1778009064.065816,29,0.587034,0.629830,0.369732,0.7722,-0.0589,1.4739,-0.000,8.308,179.640,1,335,98,117,135
1778009064.099185,29,0.587230,0.629439,0.369625,0.7719,-0.0589,1.4752,-0.000,8.346,179.507,1,335,98,117,133
1778009064.132554,29,0.590853,0.629439,0.371906,0.7719,-0.0589,1.4752,0.000,8.606,179.593,1,335,98,117,135
1778009064.165924,29,0.591581,0.629730,0.372537,0.7728,-0.0589,1.4756,0.000,8.621,179.182,1,335,98,117,135
1778009064.199317,29,0.583701,0.629730,0.367574,0.7728,-0.0589,1.4756,0.000,8.060,179.086,1,335,99,117,133
1778009064.232691,29,0.590351,0.629830,0.371821,0.7722,-0.0589,1.4739,0.000,8.534,179.388,1,335,99,116,136
1778009064.266060,29,0.593402,0.629830,0.373742,0.7722,-0.0589,1.4739,0.000,8.750,179.357,1,335,99,117,133
1778009064.299429,29,0.592333,0.630122,0.373242,0.7731,-0.0589,1.4743,0.000,8.666,179.702,1,335,98,116,133
1778009064.299429,29,0.589371,0.630311,0.371487,0.7731,-0.0589,1.4743,0.000,8.666,179.702,1,335,99,117,133
1778009064.366168,29,0.592234,0.630122,0.373180,0.7731,-0.0589,1.4743,0.000,8.627,178.825,1,335,99,116,133
1778009064.399537,29,0.580623,0.630122,0.365864,0.7731,-0.0589,1.4743,-0.000,7.860,-179.739,1,334,99,117,133
1778009064.432907,29,0.579338,0.630721,0.365401,0.7750,-0.0577,1.4752,0.000,7.722,-179.818,1,334,99,117,133
1778009064.466279,29,0.574600,0.630721,0.362412,0.7750,-0.0577,1.4752,0.000,7.384,-179.953,1,334,99,117,133
1778009064.499648,29,0.580244,0.630721,0.365972,0.7750,-0.0577,1.4752,0.000,7.805,-179.399,1,334,98,116,136
1778009064.533017,29,0.591243,0.630908,0.373020,0.7766,-0.0577,1.4774,0.000,8.544,-179.956,1,334,98,117,136
1778009064.566389,29,0.587975,0.630908,0.370958,0.7766,-0.0577,1.4774,-0.000,8.305,179.866,1,334,98,117,135
1778009064.599758,29,0.587062,0.630908,0.370382,0.7766,-0.0577,1.4774,0.000,8.251,-179.873,1,334,98,117,137
1778009064.633132,29,0.584981,0.630908,0.369069,0.7766,-0.0577,1.4774,0.000,8.102,-179.909,1,334,98,117,135
1778009064.666501,29,0.581139,0.630908,0.366646,0.7766,-0.0577,1.4774,-0.000,7.828,-179.975,1,334,98,117,136
1778009064.666501,29,0.586590,0.630329,0.369744,0.7766,-0.0577,1.4774,-0.000,7.828,-179.975,1,335,99,116,133
1778009064.733255,29,0.576412,0.630704,0.363545,0.7750,-0.0590,1.4752,0.000,7.506,179.918,1,334,99,117,133
1778009064.766624,29,0.579866,0.631302,0.366071,0.7768,-0.0577,1.4761,0.000,7.701,179.811,1,334,98,117,133
1778009064.799993,29,0.583192,0.630908,0.367941,0.7766,-0.0577,1.4774,-0.000,7.966,179.865,1,334,98,117,135
1778009064.833379,29,0.579913,0.630908,0.365872,0.7766,-0.0577,1.4774,0.000,7.741,179.999,1,334,98,117,135
1778009064.833379,29,0.588215,0.630908,0.371109,0.7766,-0.0577,1.4774,0.000,7.741,179.999,1,334,98,117,137
1778009064.900121,29,0.587739,0.630329,0.370469,0.7747,-0.0577,1.4765,-0.000,8.308,179.259,1,334,98,117,135
1778009064.900121,29,0.580425,0.629748,0.365522,0.7747,-0.0577,1.4765,-0.000,8.308,179.259,1,334,98,117,136
1778009064.966860,29,0.590447,0.630908,0.372518,0.7766,-0.0577,1.4774,0.000,8.451,179.091,1,334,98,117,133
1778009065.033596,29,0.595641,0.630329,0.375449,0.7747,-0.0577,1.4765,0.000,8.864,179.100,1,334,98,117,133
1778009065.033596,29,0.590002,0.630329,0.371895,0.7747,-0.0577,1.4765,0.000,8.465,179.144,1,334,98,117,133
1778009065.066954,29,0.592941,0.630908,0.374091,0.7766,-0.0577,1.4774,-0.000,8.631,179.160,1,334,98,117,133
1778009065.100324,29,0.600353,0.630329,0.378420,0.7747,-0.0577,1.4765,-0.000,9.207,179.268,1,334,97,116,135
1778009065.133686,29,0.589293,0.629936,0.371217,0.7744,-0.0577,1.4778,0.000,8.446,179.239,1,334,98,116,133
1778009065.167055,29,0.592422,0.629748,0.373076,0.7728,-0.0576,1.4756,-0.000,8.676,179.031,1,334,98,117,133
1778009065.167055,29,0.593908,0.629748,0.374012,0.7728,-0.0576,1.4756,-0.000,8.676,179.031,1,334,98,117,133
1778009065.200424,29,0.592943,0.629748,0.373405,0.7728,-0.0576,1.4756,-0.000,8.780,178.981,1,334,98,117,133
1778009065.233793,29,0.596147,0.629457,0.375249,0.7728,-0.0576,1.4756,0.000,8.715,179.108,1,334,98,116,133
1778009065.267163,29,0.596793,0.629457,0.375655,0.7719,-0.0576,1.4752,0.000,8.961,178.983,1,334,98,116,133
1778009065.333900,29,0.598238,0.629748,0.376739,0.7728,-0.0576,1.4756,0.000,9.094,179.128,1,334,98,117,133
1778009065.333900,29,0.600303,0.629457,0.377865,0.7728,-0.0576,1.4756,0.000,9.094,179.128,1,334,98,116,133
1778009065.400647,29,0.597713,0.629457,0.376235,0.7719,-0.0576,1.4752,0.000,9.077,179.102,1,334,98,117,133
1778009065.434009,29,0.594425,0.628873,0.373818,0.7700,-0.0575,1.4743,-0.000,8.885,179.105,1,334,98,117,133
1778009065.434009,29,0.592238,0.629457,0.372788,0.7700,-0.0575,1.4743,-0.000,8.885,179.105,1,334,98,117,132
1778009065.500755,29,0.599582,0.629457,0.377411,0.7719,-0.0576,1.4752,-0.000,9.210,179.069,1,334,97,116,135
1778009065.500755,29,0.597119,0.629065,0.375627,0.7719,-0.0576,1.4752,-0.000,9.210,179.069,1,334,97,116,133
1778009065.567501,29,0.597838,0.629065,0.376079,0.7716,-0.0576,1.4765,-0.000,9.103,178.735,1,334,97,116,135
1778009065.600870,29,0.598708,0.628483,0.376278,0.7698,-0.0575,1.4756,0.000,9.208,178.716,1,334,97,116,135
1778009065.634257,29,0.591375,0.628483,0.371669,0.7698,-0.0575,1.4756,0.000,8.704,179.309,1,334,98,116,133
1778009065.667608,29,0.595497,0.628873,0.374492,0.7700,-0.0575,1.4743,0.000,8.956,178.920,1,334,97,116,135
1778009065.667608,29,0.595397,0.629065,0.374544,0.7700,-0.0575,1.4743,0.000,8.956,178.920,1,334,97,116,135
1778009065.734347,29,0.598623,0.629065,0.376573,0.7716,-0.0576,1.4765,-0.000,9.171,179.107,1,334,97,116,135
1778009065.767734,29,0.597180,0.629065,0.375665,0.7716,-0.0576,1.4765,0.000,9.071,179.211,1,334,97,116,133
1778009065.801100,29,0.593646,0.629065,0.373442,0.7716,-0.0576,1.4765,-0.000,8.815,179.091,1,334,97,116,135
1778009065.834472,29,0.594275,0.629065,0.373838,0.7716,-0.0576,1.4765,0.000,8.878,179.591,1,334,97,116,133
1778009065.834472,29,0.593784,0.629065,0.373529,0.7716,-0.0576,1.4765,0.000,8.878,179.591,1,334,97,117,133
1778009065.901224,29,0.591935,0.629065,0.372366,0.7716,-0.0576,1.4765,0.000,8.701,179.323,1,334,97,116,133
1778009065.901224,29,0.596264,0.629065,0.375089,0.7716,-0.0576,1.4765,0.000,8.701,179.323,1,334,97,116,135
1778009065.967962,29,0.597152,0.629065,0.375648,0.7716,-0.0576,1.4765,-0.000,9.067,179.131,1,334,97,116,133
1778009066.001346,29,0.591133,0.629065,0.371861,0.7716,-0.0576,1.4765,0.000,8.658,179.679,1,334,97,116,136
1778009066.034701,29,0.598939,0.629356,0.376946,0.7726,-0.0576,1.4769,0.000,9.158,178.659,1,334,98,115,133
1778009066.101454,29,0.593954,0.629457,0.373868,0.7719,-0.0576,1.4752,-0.000,8.823,179.499,1,334,97,116,133
1778009066.101454,29,0.595158,0.629356,0.374566,0.7726,-0.0576,1.4769,-0.000,8.902,179.110,1,334,97,116,135
1778009066.134823,29,0.594212,0.629356,0.373971,0.7726,-0.0576,1.4769,0.000,8.827,178.878,1,334,97,116,133
1778009066.168195,29,0.594489,0.629356,0.374145,0.7726,-0.0576,1.4769,0.000,8.856,179.152,1,334,98,116,133
1778009066.201564,29,0.587370,0.629457,0.369724,0.7719,-0.0576,1.4752,0.000,8.351,179.390,1,334,97,116,135
1778009066.234947,29,0.582049,0.629356,0.366316,0.7726,-0.0576,1.4769,-0.000,8.000,179.849,1,333,97,117,135
1778009066.268316,29,0.578821,0.629373,0.364295,0.7726,-0.0563,1.4769,0.000,7.776,179.960,0,333,98,117,133
1778009066.301686,29,0.599052,0.629474,0.377088,0.7719,-0.0562,1.4752,0.000,9.185,179.466,1,333,98,117,133
1778009066.335055,29,0.586758,0.629765,0.369520,0.7728,-0.0563,1.4756,0.000,8.288,179.450,1,333,98,117,133
1778009066.368424,29,0.585904,0.629765,0.368982,0.7728,-0.0563,1.4756,-0.000,8.223,179.331,1,333,98,117,133
1778009066.401804,29,0.580776,0.629765,0.365752,0.7728,-0.0563,1.4756,0.000,7.857,179.225,1,333,98,117,133
1778009066.435174,29,0.582498,0.629765,0.366837,0.7728,-0.0563,1.4756,0.000,7.978,179.187,0,334,98,116,133
1778009066.501919,29,0.587979,0.629457,0.370107,0.7719,-0.0576,1.4752,-0.000,8.391,179.302,1,334,98,116,133
1778009066.501919,29,0.588861,0.629457,0.370663,0.7719,-0.0576,1.4752,0.000,8.456,179.370,1,334,98,116,133
1778009066.535288,29,0.590789,0.629457,0.371876,0.7719,-0.0576,1.4752,0.000,8.587,179.200,1,334,98,116,133
1778009066.568658,29,0.592534,0.629457,0.372974,0.7719,-0.0576,1.4752,0.000,8.703,178.978,1,334,98,116,133
1778009066.602039,29,0.587270,0.629457,0.369661,0.7719,-0.0576,1.4752,-0.000,8.349,179.526,1,334,98,116,133
1778009066.635396,29,0.593630,0.629457,0.373664,0.7719,-0.0576,1.4752,-0.000,8.795,179.375,1,334,98,116,133
1778009066.702147,29,0.589938,0.629748,0.371512,0.7728,-0.0576,1.4756,0.000,8.519,179.582,1,334,98,116,133
1778009066.702147,29,0.587551,0.629748,0.370009,0.7728,-0.0576,1.4756,0.000,8.353,179.676,1,334,99,116,132
1778009066.735515,29,0.597750,0.629848,0.376492,0.7722,-0.0576,1.4739,0.000,9.061,179.384,1,334,98,116,133
1778009066.768873,29,0.592771,0.629457,0.373124,0.7719,-0.0576,1.4752,0.000,8.737,179.458,1,334,97,117,135
1778009066.802253,29,0.590565,0.629356,0.371676,0.7726,-0.0576,1.4769,0.000,8.587,179.438,1,334,97,117,135
1778009066.835624,29,0.588236,0.629065,0.370039,0.7716,-0.0576,1.4765,0.000,8.462,179.933,1,334,98,117,136
1778009066.835624,29,0.589193,0.629457,0.370871,0.7716,-0.0576,1.4765,0.000,8.462,179.933,1,334,97,117,135
1778009066.902362,29,0.584034,0.629065,0.367396,0.7716,-0.0576,1.4765,-0.000,8.172,-179.906,1,335,97,116,135
1778009066.902362,29,0.585320,0.629048,0.368194,0.7716,-0.0576,1.4765,-0.000,8.172,-179.906,1,335,98,116,133
1778009066.969106,29,0.584086,0.629439,0.367646,0.7719,-0.0589,1.4752,0.000,8.133,179.755,1,335,97,116,135
1778009067.002475,29,0.586841,0.629048,0.369151,0.7716,-0.0589,1.4765,0.000,8.358,179.769,1,335,97,116,135
1778009067.035843,29,0.579695,0.629048,0.364656,0.7716,-0.0589,1.4765,0.000,7.847,179.617,1,335,97,116,135
1778009067.035843,29,0.586727,0.629048,0.369079,0.7716,-0.0589,1.4765,0.000,8.355,179.908,1,335,97,116,133
1778009067.135951,29,0.583219,0.629048,0.366873,0.7716,-0.0589,1.4765,-0.000,8.101,179.764,1,335,97,116,135
1778009067.169320,29,0.580762,0.629048,0.365327,0.7716,-0.0589,1.4765,0.000,7.936,179.955,1,335,97,116,135
1778009067.169320,29,0.582721,0.629048,0.366559,0.7716,-0.0589,1.4765,0.000,7.936,179.955,1,335,97,116,135
1778009067.202690,29,0.585156,0.629048,0.368091,0.7716,-0.0589,1.4765,0.000,8.065,179.725,1,335,97,117,135
1778009067.202690,29,0.594633,0.629048,0.374053,0.7716,-0.0589,1.4765,0.000,8.902,179.544,1,335,97,117,135
1778009067.269447,29,0.585167,0.628465,0.367757,0.7698,-0.0588,1.4756,0.000,8.264,179.303,1,335,98,117,133
1778009067.269447,29,0.583771,0.628465,0.366880,0.7698,-0.0588,1.4756,0.000,8.264,179.303,1,335,97,117,133
1778009067.369555,29,0.584311,0.628447,0.367209,0.7698,-0.0602,1.4756,0.000,8.191,178.922,1,336,97,116,133
1778009067.369555,29,0.589861,0.628447,0.370696,0.7698,-0.0602,1.4756,0.000,8.578,178.755,1,336,97,116,133
1778009067.369555,29,0.586433,0.628447,0.368542,0.7698,-0.0602,1.4756,0.000,8.578,178.755,1,336,98,116,133
1778009067.369555,29,0.588600,0.628465,0.369915,0.7698,-0.0602,1.4756,0.000,8.315,178.031,0,335,97,117,133
1778009067.469662,29,0.584108,0.629048,0.367432,0.7698,-0.0588,1.4756,0.000,8.470,178.065,1,335,97,117,133
1778009067.536406,29,0.587099,0.629048,0.369313,0.7716,-0.0589,1.4765,-0.000,8.297,176.670,1,335,97,117,135
1778009067.536406,29,0.584990,0.629048,0.367987,0.7716,-0.0589,1.4765,-0.000,8.297,176.670,1,336,97,117,133
1778009067.603139,29,0.582626,0.629030,0.366489,0.7716,-0.0602,1.4765,0.000,7.980,176.771,1,336,97,117,135
1778009067.603139,29,0.583999,0.628447,0.367012,0.7716,-0.0602,1.4765,0.000,7.980,176.771,1,336,98,117,133
1778009067.636509,29,0.584443,0.628838,0.367520,0.7700,-0.0602,1.4743,-0.000,8.118,176.395,1,337,97,116,133
1778009067.669878,29,0.590847,0.628429,0.371305,0.7698,-0.0615,1.4756,-0.000,8.600,176.550,1,336,97,117,133
1778009067.736594,29,0.595648,0.627863,0.373986,0.7679,-0.0601,1.4748,0.000,8.983,176.012,1,337,97,116,133
1778009067.736594,29,0.593733,0.627260,0.372425,0.7660,-0.0613,1.4739,0.000,8.888,174.667,1,337,97,116,133
1778009067.803333,29,0.595561,0.628621,0.374382,0.7714,-0.0616,1.4778,-0.000,8.919,174.574,1,337,96,116,135
1778009067.803333,29,0.597827,0.628621,0.375807,0.7714,-0.0616,1.4778,0.000,9.096,173.491,1,337,96,116,135
1778009067.836705,29,0.587513,0.628621,0.369323,0.7714,-0.0616,1.4778,0.000,8.365,173.350,1,337,96,116,135
1778009067.870074,29,0.592794,0.628621,0.372643,0.7714,-0.0616,1.4778,0.000,8.733,173.684,1,337,96,116,135
1778009067.903446,29,0.590929,0.628911,0.371641,0.7723,-0.0616,1.4783,0.000,8.576,173.909,1,337,96,116,135
1778009067.936847,29,0.592688,0.629490,0.373091,0.7742,-0.0617,1.4791,0.000,8.665,173.536,1,337,96,116,133
1778009067.970216,29,0.593260,0.628911,0.373107,0.7723,-0.0616,1.4783,0.000,8.753,173.288,1,337,96,116,133
1778009068.003585,29,0.588107,0.628911,0.369867,0.7723,-0.0616,1.4783,0.000,8.388,173.230,1,337,96,116,135
1778009068.036955,29,0.588860,0.628911,0.370340,0.7723,-0.0616,1.4783,-0.000,8.434,173.608,1,336,96,115,135
1778009068.070324,29,0.596714,0.629509,0.375637,0.7742,-0.0603,1.4791,0.000,8.966,173.122,1,337,96,116,133
1778009068.103693,29,0.593112,0.628911,0.373015,0.7723,-0.0616,1.4783,0.000,8.733,173.747,1,337,96,116,133
1778009068.103693,29,0.585670,0.628911,0.368334,0.7723,-0.0616,1.4783,0.000,8.733,173.747,1,336,97,117,133
1778009068.170432,29,0.584360,0.629321,0.367750,0.7726,-0.0603,1.4769,0.000,8.095,173.429,1,337,96,116,135
1778009068.203801,29,0.588901,0.629490,0.370708,0.7742,-0.0617,1.4791,0.000,8.394,173.618,1,337,96,116,136
1778009068.237160,29,0.580144,0.628911,0.364859,0.7723,-0.0616,1.4783,0.000,7.825,173.257,1,337,96,116,136
1778009068.270540,29,0.580341,0.628911,0.364983,0.7723,-0.0616,1.4783,0.000,7.846,172.949,1,336,96,115,135
1778009068.303910,29,0.576491,0.628929,0.362572,0.7723,-0.0603,1.4783,-0.000,7.607,172.091,1,336,96,116,135
1778009068.303910,29,0.580589,0.628929,0.365150,0.7723,-0.0603,1.4783,-0.000,7.607,172.091,1,336,96,116,136
1778009068.404006,29,0.584534,0.628929,0.367630,0.7723,-0.0603,1.4783,0.000,8.227,170.760,1,336,96,116,133
1778009068.437370,29,0.572392,0.628057,0.359495,0.7695,-0.0602,1.4769,0.000,7.473,170.032,1,336,96,116,129
1778009068.437370,29,0.570833,0.628057,0.358516,0.7695,-0.0602,1.4769,0.000,7.415,169.151,1,335,96,116,129
1778009068.470739,29,0.575793,0.628075,0.361641,0.7695,-0.0588,1.4769,0.000,7.825,168.372,1,335,96,116,132
1778009068.504101,29,0.555312,0.622175,0.345501,0.7509,-0.0581,1.4682,-0.000,6.855,167.922,1,335,96,116,132
1778009068.537477,29,0.551967,0.623664,0.344242,0.7555,-0.0583,1.4704,0.000,6.564,167.307,1,335,96,116,132
1778009068.570847,29,0.556415,0.622772,0.346519,0.7527,-0.0582,1.4691,-0.000,6.904,167.708,1,335,96,116,132
1778009068.637603,29,0.548613,0.624553,0.342638,0.7583,-0.0584,1.4717,0.000,6.258,167.449,1,335,96,116,132
1778009068.637603,29,0.554125,0.624553,0.346080,0.7583,-0.0584,1.4717,-0.000,6.680,166.932,1,335,96,116,133
1778009068.704324,29,0.559900,0.622258,0.348402,0.7502,-0.0581,1.4665,0.000,7.277,166.529,1,335,97,116,133
1778009068.704324,29,0.553262,0.622258,0.344272,0.7502,-0.0581,1.4665,-0.000,6.888,165.745,1,335,97,116,132
1778009068.737693,29,0.551696,0.623155,0.343792,0.7530,-0.0582,1.4678,-0.000,6.713,165.783,1,334,98,115,130
1778009068.737693,29,0.552955,0.624066,0.345080,0.7530,-0.0582,1.4678,-0.000,6.713,165.783,0,334,97,115,133
1778009068.804465,29,0.551066,0.624956,0.344392,0.7558,-0.0570,1.4691,0.000,6.929,164.027,1,334,97,114,133
1778009068.871198,29,0.542969,0.624571,0.339122,0.7583,-0.0571,1.4717,0.000,6.464,161.884,1,334,96,115,135
1778009068.904567,29,0.541929,0.624571,0.338473,0.7583,-0.0571,1.4717,-0.000,6.562,160.640,1,334,98,115,132
1778009068.904567,29,0.543254,0.623854,0.338911,0.7542,-0.0569,1.4670,0.000,6.668,160.884,1,334,97,115,133
1778009068.904567,29,0.538607,0.623854,0.336013,0.7542,-0.0569,1.4670,0.000,6.401,160.506,1,334,97,115,133
1778009068.971312,29,0.546395,0.624660,0.341311,0.7576,-0.0571,1.4700,0.000,6.814,160.993,1,334,98,114,133
1778009069.004681,29,0.530179,0.625045,0.331386,0.7579,-0.0571,1.4687,0.000,5.678,160.961,1,334,97,114,133
1778009069.038056,29,0.536908,0.624660,0.335385,0.7576,-0.0571,1.4700,0.000,6.080,161.589,1,334,97,114,133
1778009069.038056,29,0.543817,0.624660,0.339700,0.7576,-0.0571,1.4700,0.000,6.080,161.589,1,334,97,114,133
1778009069.104789,29,0.540582,0.624660,0.337680,0.7576,-0.0571,1.4700,0.000,6.474,160.564,1,334,97,114,133
1778009069.138158,29,0.546215,0.624956,0.341360,0.7586,-0.0571,1.4704,-0.000,6.951,159.819,1,333,97,113,133
1778009069.171521,29,0.532528,0.624083,0.332341,0.7558,-0.0557,1.4691,-0.000,6.126,159.567,1,333,96,114,135
1778009069.204890,29,0.532008,0.626062,0.333070,0.7630,-0.0559,1.4739,0.000,6.097,158.663,1,333,97,113,133
1778009069.271635,29,0.524979,0.624083,0.327630,0.7558,-0.0557,1.4691,0.000,5.812,158.285,1,333,97,114,133
1778009069.271635,29,0.522210,0.624083,0.325902,0.7558,-0.0557,1.4691,0.000,5.812,158.285,1,333,96,114,135
1778009069.338382,29,0.522691,0.624677,0.326513,0.7576,-0.0557,1.4700,0.000,5.763,157.406,1,333,97,114,133
1778009069.338382,29,0.517014,0.624677,0.322966,0.7576,-0.0557,1.4700,-0.000,5.393,157.313,1,332,96,113,133
1778009069.405154,29,0.523192,0.625195,0.327097,0.7602,-0.0545,1.4726,0.000,5.904,156.720,1,332,98,115,132
1778009069.438528,29,0.523903,0.625078,0.327481,0.7579,-0.0544,1.4687,0.000,5.766,157.833,1,332,97,115,133
1778009069.471897,29,0.524793,0.624989,0.327990,0.7586,-0.0545,1.4704,0.000,5.978,156.997,1,332,97,115,133
1778009069.471897,29,0.517668,0.624989,0.323537,0.7586,-0.0545,1.4704,0.000,5.457,157.196,1,332,97,114,133
1778009069.538653,29,0.515836,0.626078,0.322954,0.7630,-0.0546,1.4739,0.000,5.272,157.123,1,332,96,114,133
1778009069.538653,29,0.515842,0.626078,0.322957,0.7630,-0.0546,1.4739,0.000,5.272,157.123,1,331,97,113,133
1778009069.605404,29,0.519270,0.625597,0.324854,0.7604,-0.0532,1.4713,0.000,5.526,157.311,1,331,97,114,130
1778009069.638765,29,0.518985,0.625597,0.324676,0.7604,-0.0532,1.4713,0.000,5.561,157.005,1,330,96,113,133
1778009069.638765,29,0.522887,0.626110,0.327385,0.7604,-0.0532,1.4713,0.000,5.561,157.005,1,330,96,115,133
1778009069.705522,29,0.520215,0.625135,0.325205,0.7609,-0.0519,1.4743,-0.000,5.597,157.578,1,330,95,114,133
1778009069.738872,29,0.525506,0.625135,0.328512,0.7609,-0.0519,1.4743,0.000,6.046,157.077,1,330,95,114,133
1778009069.738872,29,0.527486,0.624841,0.329595,0.7609,-0.0519,1.4743,0.000,6.046,157.077,1,330,95,114,135
1778009069.805611,29,0.523355,0.624841,0.327013,0.7599,-0.0519,1.4739,0.000,5.870,157.352,1,330,95,114,135
1778009069.838980,29,0.523847,0.625723,0.327783,0.7627,-0.0520,1.4752,-0.000,5.751,157.894,1,329,95,113,135
1778009069.838980,29,0.522085,0.626325,0.326995,0.7627,-0.0520,1.4752,-0.000,5.751,157.894,1,329,95,113,136
1778009069.838980,29,0.525056,0.625150,0.328239,0.7646,-0.0507,1.4761,-0.000,5.794,156.852,1,329,95,115,136
1778009069.939074,29,0.526214,0.626325,0.329581,0.7646,-0.0507,1.4761,0.000,6.043,157.035,1,329,95,114,136
1778009069.972443,29,0.529952,0.626325,0.331922,0.7646,-0.0507,1.4761,0.000,6.165,157.798,1,329,95,114,137
1778009069.972443,29,0.527520,0.626340,0.330407,0.7646,-0.0507,1.4761,0.000,6.165,157.798,1,328,95,115,136
1778009070.005808,29,0.525688,0.626340,0.329259,0.7646,-0.0494,1.4761,0.000,6.054,157.592,1,328,95,115,137
1778009070.072551,29,0.510485,0.627217,0.320185,0.7674,-0.0495,1.4774,-0.000,5.026,156.524,1,328,95,114,135
1778009070.072551,29,0.507913,0.626633,0.318275,0.7674,-0.0495,1.4774,-0.000,5.026,156.524,1,328,95,114,135
1778009070.139289,29,0.511440,0.626647,0.320492,0.7655,-0.0481,1.4765,0.000,5.142,156.572,1,327,95,114,135
1778009070.172664,29,0.507812,0.627231,0.318516,0.7674,-0.0481,1.4774,0.000,5.089,155.350,1,327,95,114,135
1778009070.172664,29,0.507015,0.627231,0.318016,0.7674,-0.0481,1.4774,-0.000,4.975,155.659,0,326,95,115,136
1778009070.172664,29,0.506052,0.627439,0.317517,0.7674,-0.0481,1.4774,-0.000,4.975,155.659,1,326,94,116,135
1778009070.239397,29,0.512602,0.627439,0.321627,0.7690,-0.0469,1.4796,0.000,5.530,154.819,1,326,94,116,135
1778009070.306138,29,0.519439,0.627453,0.325923,0.7690,-0.0455,1.4796,0.000,5.883,155.498,1,325,94,115,136
1778009070.339514,29,0.522068,0.628033,0.327876,0.7708,-0.0456,1.4804,-0.000,6.129,154.976,1,325,94,116,136
1778009070.372883,29,0.504631,0.628033,0.316925,0.7708,-0.0456,1.4804,0.000,4.886,155.251,1,325,94,116,137
1778009070.406264,29,0.509626,0.627856,0.319972,0.7692,-0.0442,1.4782,0.000,5.142,155.845,1,324,95,116,136
1778009070.406264,29,0.498495,0.626702,0.312408,0.7692,-0.0442,1.4782,0.000,5.142,155.845,1,323,95,115,136
1778009070.473018,29,0.494798,0.627856,0.310662,0.7692,-0.0442,1.4782,-0.000,4.231,155.382,1,324,95,114,133
1778009070.473018,29,0.494866,0.627856,0.310705,0.7692,-0.0442,1.4782,-0.000,4.202,155.554,1,323,95,114,135
1778009070.539756,29,0.482643,0.627869,0.303036,0.7692,-0.0429,1.4782,0.000,3.447,155.342,1,323,96,114,133
1778009070.573126,29,0.498029,0.627675,0.312600,0.7676,-0.0428,1.4761,0.000,4.430,155.645,1,323,96,114,133
1778009070.606495,29,0.487328,0.628259,0.306168,0.7695,-0.0429,1.4769,0.000,3.773,155.142,0,321,96,113,133
1778009070.639864,29,0.483302,0.627115,0.303086,0.7658,-0.0402,1.4752,0.000,3.761,154.469,1,321,95,113,133
1778009070.673233,29,0.485355,0.627311,0.304469,0.7674,-0.0402,1.4774,-0.000,3.943,154.192,1,321,95,113,133
1778009070.706603,29,0.485697,0.627311,0.304683,0.7674,-0.0402,1.4774,0.000,4.031,153.880,1,321,95,113,136
1778009070.739985,29,0.488229,0.627894,0.306556,0.7692,-0.0402,1.4782,0.000,4.059,154.379,1,321,95,112,135
1778009070.773371,29,0.486266,0.627894,0.305323,0.7692,-0.0402,1.4782,-0.000,3.911,154.458,1,320,95,113,133
1778009070.773371,29,0.480186,0.626738,0.300951,0.7692,-0.0402,1.4782,-0.000,3.911,154.458,0,320,96,113,133
1778009070.840112,29,0.472540,0.627127,0.296342,0.7658,-0.0388,1.4752,0.000,3.189,153.877,1,321,95,112,135
1778009070.873482,29,0.470239,0.627323,0.294992,0.7674,-0.0388,1.4774,0.000,2.987,154.055,1,320,95,113,135
1778009070.873482,29,0.482815,0.627323,0.302881,0.7674,-0.0388,1.4774,0.000,3.779,154.271,1,320,95,112,135
1778009070.940248,29,0.474413,0.626738,0.297333,0.7655,-0.0388,1.4765,0.000,3.454,153.338,1,320,95,112,135
1778009070.973618,29,0.479439,0.626446,0.300343,0.7646,-0.0388,1.4761,0.000,3.673,153.975,1,320,95,112,133
1778009071.006997,29,0.469345,0.626738,0.294157,0.7655,-0.0388,1.4765,0.000,2.859,154.575,1,320,95,112,133
1778009071.006997,29,0.482554,0.626738,0.302435,0.7655,-0.0388,1.4765,0.000,3.816,154.192,1,319,95,113,133
1778009071.006997,29,0.483421,0.626457,0.302842,0.7655,-0.0388,1.4765,0.000,3.816,154.192,1,319,95,113,133
1778009071.073725,29,0.480886,0.626361,0.301209,0.7646,-0.0375,1.4761,0.000,3.871,154.406,1,319,94,113,135
1778009071.140467,29,0.478472,0.626361,0.299696,0.7653,-0.0375,1.4778,-0.000,3.714,154.382,1,320,95,112,136
1778009071.207207,29,0.469428,0.626457,0.294077,0.7646,-0.0375,1.4761,0.000,2.903,154.586,1,319,95,113,133
1778009071.240575,29,0.458740,0.626738,0.287510,0.7655,-0.0388,1.4765,-0.000,2.413,153.354,1,320,95,112,133
1778009071.273946,29,0.475932,0.626361,0.298105,0.7653,-0.0375,1.4778,-0.000,3.350,154.544,1,319,94,113,135
1778009071.273946,29,0.468752,0.626361,0.293608,0.7653,-0.0375,1.4778,0.000,2.795,154.934,1,319,95,113,136
1778009071.340684,29,0.474832,0.626457,0.297462,0.7646,-0.0375,1.4761,0.000,3.111,155.331,1,319,95,112,133
1778009071.374054,29,0.460749,0.626457,0.288640,0.7646,-0.0375,1.4761,0.000,2.414,154.175,1,319,95,112,133
1778009071.374054,29,0.472708,0.625870,0.295854,0.7646,-0.0375,1.4761,0.000,2.414,154.175,1,319,95,112,133
1778009071.407421,29,0.463260,0.625870,0.289941,0.7627,-0.0375,1.4752,0.000,3.019,155.282,1,319,95,113,133
1778009071.474159,29,0.467127,0.626069,0.292454,0.7643,-0.0375,1.4773,0.000,2.799,154.477,1,319,94,112,135
1778009071.507529,29,0.467352,0.626750,0.292913,0.7655,-0.0375,1.4765,0.000,2.793,154.360,1,319,95,112,133
1778009071.507529,29,0.463947,0.626750,0.290779,0.7655,-0.0375,1.4765,0.000,2.486,154.760,1,319,95,113,133
1778009071.540888,29,0.468595,0.626750,0.293692,0.7655,-0.0375,1.4765,0.000,2.700,155.225,1,319,94,112,135
1778009071.540888,29,0.459803,0.626945,0.288271,0.7655,-0.0375,1.4765,0.000,2.700,155.225,1,319,95,112,133
1778009071.574269,29,0.469989,0.626457,0.294428,0.7671,-0.0375,1.4787,-0.000,2.345,154.056,1,319,95,112,133
1778009071.641008,29,0.455560,0.626457,0.285389,0.7646,-0.0375,1.4761,0.000,2.155,153.778,1,319,95,113,135
1778009071.674377,29,0.451480,0.626457,0.282833,0.7646,-0.0375,1.4761,-0.000,1.975,153.361,1,320,95,112,135
1778009071.674377,29,0.456454,0.626738,0.286077,0.7646,-0.0375,1.4761,-0.000,1.975,153.361,1,320,95,112,135
1778009071.741126,29,0.462024,0.626738,0.289568,0.7655,-0.0388,1.4765,-0.000,2.571,153.629,1,319,95,113,136
1778009071.774496,29,0.444926,0.625870,0.278466,0.7627,-0.0375,1.4752,0.000,1.723,152.714,1,320,95,112,135
1778009071.807865,29,0.462083,0.626446,0.289470,0.7646,-0.0388,1.4761,0.000,2.549,153.840,1,319,94,112,135
1778009071.841234,29,0.458388,0.626069,0.286982,0.7643,-0.0375,1.4773,0.000,2.513,153.092,1,320,95,112,136
1778009071.874603,29,0.468780,0.626446,0.293665,0.7646,-0.0388,1.4761,0.000,2.946,154.064,1,319,95,113,136
1778009071.874603,29,0.457785,0.626457,0.286782,0.7646,-0.0388,1.4761,0.000,2.946,154.064,1,319,94,113,135
1778009071.941353,29,0.453187,0.626361,0.283859,0.7653,-0.0375,1.4778,0.000,2.078,153.438,1,320,95,112,135
1778009071.941353,29,0.461218,0.626738,0.289063,0.7653,-0.0375,1.4778,0.000,2.078,153.438,0,319,94,113,135
1778009072.008117,29,0.455486,0.626361,0.285299,0.7653,-0.0375,1.4778,0.000,2.152,153.804,1,319,94,113,135
1778009072.041487,29,0.461800,0.626361,0.289254,0.7653,-0.0375,1.4778,0.000,2.599,153.655,0,320,94,112,135
1778009072.074860,29,0.469391,0.626934,0.294277,0.7671,-0.0388,1.4787,0.000,2.981,153.940,1,320,95,112,136
1778009072.108229,29,0.458688,0.627323,0.287746,0.7674,-0.0388,1.4774,0.000,2.135,154.484,1,319,95,113,133
1778009072.108229,29,0.462652,0.627323,0.290232,0.7674,-0.0388,1.4774,0.000,2.626,153.387,1,319,94,113,135
1778009072.174968,29,0.466911,0.626945,0.292727,0.7671,-0.0375,1.4787,-0.000,3.127,152.605,1,320,95,112,136
1778009072.174968,29,0.469898,0.627323,0.294777,0.7671,-0.0375,1.4787,-0.000,3.127,152.605,1,320,95,112,135
1778009072.208337,29,0.464285,0.627323,0.291257,0.7674,-0.0388,1.4774,0.000,2.983,153.966,1,319,95,113,136
1778009072.241706,29,0.459359,0.626457,0.287769,0.7674,-0.0388,1.4774,0.000,2.366,155.170,1,319,95,113,135
1778009072.275084,29,0.459828,0.626750,0.288197,0.7646,-0.0375,1.4761,0.000,2.135,155.102,1,319,95,113,135
1778009072.341833,29,0.472927,0.626457,0.296268,0.7646,-0.0375,1.4761,0.000,3.041,155.052,1,319,94,113,135
1778009072.375205,29,0.466245,0.626945,0.292310,0.7671,-0.0375,1.4787,0.000,2.715,154.322,1,319,95,113,136
1778009072.408582,29,0.470610,0.627334,0.295230,0.7674,-0.0375,1.4774,0.000,3.054,153.961,1,320,95,114,136
1778009072.408582,29,0.467358,0.626738,0.292911,0.7674,-0.0375,1.4774,0.000,3.054,153.961,1,320,95,114,136
1778009072.475321,29,0.471729,0.626738,0.295651,0.7655,-0.0388,1.4765,0.000,3.010,154.610,1,320,94,114,135
1778009072.508680,29,0.467494,0.626350,0.292815,0.7653,-0.0388,1.4778,-0.000,2.848,154.158,1,320,94,112,135
1778009072.542049,29,0.469633,0.626350,0.294155,0.7653,-0.0388,1.4778,-0.000,2.948,154.361,1,320,95,112,133
1778009072.575429,29,0.458474,0.626446,0.287209,0.7646,-0.0388,1.4761,-0.000,2.173,154.515,1,320,95,112,133
1778009072.608788,29,0.451318,0.626738,0.282858,0.7655,-0.0388,1.4765,0.000,1.809,153.904,1,320,95,112,133
1778009072.642157,29,0.456844,0.626446,0.286188,0.7646,-0.0388,1.4761,0.000,2.140,154.150,1,320,95,112,133
1778009072.675536,29,0.466294,0.626446,0.292108,0.7646,-0.0388,1.4761,0.000,3.001,153.028,1,320,95,113,133
1778009072.675536,29,0.447714,0.626446,0.280469,0.7646,-0.0388,1.4761,0.000,3.001,153.028,1,320,95,113,133
1778009072.708906,29,0.467509,0.625270,0.292320,0.7646,-0.0388,1.4761,0.000,1.810,152.873,1,320,94,113,135
1778009072.775650,29,0.458406,0.626350,0.287123,0.7653,-0.0388,1.4778,0.000,2.350,153.669,1,320,94,113,135
1778009072.809019,29,0.468206,0.626058,0.293124,0.7643,-0.0388,1.4773,0.000,3.129,153.143,1,320,94,113,133
1778009072.842389,29,0.456937,0.625472,0.285801,0.7625,-0.0388,1.4765,0.000,2.534,152.624,1,321,94,112,136
1778009072.875758,29,0.460246,0.627504,0.288806,0.7690,-0.0402,1.4796,-0.000,2.798,151.727,1,321,94,113,137
1778009072.909127,29,0.461477,0.626338,0.289041,0.7653,-0.0402,1.4778,0.000,2.871,152.095,1,321,94,113,137
1778009072.942532,29,0.473786,0.626046,0.296612,0.7643,-0.0401,1.4773,0.000,3.535,152.870,0,322,94,112,136
1778009072.975911,29,0.480797,0.626910,0.301416,0.7671,-0.0415,1.4787,0.000,3.734,153.751,1,322,94,114,136
1778009073.009280,29,0.476151,0.625448,0.297807,0.7625,-0.0414,1.4765,-0.000,3.423,154.215,1,322,93,112,135
1778009073.042649,29,0.475831,0.625938,0.297841,0.7650,-0.0415,1.4791,0.000,3.518,153.510,1,322,93,113,135
1778009073.076009,29,0.466765,0.626521,0.292438,0.7669,-0.0415,1.4800,0.000,2.773,154.012,1,322,94,113,133
1778009073.076009,29,0.476074,0.625448,0.297759,0.7669,-0.0415,1.4800,0.000,2.773,154.012,0,323,94,114,136
1778009073.142748,29,0.490646,0.626021,0.307155,0.7643,-0.0428,1.4773,0.000,4.412,153.827,1,323,93,115,136
1778009073.176117,29,0.479624,0.625634,0.300069,0.7641,-0.0428,1.4786,-0.000,3.716,153.748,1,323,93,113,135
1778009073.209495,29,0.486237,0.625634,0.304206,0.7641,-0.0428,1.4786,0.000,4.098,154.040,1,324,93,114,136
1778009073.209495,29,0.493681,0.625621,0.308857,0.7641,-0.0428,1.4786,0.000,4.098,154.040,1,324,93,115,136
1778009073.276209,29,0.485918,0.625035,0.303716,0.7622,-0.0441,1.4778,-0.000,4.057,154.212,1,324,93,115,136
1778009073.276209,29,0.494752,0.625035,0.309238,0.7622,-0.0441,1.4778,-0.000,4.057,154.212,0,325,93,116,136
1778009073.342947,29,0.502066,0.625899,0.314243,0.7650,-0.0454,1.4791,0.000,5.057,154.246,1,325,93,115,136
1778009073.342947,29,0.503194,0.625022,0.314507,0.7650,-0.0454,1.4791,0.000,5.057,154.246,1,325,92,115,137
1778009073.409686,29,0.493692,0.625220,0.308666,0.7638,-0.0454,1.4799,0.000,4.517,154.342,1,325,92,115,139
1778009073.443055,29,0.502000,0.624636,0.313567,0.7619,-0.0454,1.4790,-0.000,5.056,154.633,1,325,93,115,136
1778009073.443055,29,0.503352,0.625022,0.314606,0.7619,-0.0454,1.4790,-0.000,5.056,154.633,1,326,92,116,137
1778009073.509794,29,0.493924,0.625206,0.308804,0.7638,-0.0468,1.4799,-0.000,4.419,154.799,1,325,92,115,135
1778009073.543169,29,0.480359,0.624050,0.299768,0.7601,-0.0454,1.4782,0.000,3.691,154.394,1,326,93,115,136
1778009073.576538,29,0.473569,0.624422,0.295707,0.7603,-0.0467,1.4769,-0.000,3.289,153.909,1,326,92,115,135
1778009073.609907,29,0.464557,0.624036,0.289900,0.7601,-0.0467,1.4782,-0.000,2.674,154.131,1,326,92,115,135
1778009073.643282,29,0.463343,0.624622,0.289414,0.7619,-0.0467,1.4790,0.000,2.662,153.602,1,326,92,115,135
1778009073.676656,29,0.466538,0.624622,0.291410,0.7619,-0.0467,1.4790,0.000,2.777,154.077,1,326,92,113,136
1778009073.676656,29,0.480479,0.624036,0.299837,0.7619,-0.0467,1.4790,0.000,2.777,154.077,1,326,92,115,136
1778009073.710020,29,0.480477,0.624036,0.299835,0.7601,-0.0467,1.4782,0.000,3.880,153.399,1,326,92,115,136
1778009073.743394,29,0.482681,0.624036,0.301210,0.7601,-0.0467,1.4782,0.000,3.891,153.344,1,326,92,115,136
1778009073.810162,29,0.489087,0.624036,0.305208,0.7601,-0.0467,1.4782,0.000,4.318,154.066,1,326,92,115,136
1778009073.810162,29,0.485356,0.624036,0.302880,0.7601,-0.0467,1.4782,0.000,4.318,154.066,1,326,92,115,136
1778009073.843531,29,0.486845,0.624036,0.303809,0.7601,-0.0467,1.4782,0.000,4.075,154.032,0,325,91,115,139
1778009073.910270,29,0.497009,0.623665,0.309967,0.7598,-0.0454,1.4794,0.000,4.780,154.655,1,326,92,115,136
1778009073.943639,29,0.495506,0.624036,0.309214,0.7601,-0.0467,1.4782,0.000,4.589,154.865,1,326,91,115,139
1778009073.977008,29,0.499231,0.624236,0.311638,0.7617,-0.0467,1.4803,0.000,4.913,154.436,1,326,92,115,136
1778009074.010377,29,0.482399,0.624622,0.301317,0.7619,-0.0467,1.4790,0.000,3.847,153.996,1,326,91,114,137
1778009074.043747,29,0.486752,0.623651,0.303563,0.7598,-0.0467,1.4794,0.000,4.186,154.072,1,326,92,114,136
1778009074.077116,29,0.479691,0.624036,0.299345,0.7601,-0.0467,1.4782,0.000,3.779,153.630,1,326,91,114,137
1778009074.110485,29,0.484991,0.624236,0.302749,0.7617,-0.0467,1.4803,0.000,4.078,153.838,1,326,91,114,137
1778009074.143854,29,0.486024,0.624820,0.303677,0.7635,-0.0468,1.4812,-0.000,4.034,154.208,1,326,91,114,137
1778009074.177203,29,0.484724,0.624236,0.302583,0.7617,-0.0467,1.4803,-0.000,4.006,154.102,1,326,91,114,137
1778009074.210593,29,0.483848,0.624236,0.302036,0.7617,-0.0467,1.4803,0.000,3.984,153.925,1,326,91,115,139
1778009074.243962,29,0.492962,0.624820,0.308012,0.7635,-0.0468,1.4812,0.000,4.519,154.109,1,326,91,115,137
1778009074.243962,29,0.497064,0.624820,0.310575,0.7635,-0.0468,1.4812,0.000,4.519,154.109,1,326,91,115,139
1778009074.277310,29,0.486544,0.624820,0.304002,0.7635,-0.0468,1.4812,-0.000,4.796,154.103,1,326,91,115,137
1778009074.344049,29,0.497758,0.624820,0.311009,0.7635,-0.0468,1.4812,0.000,4.880,153.924,1,326,92,115,137
1778009074.377454,29,0.494540,0.625206,0.309189,0.7638,-0.0468,1.4799,0.000,4.599,154.108,1,326,92,115,137
1778009074.410823,29,0.501741,0.625206,0.313691,0.7638,-0.0468,1.4799,-0.000,4.966,154.697,1,326,92,115,136
1778009074.410823,29,0.495237,0.625206,0.309625,0.7638,-0.0468,1.4799,-0.000,4.966,154.697,1,326,92,115,137
1778009074.477562,29,0.483464,0.625206,0.302265,0.7638,-0.0468,1.4799,-0.000,3.837,154.205,1,326,92,115,137
1778009074.510895,29,0.485675,0.625206,0.303647,0.7638,-0.0468,1.4799,0.000,4.025,154.007,1,326,92,115,137
1778009074.510895,29,0.498019,0.625206,0.311365,0.7638,-0.0468,1.4799,0.000,4.025,154.007,1,327,92,116,137
1778009074.577634,29,0.497008,0.625484,0.310870,0.7647,-0.0481,1.4804,0.000,4.683,154.308,1,326,92,115,137
1778009074.611039,29,0.505107,0.625206,0.315796,0.7638,-0.0468,1.4799,0.000,5.312,154.112,1,327,92,116,139
1778009074.644414,29,0.513550,0.625484,0.321217,0.7647,-0.0481,1.4804,0.000,5.637,155.141,1,326,93,115,136
1778009074.677783,29,0.516433,0.625008,0.322775,0.7622,-0.0467,1.4778,0.000,6.025,154.454,1,326,93,115,136
1778009074.711147,29,0.511305,0.625593,0.319869,0.7641,-0.0468,1.4786,-0.000,5.665,154.317,1,326,93,115,136
1778009074.744516,29,0.515865,0.625593,0.322722,0.7641,-0.0468,1.4786,-0.000,5.988,154.262,1,326,94,115,136
1778009074.744516,29,0.518720,0.625395,0.324405,0.7641,-0.0468,1.4786,-0.000,5.988,154.262,1,326,93,115,137
1778009074.811257,29,0.515719,0.625593,0.322631,0.7641,-0.0468,1.4786,0.000,5.959,154.352,1,326,93,115,136
1778009074.844627,29,0.518120,0.625593,0.324132,0.7641,-0.0468,1.4786,0.000,6.109,154.422,1,326,93,115,137
1778009074.877996,29,0.514152,0.625593,0.321650,0.7641,-0.0468,1.4786,0.000,6.007,153.612,1,326,94,115,136
1778009074.911365,29,0.516217,0.625981,0.323142,0.7643,-0.0468,1.4773,0.000,5.946,154.457,1,326,94,116,136
1778009074.944735,29,0.503921,0.625395,0.315150,0.7625,-0.0467,1.4765,-0.000,5.142,154.485,1,326,94,115,135
1778009074.944735,29,0.506743,0.625981,0.317211,0.7625,-0.0467,1.4765,-0.000,5.142,154.485,1,326,95,115,133
1778009074.978105,29,0.503231,0.625782,0.314913,0.7643,-0.0468,1.4773,0.000,5.243,154.742,1,326,94,115,135
1778009075.044845,29,0.513793,0.625395,0.321324,0.7625,-0.0467,1.4765,0.000,5.429,156.455,1,327,94,114,135
1778009075.078214,29,0.509270,0.625381,0.318488,0.7625,-0.0480,1.4765,0.000,4.923,157.449,1,326,95,113,133
1778009075.078214,29,0.509319,0.625381,0.318519,0.7625,-0.0480,1.4765,0.000,4.923,157.449,0,327,95,114,136
1778009075.144951,29,0.495764,0.625180,0.309941,0.7609,-0.0480,1.4743,0.000,3.935,157.987,1,327,94,114,135
1778009075.178319,29,0.499384,0.625381,0.312306,0.7625,-0.0480,1.4765,0.000,4.183,157.879,1,327,94,113,135
1778009075.211688,29,0.501218,0.624499,0.313011,0.7597,-0.0480,1.4751,0.000,4.355,157.941,1,327,95,113,136
1778009075.245059,29,0.511526,0.624885,0.319645,0.7599,-0.0480,1.4739,0.000,4.990,158.134,1,327,95,113,136
1778009075.278428,29,0.511878,0.623999,0.319411,0.7571,-0.0479,1.4725,-0.000,4.999,158.586,1,327,95,113,135
1778009075.311797,29,0.515328,0.623999,0.321564,0.7571,-0.0479,1.4725,-0.000,5.090,159.473,1,328,95,114,133
1778009075.345163,29,0.518123,0.623985,0.323301,0.7571,-0.0492,1.4725,0.000,5.104,160.509,1,328,95,114,133
1778009075.378533,29,0.528153,0.624280,0.329715,0.7581,-0.0492,1.4730,0.000,5.559,161.978,1,328,95,115,135
1778009075.411922,29,0.534401,0.624280,0.333616,0.7581,-0.0492,1.4730,0.000,5.935,162.360,1,328,95,115,135
1778009075.445274,29,0.540092,0.624280,0.337169,0.7581,-0.0492,1.4730,-0.000,6.195,163.384,1,328,95,115,135
1778009075.478643,29,0.552110,0.623985,0.344508,0.7571,-0.0492,1.4725,0.000,6.977,163.941,1,328,95,115,135
1778009075.512013,29,0.549729,0.624871,0.343509,0.7599,-0.0493,1.4739,0.000,6.647,164.854,1,329,95,116,135
1778009075.545382,29,0.562485,0.627784,0.353120,0.7692,-0.0508,1.4782,-0.000,7.268,165.248,1,329,96,115,136
1778009075.545382,29,0.566311,0.629047,0.356236,0.7692,-0.0508,1.4782,-0.000,7.268,165.248,1,330,96,116,135
1778009075.612120,29,0.567943,0.626697,0.355929,0.7648,-0.0520,1.4748,0.000,7.444,168.198,1,329,96,115,135
1778009075.612120,29,0.582401,0.629132,0.366407,0.7648,-0.0520,1.4748,0.000,7.444,168.198,1,330,97,116,133
1778009075.712256,29,0.585215,0.629132,0.368177,0.7716,-0.0522,1.4765,-0.000,8.398,169.381,1,330,97,116,136
1778009075.745625,29,0.595743,0.629523,0.375034,0.7719,-0.0522,1.4752,0.000,9.056,170.377,1,330,98,116,136
1778009075.778995,29,0.593642,0.629915,0.373944,0.7722,-0.0522,1.4739,0.000,8.860,170.688,1,330,99,116,133
1778009075.812364,29,0.589426,0.629510,0.371050,0.7690,-0.0534,1.4696,-0.000,8.558,171.123,1,331,101,116,132
1778009075.812364,29,0.604270,0.629510,0.380394,0.7690,-0.0534,1.4696,-0.000,8.558,171.123,1,331,101,116,133
1778009075.845741,29,0.613255,0.628921,0.385689,0.7671,-0.0534,1.4687,0.000,10.260,172.323,1,331,102,116,132
1778009075.845741,29,0.617864,0.630489,0.389556,0.7671,-0.0534,1.4687,0.000,10.260,172.323,1,331,103,117,130
1778009075.912480,29,0.617740,0.629702,0.388992,0.7676,-0.0534,1.4661,0.000,10.498,173.262,1,331,102,116,132
1778009075.912480,29,0.624849,0.629901,0.393593,0.7676,-0.0534,1.4661,0.000,10.498,173.262,1,331,102,117,133
1778009075.979220,29,0.622501,0.629311,0.391747,0.7673,-0.0534,1.4674,0.000,10.852,174.235,1,331,101,117,133
1778009076.012589,29,0.627240,0.629510,0.394854,0.7690,-0.0534,1.4696,0.000,11.184,174.298,1,331,101,117,133
1778009076.045969,29,0.629835,0.629510,0.396487,0.7690,-0.0534,1.4696,-0.000,11.373,174.470,1,331,101,117,135
1778009076.079338,29,0.632349,0.630097,0.398442,0.7708,-0.0535,1.4704,-0.000,11.505,175.366,1,331,101,117,135
1778009076.112707,29,0.632634,0.630097,0.398621,0.7708,-0.0535,1.4704,0.000,11.526,175.394,1,332,101,116,135
1778009076.112707,29,0.635923,0.630081,0.400683,0.7708,-0.0535,1.4704,0.000,11.526,175.394,1,332,102,116,133
1778009076.146083,29,0.646866,0.630472,0.407831,0.7708,-0.0548,1.4704,0.000,11.765,176.248,1,331,101,117,135
1778009076.246191,29,0.659766,0.630489,0.415975,0.7711,-0.0535,1.4691,0.000,13.546,177.634,1,331,102,117,136
1778009076.246191,29,0.660995,0.630489,0.416750,0.7711,-0.0535,1.4691,0.000,13.546,177.634,1,332,102,116,136
1778009076.312930,29,0.659579,0.629884,0.415459,0.7692,-0.0548,1.4683,0.000,13.569,177.374,1,332,102,117,135
1778009076.312930,29,0.661506,0.629884,0.416672,0.7692,-0.0548,1.4683,-0.000,13.726,177.895,1,332,102,117,135
1778009076.346299,29,0.660468,0.630472,0.416407,0.7711,-0.0548,1.4691,0.000,13.607,178.067,1,332,102,117,135
1778009076.379668,29,0.672704,0.630472,0.424122,0.7711,-0.0548,1.4691,0.000,14.563,178.654,0,333,103,116,135
1778009076.446407,29,0.669267,0.630651,0.422074,0.7697,-0.0561,1.4657,0.000,14.291,178.938,1,333,104,116,133
1778009076.479779,29,0.674839,0.630651,0.425588,0.7697,-0.0561,1.4657,0.000,14.742,179.477,1,333,104,115,133
1778009076.513129,29,0.678240,0.631025,0.427986,0.7700,-0.0574,1.4644,0.000,14.978,179.453,1,334,105,116,133
1778009076.546498,29,0.677414,0.630633,0.427200,0.7697,-0.0574,1.4657,-0.000,14.948,179.600,1,334,104,116,135
1778009076.546498,29,0.678116,0.630633,0.427642,0.7697,-0.0574,1.4657,0.000,15.004,179.614,1,334,105,116,133
1778009076.579885,29,0.675955,0.631025,0.426544,0.7700,-0.0574,1.4644,0.000,14.826,-179.947,1,334,105,117,133
1778009076.646623,29,0.675591,0.631025,0.426315,0.7700,-0.0574,1.4644,0.000,14.786,179.805,1,335,104,118,135
1778009076.646623,29,0.677548,0.631400,0.427803,0.7700,-0.0574,1.4644,0.000,14.786,179.805,1,335,106,116,133
1778009076.713362,29,0.665934,0.631007,0.420209,0.7700,-0.0588,1.4644,-0.000,14.087,-179.250,1,335,105,116,133
1778009076.746731,29,0.662113,0.631400,0.418058,0.7703,-0.0588,1.4631,0.000,13.791,-178.790,1,335,106,118,133
1778009076.746731,29,0.654683,0.631400,0.413367,0.7703,-0.0588,1.4631,-0.000,13.253,-178.326,1,335,106,118,133
1778009076.780100,29,0.662723,0.631400,0.418443,0.7703,-0.0588,1.4631,0.000,13.917,-177.572,1,336,106,120,133
1778009076.846839,29,0.665451,0.631381,0.420154,0.7703,-0.0601,1.4631,0.000,14.125,-177.659,1,336,106,118,135
1778009076.846839,29,0.658421,0.631381,0.415715,0.7703,-0.0601,1.4631,0.000,13.614,-177.282,1,336,106,118,133
1778009076.880208,29,0.661038,0.631381,0.417367,0.7703,-0.0601,1.4631,0.000,13.745,-178.255,1,336,106,118,135
1778009076.880208,29,0.663656,0.631381,0.419020,0.7703,-0.0601,1.4631,0.000,13.745,-178.255,1,336,106,117,136
1778009076.913577,29,0.662277,0.631972,0.418541,0.7703,-0.0601,1.4631,0.000,13.973,-177.851,1,336,106,118,136
1778009076.946946,29,0.662998,0.632562,0.419387,0.7721,-0.0602,1.4639,-0.000,13.812,-178.012,1,336,105,117,139
1778009077.013704,29,0.667434,0.632168,0.421930,0.7737,-0.0602,1.4660,0.000,14.189,-178.086,1,336,105,117,135
1778009077.080445,29,0.667010,0.632168,0.421662,0.7737,-0.0602,1.4660,0.000,14.133,-178.441,1,337,106,118,136
1778009077.113815,29,0.665950,0.631954,0.420850,0.7721,-0.0615,1.4639,0.000,14.063,-178.542,1,337,106,118,136
1778009077.147184,29,0.666941,0.631363,0.421082,0.7703,-0.0614,1.4631,-0.000,14.198,-178.315,1,337,105,118,136
1778009077.180553,29,0.661121,0.632149,0.417927,0.7737,-0.0616,1.4660,0.000,13.711,-178.039,1,337,105,117,136
1778009077.213945,29,0.663448,0.631561,0.419008,0.7719,-0.0615,1.4652,-0.000,13.920,-178.228,1,337,105,117,133
1778009077.247292,29,0.665891,0.632149,0.420943,0.7737,-0.0616,1.4660,0.000,14.060,-178.292,1,337,105,117,136
1778009077.247292,29,0.664786,0.632149,0.420244,0.7737,-0.0616,1.4660,0.000,14.060,-178.292,1,337,104,117,135
1778009077.314030,29,0.661727,0.631756,0.418050,0.7735,-0.0616,1.4674,0.000,13.773,-178.231,1,337,105,117,136
1778009077.347399,29,0.660114,0.632149,0.417291,0.7737,-0.0616,1.4660,0.000,13.618,-178.273,1,337,104,117,137
1778009077.380769,29,0.668498,0.631756,0.422327,0.7735,-0.0616,1.4674,0.000,14.270,-178.609,1,337,105,117,136
1778009077.380769,29,0.664926,0.631561,0.419941,0.7735,-0.0616,1.4674,0.000,14.270,-178.609,1,337,105,117,136
1778009077.414138,29,0.658960,0.631561,0.416173,0.7719,-0.0615,1.4652,-0.000,14.006,-178.658,0,337,104,117,137
1778009077.480873,29,0.664883,0.631756,0.420044,0.7735,-0.0616,1.4674,0.000,14.003,-178.427,1,337,105,117,133
1778009077.514233,29,0.671235,0.632149,0.424320,0.7737,-0.0616,1.4660,0.000,14.461,-178.469,1,337,105,117,135
1778009077.514233,29,0.657430,0.632149,0.415594,0.7737,-0.0616,1.4660,0.000,14.461,-178.469,1,337,104,117,135
1778009077.580971,29,0.656829,0.631756,0.414955,0.7735,-0.0616,1.4674,-0.000,13.410,-178.069,1,337,104,117,135
1778009077.614340,29,0.657154,0.631756,0.415161,0.7735,-0.0616,1.4674,0.000,13.432,-178.120,1,337,104,117,136
1778009077.647710,29,0.662238,0.631756,0.418372,0.7735,-0.0616,1.4674,0.000,13.799,-178.437,1,337,104,117,136
1778009077.647710,29,0.661684,0.631756,0.418023,0.7735,-0.0616,1.4674,0.000,13.799,-178.437,1,337,104,117,136
1778009077.714447,29,0.663592,0.631756,0.419228,0.7735,-0.0616,1.4674,0.000,13.885,-178.714,1,337,104,117,135
1778009077.747817,29,0.665221,0.632149,0.420519,0.7737,-0.0616,1.4660,0.000,13.993,-178.532,1,337,105,117,136
1778009077.781187,29,0.674163,0.632149,0.426172,0.7737,-0.0616,1.4660,0.000,14.682,-178.566,1,337,105,118,133
1778009077.814561,29,0.655729,0.631775,0.414273,0.7735,-0.0602,1.4674,0.000,13.269,-178.927,1,336,104,117,135
1778009077.847952,29,0.660737,0.631775,0.417437,0.7735,-0.0602,1.4674,0.000,13.616,-179.557,1,336,104,117,135
1778009077.847952,29,0.668076,0.631775,0.422073,0.7735,-0.0602,1.4674,0.000,13.616,-179.557,1,336,105,117,136
1778009077.914698,29,0.671804,0.631579,0.424298,0.7719,-0.0602,1.4652,-0.000,14.475,-179.710,1,336,104,117,133
1778009077.948067,29,0.669805,0.631187,0.422772,0.7716,-0.0602,1.4665,0.000,14.363,-179.446,1,336,105,117,133
1778009077.981455,29,0.671876,0.631579,0.424343,0.7719,-0.0602,1.4652,-0.000,14.492,-179.484,1,336,104,116,135
1778009078.014824,29,0.670771,0.631775,0.423776,0.7735,-0.0602,1.4674,-0.000,14.389,-179.541,1,336,104,116,135
1778009078.048194,29,0.676354,0.631187,0.426906,0.7716,-0.0602,1.4665,0.000,14.872,-179.429,1,336,105,116,133
1778009078.048194,29,0.670350,0.631579,0.423380,0.7716,-0.0602,1.4665,0.000,14.872,-179.429,1,336,105,116,133
1778009078.114944,29,0.671310,0.630989,0.423589,0.7700,-0.0601,1.4644,0.000,14.472,-179.879,1,336,105,116,133
1778009078.114944,29,0.670172,0.631381,0.423134,0.7700,-0.0601,1.4644,0.000,14.472,-179.879,1,336,106,116,133
1778009078.181678,29,0.672520,0.630989,0.424353,0.7700,-0.0601,1.4644,0.000,14.573,-179.727,1,336,105,116,133
1778009078.181678,29,0.669912,0.630989,0.422707,0.7700,-0.0601,1.4644,0.000,14.384,-179.473,1,336,105,116,133
1778009078.181678,29,0.670856,0.630989,0.423303,0.7700,-0.0601,1.4644,0.000,14.384,-179.473,1,336,105,116,133
1778009078.281805,29,0.673275,0.630989,0.424829,0.7700,-0.0601,1.4644,0.000,14.634,-179.676,1,336,105,116,133
1778009078.315175,29,0.670499,0.631598,0.423485,0.7719,-0.0588,1.4652,0.000,14.369,-179.757,1,335,105,117,133
1778009078.315175,29,0.672003,0.631007,0.424039,0.7719,-0.0588,1.4652,0.000,14.369,-179.757,1,335,105,117,133
1778009078.381913,29,0.667377,0.631007,0.421120,0.7700,-0.0588,1.4644,0.000,14.184,-179.519,1,335,105,116,133
1778009078.415294,29,0.673246,0.631598,0.425221,0.7719,-0.0588,1.4652,0.000,14.567,179.919,1,335,105,117,133
1778009078.448664,29,0.673874,0.631598,0.425617,0.7719,-0.0588,1.4652,-0.000,14.618,179.976,1,335,105,117,133
1778009078.448664,29,0.677065,0.631598,0.427633,0.7719,-0.0588,1.4652,0.000,14.897,-179.416,1,336,105,116,133
1778009078.515421,29,0.670555,0.631579,0.423508,0.7719,-0.0602,1.4652,-0.000,14.388,-179.515,1,335,105,117,133
1778009078.548790,29,0.673696,0.631598,0.425505,0.7719,-0.0588,1.4652,0.000,14.625,-179.608,1,335,105,117,133
1778009078.548790,29,0.673204,0.631007,0.424797,0.7719,-0.0588,1.4652,0.000,14.625,-179.608,1,335,105,117,133
1778009078.615522,29,0.673726,0.631793,0.425655,0.7735,-0.0589,1.4674,0.000,14.608,-179.695,1,335,104,117,135
1778009078.648882,29,0.673551,0.631598,0.425413,0.7719,-0.0588,1.4652,0.000,14.610,-179.677,1,335,105,117,133
1778009078.682261,29,0.676971,0.631793,0.427705,0.7735,-0.0589,1.4674,0.000,14.859,-179.720,1,335,104,117,135
1778009078.682261,29,0.670739,0.631793,0.423768,0.7735,-0.0589,1.4674,-0.000,14.384,-179.541,1,335,105,117,133
1778009078.749000,29,0.674121,0.631793,0.425905,0.7735,-0.0589,1.4674,0.000,14.647,-179.526,1,335,104,117,135
1778009078.749000,29,0.668683,0.631793,0.422469,0.7735,-0.0589,1.4674,0.000,14.235,-179.359,1,335,104,117,135
1778009078.749000,29,0.673545,0.631598,0.425410,0.7735,-0.0589,1.4674,0.000,14.235,-179.359,0,335,105,117,133
1778009078.849108,29,0.674718,0.631793,0.426282,0.7735,-0.0589,1.4674,0.000,14.724,-178.971,1,335,104,117,135
1778009078.882477,29,0.670501,0.631793,0.423618,0.7735,-0.0589,1.4674,-0.000,14.384,-179.201,1,335,104,116,135
1778009078.882477,29,0.671664,0.631793,0.424352,0.7735,-0.0589,1.4674,-0.000,14.473,-179.214,1,335,104,117,135
1778009078.949228,29,0.671149,0.631205,0.423633,0.7716,-0.0588,1.4665,0.000,14.482,-179.121,1,335,104,117,135
1778009078.982598,29,0.666978,0.631793,0.421392,0.7735,-0.0589,1.4674,0.000,14.123,-179.003,1,335,104,117,135
1778009079.015971,29,0.669547,0.631793,0.423015,0.7735,-0.0589,1.4674,0.000,14.315,-179.109,1,335,104,117,135
1778009079.049336,29,0.668388,0.631793,0.422283,0.7735,-0.0589,1.4674,0.000,14.247,-178.739,1,335,104,117,135
1778009079.049336,29,0.669284,0.631205,0.422455,0.7735,-0.0589,1.4674,0.000,14.247,-178.739,1,335,104,116,135
1778009079.116079,29,0.670049,0.631205,0.422938,0.7716,-0.0588,1.4665,0.000,14.408,-178.923,1,335,104,117,135
1778009079.149450,29,0.675991,0.631205,0.426689,0.7716,-0.0588,1.4665,0.000,14.858,-179.124,1,335,104,117,135
1778009079.182819,29,0.678895,0.631775,0.428908,0.7735,-0.0602,1.4674,-0.000,15.017,-179.618,1,336,104,116,135
1778009079.182819,29,0.669336,0.631775,0.422870,0.7735,-0.0602,1.4674,-0.000,15.017,-179.618,1,335,104,117,136
1778009079.249586,29,0.670590,0.631793,0.423674,0.7735,-0.0589,1.4674,0.000,14.387,-179.268,1,335,104,117,135
1778009079.249586,29,0.670646,0.631205,0.423315,0.7735,-0.0589,1.4674,0.000,14.387,-179.268,1,335,104,117,135
1778009079.316329,29,0.666022,0.631205,0.420397,0.7716,-0.0588,1.4665,-0.000,14.088,-179.088,1,335,104,117,135
1778009079.349706,29,0.664766,0.631205,0.419603,0.7716,-0.0588,1.4665,0.000,13.997,-179.000,1,336,104,116,133
1778009079.383076,29,0.667004,0.631187,0.421004,0.7716,-0.0602,1.4665,0.000,14.165,-179.107,1,336,104,116,136
1778009079.416447,29,0.672211,0.631187,0.424291,0.7716,-0.0602,1.4665,0.000,14.560,-179.235,1,336,104,116,135
1778009079.449816,29,0.663613,0.631187,0.418864,0.7716,-0.0602,1.4665,0.000,13.916,-178.902,1,336,104,116,133
1778009079.449816,29,0.658259,0.631187,0.415484,0.7716,-0.0602,1.4665,0.000,13.916,-178.902,1,336,104,118,135
1778009079.516568,29,0.660700,0.631187,0.417025,0.7716,-0.0602,1.4665,0.000,13.699,-178.811,1,336,104,118,135
1778009079.549937,29,0.663765,0.631187,0.418959,0.7716,-0.0602,1.4665,-0.000,13.945,-178.624,1,336,104,118,135
1778009079.583309,29,0.657932,0.631187,0.415278,0.7716,-0.0602,1.4665,0.000,13.475,-179.023,1,336,104,118,133
1778009079.616675,29,0.666111,0.631187,0.420440,0.7716,-0.0602,1.4665,0.000,14.131,-178.534,1,336,104,117,133
1778009079.650045,29,0.661917,0.631187,0.417793,0.7716,-0.0602,1.4665,0.000,13.784,-178.947,1,336,104,117,133
1778009079.683414,29,0.663549,0.631187,0.418823,0.7716,-0.0602,1.4665,0.000,13.892,-179.248,1,336,105,117,133
1778009079.716783,29,0.664017,0.631579,0.419380,0.7719,-0.0602,1.4652,-0.000,13.919,-178.886,1,336,104,117,135
1778009079.716783,29,0.669336,0.631775,0.422869,0.7719,-0.0602,1.4652,-0.000,13.919,-178.886,1,336,105,117,133
1778009079.783511,29,0.663713,0.631579,0.419187,0.7719,-0.0602,1.4652,0.000,13.935,-178.261,1,336,104,117,133
1778009079.783511,29,0.663236,0.631187,0.418626,0.7719,-0.0602,1.4652,0.000,13.935,-178.261,1,336,104,117,136
1778009079.816891,29,0.665882,0.631775,0.420687,0.7716,-0.0602,1.4665,0.000,13.897,-178.739,1,337,104,116,136
1778009079.850260,29,0.661315,0.630579,0.417011,0.7735,-0.0602,1.4674,-0.000,14.077,-178.424,1,337,104,116,136
1778009079.883629,29,0.668211,0.629988,0.420965,0.7697,-0.0614,1.4657,0.000,13.807,-178.560,1,337,104,116,136
1778009079.950368,29,0.661495,0.630579,0.417125,0.7697,-0.0614,1.4657,-0.000,13.818,-178.613,0,337,103,116,137
1778009079.983726,29,0.659784,0.629597,0.415399,0.7676,-0.0613,1.4661,-0.000,13.778,-178.326,1,337,103,116,139
1778009080.017095,29,0.662163,0.630776,0.417676,0.7713,-0.0615,1.4678,0.000,13.868,-178.406,1,337,103,117,137
1778009080.050465,29,0.657921,0.630776,0.415001,0.7713,-0.0615,1.4678,0.000,13.553,-178.256,1,337,103,117,139
1778009080.083834,29,0.658179,0.630776,0.415164,0.7713,-0.0615,1.4678,-0.000,13.547,-178.657,1,337,104,117,136
1778009080.117203,29,0.654500,0.630579,0.412714,0.7697,-0.0614,1.4657,0.000,13.264,-178.958,1,338,104,118,136
1778009080.150586,29,0.663902,0.629969,0.418238,0.7679,-0.0627,1.4648,0.000,14.028,-178.950,1,338,104,118,137
1778009080.183956,29,0.664362,0.631149,0.419312,0.7716,-0.0628,1.4665,0.000,13.978,-178.929,1,338,104,118,136
1778009080.183956,29,0.663473,0.630560,0.418359,0.7716,-0.0628,1.4665,0.000,13.978,-178.929,1,338,104,118,137
1778009080.250694,29,0.657285,0.630560,0.414458,0.7697,-0.0627,1.4657,0.000,13.481,-178.906,1,338,103,117,139
1778009080.250694,29,0.660863,0.631344,0.417232,0.7697,-0.0627,1.4657,0.000,13.481,-178.906,1,338,103,117,139
1778009080.317433,29,0.653096,0.630757,0.411945,0.7713,-0.0628,1.4678,0.000,13.147,-178.920,1,338,104,117,140
1778009080.350802,29,0.655204,0.631737,0.413917,0.7735,-0.0629,1.4674,-0.000,13.267,-178.407,1,338,103,117,139
1778009080.384211,29,0.662771,0.631344,0.418436,0.7732,-0.0629,1.4687,0.000,13.844,-178.878,1,338,103,117,139
1778009080.417580,29,0.663369,0.631344,0.418814,0.7732,-0.0629,1.4687,0.000,13.888,-178.913,1,339,104,118,137
1778009080.450950,29,0.661709,0.631130,0.417625,0.7716,-0.0642,1.4665,0.000,13.779,-178.895,1,339,105,118,136
1778009080.484319,29,0.663829,0.630932,0.418831,0.7700,-0.0641,1.4644,0.000,13.973,-178.622,1,339,104,118,135
1778009080.484319,29,0.649461,0.631717,0.410276,0.7700,-0.0641,1.4644,0.000,13.973,-178.622,1,338,104,117,137
1778009080.551047,29,0.654568,0.631737,0.413515,0.7735,-0.0629,1.4674,0.000,13.184,-178.957,1,338,104,117,136
1778009080.584417,29,0.655619,0.631737,0.414179,0.7735,-0.0629,1.4674,0.000,13.260,-179.021,1,338,104,117,136
1778009080.617786,29,0.651581,0.631737,0.411627,0.7735,-0.0629,1.4674,0.000,12.967,-178.804,1,338,104,117,136
1778009080.651165,29,0.657317,0.631737,0.415251,0.7735,-0.0629,1.4674,0.000,13.399,-178.870,1,338,104,117,135
1778009080.684534,29,0.663474,0.631737,0.419141,0.7735,-0.0629,1.4674,0.000,13.878,-178.731,1,338,105,118,136
1778009080.717906,29,0.661235,0.631542,0.417598,0.7719,-0.0628,1.4652,-0.000,13.762,-178.105,1,338,105,118,136
1778009080.784644,29,0.662248,0.631542,0.418237,0.7719,-0.0628,1.4652,-0.000,13.779,-179.054,0,338,104,118,135
1778009080.784644,29,0.656765,0.631737,0.414902,0.7735,-0.0629,1.4674,0.000,13.366,-178.719,1,337,105,117,133
1778009080.818001,29,0.653798,0.632149,0.413298,0.7737,-0.0616,1.4660,0.000,13.102,-178.834,1,337,104,117,135
1778009080.818001,29,0.656337,0.631756,0.414645,0.7737,-0.0616,1.4660,0.000,13.102,-178.834,1,337,104,117,133
1778009080.884730,29,0.657798,0.631756,0.415568,0.7735,-0.0616,1.4674,0.000,13.430,-178.910,1,337,104,117,133
1778009080.918099,29,0.655894,0.632049,0.414557,0.7744,-0.0616,1.4678,0.000,13.268,-178.835,1,337,104,116,135
1778009080.951468,29,0.661184,0.631756,0.417707,0.7735,-0.0616,1.4674,0.000,13.674,-179.163,1,337,104,117,133
1778009080.984833,29,0.655479,0.631756,0.414103,0.7735,-0.0616,1.4674,-0.000,13.232,-179.288,1,337,103,117,135
1778009081.018202,29,0.655352,0.631656,0.413957,0.7741,-0.0616,1.4691,0.000,13.248,-178.967,1,337,104,116,135
1778009081.051601,29,0.659263,0.632049,0.416687,0.7744,-0.0616,1.4678,0.000,13.511,-179.065,1,337,103,116,135
1778009081.084970,29,0.655348,0.631656,0.413954,0.7741,-0.0616,1.4691,0.000,13.232,-179.249,1,336,103,117,135
1778009081.118350,29,0.656790,0.632842,0.415644,0.7779,-0.0604,1.4708,-0.000,13.249,-179.321,1,337,103,116,135
1778009081.151719,29,0.655956,0.631656,0.414338,0.7741,-0.0616,1.4691,0.000,13.287,-179.083,1,336,104,117,136
1778009081.185088,29,0.659790,0.632068,0.417032,0.7744,-0.0603,1.4678,0.000,13.541,-179.215,1,336,104,117,133
1778009081.218457,29,0.659963,0.632653,0.417528,0.7763,-0.0603,1.4686,0.000,13.499,-179.435,1,336,104,117,136
1778009081.251827,29,0.660172,0.632653,0.417660,0.7763,-0.0603,1.4686,0.000,13.516,-179.406,1,336,104,117,135
1778009081.285204,29,0.659315,0.632653,0.417118,0.7763,-0.0603,1.4686,-0.000,13.446,-179.498,1,336,104,117,133
1778009081.285204,29,0.659462,0.632653,0.417211,0.7763,-0.0603,1.4686,-0.000,13.446,-179.498,1,336,104,116,133
1778009081.351942,29,0.658640,0.632653,0.416691,0.7763,-0.0603,1.4686,0.000,13.387,-179.634,1,336,104,117,133
1778009081.385304,29,0.662743,0.632653,0.419287,0.7763,-0.0603,1.4686,0.000,13.697,-179.706,1,336,104,116,133
1778009081.418666,29,0.661165,0.632653,0.418288,0.7763,-0.0603,1.4686,-0.000,13.580,-179.633,1,336,104,116,133
1778009081.418666,29,0.661293,0.633529,0.418948,0.7763,-0.0603,1.4686,-0.000,13.580,-179.633,1,336,104,116,133
1778009081.452025,29,0.660360,0.633529,0.418357,0.7791,-0.0605,1.4699,0.000,13.521,-179.715,1,336,104,116,133
1778009081.518774,29,0.655858,0.633529,0.415505,0.7791,-0.0605,1.4699,0.000,13.123,-179.401,0,336,105,116,133
1778009081.552139,29,0.657037,0.633048,0.415936,0.7765,-0.0603,1.4673,-0.000,13.249,-179.392,1,336,105,116,132
1778009081.618871,29,0.662764,0.633925,0.420143,0.7794,-0.0605,1.4686,0.000,13.616,-179.483,1,336,105,116,133
1778009081.618871,29,0.663287,0.633925,0.420474,0.7794,-0.0605,1.4686,-0.000,13.650,-179.608,1,336,106,115,132
1778009081.685616,29,0.656341,0.633633,0.415879,0.7784,-0.0604,1.4682,0.000,13.142,-179.588,1,336,105,115,132
1778009081.718985,29,0.665047,0.634028,0.421659,0.7787,-0.0604,1.4668,-0.000,13.785,-179.463,1,336,106,115,130
1778009081.718985,29,0.660260,0.634028,0.418624,0.7787,-0.0604,1.4668,0.000,13.391,179.991,1,336,106,115,130
1778009081.752358,29,0.654547,0.634028,0.415001,0.7787,-0.0604,1.4668,0.000,12.986,-179.402,1,336,106,116,132
1778009081.785724,29,0.659253,0.634028,0.417985,0.7787,-0.0604,1.4668,0.000,13.331,-179.662,1,336,106,116,130
1778009081.819097,29,0.657463,0.634321,0.417043,0.7796,-0.0605,1.4673,-0.000,13.187,-179.381,1,336,106,115,129
1778009081.819097,29,0.656980,0.634321,0.416736,0.7796,-0.0605,1.4673,-0.000,13.187,-179.381,1,336,106,115,129
1778009081.885831,29,0.655914,0.634321,0.416060,0.7796,-0.0605,1.4673,0.000,13.050,-179.761,1,336,107,115,130
1778009081.919207,29,0.657664,0.634717,0.417431,0.7799,-0.0605,1.4659,0.000,13.159,-179.647,1,336,107,115,130
1778009081.952584,29,0.654965,0.634717,0.415718,0.7799,-0.0605,1.4659,0.000,12.963,-179.475,1,336,106,116,129
1778009081.985953,29,0.654693,0.634321,0.415285,0.7796,-0.0605,1.4673,-0.000,12.964,-179.626,1,336,107,115,130
1778009082.019322,29,0.655800,0.634717,0.416247,0.7799,-0.0605,1.4659,0.000,13.032,-179.361,1,335,107,115,130
1778009082.052711,29,0.658694,0.635320,0.418481,0.7818,-0.0592,1.4668,0.000,13.193,-179.634,1,336,106,114,132
1778009082.086083,29,0.661576,0.634904,0.420037,0.7815,-0.0605,1.4681,0.000,13.482,-178.953,1,336,106,114,132
1778009082.119452,29,0.654978,0.634321,0.415466,0.7796,-0.0605,1.4673,-0.000,13.000,-179.342,1,336,106,116,129
1778009082.152822,29,0.654605,0.634321,0.415230,0.7796,-0.0605,1.4673,-0.000,12.994,-178.949,1,336,107,114,130
1778009082.186192,29,0.660158,0.634717,0.419013,0.7799,-0.0605,1.4659,0.000,13.368,-179.294,1,336,107,115,130
1778009082.219597,29,0.655873,0.635301,0.416677,0.7818,-0.0605,1.4668,0.000,13.014,-179.006,1,336,107,114,130
1778009082.252966,29,0.652471,0.634717,0.414135,0.7799,-0.0605,1.4659,-0.000,12.802,-178.967,1,336,107,114,132
1778009082.286348,29,0.658470,0.635301,0.418327,0.7818,-0.0605,1.4668,0.000,13.219,-178.893,1,336,106,115,133
1778009082.286348,29,0.654938,0.635301,0.416083,0.7818,-0.0605,1.4668,0.000,12.967,-178.614,1,336,107,115,130
1778009082.286348,29,0.654837,0.635301,0.416019,0.7818,-0.0605,1.4668,0.000,12.967,-178.614,1,336,106,114,132
1778009082.386443,29,0.656120,0.634904,0.416574,0.7815,-0.0605,1.4681,0.000,13.038,-179.459,1,336,107,115,128
1778009082.386443,29,0.651023,0.635301,0.413595,0.7815,-0.0605,1.4681,0.000,13.038,-179.459,1,336,106,115,129
1778009082.453182,29,0.634580,0.634904,0.402897,0.7815,-0.0605,1.4681,0.000,11.452,-178.864,1,336,107,115,126
1778009082.453182,29,0.637338,0.635301,0.404902,0.7815,-0.0605,1.4681,0.000,11.452,-178.864,1,336,106,116,129
1778009082.519926,29,0.643576,0.634321,0.408234,0.7796,-0.0605,1.4673,0.000,12.144,-179.267,1,336,107,116,130
1778009082.553289,29,0.643360,0.635301,0.408727,0.7818,-0.0605,1.4668,-0.000,12.073,-178.957,1,336,106,116,132
1778009082.553289,29,0.648509,0.634904,0.411741,0.7818,-0.0605,1.4668,-0.000,12.073,-178.957,1,336,106,116,132
1778009082.620034,29,0.640971,0.634321,0.406581,0.7796,-0.0605,1.4673,-0.000,11.961,-179.050,1,336,106,115,132
1778009082.653403,29,0.650907,0.634321,0.412884,0.7796,-0.0605,1.4673,0.000,12.726,-178.746,1,336,106,115,132
1778009082.686772,29,0.645204,0.634321,0.409266,0.7796,-0.0605,1.4673,0.000,12.263,-179.336,1,336,106,115,132
1778009082.720142,29,0.644350,0.634321,0.408724,0.7796,-0.0605,1.4673,0.000,12.223,-178.901,1,336,106,115,132
1778009082.720142,29,0.640845,0.634321,0.406501,0.7796,-0.0605,1.4673,0.000,12.223,-178.901,1,336,106,115,130
1778009082.786880,29,0.653752,0.634321,0.414688,0.7796,-0.0605,1.4673,0.000,12.945,-178.684,0,336,105,115,133
1778009082.820241,29,0.646455,0.633925,0.409804,0.7794,-0.0605,1.4686,0.000,12.410,-178.908,1,336,106,115,130
1778009082.853611,29,0.645999,0.634028,0.409582,0.7787,-0.0604,1.4668,0.000,12.354,-179.155,1,336,105,117,133
1778009082.886980,29,0.652125,0.633925,0.413398,0.7794,-0.0605,1.4686,0.000,12.831,-179.034,1,336,104,116,133
1778009082.920357,29,0.652947,0.634111,0.414041,0.7810,-0.0605,1.4707,0.000,12.867,-179.250,1,336,105,115,133
1778009082.953726,29,0.652890,0.633925,0.413883,0.7794,-0.0605,1.4686,0.000,12.875,-179.274,1,336,105,116,133
1778009082.987088,29,0.658507,0.633925,0.417444,0.7794,-0.0605,1.4686,0.000,13.309,-179.156,1,336,104,116,133
1778009082.987088,29,0.653236,0.633925,0.414102,0.7794,-0.0605,1.4686,0.000,12.922,-178.903,1,336,104,116,133
1778009082.987088,29,0.650443,0.633237,0.411885,0.7794,-0.0605,1.4686,0.000,12.922,-178.903,1,336,104,116,136
1778009083.087195,29,0.650639,0.633237,0.412009,0.7782,-0.0604,1.4695,0.000,12.822,-178.173,1,336,103,116,135
1778009083.120561,29,0.648375,0.632842,0.410319,0.7779,-0.0604,1.4708,0.000,12.676,-178.241,1,336,103,116,136
1778009083.153929,29,0.648995,0.632842,0.410711,0.7779,-0.0604,1.4708,0.000,12.728,-178.162,1,336,103,116,136
1778009083.187299,29,0.652034,0.632842,0.412635,0.7779,-0.0604,1.4708,-0.000,12.938,-178.464,1,336,103,116,133
1778009083.187299,29,0.649363,0.632842,0.410944,0.7779,-0.0604,1.4708,-0.000,12.938,-178.464,1,335,103,117,136
1778009083.254038,29,0.649688,0.632277,0.410783,0.7760,-0.0590,1.4699,-0.000,12.816,-178.216,1,336,102,116,137
1778009083.287421,29,0.647448,0.631865,0.409100,0.7758,-0.0603,1.4713,0.000,12.684,-178.147,1,336,103,116,136
1778009083.320790,29,0.649423,0.631674,0.410224,0.7741,-0.0603,1.4691,0.000,12.837,-178.308,1,335,102,117,137
1778009083.354161,29,0.646579,0.631884,0.408563,0.7758,-0.0590,1.4713,0.000,12.589,-178.565,1,336,102,116,137
1778009083.354161,29,0.649722,0.631281,0.410157,0.7758,-0.0590,1.4713,0.000,12.589,-178.565,1,336,102,116,137
1778009083.420916,29,0.649921,0.631865,0.410662,0.7758,-0.0603,1.4713,0.000,12.854,-178.410,1,336,102,116,137
1778009083.454292,29,0.651135,0.631865,0.411429,0.7758,-0.0603,1.4713,0.000,12.945,-178.414,1,336,102,116,137
1778009083.454292,29,0.652415,0.631865,0.412239,0.7758,-0.0603,1.4713,0.000,12.945,-178.414,1,336,102,116,137
1778009083.521031,29,0.650242,0.631865,0.410865,0.7758,-0.0603,1.4713,0.000,12.869,-178.556,1,336,102,116,137
1778009083.587763,29,0.645766,0.631865,0.408037,0.7758,-0.0603,1.4713,0.000,12.555,-178.178,1,336,102,116,136
1778009083.587763,29,0.649503,0.631865,0.410398,0.7758,-0.0603,1.4713,-0.000,12.791,-178.920,1,336,102,117,137
1778009083.587763,29,0.638737,0.631281,0.403223,0.7758,-0.0603,1.4713,-0.000,12.791,-178.920,1,336,102,117,137
1778009083.654508,29,0.647661,0.631281,0.408856,0.7739,-0.0603,1.4704,0.000,12.704,-178.781,1,336,103,117,135
1778009083.687877,29,0.647621,0.631674,0.409086,0.7741,-0.0603,1.4691,0.000,12.682,-178.603,1,336,103,117,135
1778009083.721246,29,0.645293,0.631674,0.407615,0.7741,-0.0603,1.4691,0.000,12.513,-178.513,1,336,103,117,135
1778009083.787985,29,0.637801,0.631674,0.402883,0.7741,-0.0603,1.4691,0.000,11.965,-178.309,1,336,103,117,133
1778009083.787985,29,0.646151,0.631674,0.408157,0.7741,-0.0603,1.4691,0.000,12.569,-178.651,1,336,103,117,133
1778009083.821354,29,0.645204,0.631674,0.407559,0.7741,-0.0603,1.4691,0.000,12.492,-178.743,1,336,103,117,135
1778009083.854723,29,0.639908,0.631674,0.404214,0.7741,-0.0603,1.4691,-0.000,12.085,-178.913,1,336,103,117,135
1778009083.921468,29,0.641075,0.631674,0.404951,0.7741,-0.0603,1.4691,0.000,12.148,-179.363,1,336,103,117,135
1778009083.921468,29,0.638193,0.631674,0.403130,0.7741,-0.0603,1.4691,0.000,11.955,-178.963,1,336,103,117,135
1778009083.954837,29,0.642521,0.631674,0.405864,0.7741,-0.0603,1.4691,-0.000,12.302,-178.560,1,336,103,117,136
1778009083.954837,29,0.640940,0.632259,0.405240,0.7741,-0.0603,1.4691,-0.000,12.302,-178.560,1,336,103,117,136
1778009084.021569,29,0.648659,0.632842,0.410499,0.7779,-0.0604,1.4708,0.000,12.642,-179.157,1,337,103,116,133
1778009084.054939,29,0.644519,0.631656,0.407114,0.7741,-0.0616,1.4691,0.000,12.444,-178.734,1,337,103,116,136
1778009084.088314,29,0.646341,0.631656,0.408265,0.7741,-0.0616,1.4691,0.000,12.600,-178.427,1,337,103,116,136
1778009084.121683,29,0.646718,0.631656,0.408503,0.7741,-0.0616,1.4691,0.000,12.586,-179.122,1,338,103,116,135
1778009084.155060,29,0.638815,0.632805,0.404245,0.7779,-0.0631,1.4708,0.000,11.926,-178.848,1,337,103,117,136
1778009084.188430,29,0.650563,0.632824,0.411692,0.7779,-0.0618,1.4708,-0.000,12.786,-179.190,1,338,104,116,133
1778009084.255168,29,0.647564,0.631637,0.409025,0.7741,-0.0629,1.4691,-0.000,12.683,-178.623,1,338,103,116,136
1778009084.288537,29,0.640510,0.632616,0.405197,0.7763,-0.0630,1.4686,-0.000,12.057,-179.008,1,338,104,116,133
1778009084.288537,29,0.648974,0.633096,0.410863,0.7763,-0.0630,1.4686,-0.000,12.057,-179.008,1,338,103,116,135
1778009084.355276,29,0.638618,0.633096,0.404306,0.7788,-0.0632,1.4712,-0.000,11.885,-178.928,1,338,103,116,135
1778009084.388642,29,0.637626,0.633096,0.403679,0.7788,-0.0632,1.4712,0.000,11.822,-178.757,1,338,103,116,135
1778009084.388642,29,0.639871,0.633096,0.405100,0.7788,-0.0632,1.4712,0.000,11.983,-178.851,1,338,103,116,135
1778009084.422011,29,0.635833,0.633096,0.402543,0.7788,-0.0632,1.4712,0.000,11.668,-179.102,1,338,104,117,135
1778009084.455381,29,0.636771,0.633200,0.403203,0.7782,-0.0631,1.4695,0.000,11.810,-177.851,1,338,103,116,136
1778009084.488750,29,0.632674,0.633096,0.400543,0.7788,-0.0632,1.4712,0.000,11.582,-176.933,1,338,103,116,137
1778009084.522119,29,0.641505,0.633096,0.406134,0.7788,-0.0632,1.4712,-0.000,12.280,-176.454,0,338,104,117,136
1778009084.588855,29,0.635527,0.632221,0.401794,0.7760,-0.0630,1.4699,0.000,12.054,-174.783,1,338,103,117,135
1778009084.588855,29,0.636442,0.632221,0.402372,0.7760,-0.0630,1.4699,0.000,12.252,-173.584,1,339,104,116,135
1778009084.655572,29,0.642021,0.632596,0.406140,0.7763,-0.0644,1.4686,0.000,12.694,-173.215,1,339,104,117,136
1778009084.655572,29,0.630617,0.632596,0.398926,0.7763,-0.0644,1.4686,0.000,11.891,-172.797,1,339,103,117,137
1778009084.688941,29,0.628084,0.632785,0.397442,0.7779,-0.0645,1.4708,0.000,11.743,-172.367,1,339,103,117,135
1778009084.722311,29,0.632614,0.632785,0.400309,0.7779,-0.0645,1.4708,-0.000,12.187,-171.560,1,340,104,116,136
1778009084.789050,29,0.614720,0.632182,0.388615,0.7760,-0.0657,1.4699,0.000,11.042,-170.653,1,340,103,116,135
1778009084.789050,29,0.617070,0.632182,0.390100,0.7760,-0.0657,1.4699,-0.000,11.305,-170.036,1,340,103,116,135
1778009084.855788,29,0.617348,0.632182,0.390276,0.7760,-0.0657,1.4699,0.000,11.564,-168.534,1,340,103,116,136
1778009084.889198,29,0.604522,0.632182,0.382168,0.7760,-0.0657,1.4699,0.000,10.744,-167.810,1,340,103,117,136
1778009084.922567,29,0.601188,0.632182,0.380060,0.7760,-0.0657,1.4699,-0.000,10.572,-167.400,1,341,103,116,133
1778009084.922567,29,0.596974,0.632162,0.377384,0.7760,-0.0657,1.4699,-0.000,10.572,-167.400,1,341,103,116,133
1778009084.989336,29,0.594194,0.632162,0.375627,0.7760,-0.0670,1.4699,-0.000,10.174,-166.863,1,341,103,115,133
1778009085.022705,29,0.586923,0.632162,0.371030,0.7760,-0.0670,1.4699,0.000,9.617,-167.043,1,341,103,115,133
1778009085.056078,29,0.587398,0.632162,0.371331,0.7760,-0.0670,1.4699,-0.000,9.779,-166.340,1,341,103,115,133
1778009085.089462,29,0.584024,0.632745,0.369538,0.7779,-0.0671,1.4708,0.000,9.603,-165.762,1,341,103,115,133
1778009085.122832,29,0.579551,0.632745,0.366708,0.7779,-0.0671,1.4708,0.000,9.322,-165.555,1,341,103,115,133
1778009085.122832,29,0.587423,0.632162,0.371346,0.7779,-0.0671,1.4708,0.000,9.322,-165.555,1,341,102,115,135
1778009085.189570,29,0.587740,0.631768,0.371315,0.7758,-0.0670,1.4713,0.000,10.063,-165.123,1,341,102,115,133
1778009085.222944,29,0.580639,0.631768,0.366829,0.7758,-0.0670,1.4713,0.000,9.609,-164.836,1,341,102,115,133
1778009085.222944,29,0.575059,0.631768,0.363304,0.7758,-0.0670,1.4713,0.000,9.609,-164.836,1,341,103,115,133
1778009085.256317,29,0.564591,0.632162,0.356913,0.7758,-0.0670,1.4713,-0.000,9.314,-164.315,1,341,103,115,133
1778009085.323052,29,0.572729,0.632745,0.362391,0.7779,-0.0671,1.4708,0.000,9.154,-163.948,1,341,102,115,133
1778009085.356421,29,0.573825,0.632350,0.362858,0.7776,-0.0671,1.4721,0.000,9.420,-163.186,1,341,103,115,133
1778009085.389791,29,0.568183,0.632745,0.359515,0.7779,-0.0671,1.4708,0.000,8.857,-163.819,1,341,103,115,133
1778009085.423160,29,0.567184,0.632745,0.358882,0.7779,-0.0671,1.4708,0.000,8.735,-164.068,1,341,103,115,132
1778009085.456529,29,0.572569,0.632350,0.362064,0.7776,-0.0671,1.4721,-0.000,9.407,-162.830,1,341,102,115,133
1778009085.489898,29,0.574522,0.631768,0.362965,0.7758,-0.0670,1.4713,0.000,9.703,-162.302,1,341,102,115,133
1778009085.523268,29,0.568083,0.632350,0.359227,0.7776,-0.0671,1.4721,0.000,9.276,-161.969,1,341,102,115,133
1778009085.523268,29,0.574778,0.632350,0.363461,0.7776,-0.0671,1.4721,0.000,9.672,-162.343,1,342,103,114,132
1778009085.523268,29,0.578391,0.632350,0.365746,0.7776,-0.0671,1.4721,0.000,9.895,-162.510,1,342,103,114,133
1778009085.523268,29,0.569745,0.633410,0.360882,0.7776,-0.0671,1.4721,0.000,9.895,-162.510,0,342,104,114,130
1778009085.656745,29,0.567485,0.633805,0.359675,0.7794,-0.0685,1.4686,0.000,8.861,-163.290,1,342,105,114,130
1778009085.656745,29,0.561047,0.633431,0.355384,0.7794,-0.0685,1.4686,0.000,8.861,-163.290,1,341,104,115,132
1778009085.723483,29,0.564469,0.633431,0.357552,0.7791,-0.0672,1.4699,0.000,8.806,-162.597,1,341,104,115,132
1778009085.723483,29,0.572586,0.633431,0.362693,0.7791,-0.0672,1.4699,0.000,9.416,-162.456,1,341,103,115,133
1778009085.790222,29,0.561198,0.633036,0.355258,0.7788,-0.0672,1.4712,0.000,8.788,-161.751,1,341,103,115,133
1778009085.823598,29,0.568573,0.633036,0.359927,0.7788,-0.0672,1.4712,0.000,9.413,-161.319,1,341,102,115,133
1778009085.856970,29,0.553612,0.632350,0.350077,0.7776,-0.0671,1.4721,0.000,8.429,-161.175,1,342,103,114,133
1778009085.890360,29,0.550308,0.632724,0.348193,0.7779,-0.0685,1.4708,-0.000,8.392,-160.309,1,341,102,115,133
1778009085.923730,29,0.543768,0.632350,0.343852,0.7776,-0.0671,1.4721,0.000,7.805,-160.880,1,341,103,115,133
1778009085.957101,29,0.548047,0.633036,0.346934,0.7788,-0.0672,1.4712,0.000,8.176,-160.379,1,341,103,115,133
1778009085.990470,29,0.549905,0.632745,0.347950,0.7779,-0.0671,1.4708,0.000,8.401,-160.071,1,341,103,115,133
1778009085.990470,29,0.550894,0.633036,0.348735,0.7779,-0.0671,1.4708,0.000,8.401,-160.071,1,341,102,114,133
1778009086.057230,29,0.540286,0.632350,0.341650,0.7776,-0.0671,1.4721,0.000,7.847,-159.673,1,341,104,114,132
1778009086.090599,29,0.544068,0.633431,0.344630,0.7791,-0.0672,1.4699,0.000,8.104,-159.410,1,342,103,114,132
1778009086.090599,29,0.526258,0.633015,0.333129,0.7791,-0.0672,1.4699,0.000,8.104,-159.410,0,341,105,113,130
1778009086.123985,29,0.532928,0.633826,0.337784,0.7788,-0.0685,1.4712,-0.000,7.240,-158.079,1,341,104,113,130
1778009086.190724,29,0.535272,0.633431,0.339058,0.7791,-0.0672,1.4699,0.000,8.042,-157.230,1,341,104,113,130
1778009086.224099,29,0.537295,0.633431,0.340339,0.7791,-0.0672,1.4699,0.000,8.209,-157.137,1,342,104,114,132
1778009086.257468,29,0.539390,0.633410,0.341655,0.7791,-0.0685,1.4699,0.000,8.231,-157.699,1,341,103,115,132
1778009086.290838,29,0.544140,0.633036,0.344460,0.7788,-0.0672,1.4712,-0.000,8.589,-157.625,1,341,102,115,133
1778009086.290838,29,0.542287,0.632641,0.343073,0.7788,-0.0672,1.4712,-0.000,8.589,-157.625,1,341,102,115,133
1778009086.324159,29,0.546490,0.632641,0.345732,0.7786,-0.0672,1.4725,0.000,8.552,-157.367,0,342,101,114,133
1778009086.390891,29,0.551878,0.632226,0.348911,0.7783,-0.0685,1.4739,-0.000,9.142,-157.891,1,342,103,114,132
1778009086.424266,29,0.550079,0.633015,0.348208,0.7788,-0.0685,1.4712,-0.000,8.947,-157.948,1,342,102,114,133
1778009086.457636,29,0.540902,0.632620,0.342186,0.7786,-0.0685,1.4725,-0.000,8.379,-157.739,1,342,102,114,133
1778009086.491041,29,0.552228,0.632620,0.349350,0.7786,-0.0685,1.4725,0.000,9.143,-157.882,1,342,102,114,133
1778009086.524374,29,0.545104,0.632620,0.344844,0.7786,-0.0685,1.4725,-0.000,8.835,-157.138,1,342,102,114,133
1778009086.557743,29,0.544645,0.632620,0.344553,0.7786,-0.0685,1.4725,0.000,8.555,-158.077,0,342,103,114,132
1778009086.591149,29,0.544176,0.633015,0.344471,0.7788,-0.0685,1.4712,-0.000,8.664,-157.435,1,342,102,114,133
1778009086.624518,29,0.550312,0.632620,0.348138,0.7786,-0.0685,1.4725,-0.000,9.005,-157.889,1,342,102,114,133
1778009086.657887,29,0.542809,0.632620,0.343392,0.7786,-0.0685,1.4725,0.000,8.693,-157.061,1,342,101,114,133
1778009086.657887,29,0.549159,0.632226,0.347192,0.7786,-0.0685,1.4725,0.000,8.693,-157.061,1,342,102,114,133
1778009086.724626,29,0.543048,0.632620,0.343543,0.7786,-0.0685,1.4725,-0.000,8.671,-157.209,1,342,102,114,133
1778009086.757998,29,0.545708,0.632620,0.345226,0.7786,-0.0685,1.4725,-0.000,8.820,-157.354,1,342,101,114,135
1778009086.757998,29,0.544361,0.632620,0.344374,0.7786,-0.0685,1.4725,-0.000,8.820,-157.354,1,342,102,114,133
1778009086.824736,29,0.548084,0.632620,0.346729,0.7786,-0.0685,1.4725,-0.000,8.975,-157.403,1,342,102,115,133
1778009086.824736,29,0.545953,0.632620,0.345381,0.7786,-0.0685,1.4725,-0.000,8.975,-157.403,1,342,102,114,133
1778009086.891498,29,0.543821,0.632620,0.344032,0.7786,-0.0685,1.4725,0.000,8.638,-157.536,1,342,101,115,133
1778009086.924866,29,0.544755,0.631935,0.344250,0.7774,-0.0685,1.4734,-0.000,8.769,-157.463,1,342,101,115,135
1778009086.924866,29,0.549174,0.631935,0.347043,0.7774,-0.0685,1.4734,0.000,9.120,-157.320,1,342,101,115,133
1778009086.991606,29,0.550322,0.631935,0.347768,0.7774,-0.0685,1.4734,-0.000,9.180,-157.400,1,342,101,115,133
1778009087.024975,29,0.547054,0.631935,0.345703,0.7774,-0.0685,1.4734,0.000,8.995,-157.224,1,343,102,114,133
1778009087.058344,29,0.547392,0.632599,0.346279,0.7786,-0.0699,1.4725,-0.000,8.930,-157.478,1,342,101,115,133
1778009087.091715,29,0.548243,0.632226,0.346613,0.7783,-0.0685,1.4739,0.000,8.843,-158.050,1,342,101,115,133
1778009087.125085,29,0.545763,0.631935,0.344887,0.7774,-0.0685,1.4734,0.000,8.935,-157.108,1,343,102,114,133
1778009087.158454,29,0.544920,0.632308,0.344557,0.7776,-0.0698,1.4721,0.000,8.854,-157.179,1,343,101,114,133
1778009087.191823,29,0.544947,0.632204,0.344518,0.7783,-0.0699,1.4739,0.000,8.811,-157.368,1,343,101,114,133
1778009087.191823,29,0.551778,0.632204,0.348837,0.7783,-0.0699,1.4739,0.000,8.811,-157.368,1,343,101,114,133
1778009087.258574,29,0.549316,0.632204,0.347280,0.7783,-0.0699,1.4739,-0.000,9.007,-157.799,1,343,101,114,133
1778009087.291955,29,0.545224,0.632204,0.344693,0.7783,-0.0699,1.4739,0.000,8.820,-157.409,1,343,101,114,133
1778009087.325325,29,0.547536,0.631914,0.345996,0.7774,-0.0698,1.4734,0.000,9.089,-157.088,1,343,102,114,133
1778009087.358693,29,0.550412,0.632599,0.348190,0.7786,-0.0699,1.4725,0.000,9.240,-157.119,1,343,101,114,133
1778009087.392076,29,0.548974,0.632204,0.347064,0.7783,-0.0699,1.4739,0.000,9.104,-157.343,1,343,102,114,133
1778009087.425448,29,0.544818,0.632599,0.344651,0.7786,-0.0699,1.4725,-0.000,8.730,-157.543,1,343,102,114,133
1778009087.458817,29,0.529694,0.632599,0.335084,0.7786,-0.0699,1.4725,-0.000,7.867,-156.789,1,343,103,114,130
1778009087.492184,29,0.510384,0.632994,0.323070,0.7788,-0.0699,1.4712,0.000,6.549,-156.602,1,343,103,114,130
1778009087.525553,29,0.524220,0.633574,0.332132,0.7807,-0.0700,1.4721,0.000,7.406,-156.843,1,343,103,114,130
1778009087.558923,29,0.527240,0.632994,0.333739,0.7788,-0.0699,1.4712,0.000,7.553,-157.226,1,343,103,114,130
1778009087.558923,29,0.527120,0.633574,0.333970,0.7788,-0.0699,1.4712,0.000,7.553,-157.226,1,343,103,114,129
1778009087.625661,29,0.540562,0.632994,0.342173,0.7788,-0.0699,1.4712,0.000,8.595,-156.827,1,343,102,114,133
1778009087.659031,29,0.540429,0.632599,0.341875,0.7786,-0.0699,1.4725,0.000,8.568,-156.987,1,343,102,114,133
1778009087.659031,29,0.530365,0.632599,0.335508,0.7786,-0.0699,1.4725,0.000,8.568,-156.987,0,343,103,114,132
1778009087.692400,29,0.521566,0.632599,0.329942,0.7786,-0.0699,1.4725,0.000,7.975,-156.564,1,343,103,114,130
1778009087.759158,29,0.531612,0.632994,0.336507,0.7788,-0.0699,1.4712,0.000,8.059,-156.483,1,343,102,113,132
1778009087.792536,29,0.513941,0.632599,0.325118,0.7786,-0.0699,1.4725,0.000,7.064,-155.709,1,343,102,114,133
1778009087.825905,29,0.512395,0.632599,0.324141,0.7786,-0.0699,1.4725,0.000,7.005,-155.537,1,342,101,115,133
1778009087.859274,29,0.515269,0.632226,0.325766,0.7783,-0.0685,1.4739,0.000,7.226,-155.462,1,342,102,115,132
1778009087.892643,29,0.526758,0.632620,0.333238,0.7786,-0.0685,1.4725,0.000,7.825,-156.101,1,343,102,114,132
1778009087.926013,29,0.538559,0.632599,0.340692,0.7786,-0.0699,1.4725,0.000,8.461,-156.898,1,343,102,114,132
1778009087.959374,29,0.541947,0.632599,0.342835,0.7786,-0.0699,1.4725,0.000,8.685,-156.952,1,343,102,114,132
1778009087.992743,29,0.545505,0.632599,0.345086,0.7786,-0.0699,1.4725,0.000,8.933,-156.967,1,342,102,115,133
1778009088.026112,29,0.540983,0.632620,0.342237,0.7786,-0.0685,1.4725,0.000,8.460,-157.455,1,343,102,114,133
1778009088.092850,29,0.540649,0.632599,0.342014,0.7786,-0.0699,1.4725,0.000,8.453,-157.476,0,343,101,114,133
1778009088.092850,29,0.541553,0.632204,0.342372,0.7783,-0.0699,1.4739,-0.000,8.678,-156.970,1,343,101,114,133
1778009088.126219,29,0.545571,0.632783,0.345228,0.7802,-0.0700,1.4747,-0.000,8.743,-157.649,1,343,101,114,133
1778009088.159584,29,0.537420,0.632204,0.339759,0.7783,-0.0699,1.4739,0.000,8.220,-157.595,1,343,101,114,133
1778009088.192958,29,0.541500,0.632204,0.342339,0.7783,-0.0699,1.4739,0.000,8.517,-157.559,1,342,101,113,133
1778009088.226323,29,0.542006,0.632226,0.342670,0.7783,-0.0685,1.4739,-0.000,8.450,-157.867,1,342,102,115,133
1778009088.226323,29,0.537959,0.633200,0.340636,0.7783,-0.0685,1.4739,-0.000,8.450,-157.867,1,342,102,115,133
1778009088.293051,29,0.551275,0.632620,0.348748,0.7786,-0.0685,1.4725,-0.000,9.000,-158.171,1,342,102,114,132
1778009088.293051,29,0.544225,0.632620,0.344287,0.7786,-0.0685,1.4725,0.000,8.587,-157.842,1,342,102,114,132
1778009088.359780,29,0.546513,0.633200,0.346052,0.7804,-0.0686,1.4734,-0.000,8.666,-158.010,1,342,102,114,133
1778009088.393149,29,0.547025,0.633200,0.346376,0.7804,-0.0686,1.4734,0.000,8.786,-157.688,1,342,101,114,133
1778009088.426528,29,0.547810,0.632805,0.346657,0.7802,-0.0686,1.4747,0.000,8.863,-157.708,1,342,102,114,133
1778009088.459903,29,0.548352,0.633200,0.347216,0.7804,-0.0686,1.4734,0.000,8.799,-157.998,1,342,102,114,132
1778009088.493273,29,0.546901,0.633200,0.346298,0.7804,-0.0686,1.4734,0.000,8.840,-157.454,1,342,102,114,132
1778009088.526639,29,0.543291,0.633778,0.344326,0.7823,-0.0687,1.4742,0.000,8.459,-157.783,1,342,102,114,133
1778009088.560008,29,0.540787,0.633778,0.342739,0.7823,-0.0687,1.4742,0.000,8.338,-157.570,1,342,102,114,133
1778009088.593380,29,0.542136,0.633778,0.343594,0.7823,-0.0687,1.4742,-0.000,8.268,-158.204,1,342,103,114,132
1778009088.626767,29,0.543937,0.634752,0.345265,0.7844,-0.0688,1.4738,-0.000,8.402,-157.928,1,342,102,114,133
1778009088.660119,29,0.535958,0.633778,0.339678,0.7823,-0.0687,1.4742,0.000,8.131,-157.070,1,341,102,113,133
1778009088.693506,29,0.535786,0.633799,0.339581,0.7823,-0.0674,1.4742,-0.000,8.106,-157.033,1,341,103,113,132
1778009088.726858,29,0.534856,0.634773,0.339512,0.7844,-0.0675,1.4738,0.000,7.944,-157.154,1,341,104,113,130
1778009088.726858,29,0.529209,0.635171,0.336138,0.7844,-0.0675,1.4738,0.000,7.944,-157.154,0,341,103,113,129
1778009088.793596,29,0.527261,0.634773,0.334691,0.7844,-0.0675,1.4738,0.000,7.356,-157.365,1,341,103,112,129
1778009088.826982,29,0.535032,0.635062,0.339778,0.7854,-0.0675,1.4742,0.000,7.845,-157.499,1,340,103,113,130
1778009088.860367,29,0.529558,0.635082,0.336313,0.7854,-0.0662,1.4742,0.000,7.644,-156.727,1,340,103,113,129
1778009088.893736,29,0.534634,0.635082,0.339537,0.7854,-0.0662,1.4742,0.000,7.754,-157.655,1,340,103,113,130
1778009088.927090,29,0.521443,0.635082,0.331159,0.7854,-0.0662,1.4742,0.000,6.777,-157.877,1,340,103,113,129
1778009088.960497,29,0.527395,0.635082,0.334939,0.7854,-0.0662,1.4742,-0.000,7.208,-157.808,1,340,103,113,129
1778009088.960497,29,0.527574,0.635082,0.335053,0.7854,-0.0662,1.4742,-0.000,7.208,-157.808,1,339,103,113,129
1778009089.027233,29,0.535879,0.635103,0.340338,0.7854,-0.0648,1.4742,0.000,7.890,-157.383,1,340,104,112,130
1778009089.060602,29,0.529784,0.636057,0.336973,0.7875,-0.0662,1.4737,0.000,7.332,-157.724,1,339,103,113,129
1778009089.093960,29,0.532514,0.635103,0.338201,0.7854,-0.0648,1.4742,-0.000,7.472,-158.086,1,339,104,113,130
1778009089.093960,29,0.530857,0.635500,0.337360,0.7854,-0.0648,1.4742,-0.000,7.472,-158.086,1,339,103,112,129
1778009089.160699,29,0.529006,0.635103,0.335973,0.7854,-0.0648,1.4742,0.000,7.239,-158.037,1,338,103,113,129
1778009089.160699,29,0.531843,0.635122,0.337786,0.7854,-0.0648,1.4742,0.000,7.239,-158.037,1,338,103,113,130
1778009089.227448,29,0.535055,0.635122,0.339825,0.7854,-0.0634,1.4742,0.000,7.776,-157.509,1,338,103,114,130
1778009089.260818,29,0.525454,0.635122,0.333727,0.7854,-0.0634,1.4742,0.000,7.253,-156.943,1,338,102,114,133
1778009089.260818,29,0.522991,0.634725,0.331955,0.7854,-0.0634,1.4742,0.000,7.253,-156.943,1,338,102,114,133
1778009089.294207,29,0.532344,0.634725,0.337892,0.7851,-0.0634,1.4755,0.000,7.100,-156.972,1,337,102,113,133
1778009089.360925,29,0.527413,0.635319,0.335076,0.7870,-0.0622,1.4764,-0.000,7.341,-156.993,1,337,101,114,133
1778009089.427664,29,0.533615,0.634347,0.338497,0.7848,-0.0621,1.4769,0.000,7.859,-156.919,1,337,101,114,133
1778009089.427664,29,0.534219,0.634347,0.338880,0.7848,-0.0621,1.4769,-0.000,8.011,-156.510,1,337,101,114,133
1778009089.494401,29,0.529735,0.634347,0.336036,0.7848,-0.0621,1.4769,0.000,7.643,-156.711,1,337,101,114,133
1778009089.527771,29,0.534509,0.634347,0.339064,0.7848,-0.0621,1.4769,0.000,7.831,-157.266,1,337,101,114,133
1778009089.527771,29,0.533636,0.634347,0.338510,0.7848,-0.0621,1.4769,-0.000,7.757,-157.314,1,337,102,114,132
1778009089.527771,29,0.532572,0.634347,0.337835,0.7848,-0.0621,1.4769,-0.000,7.757,-157.314,1,337,101,114,133
1778009089.627898,29,0.533163,0.634347,0.338210,0.7848,-0.0621,1.4769,0.000,7.827,-156.921,1,336,101,113,133
1778009089.627898,29,0.530812,0.634366,0.336729,0.7848,-0.0607,1.4769,0.000,7.615,-157.012,1,336,102,113,132
1778009089.694642,29,0.523901,0.634763,0.332553,0.7851,-0.0607,1.4755,0.000,7.094,-157.061,1,336,102,113,133
1778009089.694642,29,0.535806,0.634763,0.340110,0.7851,-0.0607,1.4755,-0.000,7.867,-157.289,1,336,101,114,133
1778009089.694642,29,0.527688,0.634366,0.334747,0.7851,-0.0607,1.4755,-0.000,7.867,-157.289,1,336,102,113,129
1778009089.761369,29,0.522623,0.634763,0.331742,0.7848,-0.0607,1.4769,0.000,7.190,-157.817,0,336,103,114,130
1778009089.794739,29,0.527786,0.634872,0.335077,0.7844,-0.0607,1.4738,0.000,7.459,-156.677,1,335,103,113,130
1778009089.794739,29,0.525799,0.635179,0.333977,0.7844,-0.0607,1.4738,0.000,7.459,-156.677,1,335,103,113,130
1778009089.861477,29,0.529247,0.635755,0.336471,0.7872,-0.0594,1.4750,-0.000,7.488,-156.647,0,335,101,114,133
1778009089.894857,29,0.527502,0.634384,0.334639,0.7848,-0.0594,1.4769,-0.000,7.332,-157.123,1,334,101,115,133
1778009089.961605,29,0.518036,0.634005,0.328437,0.7846,-0.0580,1.4782,0.000,6.758,-156.816,1,334,100,115,135
1778009089.961605,29,0.522163,0.634005,0.331054,0.7846,-0.0580,1.4782,0.000,7.002,-156.979,1,334,100,114,136
1778009089.994974,29,0.522048,0.634005,0.330981,0.7846,-0.0580,1.4782,-0.000,7.074,-156.671,1,333,99,115,137
1778009089.994974,29,0.526003,0.633339,0.333138,0.7846,-0.0580,1.4782,-0.000,7.074,-156.671,1,333,100,114,136
1778009090.061707,29,0.521601,0.633735,0.330557,0.7836,-0.0566,1.4778,-0.000,7.196,-156.073,1,332,100,115,136
1778009090.095076,29,0.523836,0.633752,0.331982,0.7836,-0.0553,1.4778,-0.000,7.027,-157.230,1,332,100,115,133
1778009090.128442,29,0.521108,0.633752,0.330253,0.7836,-0.0553,1.4778,0.000,6.885,-157.044,1,332,100,115,135
1778009090.161802,29,0.522591,0.633752,0.331193,0.7836,-0.0553,1.4778,0.000,6.981,-157.071,1,332,100,114,135
1778009090.195172,29,0.524435,0.633752,0.332362,0.7836,-0.0553,1.4778,0.000,7.127,-157.002,1,331,100,114,137
1778009090.195172,29,0.519583,0.633769,0.329296,0.7836,-0.0553,1.4778,0.000,7.127,-157.002,1,331,100,114,136
1778009090.261922,29,0.518278,0.633769,0.328469,0.7836,-0.0539,1.4778,-0.000,6.719,-156.838,1,331,100,114,136
1778009090.295291,29,0.518213,0.633193,0.328129,0.7818,-0.0539,1.4769,0.000,6.690,-157.086,1,330,100,115,136
1778009090.328661,29,0.518700,0.633209,0.328446,0.7818,-0.0525,1.4769,0.000,6.692,-157.122,1,330,100,115,133
1778009090.362036,29,0.523352,0.633785,0.331693,0.7836,-0.0526,1.4778,-0.000,6.961,-157.181,1,330,100,114,133
1778009090.395405,29,0.529221,0.633209,0.335108,0.7818,-0.0525,1.4769,0.000,7.443,-157.044,1,330,100,114,133
1778009090.428768,29,0.524186,0.633209,0.331920,0.7818,-0.0525,1.4769,0.000,7.007,-157.382,1,330,101,114,133
1778009090.462144,29,0.518903,0.634182,0.329079,0.7839,-0.0526,1.4764,-0.000,6.608,-157.254,1,330,101,114,132
1778009090.495514,29,0.509119,0.633605,0.322581,0.7820,-0.0525,1.4756,0.000,5.953,-157.333,1,330,102,114,132
1778009090.495514,29,0.521017,0.634579,0.330627,0.7820,-0.0525,1.4756,0.000,5.953,-157.333,1,330,101,114,133
1778009090.595623,29,0.515394,0.633605,0.326557,0.7820,-0.0525,1.4756,0.000,6.399,-157.278,1,330,101,114,133
1778009090.628992,29,0.515108,0.634595,0.326885,0.7842,-0.0512,1.4751,0.000,6.323,-157.153,1,329,102,115,132
1778009090.628992,29,0.517744,0.634595,0.328558,0.7842,-0.0512,1.4751,0.000,6.602,-156.771,1,329,100,115,133
1778009090.662364,29,0.524170,0.633225,0.331918,0.7818,-0.0511,1.4769,-0.000,7.030,-157.195,1,329,100,114,135
1778009090.662364,29,0.528563,0.633801,0.335004,0.7818,-0.0511,1.4769,-0.000,7.030,-157.195,1,329,100,114,133
1778009090.729110,29,0.521601,0.633225,0.330291,0.7818,-0.0511,1.4769,0.000,6.970,-156.731,1,329,100,114,133
1778009090.729110,29,0.517929,0.633225,0.327966,0.7818,-0.0511,1.4769,0.000,6.970,-156.731,1,329,100,114,133
1778009090.762486,29,0.520372,0.633225,0.329513,0.7818,-0.0511,1.4769,0.000,6.615,-157.128,1,329,101,114,133
1778009090.829224,29,0.518226,0.633621,0.328359,0.7820,-0.0511,1.4756,0.000,6.630,-157.048,1,329,101,114,133
1778009090.829224,29,0.525530,0.633043,0.332683,0.7820,-0.0511,1.4756,0.000,6.630,-157.048,1,329,100,114,133
1778009090.895963,29,0.520892,0.632648,0.329541,0.7799,-0.0511,1.4760,0.000,6.920,-156.887,1,328,100,115,133
1778009090.929332,29,0.516939,0.632084,0.326749,0.7780,-0.0497,1.4752,0.000,6.607,-157.109,1,328,100,115,133
1778009090.962701,29,0.518878,0.632084,0.327974,0.7780,-0.0497,1.4752,-0.000,6.712,-157.226,1,329,100,114,133
1778009090.996071,29,0.518073,0.632069,0.327458,0.7780,-0.0510,1.4752,0.000,6.822,-156.658,1,329,100,114,136
1778009091.029441,29,0.519400,0.632648,0.328597,0.7799,-0.0511,1.4760,0.000,6.942,-156.397,1,329,100,114,133
1778009091.062818,29,0.521282,0.632069,0.329486,0.7780,-0.0510,1.4752,0.000,7.012,-156.784,1,329,99,115,135
1778009091.096187,29,0.518505,0.631674,0.327526,0.7778,-0.0510,1.4765,0.000,6.812,-156.917,1,329,100,115,133
1778009091.129561,29,0.516681,0.632069,0.326578,0.7780,-0.0510,1.4752,-0.000,6.650,-156.957,1,329,101,113,133
1778009091.129561,29,0.519724,0.633043,0.329007,0.7780,-0.0510,1.4752,-0.000,6.650,-156.957,1,330,100,114,133
1778009091.162930,29,0.508576,0.632632,0.321741,0.7802,-0.0511,1.4747,-0.000,6.713,-157.284,1,329,101,113,133
1778009091.229658,29,0.511496,0.633043,0.323799,0.7802,-0.0511,1.4747,0.000,6.287,-156.720,1,330,100,114,133
1778009091.263028,29,0.518386,0.632632,0.327948,0.7799,-0.0524,1.4760,0.000,6.697,-157.173,1,330,100,114,133
1778009091.296397,29,0.516225,0.632632,0.326580,0.7799,-0.0524,1.4760,0.000,6.493,-157.389,1,330,101,114,133
1778009091.296397,29,0.503565,0.633027,0.318771,0.7799,-0.0524,1.4760,0.000,6.493,-157.389,1,330,100,115,135
1778009091.363135,29,0.496228,0.632632,0.313930,0.7799,-0.0524,1.4760,0.000,5.200,-157.084,1,330,101,114,133
1778009091.363135,29,0.494554,0.633605,0.313352,0.7799,-0.0524,1.4760,0.000,5.200,-157.084,1,330,100,114,133
1778009091.463253,29,0.498876,0.632632,0.315605,0.7799,-0.0524,1.4760,-0.000,5.585,-156.275,1,330,100,114,133
1778009091.463253,29,0.498442,0.632632,0.315330,0.7799,-0.0524,1.4760,0.000,5.430,-156.768,1,330,101,115,133
1778009091.496622,29,0.508622,0.633605,0.322266,0.7820,-0.0525,1.4756,-0.000,5.931,-157.286,1,330,101,115,133
1778009091.529992,29,0.520284,0.633605,0.329655,0.7820,-0.0525,1.4756,-0.000,6.910,-156.598,1,330,100,115,133
1778009091.563351,29,0.520380,0.632632,0.329209,0.7799,-0.0524,1.4760,-0.000,6.818,-157.240,0,331,100,114,135
1778009091.596730,29,0.516674,0.633193,0.327154,0.7818,-0.0539,1.4769,0.000,6.659,-156.792,1,331,100,114,133
1778009091.630089,29,0.518093,0.632616,0.327753,0.7799,-0.0538,1.4760,0.000,6.752,-156.963,1,331,100,114,133
1778009091.663458,29,0.519337,0.633193,0.328841,0.7818,-0.0539,1.4769,0.000,6.863,-156.714,1,331,100,114,133
1778009091.730211,29,0.516454,0.633193,0.327015,0.7818,-0.0539,1.4769,-0.000,6.704,-156.558,1,331,100,115,135
1778009091.730211,29,0.521550,0.633193,0.330242,0.7818,-0.0539,1.4769,0.000,7.197,-156.022,1,331,100,114,135
1778009091.763583,29,0.524870,0.633193,0.332344,0.7818,-0.0539,1.4769,-0.000,7.273,-156.616,1,331,100,115,136
1778009091.796953,29,0.515786,0.633193,0.326592,0.7818,-0.0539,1.4769,-0.000,6.559,-156.942,1,332,99,115,135
1778009091.830323,29,0.522419,0.632781,0.330577,0.7815,-0.0552,1.4782,0.000,7.030,-157.088,1,332,100,115,133
1778009091.863692,29,0.517638,0.633752,0.328054,0.7836,-0.0553,1.4778,0.000,6.763,-156.586,1,332,100,115,133
1778009091.897060,29,0.519070,0.633752,0.328962,0.7836,-0.0553,1.4778,0.000,6.729,-157.102,1,332,100,115,133
1778009091.930432,29,0.521398,0.633752,0.330437,0.7836,-0.0553,1.4778,-0.000,6.898,-157.073,1,332,99,115,135
1778009091.963801,29,0.523526,0.633356,0.331578,0.7834,-0.0553,1.4791,0.000,7.047,-157.171,1,332,100,115,133
1778009092.030565,29,0.524457,0.633339,0.332159,0.7834,-0.0566,1.4791,0.000,7.210,-156.875,1,333,99,114,135
1778009092.030565,29,0.530206,0.633339,0.335800,0.7834,-0.0566,1.4791,0.000,7.210,-156.875,0,333,100,114,136
1778009092.063943,29,0.527540,0.634023,0.334472,0.7846,-0.0567,1.4782,0.000,7.325,-157.085,1,333,100,114,136
1778009092.130691,29,0.523375,0.634023,0.331831,0.7846,-0.0567,1.4782,0.000,7.017,-157.156,1,333,100,114,133
1778009092.130691,29,0.527665,0.634023,0.334551,0.7846,-0.0567,1.4782,-0.000,7.317,-157.153,1,333,99,115,135
1778009092.130691,29,0.526505,0.634005,0.333807,0.7846,-0.0567,1.4782,-0.000,7.317,-157.153,1,334,100,114,133
1778009092.197430,29,0.521862,0.634005,0.330863,0.7846,-0.0580,1.4782,0.000,7.071,-156.634,1,334,100,114,133
1778009092.197430,29,0.514245,0.634005,0.326034,0.7846,-0.0580,1.4782,0.000,6.447,-157.004,1,334,100,114,133
1778009092.264168,29,0.525637,0.634005,0.333256,0.7846,-0.0580,1.4782,0.000,7.263,-156.903,1,334,100,115,135
1778009092.297567,29,0.524558,0.634005,0.332573,0.7846,-0.0580,1.4782,0.000,7.253,-156.654,1,335,101,114,133
1778009092.330937,29,0.523505,0.634958,0.332404,0.7867,-0.0594,1.4777,-0.000,7.111,-156.759,1,335,102,114,132
1778009092.397675,29,0.512870,0.635357,0.325855,0.7870,-0.0594,1.4764,-0.000,6.403,-156.548,1,335,102,114,132
1778009092.397675,29,0.514393,0.635755,0.327028,0.7870,-0.0594,1.4764,-0.000,6.403,-156.548,1,335,103,113,130
1778009092.464416,29,0.517639,0.635736,0.329082,0.7872,-0.0608,1.4750,0.000,6.566,-157.173,1,336,103,112,129
1778009092.497783,29,0.523403,0.635338,0.332538,0.7870,-0.0608,1.4764,0.000,7.058,-156.922,1,336,102,113,129
1778009092.531154,29,0.528229,0.635338,0.335604,0.7870,-0.0608,1.4764,0.000,7.444,-156.731,1,336,102,113,129
1778009092.564523,29,0.530030,0.635718,0.336949,0.7872,-0.0622,1.4750,0.000,7.366,-157.498,1,337,103,112,128
1778009092.597893,29,0.532090,0.635338,0.338057,0.7870,-0.0608,1.4764,0.000,7.661,-156.934,1,336,102,113,130
1778009092.597893,29,0.535017,0.635338,0.339916,0.7870,-0.0608,1.4764,-0.000,7.917,-156.740,1,336,102,113,132
1778009092.664625,29,0.531557,0.634542,0.337296,0.7864,-0.0608,1.4790,0.000,7.822,-156.385,1,336,100,113,135
1778009092.697994,29,0.531495,0.634347,0.337152,0.7848,-0.0621,1.4769,0.000,7.929,-156.103,1,337,101,112,133
1778009092.697994,29,0.530087,0.634347,0.336259,0.7848,-0.0621,1.4769,0.000,7.745,-156.419,1,337,100,113,135
1778009092.697994,29,0.521937,0.634523,0.331181,0.7848,-0.0621,1.4769,0.000,7.745,-156.419,1,337,102,113,132
1778009092.731364,29,0.526675,0.635319,0.334606,0.7864,-0.0622,1.4790,0.000,7.026,-156.942,1,337,102,113,133
1778009092.831471,29,0.528102,0.634902,0.335293,0.7867,-0.0635,1.4777,0.000,7.431,-157.024,1,338,101,114,133
1778009092.831471,29,0.518882,0.634902,0.329439,0.7867,-0.0635,1.4777,0.000,7.431,-157.024,1,338,101,114,133
1778009092.864824,29,0.529019,0.634902,0.335875,0.7867,-0.0635,1.4777,-0.000,6.873,-156.706,1,338,103,113,130
1778009092.898210,29,0.522247,0.635698,0.331991,0.7867,-0.0635,1.4777,0.000,7.343,-157.605,1,338,103,113,132
1778009092.931562,29,0.526910,0.635678,0.334945,0.7872,-0.0635,1.4750,0.000,6.818,-157.607,1,339,103,112,130
1778009092.998325,29,0.524234,0.635678,0.333244,0.7872,-0.0649,1.4750,0.000,7.030,-157.413,1,339,103,112,130
1778009092.998325,29,0.527482,0.635678,0.335309,0.7872,-0.0649,1.4750,0.000,7.030,-157.413,1,339,103,112,130
1778009093.065063,29,0.524614,0.635678,0.333486,0.7872,-0.0649,1.4750,0.000,7.092,-157.276,1,340,103,110,129
1778009093.098432,29,0.525932,0.636232,0.334615,0.7891,-0.0663,1.4759,0.000,7.054,-157.710,1,340,104,110,126
1778009093.098432,29,0.520134,0.636057,0.330834,0.7891,-0.0663,1.4759,0.000,7.054,-157.710,1,340,104,112,126
1778009093.165171,29,0.518876,0.636456,0.330242,0.7878,-0.0662,1.4724,0.000,6.455,-158.079,1,340,105,112,125
1778009093.198540,29,0.519841,0.636057,0.330648,0.7875,-0.0662,1.4737,0.000,6.653,-157.675,1,340,104,112,128
1778009093.231919,29,0.513564,0.636057,0.326656,0.7875,-0.0662,1.4737,0.000,6.241,-157.586,1,340,104,112,128
1778009093.231919,29,0.514010,0.636631,0.327235,0.7875,-0.0662,1.4737,0.000,6.241,-157.586,1,340,104,112,125
1778009093.265289,29,0.517236,0.637031,0.329495,0.7894,-0.0663,1.4746,-0.000,6.142,-157.942,1,340,105,112,126
1778009093.332029,29,0.505728,0.636456,0.321873,0.7878,-0.0662,1.4724,0.000,5.622,-157.794,1,340,105,112,126
1778009093.332029,29,0.518232,0.636456,0.329831,0.7878,-0.0662,1.4724,0.000,6.477,-157.821,1,340,103,112,128
1778009093.398768,29,0.511331,0.635658,0.325031,0.7872,-0.0662,1.4750,-0.000,6.058,-157.802,1,340,104,112,126
1778009093.432154,29,0.514020,0.636057,0.326946,0.7875,-0.0662,1.4737,0.000,6.328,-157.372,1,340,103,112,129
1778009093.465523,29,0.520155,0.635082,0.330341,0.7854,-0.0662,1.4742,0.000,6.865,-157.194,1,340,103,113,130
1778009093.498893,29,0.521694,0.635082,0.331319,0.7854,-0.0662,1.4742,0.000,6.657,-158.414,1,340,103,113,129
1778009093.498893,29,0.520899,0.634685,0.330606,0.7854,-0.0662,1.4742,0.000,6.657,-158.414,1,340,102,113,132
1778009093.565631,29,0.538396,0.635082,0.341926,0.7854,-0.0662,1.4742,-0.000,8.049,-157.537,1,340,103,113,130
1778009093.599006,29,0.534798,0.634685,0.339428,0.7851,-0.0662,1.4755,0.000,7.970,-156.977,1,340,102,113,130
1778009093.599006,29,0.531460,0.634685,0.337310,0.7851,-0.0662,1.4755,-0.000,7.650,-157.303,1,341,103,113,130
1778009093.665750,29,0.525857,0.635062,0.333952,0.7854,-0.0675,1.4742,-0.000,7.220,-157.436,1,341,103,112,129
1778009093.699125,29,0.531212,0.635062,0.337352,0.7854,-0.0675,1.4742,0.000,7.766,-156.793,1,341,103,112,130
1778009093.699125,29,0.531826,0.635062,0.337742,0.7854,-0.0675,1.4742,0.000,7.800,-156.827,1,341,103,112,130
1778009093.765890,29,0.522270,0.635062,0.331674,0.7854,-0.0675,1.4742,-0.000,7.194,-156.596,1,341,103,112,130
1778009093.799260,29,0.528483,0.635062,0.335619,0.7854,-0.0675,1.4742,-0.000,7.578,-156.780,1,341,103,113,130
1778009093.799260,29,0.531233,0.635062,0.337366,0.7854,-0.0675,1.4742,0.000,7.903,-156.293,1,341,102,113,132
1778009093.865971,29,0.535014,0.634664,0.339554,0.7851,-0.0675,1.4755,0.000,8.262,-156.050,1,341,102,113,132
1778009093.899340,29,0.538353,0.634664,0.341674,0.7851,-0.0675,1.4755,0.000,8.435,-156.275,1,341,102,113,132
1778009093.932710,29,0.534959,0.634376,0.339365,0.7842,-0.0675,1.4751,0.000,8.325,-155.875,1,341,102,113,132
1778009093.966079,29,0.531691,0.634355,0.337281,0.7842,-0.0688,1.4751,0.000,8.021,-156.231,1,342,102,112,132
1778009093.966079,29,0.530019,0.634355,0.336220,0.7842,-0.0688,1.4751,-0.000,7.975,-155.972,1,341,102,113,132
1778009094.032825,29,0.527845,0.633799,0.334548,0.7823,-0.0674,1.4742,0.000,7.737,-156.335,1,341,102,113,132
1778009094.032825,29,0.532747,0.633799,0.337655,0.7823,-0.0674,1.4742,0.000,8.065,-156.393,1,341,102,113,132
1778009094.099564,29,0.533780,0.634376,0.338617,0.7842,-0.0675,1.4751,0.000,8.054,-156.561,1,341,102,113,132
1778009094.099564,29,0.531399,0.634376,0.337107,0.7842,-0.0675,1.4751,0.000,7.974,-156.240,1,341,102,113,130
1778009094.166302,29,0.530332,0.633799,0.336124,0.7823,-0.0674,1.4742,0.000,7.895,-156.395,1,341,102,113,132
1778009094.166302,29,0.527442,0.633799,0.334293,0.7823,-0.0674,1.4742,-0.000,7.647,-156.563,1,342,102,114,130
1778009094.233041,29,0.526894,0.633799,0.333945,0.7823,-0.0674,1.4742,0.000,7.601,-156.593,1,341,102,113,132
1778009094.266410,29,0.530260,0.633382,0.335858,0.7820,-0.0687,1.4756,-0.000,7.899,-156.544,1,342,101,114,133
1778009094.266410,29,0.530167,0.633382,0.335798,0.7820,-0.0687,1.4756,0.000,7.976,-156.237,1,341,101,113,133
1778009094.333172,29,0.522231,0.633403,0.330783,0.7820,-0.0674,1.4756,0.000,7.375,-156.319,1,342,102,114,132
1778009094.333172,29,0.511841,0.633778,0.324394,0.7820,-0.0674,1.4756,0.000,7.375,-156.319,1,342,102,112,130
1778009094.399921,29,0.498105,0.633200,0.315400,0.7804,-0.0686,1.4734,0.000,5.877,-155.834,1,341,102,113,130
1778009094.433292,29,0.505270,0.633221,0.319947,0.7804,-0.0673,1.4734,0.000,6.181,-156.443,1,341,102,113,130
1778009094.466666,29,0.528714,0.633221,0.334793,0.7804,-0.0673,1.4734,-0.000,7.569,-157.334,1,342,101,114,132
1778009094.500036,29,0.525114,0.632805,0.332295,0.7802,-0.0686,1.4747,0.000,7.350,-157.396,1,342,102,114,130
1778009094.500036,29,0.523158,0.633200,0.331264,0.7802,-0.0686,1.4747,0.000,7.350,-157.396,1,342,101,114,132
1778009094.566774,29,0.525565,0.632805,0.332580,0.7802,-0.0686,1.4747,0.000,7.446,-157.151,1,342,101,115,132
1778009094.600144,29,0.521076,0.632805,0.329740,0.7802,-0.0686,1.4747,0.000,7.233,-156.777,1,343,101,114,132
1778009094.633512,29,0.523218,0.632204,0.330780,0.7783,-0.0699,1.4739,0.000,7.459,-156.720,1,343,101,114,132
1778009094.666877,29,0.532421,0.632204,0.336599,0.7783,-0.0699,1.4739,0.000,8.026,-157.006,1,343,101,114,132
1778009094.700251,29,0.526513,0.632204,0.332864,0.7783,-0.0699,1.4739,0.000,7.735,-156.551,0,343,100,114,133
1778009094.733616,29,0.530005,0.631810,0.334863,0.7780,-0.0699,1.4752,-0.000,8.019,-156.500,1,343,100,114,133
1778009094.766983,29,0.527760,0.631810,0.333444,0.7780,-0.0699,1.4752,-0.000,7.782,-156.795,1,343,100,114,133
1778009094.800352,29,0.529055,0.631810,0.334262,0.7780,-0.0699,1.4752,0.000,7.990,-156.359,1,343,100,115,133
1778009094.833715,29,0.523677,0.631810,0.330864,0.7780,-0.0699,1.4752,-0.000,7.609,-156.380,1,344,100,114,133
1778009094.833715,29,0.528426,0.631789,0.333854,0.7780,-0.0699,1.4752,-0.000,7.609,-156.380,1,344,100,114,133
1778009094.867085,29,0.519404,0.631789,0.328154,0.7780,-0.0712,1.4752,0.000,7.804,-156.972,1,344,99,114,133
1778009094.933837,29,0.528948,0.631106,0.333822,0.7768,-0.0712,1.4761,-0.000,7.886,-156.970,0,344,100,114,133
1778009094.967206,29,0.525839,0.631789,0.332219,0.7780,-0.0712,1.4752,-0.000,7.586,-157.111,1,345,100,114,133
1778009095.000590,29,0.529572,0.631767,0.334566,0.7780,-0.0726,1.4752,0.000,7.912,-156.954,1,344,99,115,133
1778009095.033960,29,0.527037,0.631395,0.332769,0.7778,-0.0712,1.4765,0.000,7.677,-157.180,0,344,100,115,133
1778009095.067329,29,0.526308,0.631789,0.332515,0.7780,-0.0712,1.4752,-0.000,7.630,-157.071,1,344,100,115,133
1778009095.100710,29,0.527826,0.631499,0.333322,0.7771,-0.0712,1.4747,-0.000,7.660,-157.430,1,345,100,114,133
1778009095.100710,29,0.529999,0.631477,0.334682,0.7771,-0.0712,1.4747,-0.000,7.660,-157.430,1,345,100,114,132
1778009095.134080,29,0.531668,0.631477,0.335736,0.7771,-0.0725,1.4747,0.000,7.923,-157.536,1,345,101,114,132
1778009095.200818,29,0.520663,0.632161,0.329143,0.7783,-0.0726,1.4739,0.000,7.137,-157.435,1,345,101,114,132
1778009095.200818,29,0.518263,0.632161,0.327626,0.7783,-0.0726,1.4739,0.000,7.137,-157.435,1,344,101,113,130
1778009095.267568,29,0.505861,0.632183,0.319796,0.7783,-0.0712,1.4739,0.000,6.282,-156.716,1,344,101,113,132
1778009095.300941,29,0.515555,0.631893,0.325776,0.7774,-0.0712,1.4734,-0.000,6.759,-157.514,1,344,101,113,132
1778009095.334306,29,0.518604,0.632183,0.327853,0.7783,-0.0712,1.4739,0.000,6.782,-158.166,1,344,102,114,130
1778009095.334306,29,0.526838,0.632287,0.333113,0.7783,-0.0712,1.4739,0.000,6.782,-158.166,1,344,101,114,129
1778009095.401045,29,0.531811,0.631893,0.336047,0.7774,-0.0712,1.4734,0.000,7.249,-160.060,1,343,102,113,126
1778009095.434422,29,0.538317,0.632308,0.340382,0.7776,-0.0698,1.4721,0.000,7.494,-160.744,1,344,103,114,126
1778009095.467791,29,0.543504,0.632681,0.343865,0.7779,-0.0712,1.4708,-0.000,7.956,-160.301,1,343,102,114,130
1778009095.501200,29,0.547704,0.632308,0.346318,0.7776,-0.0698,1.4721,0.000,7.994,-161.426,1,343,102,114,132
1778009095.534570,29,0.552376,0.632308,0.349272,0.7776,-0.0698,1.4721,-0.000,8.289,-161.575,1,342,101,115,132
1778009095.567899,29,0.555185,0.631935,0.350841,0.7774,-0.0685,1.4734,-0.000,8.365,-162.155,1,342,101,115,133
1778009095.601259,29,0.560860,0.631935,0.354427,0.7774,-0.0685,1.4734,0.000,8.612,-162.862,1,341,102,115,132
1778009095.634603,29,0.570498,0.632350,0.360754,0.7776,-0.0671,1.4721,-0.000,8.909,-164.505,1,341,102,115,132
1778009095.667972,29,0.576457,0.632350,0.364523,0.7776,-0.0671,1.4721,0.000,9.224,-165.058,1,341,101,115,133
1778009095.701367,29,0.580595,0.631956,0.366911,0.7774,-0.0671,1.4734,0.000,9.347,-166.111,1,340,102,115,133
1778009095.734736,29,0.582870,0.632371,0.368590,0.7776,-0.0658,1.4721,0.000,9.401,-166.471,1,339,102,115,135
1778009095.768105,29,0.587103,0.632681,0.371449,0.7786,-0.0645,1.4725,0.000,9.612,-166.791,1,339,101,116,135
1778009095.801475,29,0.596618,0.632286,0.377234,0.7783,-0.0645,1.4739,-0.000,10.151,-167.799,1,338,101,115,137
1778009095.834844,29,0.602347,0.632306,0.380867,0.7783,-0.0632,1.4739,0.000,10.341,-169.102,1,338,102,116,135
1778009095.834844,29,0.602149,0.632701,0.380980,0.7783,-0.0632,1.4739,0.000,10.341,-169.102,1,337,102,115,135
1778009095.901582,29,0.610088,0.633300,0.386369,0.7804,-0.0619,1.4734,0.000,10.539,-171.040,1,337,102,116,135
1778009095.934952,29,0.615050,0.633300,0.389511,0.7804,-0.0619,1.4734,0.000,10.827,-171.597,1,336,102,116,137
1778009095.934952,29,0.611337,0.633319,0.387171,0.7804,-0.0619,1.4734,0.000,10.827,-171.597,0,335,102,115,137
1778009096.001688,29,0.614377,0.633337,0.389107,0.7804,-0.0592,1.4734,0.000,10.562,-173.209,1,335,102,116,137
1778009096.035051,29,0.614647,0.633337,0.389279,0.7804,-0.0592,1.4734,0.000,10.482,-174.121,1,335,102,116,135
1778009096.068427,29,0.625289,0.633337,0.396019,0.7804,-0.0592,1.4734,0.000,11.176,-174.992,1,334,102,116,135
1778009096.101820,29,0.618091,0.633355,0.391471,0.7804,-0.0578,1.4734,0.000,10.629,-175.121,1,334,102,116,135
1778009096.101820,29,0.625250,0.633355,0.396005,0.7804,-0.0578,1.4734,0.000,10.629,-175.121,1,333,103,117,133
1778009096.135189,29,0.621775,0.633769,0.394062,0.7804,-0.0578,1.4734,0.000,11.141,-175.264,1,333,103,116,136
1778009096.201928,29,0.625328,0.633187,0.395950,0.7788,-0.0564,1.4712,0.000,11.126,-175.580,1,333,103,116,135
1778009096.235297,29,0.632362,0.633769,0.400771,0.7807,-0.0565,1.4721,0.000,11.622,-175.379,1,333,103,116,133
1778009096.268666,29,0.635512,0.633187,0.402398,0.7788,-0.0564,1.4712,0.000,11.876,-175.636,1,332,104,117,133
1778009096.302035,29,0.633570,0.633600,0.401430,0.7791,-0.0551,1.4699,0.000,11.665,-176.010,1,332,104,117,136
1778009096.302035,29,0.635049,0.633600,0.402367,0.7791,-0.0551,1.4699,0.000,11.665,-176.010,1,332,103,116,136
1778009096.368774,29,0.636055,0.633204,0.402753,0.7788,-0.0551,1.4712,0.000,11.877,-176.032,1,332,103,116,136
1778009096.368774,29,0.640349,0.633204,0.405472,0.7788,-0.0551,1.4712,0.000,11.877,-176.032,1,332,103,116,135
1778009096.402143,29,0.636667,0.633204,0.403141,0.7788,-0.0551,1.4712,0.000,12.152,-176.597,1,331,103,117,135
1778009096.468882,29,0.641795,0.633221,0.406398,0.7788,-0.0537,1.4712,0.000,12.183,-177.623,1,331,105,117,133
1778009096.502278,29,0.638424,0.633721,0.404582,0.7784,-0.0537,1.4682,0.000,11.855,-178.237,1,331,104,117,133
1778009096.535647,29,0.641720,0.633325,0.406417,0.7782,-0.0537,1.4695,0.000,12.138,-178.125,1,331,105,116,133
1778009096.535647,29,0.642024,0.633721,0.406864,0.7782,-0.0537,1.4695,0.000,12.138,-178.125,1,331,105,116,133
1778009096.569020,29,0.642874,0.633136,0.407027,0.7784,-0.0537,1.4682,-0.000,12.102,-178.632,1,331,105,116,133
1778009096.669124,29,0.639409,0.631778,0.403964,0.7741,-0.0523,1.4691,-0.000,12.013,-179.323,1,330,103,117,137
1778009096.702511,29,0.640966,0.632363,0.405323,0.7760,-0.0523,1.4699,-0.000,12.111,-178.825,1,330,103,117,135
1778009096.702511,29,0.640232,0.632363,0.404859,0.7760,-0.0523,1.4699,0.000,12.051,-178.936,1,330,103,117,135
1778009096.702511,29,0.642416,0.632363,0.406240,0.7760,-0.0523,1.4699,0.000,12.201,-179.190,1,330,103,116,135
1778009096.769228,29,0.638428,0.631778,0.403344,0.7741,-0.0523,1.4691,0.000,11.974,-178.655,1,330,103,116,136
1778009096.802598,29,0.645230,0.632363,0.408020,0.7760,-0.0523,1.4699,0.000,12.455,-178.389,1,330,103,116,136
1778009096.835967,29,0.643571,0.631778,0.406594,0.7741,-0.0523,1.4691,0.000,12.374,-178.378,1,330,103,116,136
1778009096.869338,29,0.639737,0.631778,0.404172,0.7741,-0.0523,1.4691,0.000,12.089,-178.348,1,330,103,116,135
1778009096.869338,29,0.637320,0.631778,0.402644,0.7741,-0.0523,1.4691,0.000,12.089,-178.348,1,329,103,117,133
1778009096.936079,29,0.641762,0.632379,0.405836,0.7760,-0.0510,1.4699,0.000,12.235,-177.664,1,329,102,117,135
1778009096.936079,29,0.646971,0.632567,0.409252,0.7760,-0.0510,1.4699,0.000,12.235,-177.664,1,329,102,117,135
1778009097.002818,29,0.645232,0.632567,0.408152,0.7776,-0.0510,1.4721,-0.000,12.464,-177.934,1,329,102,117,137
1778009097.036186,29,0.640675,0.631984,0.404897,0.7758,-0.0510,1.4713,-0.000,12.177,-177.754,1,329,102,116,136
1778009097.069572,29,0.640951,0.631984,0.405071,0.7758,-0.0510,1.4713,0.000,12.177,-178.088,1,329,103,116,137
1778009097.102925,29,0.630116,0.631793,0.398103,0.7741,-0.0509,1.4691,0.000,11.393,-177.974,1,328,103,117,136
1778009097.136295,29,0.632388,0.631809,0.399548,0.7741,-0.0496,1.4691,-0.000,11.567,-177.820,1,328,102,117,135
1778009097.169663,29,0.630779,0.632000,0.398652,0.7758,-0.0496,1.4713,0.000,11.408,-178.266,1,328,103,117,133
1778009097.203032,29,0.630574,0.632394,0.398771,0.7760,-0.0496,1.4699,0.000,11.390,-177.817,1,328,103,117,133
1778009097.236399,29,0.632509,0.631809,0.399625,0.7741,-0.0496,1.4691,-0.000,11.552,-178.228,1,328,103,116,133
1778009097.236399,29,0.636642,0.631809,0.402236,0.7741,-0.0496,1.4691,-0.000,11.552,-178.228,1,328,103,116,133
1778009097.303141,29,0.637492,0.631516,0.402586,0.7732,-0.0496,1.4687,0.000,11.947,-178.174,1,327,102,117,135
1778009097.336509,29,0.637412,0.631430,0.402481,0.7739,-0.0482,1.4704,-0.000,11.962,-177.884,1,327,102,117,135
1778009097.369880,29,0.639351,0.631138,0.403519,0.7730,-0.0482,1.4700,0.000,12.112,-178.169,1,327,102,117,135
1778009097.403250,29,0.638114,0.631138,0.402738,0.7730,-0.0482,1.4700,0.000,12.031,-177.974,1,327,103,117,136
1778009097.436619,29,0.639779,0.631531,0.404040,0.7732,-0.0482,1.4687,-0.000,12.164,-177.358,1,326,102,117,136
1778009097.469988,29,0.639168,0.631152,0.403412,0.7730,-0.0469,1.4700,0.000,12.129,-177.590,1,326,102,117,136
1778009097.503373,29,0.641358,0.631152,0.404794,0.7730,-0.0469,1.4700,0.000,12.279,-177.812,1,326,102,117,136
1778009097.536743,29,0.648427,0.631152,0.409256,0.7730,-0.0469,1.4700,0.000,12.823,-177.604,1,326,102,117,135
1778009097.570112,29,0.646832,0.631152,0.408249,0.7730,-0.0469,1.4700,0.000,12.711,-177.462,1,326,102,117,136
1778009097.603482,29,0.643273,0.631152,0.406003,0.7730,-0.0469,1.4700,0.000,12.446,-177.427,1,326,102,117,135
1778009097.636851,29,0.640086,0.631152,0.403991,0.7730,-0.0469,1.4700,-0.000,12.204,-177.476,1,326,102,117,135
1778009097.670223,29,0.642301,0.631152,0.405389,0.7730,-0.0469,1.4700,-0.000,12.414,-176.800,1,326,102,118,135
1778009097.703605,29,0.649298,0.631152,0.409806,0.7730,-0.0469,1.4700,-0.000,12.934,-176.895,1,326,102,118,136
1778009097.770343,29,0.643554,0.631445,0.406369,0.7739,-0.0469,1.4704,0.000,12.467,-177.088,1,326,102,118,135
1778009097.770343,29,0.638253,0.631445,0.403021,0.7739,-0.0469,1.4704,0.000,12.092,-176.774,1,326,102,118,135
1778009097.803713,29,0.637092,0.631152,0.402102,0.7730,-0.0469,1.4700,0.000,12.013,-176.973,1,326,103,117,136
1778009097.837082,29,0.642398,0.631545,0.405703,0.7732,-0.0469,1.4687,0.000,12.369,-177.153,1,326,102,117,135
1778009097.870461,29,0.640152,0.631152,0.404033,0.7730,-0.0469,1.4700,0.000,12.237,-177.040,1,326,102,117,135
1778009097.870461,29,0.643366,0.631152,0.406062,0.7730,-0.0469,1.4700,0.000,12.237,-177.040,1,326,103,117,136
1778009097.903839,29,0.639896,0.631545,0.404123,0.7730,-0.0469,1.4700,-0.000,12.484,-176.947,1,326,102,117,135
1778009097.937213,29,0.641185,0.631152,0.404685,0.7732,-0.0469,1.4687,0.000,12.166,-177.396,1,326,102,117,136
1778009098.003951,29,0.639058,0.631152,0.403343,0.7730,-0.0469,1.4700,0.000,12.139,-177.287,1,326,102,117,135
1778009098.003951,29,0.641612,0.631152,0.404955,0.7730,-0.0469,1.4700,0.000,12.139,-177.287,0,327,103,118,136
1778009098.070698,29,0.637321,0.630943,0.402113,0.7713,-0.0482,1.4678,0.000,12.035,-177.190,1,326,102,117,135
1778009098.104066,29,0.640029,0.631152,0.403956,0.7730,-0.0469,1.4700,0.000,12.215,-177.242,1,327,103,118,136
1778009098.137435,29,0.637242,0.630943,0.402063,0.7713,-0.0482,1.4678,0.000,12.023,-177.269,1,327,102,118,136
1778009098.204196,29,0.642261,0.631138,0.405355,0.7730,-0.0482,1.4700,0.000,12.414,-176.827,1,327,102,118,135
1778009098.204196,29,0.637141,0.631138,0.402123,0.7730,-0.0482,1.4700,0.000,12.414,-176.827,1,327,102,118,135
1778009098.270938,29,0.640339,0.630943,0.404017,0.7713,-0.0482,1.4678,0.000,12.248,-177.364,1,327,103,117,133
1778009098.304307,29,0.640124,0.630943,0.403882,0.7713,-0.0482,1.4678,0.000,12.249,-177.115,1,327,102,117,135
1778009098.304307,29,0.643631,0.631138,0.406220,0.7730,-0.0482,1.4700,0.000,12.513,-176.875,1,327,102,117,135
1778009098.304307,29,0.642436,0.631138,0.405466,0.7730,-0.0482,1.4700,0.000,12.513,-176.875,1,327,102,117,135
1778009098.371042,29,0.635341,0.631138,0.400988,0.7730,-0.0482,1.4700,0.000,11.885,-177.008,1,328,103,118,136
1778009098.404411,29,0.641668,0.630928,0.404846,0.7713,-0.0495,1.4678,0.000,12.402,-176.634,1,328,103,118,136
1778009098.404411,29,0.635180,0.630928,0.400753,0.7713,-0.0495,1.4678,0.000,12.402,-176.634,1,328,103,117,135
1778009098.471141,29,0.636382,0.630928,0.401511,0.7713,-0.0495,1.4678,-0.000,12.021,-176.449,1,328,104,117,133
1778009098.504510,29,0.639386,0.631909,0.404034,0.7735,-0.0496,1.4674,0.000,12.138,-176.929,1,329,103,118,135
1778009098.504510,29,0.640410,0.631500,0.404419,0.7735,-0.0496,1.4674,0.000,12.138,-176.929,1,329,103,118,135
1778009098.604626,29,0.640789,0.631500,0.404658,0.7732,-0.0509,1.4687,-0.000,12.284,-176.822,1,329,103,118,135
1778009098.637995,29,0.641493,0.631500,0.405103,0.7732,-0.0509,1.4687,0.000,12.336,-176.830,1,329,103,118,136
1778009098.671364,29,0.637234,0.630913,0.402039,0.7713,-0.0508,1.4678,-0.000,12.055,-176.915,1,330,102,120,137
1778009098.704733,29,0.637468,0.630505,0.401927,0.7711,-0.0522,1.4691,0.000,12.096,-177.056,1,329,102,117,135
1778009098.738103,29,0.632815,0.631107,0.399374,0.7730,-0.0509,1.4700,0.000,11.712,-176.916,1,330,102,118,136
1778009098.771472,29,0.625467,0.630505,0.394360,0.7711,-0.0522,1.4691,0.000,11.208,-177.037,1,329,102,117,135
1778009098.804841,29,0.626941,0.631107,0.395667,0.7730,-0.0509,1.4700,0.000,11.354,-175.904,1,329,103,117,133
1778009098.838210,29,0.627215,0.630913,0.395718,0.7713,-0.0508,1.4678,0.000,11.333,-176.626,1,330,102,118,135
1778009098.871572,29,0.628390,0.630505,0.396203,0.7711,-0.0522,1.4691,-0.000,11.479,-176.287,1,330,103,118,133
1778009098.904949,29,0.631773,0.630897,0.398584,0.7713,-0.0522,1.4678,0.000,11.688,-176.455,1,330,103,118,133
1778009098.904949,29,0.626774,0.631092,0.395552,0.7713,-0.0522,1.4678,0.000,11.688,-176.455,1,330,102,117,135
1778009098.971687,29,0.624117,0.631092,0.393875,0.7730,-0.0522,1.4700,0.000,11.083,-176.786,1,331,103,118,133
1778009099.038430,29,0.627579,0.630881,0.395928,0.7713,-0.0535,1.4678,-0.000,11.364,-176.696,1,331,103,118,135
1778009099.071799,29,0.635637,0.631468,0.401385,0.7732,-0.0536,1.4687,0.000,11.921,-176.657,1,331,104,117,133
1778009099.105168,29,0.635314,0.631468,0.401181,0.7732,-0.0536,1.4687,-0.000,11.894,-176.696,1,331,103,117,136
1778009099.138541,29,0.637582,0.631075,0.402362,0.7730,-0.0536,1.4700,0.000,12.115,-176.389,1,331,102,117,137
1778009099.171910,29,0.633458,0.631075,0.399760,0.7730,-0.0536,1.4700,-0.000,11.894,-175.362,1,331,102,117,137
1778009099.205279,29,0.638416,0.631059,0.402878,0.7730,-0.0549,1.4700,-0.000,12.210,-176.049,1,332,102,118,137
1778009099.205279,29,0.638636,0.631059,0.403017,0.7730,-0.0549,1.4700,-0.000,12.230,-176.001,1,332,102,117,137
1778009099.238679,29,0.638375,0.631059,0.402852,0.7730,-0.0549,1.4700,0.000,12.200,-176.128,1,332,102,117,139
1778009099.238679,29,0.639297,0.631059,0.403434,0.7730,-0.0549,1.4700,0.000,12.200,-176.128,1,332,103,117,136
1778009099.305418,29,0.641929,0.631452,0.405347,0.7732,-0.0549,1.4687,0.000,12.375,-176.931,1,333,102,117,135
1778009099.338787,29,0.641085,0.631042,0.404552,0.7730,-0.0562,1.4700,0.000,12.425,-175.925,1,332,103,117,136
1778009099.338787,29,0.641916,0.631042,0.405076,0.7730,-0.0562,1.4700,-0.000,12.474,-176.093,1,333,102,118,137
1778009099.405544,29,0.640142,0.631042,0.403956,0.7730,-0.0562,1.4700,0.000,12.376,-175.683,1,333,102,118,136
1778009099.438913,29,0.641696,0.631042,0.404937,0.7730,-0.0562,1.4700,0.000,12.482,-175.805,1,333,102,117,137
1778009099.438913,29,0.650752,0.631042,0.410652,0.7730,-0.0562,1.4700,0.000,12.482,-175.805,1,333,102,117,137
1778009099.505651,29,0.635579,0.631042,0.401077,0.7730,-0.0562,1.4700,0.000,12.030,-175.741,1,333,103,117,136
1778009099.505651,29,0.647550,0.631435,0.408885,0.7730,-0.0562,1.4700,0.000,12.030,-175.741,1,334,102,118,137
1778009099.572372,29,0.644297,0.630438,0.406190,0.7711,-0.0575,1.4691,0.000,12.722,-175.851,1,334,101,118,139
1778009099.605759,29,0.649975,0.630632,0.409895,0.7727,-0.0576,1.4713,0.000,13.153,-175.656,1,334,101,118,139
1778009099.639103,29,0.646295,0.630632,0.407574,0.7727,-0.0576,1.4713,0.000,12.837,-176.088,1,334,101,117,137
1778009099.672473,29,0.651813,0.630632,0.411054,0.7727,-0.0576,1.4713,-0.000,13.252,-176.117,1,334,101,117,139
1778009099.705842,29,0.650439,0.631025,0.410443,0.7730,-0.0576,1.4700,0.000,13.121,-176.094,1,334,102,117,136
1778009099.739236,29,0.644133,0.630046,0.405834,0.7708,-0.0575,1.4704,-0.000,12.717,-176.095,1,334,101,117,139
1778009099.739236,29,0.647612,0.630421,0.408268,0.7708,-0.0575,1.4704,-0.000,12.717,-176.095,1,335,102,117,136
1778009099.772580,29,0.648603,0.630029,0.408638,0.7711,-0.0588,1.4691,0.000,12.978,-175.838,1,335,101,117,139
1778009099.805984,29,0.651974,0.630029,0.410763,0.7708,-0.0588,1.4704,0.000,13.065,-176.034,1,335,101,117,139
1778009099.872722,29,0.649034,0.630614,0.409290,0.7727,-0.0589,1.4713,-0.000,13.079,-175.749,1,335,101,117,139
