stamp,person_id,A_h,A_r,A_m,pos_x,pos_y,pos_z,roll,pitch,yaw,is_target,ptu_blind,bbox_u,bbox_v,bbox_w,bbox_h
1778107320.645025,3,0.970141,0.695443,0.674678,0.8354,0.2770,1.6027,-0.000,15.742,-151.730,0,0,116,102,116,130
1778107320.645025,13,0.997119,0.775139,0.772906,0.9567,-0.0789,1.4337,0.000,12.792,-179.765,0,0,343,230,96,110
1778107320.645025,5,0.949870,0.713858,0.678073,0.9282,-0.4726,1.5734,0.000,29.235,161.205,0,0,579,144,118,125
1778107320.845201,3,0.966707,0.695030,0.671890,0.8349,0.2754,1.6042,0.000,15.171,-151.945,0,0,116,101,116,133
1778107320.845201,13,0.992072,0.775350,0.769203,0.9591,-0.0791,1.4362,0.000,12.219,-178.270,0,0,343,229,98,113
1778107320.845201,5,0.957238,0.714273,0.683730,0.9222,-0.4749,1.5723,0.000,19.921,170.630,0,0,579,145,115,129
1778107320.845201,3,0.968121,0.695030,0.672873,0.8349,0.2754,1.6042,-0.000,15.376,-152.294,0,0,116,102,117,132
1778107320.845201,13,0.993479,0.775350,0.770294,0.9591,-0.0791,1.4362,-0.000,12.406,-179.171,0,0,343,229,98,111
1778107320.845201,5,0.980683,0.714273,0.700475,0.9222,-0.4749,1.5723,0.000,19.046,164.017,0,0,580,142,117,132
1778107320.945309,3,0.968860,0.696041,0.674367,0.8380,0.2765,1.6043,-0.000,15.428,-152.415,0,0,117,102,116,129
1778107320.945309,13,0.996242,0.775350,0.772436,0.9591,-0.0791,1.4362,0.000,13.522,179.608,0,0,344,229,96,111
1778107320.945309,5,0.991839,0.711456,0.705650,0.9135,-0.4728,1.5735,0.000,21.274,160.235,0,0,581,142,118,130
1778107320.945309,3,0.965642,0.696130,0.672213,0.8380,0.2765,1.6043,-0.000,15.428,-152.415,0,0,117,102,116,130
1778107320.945309,13,0.994826,0.775315,0.771303,0.9591,-0.0791,1.4362,0.000,13.522,179.608,0,0,343,230,95,110
1778107320.945309,5,0.988819,0.711298,0.703345,0.9135,-0.4728,1.5735,0.000,21.274,160.235,0,0,580,143,120,132
1778107321.012063,3,0.968452,0.696130,0.674169,0.8380,0.2749,1.6043,0.000,14.865,-151.996,0,0,118,103,116,130
1778107321.012063,13,0.987668,0.710976,0.702209,0.9591,-0.0807,1.4362,-0.000,14.008,-178.508,0,0,580,143,120,132
1778107321.012063,5,0.994695,0.775821,0.771705,0.9135,-0.4745,1.5735,0.000,19.147,160.426,0,0,344,231,96,111
1778107321.178909,3,0.966503,0.696219,0.672898,0.8380,0.2734,1.6043,0.000,15.409,-151.374,0,0,118,102,116,132
1778107321.178909,5,0.995332,0.776222,0.772598,0.9600,-0.0824,1.4331,-0.000,12.073,176.477,0,0,345,231,95,111
1778107321.178909,13,0.987278,0.713760,0.704680,0.9204,-0.4756,1.5714,-0.000,22.883,162.797,0,0,580,145,119,128
1778107321.178909,3,0.966414,0.696219,0.672835,0.8380,0.2734,1.6043,0.000,15.409,-151.374,0,0,118,103,117,130
1778107321.178909,13,0.995339,0.776222,0.772604,0.9600,-0.0824,1.4331,-0.000,12.073,176.477,0,0,345,231,94,110
1778107321.178909,5,0.985949,0.713760,0.703731,0.9204,-0.4756,1.5714,-0.000,22.883,162.797,0,0,579,141,120,128
1778107321.279017,3,0.963317,0.697032,0.671463,0.8403,0.2741,1.6039,0.000,14.941,-150.571,0,0,119,103,116,130
1778107321.279017,13,0.995665,0.776901,0.773533,0.9629,-0.0826,1.4340,-0.000,12.275,177.110,0,0,345,229,95,111
1778107321.279017,5,0.996238,0.710309,0.707637,0.9085,-0.4689,1.5728,0.000,21.846,157.764,0,0,577,145,117,133
1778107321.345756,3,0.964974,0.697518,0.673087,0.8420,0.2732,1.6049,0.000,15.372,-150.652,0,0,119,103,116,130
1778107321.345756,13,0.994308,0.775958,0.771541,0.9619,-0.0826,1.4372,-0.000,11.719,177.429,0,0,345,230,95,110
1778107321.345756,5,0.997427,0.713705,0.711869,0.9177,-0.4692,1.5701,-0.000,21.663,157.009,0,0,578,145,120,133
1778107321.412507,3,0.964169,0.697120,0.672141,0.8403,0.2725,1.6039,0.000,15.191,-150.618,0,0,119,103,116,130
1778107321.412507,13,0.993409,0.775751,0.770638,0.9596,-0.0824,1.4346,-0.000,12.111,-179.619,0,0,344,230,94,110
1778107321.412507,5,0.998431,0.712116,0.710999,0.9104,-0.4672,1.5665,0.000,21.399,155.495,0,0,577,144,117,135
1778107321.479246,3,0.962746,0.696121,0.670187,0.8358,0.2708,1.6013,0.000,14.791,-150.727,0,0,118,102,117,132
1778107321.479246,13,0.993357,0.776465,0.771306,0.9624,-0.0809,1.4356,0.000,12.220,-179.292,0,0,344,230,95,110
1778107321.479246,5,0.992941,0.711860,0.706835,0.9099,-0.4656,1.5681,0.000,21.800,160.191,0,0,578,144,120,130
1778107321.479246,3,0.965015,0.697014,0.672629,0.8358,0.2708,1.6013,0.000,14.791,-150.727,0,0,119,103,116,130
1778107321.479246,13,0.991098,0.776915,0.770000,0.9624,-0.0809,1.4356,0.000,12.220,-179.292,0,0,344,230,95,109
1778107321.479246,5,0.989927,0.711163,0.704000,0.9099,-0.4656,1.5681,0.000,21.800,160.191,0,0,579,141,120,129
1778107321.612730,3,0.965075,0.697518,0.673157,0.8420,0.2732,1.6049,0.000,15.099,-151.244,0,0,119,103,116,130
1778107321.612730,13,0.993807,0.776915,0.772104,0.9643,-0.0810,1.4362,0.000,13.170,-178.451,0,0,344,231,95,107
1778107321.612730,5,0.990183,0.709412,0.702447,0.9039,-0.4666,1.5705,0.000,20.644,160.793,0,0,578,141,118,128
1778107321.612730,3,0.965406,0.697120,0.673004,0.8420,0.2732,1.6049,0.000,15.099,-151.244,0,0,118,103,117,130
1778107321.612730,13,0.987831,0.709567,0.700932,0.9643,-0.0810,1.4362,0.000,13.170,-178.451,0,0,575,147,115,132
1778107321.612730,5,0.989729,0.777388,0.769403,0.9039,-0.4666,1.5705,0.000,20.644,160.793,0,0,343,231,95,110
1778107321.679468,3,0.964937,0.697430,0.672976,0.8403,0.2725,1.6039,0.000,15.297,-151.007,0,0,118,103,117,130
1778107321.679468,5,0.994095,0.777352,0.772762,0.9039,-0.4649,1.5705,-0.000,24.313,162.798,0,0,345,231,94,107
1778107321.679468,13,0.992186,0.712043,0.706479,0.9648,-0.0810,1.4346,0.000,11.607,-177.296,0,0,575,145,116,133
1778107321.812975,3,0.963365,0.697430,0.671879,0.8420,0.2747,1.6049,-0.000,14.908,-151.450,0,0,118,103,117,130
1778107321.812975,13,0.993030,0.776465,0.771053,0.9648,-0.0827,1.4346,0.000,13.023,-178.832,0,0,344,230,95,109
1778107321.812975,5,0.994955,0.713351,0.709753,0.9077,-0.4609,1.5651,-0.000,26.399,160.654,0,0,574,150,116,125
1778107321.946396,3,0.960952,0.697430,0.670196,0.8420,0.2747,1.6049,0.000,14.511,-150.311,0,0,118,103,117,130
1778107321.946396,5,0.994875,0.710309,0.706669,0.9022,-0.4586,1.5660,0.000,19.405,157.231,0,0,575,143,118,126
1778107321.946396,13,0.983793,0.776499,0.763915,0.9624,-0.0792,1.4356,0.000,10.848,-175.027,0,0,343,230,96,111
1778107322.013172,3,0.962486,0.697120,0.670969,0.8403,0.2725,1.6039,0.000,14.752,-150.680,0,0,119,103,116,129
1778107322.013172,13,0.987362,0.776499,0.766686,0.9624,-0.0792,1.4356,0.000,11.402,-176.192,0,0,343,230,95,113
1778107322.013172,5,0.994251,0.708781,0.704706,0.8977,-0.4628,1.5638,0.000,19.752,157.880,0,0,579,143,117,126
1778107322.079873,3,0.962855,0.697915,0.671991,0.8438,0.2739,1.6059,0.000,14.894,-150.574,0,0,119,103,116,132
1778107322.079873,13,0.985778,0.776499,0.765456,0.9624,-0.0792,1.4356,0.000,11.754,-175.113,0,0,343,230,96,113
1778107322.079873,5,0.993614,0.707443,0.702925,0.8949,-0.4635,1.5660,0.000,19.634,157.978,0,0,580,141,118,128
1778107322.146612,3,0.963009,0.697915,0.672099,0.8438,0.2739,1.6059,-0.000,14.998,-150.446,0,0,119,103,116,129
1778107322.146612,13,0.984662,0.775821,0.763921,0.9596,-0.0791,1.4346,0.000,12.072,-174.390,0,0,343,230,97,114
1778107322.146612,5,0.992784,0.707808,0.702700,0.8967,-0.4645,1.5669,-0.000,19.404,158.344,0,0,580,141,118,130
1778107322.213347,3,0.963176,0.698332,0.672616,0.8443,0.2739,1.6044,0.000,14.905,-150.544,0,0,119,104,116,130
1778107322.213347,13,0.986954,0.775821,0.765699,0.9596,-0.0791,1.4346,0.000,12.223,-175.268,0,0,343,230,97,113
1778107322.213347,5,0.991584,0.706486,0.700540,0.8917,-0.4621,1.5662,0.000,19.535,159.146,0,0,580,140,118,129
1778107322.213347,3,0.963212,0.698332,0.672641,0.8443,0.2739,1.6044,0.000,14.622,-151.132,0,0,119,104,115,130
1778107322.213347,13,0.984326,0.775821,0.763661,0.9596,-0.0791,1.4346,0.000,13.000,-173.664,0,0,342,230,97,111
1778107322.213347,5,0.995126,0.706486,0.703042,0.8917,-0.4621,1.5662,-0.000,19.982,157.010,0,0,580,140,119,128
1778107322.346802,3,0.966347,0.699714,0.676167,0.8505,0.2763,1.6080,0.000,15.252,-151.408,0,0,119,104,115,129
1778107322.346802,13,0.982186,0.776326,0.762497,0.9600,-0.0774,1.4331,0.000,10.336,-174.618,0,0,342,231,96,110
1778107322.346802,5,0.996420,0.706931,0.704400,0.8939,-0.4603,1.5691,0.000,19.634,154.708,0,0,578,139,122,129
1778107322.413537,3,0.966312,0.698926,0.675380,0.8469,0.2749,1.6060,0.000,15.376,-151.136,0,0,119,104,115,129
1778107322.413537,13,0.985192,0.776326,0.764830,0.9600,-0.0774,1.4331,0.000,11.333,-175.020,0,0,342,231,95,111
1778107322.413537,5,0.997335,0.707296,0.705411,0.8957,-0.4612,1.5700,-0.000,20.031,153.249,0,0,578,139,120,129
1778107322.413537,3,0.964586,0.698926,0.674174,0.8469,0.2749,1.6060,0.000,15.376,-151.136,0,0,119,104,115,129
1778107322.413537,13,0.985004,0.775644,0.764013,0.9600,-0.0774,1.4331,0.000,11.333,-175.020,0,0,342,231,97,110
1778107322.413537,5,0.997791,0.708405,0.706840,0.8957,-0.4612,1.5700,-0.000,20.031,153.249,0,0,577,140,122,130
1778107322.547034,3,0.961208,0.698022,0.670945,0.8425,0.2716,1.6034,0.000,14.485,-150.577,0,0,120,104,116,129
1778107322.547034,13,0.984780,0.775644,0.763839,0.9572,-0.0773,1.4321,0.000,9.656,-176.636,0,0,342,231,95,110
1778107322.547034,5,0.996598,0.707994,0.705585,0.8984,-0.4610,1.5714,0.000,19.525,152.491,0,0,577,139,120,130
1778107322.613747,3,0.966010,0.698439,0.674699,0.8430,0.2716,1.6019,0.000,15.170,-151.363,0,0,120,105,116,130
1778107322.613747,13,0.985171,0.775644,0.764142,0.9572,-0.0773,1.4321,0.000,9.594,-176.946,0,0,342,231,95,110
1778107322.613747,5,0.995367,0.708510,0.705227,0.9003,-0.4602,1.5723,0.000,18.763,153.858,0,0,576,139,118,130
1778107322.680486,3,0.965418,0.698039,0.673900,0.8412,0.2709,1.6009,0.000,15.502,-150.445,0,0,120,105,115,130
1778107322.680486,13,0.992154,0.776081,0.769992,0.9577,-0.0789,1.4306,-0.000,11.787,-178.508,0,0,343,232,96,110
1778107322.680486,5,0.994855,0.707536,0.703896,0.8993,-0.4619,1.5754,-0.000,18.625,152.302,0,0,577,137,120,129
1778107322.680486,3,0.964742,0.698039,0.673428,0.8412,0.2709,1.6009,0.000,15.502,-150.445,0,0,120,105,115,129
1778107322.680486,13,0.991952,0.775610,0.769368,0.9577,-0.0789,1.4306,-0.000,11.787,-178.508,0,0,343,231,94,111
1778107322.680486,5,0.992613,0.707383,0.702158,0.8993,-0.4619,1.5754,-0.000,18.625,152.302,0,0,578,137,118,130
1778107322.747221,3,0.966044,0.698039,0.674337,0.8412,0.2709,1.6009,0.000,15.258,-151.202,0,0,121,105,116,129
1778107322.747221,13,0.988755,0.775610,0.766888,0.9572,-0.0789,1.4321,0.000,11.128,-177.158,0,0,342,231,97,110
1778107322.747221,5,0.992363,0.707383,0.701980,0.8993,-0.4635,1.5754,0.000,17.305,153.268,0,0,578,136,118,129
1778107322.813942,3,0.967132,0.698127,0.675181,0.8412,0.2694,1.6009,0.000,15.444,-151.508,0,0,121,105,116,129
1778107322.813942,13,0.986260,0.775644,0.764987,0.9572,-0.0773,1.4321,0.000,11.594,-175.280,0,0,342,231,94,109
1778107322.813942,5,0.990903,0.706612,0.700184,0.8970,-0.4626,1.5761,0.000,16.792,153.911,0,0,578,137,122,132
1778107322.813942,3,0.963614,0.698127,0.672725,0.8412,0.2694,1.6009,0.000,15.444,-151.508,0,0,121,105,116,129
1778107322.813942,13,0.989807,0.775644,0.767738,0.9572,-0.0773,1.4321,0.000,11.594,-175.280,0,0,342,231,95,109
1778107322.813942,5,0.991438,0.707383,0.701326,0.8970,-0.4626,1.5761,0.000,16.792,153.911,0,0,579,137,120,133
1778107322.880688,3,0.964731,0.698527,0.673891,0.8412,0.2694,1.6009,0.000,15.074,-150.530,0,0,121,105,116,129
1778107322.880688,13,0.995279,0.775188,0.771528,0.9572,-0.0773,1.4321,0.000,11.557,-177.194,0,0,344,232,96,109
1778107322.880688,5,0.991028,0.707769,0.701418,0.8993,-0.4635,1.5754,0.000,17.411,155.909,0,0,579,137,120,132
1778107323.014135,3,0.963217,0.698527,0.672833,0.8430,0.2701,1.6019,0.000,14.801,-150.864,0,0,121,105,115,129
1778107323.014135,13,0.987382,0.775590,0.765803,0.9558,-0.0805,1.4300,-0.000,13.038,-174.869,0,0,342,232,95,110
1778107323.014135,5,0.989306,0.708127,0.700554,0.9038,-0.4675,1.5777,0.000,17.254,157.611,0,0,578,137,120,132
1778107323.080873,3,0.960757,0.698527,0.671115,0.8430,0.2701,1.6019,-0.000,14.377,-150.551,0,0,121,105,115,129
1778107323.080873,13,0.983008,0.776115,0.762927,0.9577,-0.0773,1.4306,-0.000,11.293,-174.052,0,0,342,230,95,111
1778107323.080873,5,0.989557,0.709352,0.701944,0.9092,-0.4686,1.5805,-0.000,17.190,157.346,0,0,578,138,120,130
1778107323.080873,3,0.962805,0.698925,0.672929,0.8430,0.2701,1.6019,-0.000,14.377,-150.551,0,0,121,105,115,128
1778107323.080873,13,0.985826,0.774717,0.763736,0.9577,-0.0773,1.4306,-0.000,11.293,-174.052,0,0,342,231,93,110
1778107323.080873,5,0.989133,0.709764,0.702051,0.9092,-0.4686,1.5805,-0.000,17.190,157.346,0,0,578,138,120,130
1778107323.214353,3,0.962459,0.698527,0.672303,0.8430,0.2701,1.6019,-0.000,14.671,-150.763,0,0,121,105,116,129
1778107323.214353,13,0.988853,0.710120,0.702204,0.9115,-0.4695,1.5798,-0.000,16.859,157.493,0,0,578,140,120,125
1778107323.214353,5,0.984556,0.775188,0.763216,0.9553,-0.0772,1.4315,0.000,10.691,-175.325,0,0,343,230,95,111
1778107323.281129,3,0.962454,0.698527,0.672300,0.8430,0.2701,1.6019,0.000,14.831,-150.456,0,0,120,105,115,129
1778107323.281129,5,0.988961,0.709516,0.701683,0.9053,-0.4658,1.5730,0.000,17.255,158.383,0,0,576,141,118,128
1778107323.281129,13,0.985152,0.774684,0.763181,0.9548,-0.0788,1.4331,0.000,10.697,-175.807,0,0,344,230,96,110
1778107323.347868,3,0.964084,0.698439,0.673353,0.8430,0.2716,1.6019,0.000,15.146,-150.484,0,0,120,105,115,130
1778107323.347868,5,0.987350,0.774649,0.764850,0.9548,-0.0805,1.4331,0.000,10.538,-177.282,0,0,344,231,95,110
1778107323.347868,13,0.989991,0.712205,0.705077,0.9157,-0.4676,1.5764,0.000,17.673,158.523,0,0,576,141,120,126
1778107323.414606,3,0.963303,0.698439,0.672808,0.8430,0.2716,1.6019,0.000,14.782,-150.813,0,0,120,105,115,129
1778107323.414606,13,0.983846,0.775119,0.762598,0.9553,-0.0805,1.4315,0.000,11.482,-174.528,0,0,344,231,96,110
1778107323.414606,5,0.990164,0.710777,0.703786,0.9085,-0.4639,1.5728,0.000,17.562,158.239,0,0,575,141,118,126
1778107323.414606,3,0.965367,0.698439,0.674249,0.8430,0.2716,1.6019,0.000,14.782,-150.813,0,0,119,104,115,129
1778107323.414606,13,0.990651,0.775119,0.767873,0.9553,-0.0805,1.4315,0.000,11.482,-174.528,0,0,346,231,94,109
1778107323.414606,5,0.991515,0.710932,0.704900,0.9085,-0.4639,1.5728,0.000,17.562,158.239,0,0,576,141,118,126
1778107323.481345,3,0.964042,0.698332,0.673221,0.8430,0.2716,1.6019,0.000,14.865,-151.674,0,0,120,105,114,128
1778107323.481345,13,0.992994,0.775048,0.769618,0.9553,-0.0805,1.4315,-0.000,10.424,-179.859,0,0,347,233,92,106
1778107323.481345,5,0.989984,0.710777,0.703658,0.9085,-0.4623,1.5728,0.000,18.047,157.979,0,0,576,141,118,126
1778107323.614807,3,0.963444,0.698837,0.673290,0.8447,0.2723,1.6029,0.000,14.614,-151.221,0,0,119,105,115,130
1778107323.614807,13,0.993475,0.775952,0.770889,0.9563,-0.0855,1.4284,0.000,11.575,179.676,0,0,347,233,90,106
1778107323.614807,5,0.989459,0.710777,0.703285,0.9085,-0.4639,1.5728,0.000,18.461,159.783,0,0,576,141,118,128
1778107323.614807,3,0.963835,0.698748,0.673478,0.8447,0.2723,1.6029,0.000,14.614,-151.221,0,0,119,105,115,128
1778107323.614807,13,0.994292,0.775952,0.771523,0.9563,-0.0855,1.4284,0.000,11.575,179.676,0,0,346,232,94,107
1778107323.614807,5,0.990734,0.711314,0.704723,0.9085,-0.4639,1.5728,0.000,18.461,159.783,0,0,576,140,115,125
1778107323.681509,3,0.963558,0.698748,0.673284,0.8447,0.2739,1.6029,0.000,14.671,-151.166,0,0,119,104,115,129
1778107323.681509,13,0.995105,0.775518,0.771722,0.9563,-0.0855,1.4284,0.000,11.707,178.920,0,0,347,232,96,107
1778107323.681509,5,0.988252,0.711258,0.702902,0.9112,-0.4653,1.5742,-0.000,17.423,157.560,0,0,577,140,116,128
1778107323.814985,3,0.963240,0.698332,0.672661,0.8443,0.2739,1.6044,-0.000,14.633,-151.121,0,0,119,104,114,129
1778107323.814985,13,0.987924,0.775482,0.766117,0.9558,-0.0855,1.4300,-0.000,10.717,-177.452,0,0,345,231,97,110
1778107323.814985,5,0.988252,0.711102,0.702748,0.9125,-0.4679,1.5767,-0.000,15.370,153.785,0,0,576,139,116,125
1778107323.881709,3,0.958816,0.698926,0.670141,0.8469,0.2749,1.6060,0.000,13.866,-150.588,0,0,118,105,115,128
1778107323.881709,13,0.981846,0.711908,0.698983,0.9175,-0.4690,1.5810,-0.000,13.738,149.921,0,0,575,139,114,125
1778107323.881709,5,0.987775,0.775540,0.766060,0.9572,-0.0822,1.4321,0.000,10.501,-177.562,0,0,345,231,96,110
1778107323.948436,3,0.960118,0.698659,0.670795,0.8447,0.2754,1.6029,-0.000,14.191,-150.238,0,0,118,105,115,128
1778107323.948436,5,0.983452,0.714340,0.702519,0.9292,-0.4732,1.5869,0.000,14.687,148.806,0,0,574,141,113,122
1778107323.948436,13,0.987289,0.775540,0.765682,0.9572,-0.0822,1.4321,0.000,10.009,-177.961,0,0,345,230,96,109
1778107324.015171,3,0.960969,0.698659,0.671390,0.8447,0.2754,1.6029,0.000,14.248,-150.516,0,0,118,105,116,128
1778107324.015171,5,0.986444,0.775070,0.764563,0.9567,-0.0822,1.4337,0.000,9.374,-178.629,0,0,346,232,94,110
1778107324.015171,13,0.973363,0.714460,0.695429,0.9257,-0.4692,1.5814,0.000,12.852,145.934,0,0,571,140,113,125
1778107324.081930,3,0.960614,0.698261,0.670759,0.8430,0.2747,1.6019,0.000,14.109,-150.632,0,0,118,104,115,129
1778107324.081930,13,0.969093,0.715912,0.693786,0.9324,-0.4678,1.5867,0.000,12.465,145.056,0,0,570,141,113,124
1778107324.081930,5,0.987596,0.775975,0.766349,0.9577,-0.0839,1.4306,0.000,10.160,-177.888,0,0,345,231,94,109
1778107324.148669,3,0.961253,0.698836,0.671758,0.8469,0.2765,1.6060,0.000,14.399,-150.511,0,0,118,105,114,128
1778107324.148669,13,0.988839,0.775540,0.766884,0.9572,-0.0822,1.4321,0.000,9.706,-179.788,0,0,346,231,96,110
1778107324.148669,5,0.961834,0.718389,0.690972,0.9429,-0.4710,1.5900,0.000,11.407,143.739,0,0,568,141,113,122
1778107324.215357,3,0.960561,0.699253,0.671675,0.8474,0.2765,1.6045,-0.000,13.968,-150.902,0,0,117,104,115,129
1778107324.215357,13,0.959663,0.720075,0.691029,0.9502,-0.4711,1.5937,-0.000,11.498,143.063,0,0,567,141,112,120
1778107324.215357,5,0.988406,0.775504,0.766513,0.9572,-0.0839,1.4321,-0.000,9.399,179.769,0,0,346,231,93,109
1778107324.315515,3,0.961222,0.699163,0.672051,0.8474,0.2780,1.6045,0.000,14.167,-150.671,0,0,117,105,115,128
1778107324.315515,5,0.961441,0.721757,0.693927,0.9583,-0.4734,1.5977,-0.000,11.313,144.067,0,0,567,141,112,120
1778107324.315515,13,0.987999,0.776186,0.766870,0.9600,-0.0841,1.4331,0.000,9.773,-178.986,0,0,346,231,96,109
1778107324.415632,3,0.959804,0.698746,0.670659,0.8469,0.2780,1.6060,0.000,14.052,-150.406,0,0,117,104,115,129
1778107324.415632,5,0.962847,0.722423,0.695582,0.9610,-0.4730,1.5991,0.000,11.575,144.323,0,0,566,141,113,122
1778107324.415632,13,0.984738,0.776901,0.765044,0.9629,-0.0826,1.4340,0.000,9.395,-177.290,0,0,345,231,95,109
1778107324.415632,3,0.959799,0.698746,0.670656,0.8469,0.2780,1.6060,-0.000,13.975,-150.562,0,0,117,104,115,129
1778107324.415632,5,0.962443,0.722423,0.695291,0.9610,-0.4730,1.5991,0.000,11.239,144.676,0,0,566,141,113,121
1778107324.415632,13,0.988002,0.776901,0.767580,0.9629,-0.0826,1.4340,0.000,9.609,-179.218,0,0,346,231,96,107
1778107324.482375,3,0.959358,0.698153,0.669778,0.8443,0.2770,1.6044,0.000,13.857,-150.600,0,0,117,105,115,128
1778107324.482375,5,0.989815,0.776186,0.768280,0.9600,-0.0841,1.4331,0.000,9.942,179.657,0,0,346,232,95,106
1778107324.482375,13,0.960205,0.722423,0.693674,0.9610,-0.4730,1.5991,-0.000,11.303,143.742,0,0,566,141,113,121
1778107324.482375,3,0.961138,0.698569,0.671422,0.8443,0.2770,1.6044,0.000,13.857,-150.600,0,0,117,105,115,128
1778107324.482375,13,0.993257,0.777337,0.772095,0.9600,-0.0841,1.4331,0.000,9.942,179.657,0,0,347,233,93,106
1778107324.482375,5,0.961425,0.722924,0.695038,0.9610,-0.4730,1.5991,-0.000,11.303,143.742,0,0,566,142,112,122
1778107324.615810,3,0.960388,0.698569,0.670897,0.8447,0.2770,1.6029,0.000,13.924,-150.779,0,0,117,105,115,128
1778107324.615810,13,0.993224,0.777771,0.772501,0.9639,-0.0859,1.4308,-0.000,11.220,179.184,0,0,347,232,95,111
1778107324.615810,5,0.964428,0.724349,0.698582,0.9697,-0.4769,1.6015,0.000,10.867,146.007,0,0,567,142,112,121
1778107324.615810,3,0.960355,0.699163,0.671445,0.8447,0.2770,1.6029,0.000,13.924,-150.779,0,0,117,105,114,128
1778107324.615810,13,0.992817,0.777300,0.771716,0.9639,-0.0859,1.4308,-0.000,11.220,179.184,0,0,347,232,95,109
1778107324.615810,5,0.969970,0.724447,0.702691,0.9697,-0.4769,1.6015,0.000,10.867,146.007,0,0,568,143,112,120
1778107324.715902,3,0.960343,0.699467,0.671728,0.8474,0.2780,1.6045,-0.000,14.049,-150.503,0,0,116,105,115,129
1778107324.715902,13,0.992602,0.777300,0.771549,0.9634,-0.0859,1.4324,0.000,10.908,178.582,0,0,347,232,95,107
1778107324.849360,3,0.961221,0.699163,0.672050,0.8474,0.2780,1.6045,0.000,14.191,-150.621,0,0,117,105,114,128
1778107324.849360,13,0.991867,0.777751,0.771426,0.9653,-0.0860,1.4330,0.000,11.370,-179.300,0,0,347,232,96,107
1778107324.849360,5,0.883677,0.723574,0.639406,0.9533,-0.4896,1.5667,0.000,23.843,-176.574,0,0,580,156,114,122
1778107324.849360,3,0.960120,0.699163,0.671281,0.8474,0.2780,1.6045,0.000,14.191,-150.621,0,0,117,105,114,128
1778107324.849360,13,0.988656,0.777751,0.768928,0.9653,-0.0860,1.4330,0.000,11.370,-179.300,0,0,346,232,95,107
1778107324.849360,5,0.823685,0.723574,0.595997,0.9533,-0.4896,1.5667,0.000,23.843,-176.574,0,0,583,160,113,118
1778107324.949486,3,0.957369,0.699558,0.669735,0.8492,0.2787,1.6055,-0.000,14.159,-149.006,0,0,116,104,114,129
1778107324.949486,13,0.989464,0.777788,0.769593,0.9653,-0.0843,1.4330,0.000,9.988,-179.622,0,0,346,231,95,109
1778107324.949486,5,0.692156,0.723713,0.500922,0.9498,-0.4920,1.5575,0.000,25.560,-156.482,0,0,586,161,107,125
1778107325.016224,3,0.961258,0.699050,0.671967,0.8487,0.2803,1.6070,-0.000,14.302,-150.449,0,0,115,104,115,129
1778107325.016224,13,0.987781,0.777316,0.767818,0.9648,-0.0843,1.4346,0.000,9.827,-178.715,0,0,346,232,96,110
1778107325.016224,5,0.687412,0.722752,0.496829,0.9457,-0.4947,1.5538,0.000,24.349,-156.525,0,0,589,161,101,125
1778107325.082963,3,0.959803,0.699351,0.671239,0.8505,0.2826,1.6080,-0.000,13.979,-150.295,0,0,115,104,115,129
1778107325.082963,13,0.986798,0.777788,0.767520,0.9653,-0.0843,1.4330,0.000,9.553,-178.304,0,0,345,231,97,110
1778107325.082963,5,0.698558,0.721194,0.503796,0.9402,-0.4970,1.5513,0.000,25.178,-157.659,0,0,589,161,102,128
1778107325.082963,3,0.959897,0.699351,0.671305,0.8505,0.2826,1.6080,-0.000,13.979,-150.295,0,0,115,104,115,129
1778107325.082963,13,0.983026,0.778027,0.764821,0.9653,-0.0843,1.4330,0.000,9.553,-178.304,0,0,344,231,97,111
1778107325.082963,5,0.694837,0.721194,0.501112,0.9402,-0.4970,1.5513,0.000,25.178,-157.659,0,0,588,161,103,125
1778107325.149701,3,0.960834,0.698958,0.671583,0.8505,0.2826,1.6080,0.000,13.977,-150.343,0,0,115,104,115,129
1778107325.149701,13,0.984220,0.778062,0.765784,0.9677,-0.0828,1.4355,-0.000,9.931,-175.717,0,0,344,231,95,109
1778107325.149701,5,0.687778,0.721888,0.496499,0.9402,-0.4970,1.5513,0.000,25.332,-157.307,0,0,589,162,101,132
1778107325.283178,3,0.962936,0.698958,0.673052,0.8487,0.2819,1.6070,0.000,14.575,-150.569,0,0,115,104,115,129
1778107325.283178,13,0.986828,0.778062,0.767814,0.9677,-0.0811,1.4355,-0.000,10.490,-176.912,0,0,345,232,96,109
1778107325.283178,5,0.704126,0.722133,0.508472,0.9435,-0.4984,1.5509,0.000,24.105,-158.317,0,0,589,161,101,130
1778107325.283178,3,0.960505,0.699351,0.671730,0.8487,0.2819,1.6070,0.000,14.575,-150.569,0,0,116,104,114,129
1778107325.283178,13,0.988747,0.778499,0.769739,0.9677,-0.0811,1.4355,-0.000,10.490,-176.912,0,0,345,232,94,107
1778107325.283178,5,0.822523,0.722235,0.594055,0.9435,-0.4984,1.5509,0.000,24.105,-158.317,0,0,587,154,106,124
1778107325.416646,3,0.958765,0.699442,0.670601,0.8505,0.2810,1.6080,-0.000,13.671,-150.582,0,0,116,104,114,129
1778107325.416646,13,0.991277,0.778499,0.771709,0.9682,-0.0828,1.4339,0.000,10.635,-179.917,0,0,346,233,94,110
1778107325.416646,5,0.866166,0.719659,0.623344,0.9422,-0.4964,1.5652,0.000,21.833,-175.164,0,0,585,151,110,122
1778107325.483370,3,0.961143,0.699442,0.672264,0.8505,0.2810,1.6080,0.000,13.834,-151.420,0,0,116,104,114,128
1778107325.483370,13,0.984599,0.778936,0.766940,0.9687,-0.0845,1.4323,0.000,9.215,-177.283,0,0,345,232,94,109
1778107325.483370,5,0.917128,0.720114,0.660437,0.9480,-0.4968,1.5736,0.000,20.222,177.634,0,0,584,149,111,122
1778107325.483370,3,0.963721,0.699442,0.674067,0.8505,0.2810,1.6080,0.000,13.834,-151.420,0,0,116,104,115,128
1778107325.483370,13,0.936054,0.719956,0.673917,0.9687,-0.0845,1.4323,0.000,9.215,-177.283,0,0,582,147,113,120
1778107325.483370,5,0.986234,0.778499,0.767782,0.9480,-0.4968,1.5736,0.000,20.222,177.634,0,0,345,232,96,109
1778107325.550107,3,0.963468,0.699050,0.673512,0.8505,0.2810,1.6080,0.000,14.631,-150.974,0,0,116,104,114,128
1778107325.550107,13,0.982176,0.778499,0.764623,0.9497,-0.4965,1.5782,0.000,17.557,173.732,0,0,344,232,96,113
1778107325.550107,5,0.970065,0.720299,0.698737,0.9682,-0.0828,1.4339,0.000,9.587,-177.769,0,0,579,142,114,120
1778107325.616834,3,0.964606,0.699442,0.674686,0.8487,0.2803,1.6070,-0.000,14.388,-151.378,0,0,116,104,113,128
1778107325.616834,13,0.988829,0.778535,0.769838,0.9682,-0.0828,1.4339,0.000,9.054,-176.234,0,0,345,232,94,110
1778107325.616834,5,0.968683,0.720203,0.697648,0.9532,-0.4954,1.5837,0.000,11.750,160.936,0,0,579,141,114,120
1778107325.750324,3,0.964192,0.699442,0.674397,0.8505,0.2810,1.6080,0.000,14.350,-151.870,0,0,117,104,114,128
1778107325.750324,13,0.987718,0.778499,0.768938,0.9682,-0.0828,1.4339,0.000,10.379,-177.557,0,0,345,231,96,111
1778107325.750324,5,0.972738,0.719781,0.700159,0.9583,-0.4944,1.5977,-0.000,11.263,157.273,0,0,578,140,115,120
1778107325.750324,3,0.958394,0.700121,0.670992,0.8505,0.2810,1.6080,0.000,14.350,-151.870,0,0,117,105,114,128
1778107325.750324,13,0.984157,0.778027,0.765700,0.9682,-0.0828,1.4339,0.000,10.379,-177.557,0,0,345,233,94,111
1778107325.750324,5,0.965099,0.719527,0.694414,0.9583,-0.4944,1.5977,-0.000,11.263,157.273,0,0,580,137,115,120
1778107325.817061,3,0.959063,0.701904,0.673170,0.8531,0.2805,1.6096,0.000,13.420,-151.089,0,0,117,105,114,128
1778107325.817061,13,0.983610,0.779446,0.766670,0.9677,-0.0828,1.4355,-0.000,8.989,-177.568,0,0,345,234,93,110
1778107325.817061,5,0.964175,0.717268,0.691572,0.9578,-0.4926,1.5994,0.000,8.999,154.418,0,0,581,137,115,125
1778107325.917170,3,0.960360,0.701904,0.674080,0.8598,0.2829,1.6117,0.000,13.339,-152.154,0,0,117,104,115,129
1778107325.917170,13,0.985049,0.779446,0.767792,0.9692,-0.0828,1.4307,0.000,9.470,-176.942,0,0,345,232,96,111
1778107325.917170,5,0.966155,0.717268,0.692991,0.9535,-0.4965,1.6031,0.000,9.521,154.797,0,0,582,136,115,130
1778107325.917170,3,0.961274,0.701870,0.674689,0.8598,0.2829,1.6117,0.000,13.339,-152.154,0,0,117,105,115,126
1778107325.917170,13,0.985911,0.777824,0.766866,0.9692,-0.0828,1.4307,0.000,9.470,-176.942,0,0,345,232,95,110
1778107325.917170,5,0.966570,0.715687,0.691762,0.9535,-0.4965,1.6031,0.000,9.521,154.797,0,0,584,135,111,133
1778107326.084016,3,0.962067,0.702291,0.675651,0.8616,0.2836,1.6127,-0.000,13.864,-151.788,0,0,118,104,115,129
1778107326.084016,13,0.978818,0.777824,0.761348,0.9653,-0.0827,1.4330,-0.000,8.961,-174.817,0,0,344,232,95,111
1778107326.084016,5,0.966091,0.714605,0.690373,0.9453,-0.4979,1.6027,0.000,9.515,153.235,0,0,585,135,110,130
1778107326.150755,3,0.960602,0.701575,0.673935,0.8593,0.2813,1.6132,0.000,13.763,-151.571,0,0,118,104,115,129
1778107326.150755,13,0.973850,0.777860,0.757519,0.9653,-0.0810,1.4330,-0.000,5.673,-177.278,0,0,344,233,93,110
1778107326.150755,5,0.961358,0.712935,0.685386,0.9372,-0.4954,1.5985,0.000,8.493,153.384,0,0,585,135,109,132
1778107326.284203,3,0.960346,0.701575,0.673755,0.8593,0.2813,1.6132,0.000,14.084,-150.726,0,0,119,105,114,128
1778107326.284203,13,0.978370,0.778333,0.761497,0.9658,-0.0810,1.4314,-0.000,9.247,-174.135,0,0,344,232,95,111
1778107326.284203,5,0.960567,0.712430,0.684336,0.9345,-0.4940,1.5971,-0.000,8.296,152.293,0,0,586,135,108,132
1778107326.284203,3,0.962609,0.702088,0.675836,0.8593,0.2813,1.6132,0.000,14.084,-150.726,0,0,119,104,115,129
1778107326.284203,13,0.986879,0.777408,0.767208,0.9658,-0.0810,1.4314,-0.000,9.247,-174.135,0,0,345,233,95,113
1778107326.284203,5,0.961789,0.711928,0.684724,0.9345,-0.4940,1.5971,-0.000,8.296,152.293,0,0,586,136,107,130
1778107326.350939,3,0.961538,0.702054,0.675052,0.8611,0.2804,1.6142,0.000,14.215,-151.164,0,0,119,105,115,128
1778107326.350939,13,0.982456,0.777845,0.764198,0.9639,-0.0826,1.4308,0.000,10.494,-174.717,0,0,344,233,95,111
1778107326.350939,5,0.963226,0.712342,0.686146,0.9331,-0.4947,1.5946,-0.000,8.749,152.352,0,0,586,135,107,129
1778107326.350939,3,0.960837,0.702475,0.674965,0.8611,0.2804,1.6142,0.000,14.215,-151.164,0,0,119,106,115,126
1778107326.350939,13,0.990211,0.777880,0.770266,0.9639,-0.0826,1.4308,0.000,10.494,-174.717,0,0,345,234,94,111
1778107326.350939,5,0.964743,0.711928,0.686827,0.9331,-0.4947,1.5946,-0.000,8.749,152.352,0,0,587,135,106,133
1778107326.417672,3,0.959737,0.702509,0.674224,0.8616,0.2804,1.6127,0.000,13.646,-151.916,0,0,120,107,114,126
1778107326.417672,13,0.982822,0.776952,0.763606,0.9639,-0.0809,1.4308,0.000,10.384,-179.098,0,0,344,232,95,113
1778107326.417672,5,0.960517,0.712101,0.683985,0.9326,-0.4947,1.5962,0.000,9.256,153.981,0,0,587,136,106,132
1778107326.551148,3,0.961805,0.702631,0.675795,0.8590,0.2774,1.6076,-0.000,14.013,-151.327,0,0,120,106,114,128
1778107326.551148,13,0.991336,0.776729,0.769999,0.9605,-0.0807,1.4315,0.000,10.784,-179.558,0,0,345,234,94,111
1778107326.551148,5,0.964055,0.712515,0.686904,0.9350,-0.4974,1.5955,-0.000,9.077,154.521,0,0,587,136,106,129
1778107326.617879,3,0.962340,0.701624,0.675201,0.8558,0.2764,1.6076,-0.000,14.080,-151.638,0,0,120,107,114,128
1778107326.617879,13,0.991522,0.776952,0.770366,0.9587,-0.0822,1.4274,0.000,10.991,-179.091,0,0,345,234,93,111
1778107326.617879,5,0.963445,0.712515,0.686469,0.9350,-0.4974,1.5955,-0.000,8.874,153.948,0,0,586,136,107,129
1778107326.684615,3,0.961869,0.702631,0.675839,0.8590,0.2774,1.6076,0.000,14.204,-150.957,0,0,120,107,113,126
1778107326.684615,13,0.989511,0.776952,0.768803,0.9587,-0.0822,1.4274,0.000,10.868,-177.788,0,0,344,234,94,113
1778107326.684615,5,0.963498,0.712342,0.686340,0.9331,-0.4947,1.5946,0.000,8.975,154.617,0,0,586,137,107,133
1778107326.684615,3,0.964087,0.701651,0.676453,0.8590,0.2774,1.6076,0.000,14.204,-150.957,0,0,120,108,113,126
1778107326.684615,13,0.991183,0.777672,0.770815,0.9587,-0.0822,1.4274,0.000,10.868,-177.788,0,0,344,235,94,111
1778107326.684615,5,0.966359,0.712757,0.688779,0.9331,-0.4947,1.5946,0.000,8.975,154.617,0,0,586,136,108,132
1778107326.818082,3,0.960284,0.702464,0.674565,0.8568,0.2764,1.6046,0.000,13.853,-150.754,0,0,120,107,113,128
1778107326.818082,13,0.987163,0.778143,0.768154,0.9620,-0.0807,1.4267,0.000,11.904,-175.338,0,0,342,235,95,110
1778107326.818082,5,0.971049,0.711833,0.691225,0.9304,-0.4933,1.5932,-0.000,10.741,154.846,0,0,585,138,109,133
1778107326.884819,3,0.962887,0.701651,0.675611,0.8545,0.2757,1.6051,0.000,14.164,-151.549,0,0,120,108,113,126
1778107326.884819,13,0.987865,0.778213,0.768769,0.9620,-0.0774,1.4267,-0.000,11.523,-175.770,0,0,343,234,94,109
1778107326.884819,5,0.965244,0.713336,0.688544,0.9342,-0.4930,1.5913,0.000,9.084,153.719,0,0,585,137,110,129
1778107326.951548,3,0.961915,0.702071,0.675333,0.8550,0.2757,1.6036,-0.000,13.981,-151.272,0,0,120,108,113,126
1778107326.951548,13,0.989515,0.777023,0.768876,0.9587,-0.0789,1.4274,0.000,10.833,-177.629,0,0,343,236,93,113
1778107326.951548,5,0.970496,0.712921,0.691887,0.9337,-0.4930,1.5929,0.000,10.832,156.297,0,0,584,138,111,130
1778107327.018275,3,0.962322,0.702071,0.675618,0.8550,0.2757,1.6036,-0.000,13.968,-151.505,0,0,120,108,114,126
1778107327.018275,13,0.993785,0.777965,0.773130,0.9596,-0.0789,1.4242,-0.000,11.089,179.232,0,0,343,236,95,113
1778107327.018275,5,0.972037,0.713840,0.693879,0.9360,-0.4923,1.5922,-0.000,11.262,156.797,0,0,584,138,112,125
1778107327.085012,3,0.964522,0.701479,0.676592,0.8523,0.2747,1.6020,0.000,14.473,-151.540,0,0,120,108,114,128
1778107327.085012,13,0.991846,0.777965,0.771621,0.9596,-0.0789,1.4242,0.000,11.040,-178.762,0,0,343,236,96,113
1778107327.085012,5,0.970676,0.713500,0.692578,0.9342,-0.4913,1.5913,-0.000,11.159,157.539,0,0,583,138,113,125
1778107327.085012,3,0.960718,0.701479,0.673924,0.8523,0.2747,1.6020,0.000,14.473,-151.540,0,0,120,109,114,126
1778107327.085012,13,0.989269,0.777965,0.769617,0.9596,-0.0789,1.4242,0.000,11.040,-178.762,0,0,341,237,95,113
1778107327.085012,5,0.970617,0.714004,0.693025,0.9342,-0.4913,1.5913,-0.000,11.159,157.539,0,0,583,139,113,122
1778107327.218488,3,0.960936,0.701502,0.674098,0.8510,0.2740,1.5995,0.000,13.381,-151.932,0,0,119,108,113,128
1778107327.218488,13,0.992245,0.778504,0.772467,0.9601,-0.0756,1.4226,0.000,11.707,-177.842,0,0,341,236,93,113
1778107327.218488,5,0.966183,0.714080,0.689932,0.9347,-0.4896,1.5897,0.000,10.024,157.725,0,0,582,138,115,125
1778107327.218488,3,0.961750,0.700993,0.674180,0.8510,0.2740,1.5995,0.000,13.381,-151.932,0,0,119,109,114,126
1778107327.218488,13,0.993624,0.778033,0.773072,0.9601,-0.0756,1.4226,0.000,11.707,-177.842,0,0,342,236,94,113
1778107327.218488,5,0.970281,0.714168,0.692944,0.9347,-0.4896,1.5897,0.000,10.024,157.725,0,0,582,139,115,128
1778107327.351953,3,0.963898,0.701412,0.676090,0.8510,0.2756,1.5995,0.000,13.943,-152.081,0,0,119,108,114,128
1778107327.351953,13,0.990812,0.777999,0.770851,0.9596,-0.0773,1.4242,0.000,11.172,-177.709,0,0,341,237,95,114
1778107327.351953,5,0.970826,0.714244,0.693406,0.9347,-0.4879,1.5897,0.000,11.145,157.730,0,0,582,139,115,126
1778107327.418693,3,0.965567,0.700993,0.676856,0.8506,0.2756,1.6010,-0.000,14.550,-151.791,0,0,118,108,113,128
1778107327.418693,13,0.980445,0.778504,0.763281,0.9601,-0.0756,1.4226,0.000,6.772,-177.763,0,0,341,236,95,111
1778107327.418693,5,0.970326,0.714584,0.693380,0.9365,-0.4888,1.5906,0.000,11.292,158.451,0,0,582,139,116,128
1778107327.485432,3,0.962073,0.700903,0.674320,0.8506,0.2772,1.6010,0.000,13.766,-151.565,0,0,118,108,114,128
1778107327.485432,13,0.982551,0.778033,0.764457,0.9596,-0.0756,1.4242,0.000,8.012,-176.967,0,0,342,236,96,113
1778107327.485432,5,0.971076,0.714584,0.693916,0.9365,-0.4888,1.5906,0.000,11.313,158.015,0,0,582,139,115,126
1778107327.552170,3,0.961212,0.700506,0.673335,0.8488,0.2765,1.6000,0.000,13.367,-152.054,0,0,118,108,114,128
1778107327.552170,13,0.989458,0.777541,0.769344,0.9577,-0.0772,1.4236,-0.000,11.256,-176.774,0,0,342,235,94,113
1778107327.552170,5,0.969799,0.715094,0.693497,0.9392,-0.4902,1.5920,-0.000,11.150,158.435,0,0,582,140,116,126
1778107327.618912,3,0.963838,0.700506,0.675174,0.8488,0.2765,1.6000,0.000,13.895,-152.233,0,0,118,107,114,128
1778107327.618912,13,0.995336,0.777070,0.773446,0.9572,-0.0772,1.4252,0.000,13.811,-178.352,0,0,343,236,94,111
1778107327.618912,5,0.968189,0.715001,0.692256,0.9370,-0.4888,1.5889,0.000,10.993,159.234,0,0,581,140,115,126
1778107327.618912,3,0.965129,0.700484,0.676058,0.8488,0.2765,1.6000,0.000,13.895,-152.233,0,0,118,107,114,128
1778107327.618912,13,0.991678,0.777507,0.771036,0.9572,-0.0772,1.4252,0.000,13.811,-178.352,0,0,342,237,93,111
1778107327.618912,5,0.970924,0.716184,0.695360,0.9370,-0.4888,1.5889,0.000,10.993,159.234,0,0,581,140,116,124
1778107327.752386,3,0.963545,0.700484,0.674948,0.8501,0.2772,1.6025,-0.000,14.306,-151.312,0,0,118,107,114,128
1778107327.752386,13,0.986594,0.778012,0.767582,0.9582,-0.0772,1.4220,0.000,14.909,-173.363,0,0,342,237,94,114
1778107327.752386,5,0.969750,0.716184,0.694519,0.9424,-0.4899,1.5917,0.000,11.259,158.992,0,0,581,140,115,122
1778107327.752386,3,0.964441,0.700088,0.675194,0.8501,0.2772,1.6025,-0.000,14.306,-151.312,0,0,118,107,114,128
1778107327.752386,13,0.982967,0.778012,0.764760,0.9582,-0.0772,1.4220,0.000,14.909,-173.363,0,0,342,235,95,117
1778107327.752386,5,0.969972,0.716184,0.694678,0.9424,-0.4899,1.5917,0.000,11.259,158.992,0,0,581,140,116,122
1778107327.819124,3,0.963921,0.699998,0.674743,0.8483,0.2765,1.6015,0.000,14.267,-151.879,0,0,117,107,115,128
1778107327.819124,13,0.988502,0.776817,0.767885,0.9582,-0.0772,1.4220,-0.000,13.683,-172.457,0,0,343,236,95,115
1778107327.819124,5,0.972116,0.715165,0.695223,0.9424,-0.4899,1.5917,-0.000,11.248,158.832,0,0,581,140,116,121
1778107328.019338,3,0.965146,0.699403,0.675026,0.8456,0.2770,1.6000,0.000,14.724,-151.113,0,0,117,107,115,126
1778107328.019338,5,0.972323,0.715675,0.695868,0.9397,-0.4885,1.5903,0.000,12.090,159.308,0,0,581,140,115,121
1778107328.019338,13,0.981817,0.777541,0.763403,0.9577,-0.0772,1.4236,0.000,13.961,-172.007,0,0,342,236,95,115
1778107328.019338,3,0.963100,0.699004,0.673211,0.8456,0.2770,1.6000,0.000,14.724,-151.113,0,0,117,107,115,128
1778107328.019338,13,0.989200,0.776782,0.768393,0.9397,-0.4885,1.5903,0.000,12.090,159.308,0,0,344,236,96,114
1778107328.019338,5,0.972517,0.715165,0.695510,0.9577,-0.0772,1.4236,0.000,13.961,-172.007,0,0,581,140,116,121
1778107328.086027,3,0.963201,0.698677,0.672967,0.8439,0.2763,1.5989,0.000,14.317,-150.933,0,0,118,106,114,128
1778107328.086027,13,0.985038,0.777507,0.765874,0.9549,-0.0803,1.4227,-0.000,13.788,-175.057,0,0,343,236,96,114
1778107328.086027,5,0.971275,0.714823,0.694290,0.9370,-0.4871,1.5889,-0.000,12.261,159.542,0,0,581,140,115,121
1778107328.152766,3,0.965663,0.698605,0.674617,0.8434,0.2747,1.6004,-0.000,14.489,-150.929,0,0,117,107,113,126
1778107328.152766,13,0.984841,0.777507,0.765720,0.9577,-0.0788,1.4236,-0.000,13.191,-173.543,0,0,343,236,96,114
1778107328.152766,5,0.973979,0.715165,0.696556,0.9352,-0.4862,1.5880,-0.000,11.863,159.427,0,0,581,140,116,121
1778107328.286258,3,0.965124,0.698189,0.673839,0.8416,0.2756,1.5994,0.000,14.927,-150.856,0,0,117,106,113,128
1778107328.286258,13,0.987488,0.777507,0.767779,0.9577,-0.0788,1.4236,0.000,12.559,-174.867,0,0,343,236,97,115
1778107328.286258,5,0.974412,0.715165,0.696865,0.9370,-0.4871,1.5889,0.000,12.687,159.329,0,0,581,140,117,120
1778107328.353026,3,0.964300,0.697789,0.672878,0.8399,0.2749,1.5984,-0.000,14.714,-150.879,0,0,117,106,115,129
1778107328.353026,13,0.982844,0.777541,0.764201,0.9577,-0.0772,1.4236,0.000,11.225,-173.752,0,0,342,236,95,114
1778107328.353026,5,0.971338,0.715675,0.695162,0.9397,-0.4885,1.5903,0.000,11.782,159.224,0,0,581,140,115,121
1778107328.419765,3,0.968471,0.697187,0.675205,0.8372,0.2739,1.5968,0.000,15.638,-151.126,0,0,117,106,115,129
1778107328.419765,13,0.984457,0.777070,0.764992,0.9572,-0.0772,1.4252,0.000,11.646,-174.160,0,0,342,235,95,115
1778107328.419765,5,0.974162,0.715675,0.697184,0.9397,-0.4885,1.5903,0.000,12.360,158.806,0,0,581,140,115,124
1778107328.419765,3,0.967352,0.696794,0.674045,0.8372,0.2739,1.5968,0.000,15.638,-151.126,0,0,117,107,115,130
1778107328.419765,13,0.992103,0.777459,0.771320,0.9572,-0.0772,1.4252,0.000,11.646,-174.160,0,0,344,235,96,113
1778107328.419765,5,0.969257,0.716602,0.694571,0.9397,-0.4885,1.5903,0.000,12.360,158.806,0,0,581,141,115,122
1778107328.553209,3,0.969132,0.696185,0.674696,0.8314,0.2715,1.5918,0.000,15.437,-151.720,0,0,117,107,116,129
1778107328.553209,13,0.986119,0.777507,0.766714,0.9577,-0.0788,1.4236,-0.000,12.402,-174.386,0,0,343,236,96,114
1778107328.553209,5,0.968175,0.716093,0.693303,0.9402,-0.4885,1.5887,0.000,11.705,160.847,0,0,581,141,114,124
1778107328.619947,3,0.971431,0.695778,0.675901,0.8297,0.2708,1.5908,0.000,15.808,-152.228,0,0,117,107,114,129
1778107328.619947,13,0.982023,0.777528,0.763550,0.9591,-0.0773,1.4258,0.000,12.929,-172.525,0,0,342,235,97,113
1778107328.619947,5,0.974228,0.716093,0.697637,0.9402,-0.4885,1.5887,-0.000,12.540,159.327,0,0,581,141,115,122
1778107328.619947,3,0.974752,0.695778,0.678211,0.8297,0.2708,1.5908,0.000,16.387,-152.989,0,0,116,108,115,130
1778107328.619947,13,0.994770,0.777528,0.773462,0.9591,-0.0773,1.4258,0.000,12.826,-178.855,0,0,344,235,95,114
1778107328.619947,5,0.969172,0.716093,0.694017,0.9402,-0.4885,1.5887,0.000,11.036,159.030,0,0,581,141,115,122
1778107328.619947,3,0.976807,0.695285,0.679159,0.8297,0.2708,1.5908,0.000,16.387,-152.989,0,0,116,108,115,132
1778107328.619947,13,0.992061,0.776988,0.770819,0.9591,-0.0773,1.4258,0.000,12.826,-178.855,0,0,344,234,96,113
1778107328.619947,5,0.973832,0.715582,0.696856,0.9402,-0.4885,1.5887,0.000,11.036,159.030,0,0,581,141,116,121
1778107328.820162,3,0.980071,0.694874,0.681026,0.8248,0.2702,1.5863,0.000,17.199,-154.636,0,0,116,108,115,129
1778107328.820162,13,0.991568,0.777459,0.770903,0.9591,-0.0806,1.4258,-0.000,13.784,-176.234,0,0,344,235,95,114
1778107328.820162,5,0.972589,0.715582,0.695967,0.9375,-0.4871,1.5873,0.000,12.228,159.620,0,0,581,141,116,120
1778107328.886895,3,0.980515,0.694874,0.681335,0.8248,0.2702,1.5863,-0.000,17.206,-155.071,0,0,116,108,115,130
1778107328.886895,13,0.994232,0.777459,0.772974,0.9591,-0.0806,1.4258,0.000,13.373,-178.101,0,0,344,235,95,114
1778107328.886895,5,0.972221,0.715240,0.695372,0.9357,-0.4862,1.5864,0.000,11.952,159.274,0,0,581,141,116,120
1778107328.886895,3,0.983552,0.694874,0.683445,0.8248,0.2702,1.5863,-0.000,17.206,-155.071,0,0,116,108,116,132
1778107328.886895,13,0.995213,0.777459,0.773737,0.9591,-0.0806,1.4258,0.000,13.373,-178.101,0,0,345,235,96,114
1778107328.886895,5,0.970029,0.715240,0.693803,0.9357,-0.4862,1.5864,0.000,11.952,159.274,0,0,581,141,116,121
1778107328.953634,3,0.983454,0.694256,0.682769,0.8221,0.2692,1.5847,0.000,17.698,-157.192,0,0,116,108,116,132
1778107328.953634,13,0.995934,0.777423,0.774262,0.9591,-0.0822,1.4258,0.000,13.489,-179.474,0,0,345,235,95,113
1778107328.953634,5,0.971507,0.715240,0.694861,0.9357,-0.4862,1.5864,0.000,12.443,160.545,0,0,580,141,115,121
1778107329.020372,3,0.991163,0.777423,0.770553,0.9591,-0.0822,1.4258,0.000,14.256,-175.899,0,0,344,234,97,113
1778107329.020372,13,0.986482,0.694256,0.684872,0.8221,0.2692,1.5847,0.000,18.628,-158.209,0,0,116,108,116,133
1778107329.020372,5,0.968023,0.715403,0.692526,0.9357,-0.4845,1.5864,0.000,11.590,160.777,0,0,580,141,115,120
1778107329.020372,13,0.992010,0.776988,0.770779,0.9591,-0.0822,1.4258,0.000,14.256,-175.899,0,0,344,235,95,111
1778107329.020372,3,0.985917,0.693843,0.684072,0.8221,0.2692,1.5847,0.000,18.628,-158.209,0,0,116,108,116,132
1778107329.020372,5,0.968609,0.714888,0.692447,0.9357,-0.4845,1.5864,0.000,11.590,160.777,0,0,580,141,115,120
1778107329.153839,13,0.990994,0.777459,0.770457,0.9587,-0.0806,1.4274,-0.000,14.479,-176.160,0,0,345,235,96,111
1778107329.153839,3,0.987129,0.694256,0.685321,0.8203,0.2685,1.5837,0.000,18.428,-158.337,0,0,116,108,116,133
1778107329.153839,5,0.968080,0.714371,0.691568,0.9329,-0.4831,1.5850,0.000,11.726,160.744,0,0,580,141,115,120
1778107329.287322,13,0.988377,0.694256,0.686187,0.8221,0.2692,1.5847,0.000,19.307,-158.658,0,0,116,108,118,133
1778107329.287322,3,0.990719,0.777423,0.770208,0.9591,-0.0822,1.4258,0.000,13.984,-175.812,0,0,345,235,96,111
1778107329.287322,5,0.969342,0.714888,0.692971,0.9329,-0.4831,1.5850,-0.000,11.888,160.682,0,0,580,141,114,120
1778107329.354071,3,0.988537,0.694253,0.686294,0.8208,0.2685,1.5823,0.000,19.282,-158.939,0,0,116,109,118,132
1778107329.354071,13,0.990446,0.777459,0.770031,0.9591,-0.0806,1.4258,0.000,14.375,-175.403,0,0,344,235,95,111
1778107329.354071,5,0.970325,0.714888,0.693674,0.9329,-0.4831,1.5850,0.000,11.897,160.224,0,0,580,141,114,120
1778107329.354071,3,0.989048,0.694253,0.686649,0.8208,0.2685,1.5823,0.000,19.473,-158.629,0,0,116,108,118,133
1778107329.354071,13,0.992069,0.777459,0.771293,0.9591,-0.0806,1.4258,-0.000,14.436,-176.166,0,0,345,236,95,111
1778107329.354071,5,0.971837,0.714888,0.694755,0.9329,-0.4831,1.5850,0.000,11.993,159.622,0,0,579,141,115,120
1778107329.354071,3,0.989447,0.694256,0.686930,0.8208,0.2685,1.5823,0.000,19.473,-158.629,0,0,116,108,117,133
1778107329.354071,13,0.990248,0.777895,0.770309,0.9591,-0.0806,1.4258,-0.000,14.436,-176.166,0,0,345,235,95,111
1778107329.354071,5,0.972504,0.715566,0.695891,0.9329,-0.4831,1.5850,0.000,11.993,159.622,0,0,579,141,115,121
1778107329.454178,3,0.989212,0.693843,0.686358,0.8221,0.2692,1.5847,0.000,19.759,-157.747,0,0,116,108,117,133
1778107329.454178,13,0.987868,0.777423,0.767992,0.9596,-0.0822,1.4242,-0.000,13.853,-175.606,0,0,345,236,95,111
1778107329.454178,5,0.972414,0.715566,0.695827,0.9357,-0.4828,1.5864,0.000,11.994,159.307,0,0,579,141,115,121
1778107329.587655,3,0.989327,0.693843,0.686437,0.8203,0.2685,1.5837,0.000,19.745,-157.425,0,0,116,108,117,133
1778107329.587655,13,0.988069,0.777895,0.768614,0.9596,-0.0822,1.4242,0.000,13.247,-174.935,0,0,345,236,95,109
1778107329.587655,5,0.973333,0.715566,0.696484,0.9357,-0.4828,1.5864,0.000,12.376,159.615,0,0,579,141,115,121
1778107329.587655,3,0.988255,0.694256,0.686103,0.8203,0.2685,1.5837,0.000,19.745,-157.425,0,0,116,108,117,133
1778107329.587655,13,0.978147,0.777895,0.760895,0.9596,-0.0822,1.4242,0.000,13.247,-174.935,0,0,344,236,95,113
1778107329.587655,5,0.972302,0.715050,0.695245,0.9357,-0.4828,1.5864,0.000,12.376,159.615,0,0,579,141,115,121
1778107329.721132,3,0.988801,0.693843,0.686073,0.8203,0.2685,1.5837,0.000,19.499,-157.838,0,0,116,108,117,133
1778107329.721132,13,0.987501,0.777930,0.768207,0.9596,-0.0806,1.4242,0.000,11.961,-175.378,0,0,345,236,93,113
1778107329.721132,5,0.971021,0.715566,0.694830,0.9357,-0.4828,1.5864,-0.000,12.035,160.187,0,0,579,141,114,122
1778107329.787871,3,0.988229,0.693843,0.685676,0.8203,0.2685,1.5837,0.000,19.260,-158.196,0,0,117,107,117,135
1778107329.787871,13,0.989421,0.777436,0.769212,0.9577,-0.0821,1.4236,0.000,12.214,-176.213,0,0,346,236,95,113
1778107329.787871,5,0.969981,0.715566,0.694085,0.9357,-0.4828,1.5864,0.000,11.937,160.523,0,0,577,141,115,120
1778107329.854617,3,0.988400,0.693933,0.685883,0.8217,0.2676,1.5862,-0.000,19.479,-157.625,0,0,118,107,118,133
1778107329.854617,13,0.983189,0.777400,0.764331,0.9577,-0.0838,1.4236,0.000,12.341,-173.602,0,0,345,235,95,113
1778107329.854617,5,0.970082,0.716747,0.695304,0.9402,-0.4817,1.5887,0.000,11.996,160.697,0,0,578,141,116,121
1778107329.854617,3,0.988237,0.694019,0.685855,0.8217,0.2676,1.5862,-0.000,19.479,-157.625,0,0,117,107,117,133
1778107329.854617,13,0.986226,0.777423,0.766715,0.9577,-0.0838,1.4236,0.000,12.341,-173.602,0,0,346,236,96,114
1778107329.854617,5,0.972504,0.716071,0.696382,0.9402,-0.4817,1.5887,0.000,11.996,160.697,0,0,578,140,116,121
1778107329.988099,3,0.988027,0.693520,0.685216,0.8199,0.2669,1.5851,-0.000,19.319,-157.834,0,0,118,108,118,133
1778107329.988099,13,0.984102,0.777400,0.765041,0.9577,-0.0838,1.4236,0.000,12.890,-173.651,0,0,345,236,95,111
1778107329.988099,5,0.971789,0.715311,0.695131,0.9352,-0.4811,1.5880,0.000,12.155,159.895,0,0,578,141,116,120
1778107330.054838,3,0.987686,0.694429,0.685878,0.8221,0.2661,1.5847,-0.000,19.118,-157.947,0,0,118,107,118,135
1778107330.054838,13,0.983814,0.777895,0.765304,0.9596,-0.0822,1.4242,-0.000,12.187,-173.816,0,0,345,236,96,114
1778107330.054838,5,0.976058,0.716071,0.698927,0.9375,-0.4820,1.5873,0.000,12.789,158.918,0,0,578,141,116,120
1778107330.054838,3,0.987945,0.693605,0.685244,0.8221,0.2661,1.5847,-0.000,19.118,-157.947,0,0,118,107,118,133
1778107330.054838,13,0.990332,0.777895,0.770374,0.9596,-0.0822,1.4242,-0.000,12.187,-173.816,0,0,346,236,96,113
1778107330.054838,5,0.974217,0.716584,0.698109,0.9375,-0.4820,1.5873,0.000,12.789,158.918,0,0,578,141,116,121
1778107330.188259,3,0.988510,0.694019,0.686045,0.8217,0.2661,1.5862,0.000,19.503,-158.109,0,0,118,107,118,133
1778107330.188259,13,0.986693,0.777858,0.767507,0.9596,-0.0839,1.4242,0.000,13.739,-174.246,0,0,345,237,93,110
1778107330.188259,5,0.973742,0.716071,0.697269,0.9375,-0.4820,1.5873,0.000,12.801,160.239,0,0,578,140,116,121
1778107330.188259,3,0.988626,0.694019,0.686125,0.8217,0.2661,1.5862,0.000,19.503,-158.109,0,0,118,107,118,133
1778107330.188259,13,0.992494,0.778366,0.772523,0.9596,-0.0839,1.4242,0.000,13.739,-174.246,0,0,345,236,95,111
1778107330.188259,5,0.972502,0.715654,0.695975,0.9375,-0.4820,1.5873,0.000,12.801,160.239,0,0,578,141,116,122
1778107330.254996,3,0.988024,0.694019,0.685707,0.8217,0.2661,1.5862,-0.000,19.591,-157.633,0,0,118,107,118,135
1778107330.254996,13,0.991511,0.778579,0.771970,0.9601,-0.0822,1.4226,-0.000,14.103,-176.558,0,0,345,237,93,110
1778107330.254996,5,0.970630,0.716071,0.695041,0.9370,-0.4820,1.5889,-0.000,12.072,159.329,0,0,578,141,115,121
1778107330.321736,3,0.988687,0.694019,0.686167,0.8217,0.2661,1.5862,0.000,19.356,-157.700,0,0,118,107,117,133
1778107330.321736,13,0.989436,0.778108,0.769888,0.9625,-0.0824,1.4251,0.000,13.823,-176.236,0,0,345,235,96,113
1778107330.321736,5,0.975201,0.716584,0.698814,0.9375,-0.4820,1.5873,0.000,11.637,159.671,0,0,578,141,116,121
1778107330.421843,3,0.986411,0.694019,0.684588,0.8217,0.2661,1.5862,0.000,19.712,-156.970,0,0,119,107,118,135
1778107330.421843,13,0.995013,0.778108,0.774228,0.9620,-0.0824,1.4267,0.000,13.209,-175.620,0,0,345,235,96,114
1778107330.421843,5,0.973113,0.716584,0.697317,0.9402,-0.4834,1.5887,0.000,13.031,159.884,0,0,579,141,116,120
1778107330.421843,3,0.988143,0.694723,0.686486,0.8217,0.2661,1.5862,0.000,18.926,-156.651,0,0,119,107,118,135
1778107330.421843,13,0.993384,0.778108,0.772959,0.9620,-0.0824,1.4267,0.000,14.384,-178.025,0,0,344,235,95,114
1778107330.421843,5,0.973001,0.716421,0.697078,0.9402,-0.4834,1.5887,0.000,12.096,159.223,0,0,578,141,115,120
1778107330.588670,3,0.986704,0.694723,0.685486,0.8243,0.2656,1.5877,0.000,19.310,-155.693,0,0,119,107,118,133
1778107330.588670,13,0.994763,0.778825,0.774746,0.9649,-0.0809,1.4276,-0.000,13.460,-178.415,0,0,345,234,96,113
1778107330.588670,5,0.973940,0.716071,0.697410,0.9375,-0.4820,1.5873,0.000,12.500,159.576,0,0,579,140,116,121
1778107330.588670,3,0.986811,0.694723,0.685560,0.8243,0.2656,1.5877,0.000,19.310,-155.693,0,0,119,107,118,135
1778107330.588670,13,0.994150,0.778789,0.774233,0.9649,-0.0809,1.4276,-0.000,13.460,-178.415,0,0,345,235,96,114
1778107330.588670,5,0.975975,0.716421,0.699209,0.9375,-0.4820,1.5873,0.000,12.500,159.576,0,0,579,141,116,120
1778107330.688805,3,0.986485,0.694809,0.685418,0.8243,0.2656,1.5877,-0.000,19.343,-155.715,0,0,120,107,120,135
1778107330.688805,13,0.994167,0.778789,0.774247,0.9649,-0.0826,1.4276,0.000,12.597,-178.906,0,0,345,235,96,114
1778107330.688805,5,0.975847,0.715909,0.698617,0.9402,-0.4851,1.5887,0.000,13.257,159.812,0,0,579,141,116,120
1778107330.855637,3,0.987653,0.694104,0.685534,0.8217,0.2646,1.5862,0.000,19.629,-155.822,0,0,119,107,118,133
1778107330.855637,13,0.995598,0.778071,0.774646,0.9620,-0.0841,1.4267,-0.000,13.326,-179.442,0,0,346,235,96,114
1778107330.855637,5,0.973818,0.716003,0.697256,0.9397,-0.4851,1.5903,0.000,12.302,158.993,0,0,579,140,115,121
1778107330.855637,3,0.986764,0.694104,0.684918,0.8217,0.2646,1.5862,0.000,19.321,-155.731,0,0,119,107,118,135
1778107330.855637,13,0.994754,0.778071,0.773989,0.9620,-0.0841,1.4267,0.000,13.215,-178.840,0,0,345,236,95,114
1778107330.855637,5,0.972925,0.716003,0.696617,0.9397,-0.4851,1.5903,0.000,12.738,160.320,0,0,579,140,115,121
1778107330.955746,3,0.987104,0.694104,0.685154,0.8217,0.2646,1.5862,0.000,19.245,-156.501,0,0,119,107,118,135
1778107330.955746,13,0.986295,0.779262,0.768582,0.9654,-0.0826,1.4260,0.000,12.046,-174.892,0,0,344,236,95,114
1778107330.955746,5,0.965921,0.716512,0.692094,0.9424,-0.4865,1.5917,0.000,11.155,160.866,0,0,579,140,115,125
1778107330.955746,3,0.986750,0.694104,0.684907,0.8217,0.2646,1.5862,0.000,19.245,-156.501,0,0,118,107,118,135
1778107330.955746,13,0.990309,0.779297,0.771745,0.9654,-0.0826,1.4260,0.000,12.046,-174.892,0,0,345,236,94,113
1778107330.955746,5,0.967584,0.717525,0.694265,0.9424,-0.4865,1.5917,0.000,11.155,160.866,0,0,580,140,116,125
1778107331.022508,3,0.986979,0.693605,0.684574,0.8217,0.2646,1.5862,0.000,19.435,-155.356,0,0,118,107,117,135
1778107331.022508,13,0.993520,0.779715,0.774662,0.9654,-0.0809,1.4260,-0.000,12.160,-176.616,0,0,345,236,95,114
1778107331.022508,5,0.969742,0.716855,0.695164,0.9478,-0.4893,1.5944,0.000,11.572,160.844,0,0,580,141,116,122
1778107331.155960,3,0.987222,0.694019,0.685151,0.8217,0.2661,1.5862,-0.000,19.232,-156.592,0,0,118,108,118,133
1778107331.155960,13,0.989584,0.779262,0.771145,0.9654,-0.0826,1.4260,0.000,11.472,-176.938,0,0,345,236,95,114
1778107331.155960,5,0.974161,0.717274,0.698740,0.9456,-0.4896,1.5914,0.000,12.576,159.489,0,0,580,141,115,124
1778107331.155960,3,0.987344,0.694429,0.685641,0.8217,0.2661,1.5862,-0.000,19.232,-156.592,0,0,118,108,118,133
1778107331.155960,13,0.988732,0.779715,0.770929,0.9654,-0.0826,1.4260,0.000,11.472,-176.938,0,0,345,236,95,113
1778107331.155960,5,0.975351,0.717274,0.699594,0.9456,-0.4896,1.5914,0.000,12.576,159.489,0,0,580,141,115,122
1778107331.222698,3,0.987379,0.694429,0.685665,0.8221,0.2661,1.5847,0.000,19.201,-156.537,0,0,118,108,117,133
1778107331.222698,13,0.988447,0.779715,0.770706,0.9673,-0.0827,1.4266,0.000,11.328,-176.611,0,0,345,236,95,113
1778107331.222698,5,0.973159,0.716766,0.697528,0.9456,-0.4896,1.5914,0.000,12.948,159.535,0,0,580,140,115,125
1778107331.289424,3,0.987707,0.694429,0.685893,0.8221,0.2661,1.5847,-0.000,19.258,-156.339,0,0,117,108,117,133
1778107331.289424,13,0.990218,0.779715,0.772088,0.9673,-0.0827,1.4266,0.000,11.210,-176.572,0,0,346,236,96,113
1778107331.289424,5,0.969770,0.717360,0.695674,0.9429,-0.4882,1.5900,0.000,12.469,159.827,0,0,579,139,115,121
1778107331.456261,3,0.988431,0.694961,0.686921,0.8248,0.2687,1.5863,0.000,19.811,-155.639,0,0,117,108,117,133
1778107331.456261,13,0.991529,0.779697,0.773093,0.9659,-0.0842,1.4244,-0.000,11.925,-177.652,0,0,346,237,95,114
1778107331.456261,5,0.970562,0.717525,0.696402,0.9478,-0.4893,1.5944,0.000,11.578,159.334,0,0,579,140,115,122
1778107331.522986,3,0.986845,0.694425,0.685290,0.8208,0.2654,1.5823,0.000,19.195,-155.526,0,0,118,109,118,133
1778107331.522986,13,0.990646,0.780188,0.772890,0.9678,-0.0827,1.4250,0.000,12.252,-176.748,0,0,345,237,97,114
1778107331.522986,5,0.972511,0.717525,0.697801,0.9478,-0.4893,1.5944,0.000,11.599,158.156,0,0,579,140,115,120
1778107331.589718,3,0.985173,0.694961,0.684658,0.8248,0.2687,1.5863,0.000,19.037,-154.350,0,0,117,108,118,133
1778107331.589718,13,0.989600,0.779751,0.771641,0.9673,-0.0810,1.4266,0.000,14.064,-175.111,0,0,344,236,95,115
1778107331.589718,5,0.973081,0.718110,0.698779,0.9484,-0.4875,1.5928,-0.000,11.780,158.514,0,0,578,141,115,120
1778107331.589718,3,0.986292,0.694343,0.684825,0.8248,0.2687,1.5863,0.000,19.037,-154.350,0,0,117,108,118,133
1778107331.589718,13,0.988925,0.779278,0.770647,0.9673,-0.0810,1.4266,0.000,14.064,-175.111,0,0,344,235,97,115
1778107331.589718,5,0.970839,0.717525,0.696601,0.9484,-0.4875,1.5928,-0.000,11.780,158.514,0,0,579,140,116,121
1778107331.723189,3,0.987131,0.693843,0.684914,0.8203,0.2685,1.5837,0.000,19.735,-154.314,0,0,116,108,118,133
1778107331.723189,13,0.982660,0.780224,0.766695,0.9678,-0.0810,1.4250,0.000,9.338,-175.444,0,0,344,237,92,114
1778107331.723189,5,0.964690,0.717525,0.692189,0.9478,-0.4893,1.5944,0.000,11.415,161.843,0,0,579,140,114,122
1778107331.723189,3,0.984316,0.693843,0.682961,0.8203,0.2685,1.5837,-0.000,18.833,-153.961,0,0,116,107,118,135
1778107331.723189,13,0.984949,0.780224,0.768481,0.9678,-0.0810,1.4250,0.000,9.260,-176.669,0,0,344,236,93,115
1778107331.723189,5,0.966669,0.717525,0.693609,0.9478,-0.4893,1.5944,0.000,12.195,162.227,0,0,579,140,114,124
1778107331.723189,3,0.983729,0.693846,0.682557,0.8203,0.2685,1.5837,-0.000,18.833,-153.961,0,0,116,107,118,133
1778107331.723189,13,0.989065,0.780224,0.771692,0.9678,-0.0810,1.4250,0.000,9.260,-176.669,0,0,344,237,93,114
1778107331.723189,5,0.965239,0.716601,0.691691,0.9478,-0.4893,1.5944,0.000,12.195,162.227,0,0,579,139,114,125
1778107331.856667,3,0.980871,0.693846,0.680573,0.8217,0.2692,1.5862,-0.000,19.105,-153.099,0,0,116,107,118,133
1778107331.856667,13,0.964663,0.716931,0.691596,0.9678,-0.0810,1.4250,0.000,11.506,-176.429,0,0,579,141,113,120
1778107331.856667,5,0.983669,0.779786,0.767051,0.9446,-0.4879,1.5947,0.000,11.733,161.969,0,0,343,236,94,115
1778107331.923387,3,0.979991,0.693428,0.679553,0.8217,0.2692,1.5862,-0.000,18.553,-152.248,0,0,116,108,118,133
1778107331.923387,5,0.967085,0.716421,0.692840,0.9429,-0.4865,1.5900,0.000,11.146,161.569,0,0,579,141,114,121
1778107331.923387,13,0.987851,0.779786,0.770312,0.9673,-0.0793,1.4266,0.000,11.982,-173.675,0,0,343,236,94,115
1778107331.990124,3,0.981211,0.693428,0.680400,0.8185,0.2678,1.5827,0.000,18.131,-152.333,0,0,115,107,118,133
1778107331.990124,5,0.965234,0.716421,0.691514,0.9402,-0.4851,1.5887,0.000,11.590,161.261,0,0,578,140,114,120
1778107331.990124,13,0.989824,0.780972,0.773024,0.9673,-0.0793,1.4266,-0.000,12.475,-175.080,0,0,342,237,95,114
1778107332.123583,3,0.981410,0.692933,0.680052,0.8181,0.2693,1.5841,0.000,18.654,-152.275,0,0,115,107,118,133
1778107332.123583,5,0.967512,0.716676,0.693393,0.9424,-0.4848,1.5917,0.000,10.664,159.058,0,0,578,140,114,120
1778107332.123583,13,0.988486,0.779820,0.770842,0.9673,-0.0776,1.4266,0.000,12.940,-174.975,0,0,342,236,95,113
1778107332.123583,3,0.979355,0.692933,0.678627,0.8181,0.2693,1.5841,-0.000,17.811,-152.594,0,0,115,108,118,133
1778107332.123583,5,0.971740,0.716676,0.696423,0.9424,-0.4848,1.5917,-0.000,11.254,157.794,0,0,577,140,115,118
1778107332.123583,13,0.992973,0.779820,0.774340,0.9673,-0.0776,1.4266,-0.000,11.673,-178.671,0,0,343,238,94,111
1778107332.123583,3,0.980506,0.693342,0.679826,0.8181,0.2693,1.5841,-0.000,17.811,-152.594,0,0,115,108,118,132
1778107332.123583,5,0.973106,0.717854,0.698548,0.9424,-0.4848,1.5917,-0.000,11.254,157.794,0,0,577,140,115,120
1778107332.123583,13,0.989715,0.780732,0.772702,0.9673,-0.0776,1.4266,-0.000,11.673,-178.671,0,0,342,237,96,110
1778107332.190322,3,0.979427,0.692927,0.678671,0.8185,0.2693,1.5827,0.000,18.176,-152.445,0,0,115,108,118,133
1778107332.190322,5,0.970643,0.717348,0.696289,0.9478,-0.4858,1.5944,0.000,11.759,158.253,0,0,577,141,115,118
1778107332.190322,13,0.993196,0.780293,0.774984,0.9683,-0.0793,1.4234,0.000,12.225,-175.999,0,0,343,236,96,111
1778107332.257054,3,0.979474,0.692927,0.678704,0.8168,0.2686,1.5817,0.000,17.640,-152.830,0,0,115,108,118,132
1778107332.257054,5,0.973335,0.717258,0.698133,0.9451,-0.4844,1.5930,0.000,11.137,158.302,0,0,578,140,114,121
1778107332.257054,13,0.994588,0.779786,0.775566,0.9678,-0.0776,1.4250,0.000,12.627,-177.657,0,0,343,237,94,110
1778107332.457264,3,0.980181,0.692933,0.679200,0.8181,0.2693,1.5841,-0.000,17.814,-153.160,0,0,115,107,118,133
1778107332.457264,5,0.974919,0.716166,0.698204,0.9397,-0.4834,1.5903,-0.000,12.513,158.827,0,0,578,140,114,121
1778107332.457264,13,0.992477,0.780293,0.774423,0.9678,-0.0776,1.4250,-0.000,13.370,-176.648,0,0,342,237,95,110
1778107332.524003,3,0.978631,0.693756,0.678931,0.8203,0.2700,1.5837,0.000,17.653,-152.282,0,0,115,108,118,132
1778107332.524003,5,0.970844,0.716328,0.695443,0.9397,-0.4817,1.5903,0.000,11.719,159.582,0,0,577,140,115,122
1778107332.524003,13,0.996145,0.780259,0.777251,0.9678,-0.0793,1.4250,0.000,13.259,-179.509,0,0,343,237,95,111
1778107332.524003,3,0.979377,0.693347,0.679048,0.8203,0.2700,1.5837,0.000,17.653,-152.282,0,0,115,107,118,133
1778107332.524003,5,0.967543,0.715839,0.692605,0.9397,-0.4817,1.5903,0.000,11.719,159.582,0,0,578,138,114,121
1778107332.524003,13,0.990767,0.780293,0.773089,0.9678,-0.0793,1.4250,0.000,13.259,-179.509,0,0,342,237,94,110
1778107332.590745,3,0.980037,0.693342,0.679501,0.8199,0.2700,1.5851,-0.000,17.948,-152.331,0,0,115,108,117,133
1778107332.590745,5,0.968339,0.715654,0.692996,0.9414,-0.4848,1.5950,0.000,11.263,159.973,0,0,578,140,115,122
1778107332.590745,13,0.992943,0.779820,0.774317,0.9678,-0.0776,1.4250,-0.000,12.930,-176.011,0,0,342,236,95,113
1778107332.657480,3,0.980059,0.693843,0.680007,0.8185,0.2693,1.5827,-0.000,17.961,-152.566,0,0,116,108,118,133
1778107332.657480,5,0.989206,0.779840,0.771422,0.9370,-0.4820,1.5889,0.000,11.318,160.052,0,0,342,237,94,114
1778107332.657480,13,0.970195,0.715654,0.694324,0.9673,-0.0776,1.4266,0.000,14.812,-176.217,0,0,578,140,115,120
1778107332.790951,3,0.980805,0.693843,0.680524,0.8203,0.2685,1.5837,0.000,18.638,-151.918,0,0,116,107,118,133
1778107332.790951,13,0.990913,0.779840,0.772753,0.9659,-0.0775,1.4244,0.000,13.549,-175.718,0,0,342,237,95,114
1778107332.790951,5,0.964504,0.715311,0.689920,0.9352,-0.4811,1.5880,0.000,10.521,160.375,0,0,578,140,115,122
1778107332.857690,3,0.982293,0.693019,0.680748,0.8181,0.2678,1.5841,0.000,19.185,-152.021,0,0,117,107,118,135
1778107332.857690,13,0.990422,0.779840,0.772370,0.9659,-0.0775,1.4244,-0.000,13.922,-175.298,0,0,342,237,95,114
1778107332.857690,5,0.960842,0.714894,0.686900,0.9347,-0.4811,1.5897,0.000,9.503,159.810,0,0,578,139,115,121
1778107332.857690,3,0.981081,0.691865,0.678776,0.8181,0.2678,1.5841,0.000,19.185,-152.021,0,0,117,106,118,135
1778107332.857690,13,0.986964,0.779157,0.769000,0.9659,-0.0775,1.4244,-0.000,13.922,-175.298,0,0,342,237,94,114
1778107332.857690,5,0.957654,0.714818,0.684548,0.9347,-0.4811,1.5897,0.000,9.503,159.810,0,0,578,138,115,124
1778107332.991155,3,0.981078,0.691950,0.678857,0.8141,0.2634,1.5835,0.000,19.188,-151.687,0,0,118,106,118,135
1778107332.991155,13,0.981304,0.778718,0.764159,0.9625,-0.0757,1.4251,0.000,11.789,-172.721,0,0,341,236,95,115
1778107332.991155,5,0.957226,0.714476,0.683916,0.9342,-0.4811,1.5913,0.000,8.923,160.102,0,0,578,138,115,124
1778107333.057893,3,0.980896,0.691616,0.678403,0.8123,0.2612,1.5825,0.000,19.291,-151.554,0,0,119,106,120,135
1778107333.057893,13,0.986893,0.778436,0.768234,0.9601,-0.0789,1.4226,-0.000,11.976,-174.924,0,0,343,237,94,114
1778107333.057893,5,0.962023,0.713284,0.686196,0.9287,-0.4800,1.5885,0.000,9.975,160.013,0,0,579,138,114,124
1778107333.124630,3,0.981431,0.691700,0.678856,0.8123,0.2597,1.5825,-0.000,19.324,-151.918,0,0,120,106,118,136
1778107333.124630,13,0.962398,0.714116,0.687264,0.9297,-0.4800,1.5853,0.000,9.935,160.142,0,0,579,140,114,122
1778107333.124630,5,0.987920,0.778436,0.769033,0.9601,-0.0789,1.4226,-0.000,12.721,-174.900,0,0,343,237,94,114
1778107333.124630,3,0.980796,0.691700,0.678417,0.8123,0.2597,1.5825,-0.000,19.324,-151.918,0,0,122,106,120,135
1778107333.124630,13,0.990278,0.778436,0.770869,0.9297,-0.4800,1.5853,0.000,9.935,160.142,0,0,343,237,95,114
1778107333.124630,5,0.965700,0.714116,0.689622,0.9601,-0.0789,1.4226,-0.000,12.721,-174.900,0,0,578,138,114,121
1778107333.258139,3,0.982318,0.691235,0.679013,0.8097,0.2557,1.5810,0.000,19.746,-152.021,0,0,122,106,120,136
1778107333.258139,13,0.989407,0.778436,0.770191,0.9601,-0.0789,1.4226,0.000,11.828,-176.227,0,0,343,237,95,114
1778107333.258139,5,0.966238,0.714122,0.690012,0.9314,-0.4780,1.5899,0.000,10.692,159.474,0,0,577,138,115,121
1778107333.258139,3,0.980981,0.691317,0.678169,0.8097,0.2557,1.5810,0.000,19.746,-152.021,0,0,123,106,120,136
1778107333.258139,13,0.991091,0.777472,0.770545,0.9601,-0.0789,1.4226,0.000,11.828,-176.227,0,0,344,236,96,115
1778107333.258139,5,0.968894,0.713705,0.691504,0.9314,-0.4780,1.5899,0.000,10.692,159.474,0,0,577,137,116,121
1778107333.324850,3,0.980108,0.691539,0.677783,0.8097,0.2542,1.5810,0.000,19.680,-151.523,0,0,123,105,120,135
1778107333.324850,13,0.989530,0.777978,0.769832,0.9577,-0.0805,1.4236,0.000,11.354,-177.883,0,0,343,237,95,114
1778107333.324850,5,0.965117,0.713865,0.688963,0.9309,-0.4780,1.5915,-0.000,11.158,158.791,0,0,576,137,115,121
1778107333.458314,3,0.979677,0.690910,0.676868,0.8092,0.2542,1.5824,0.000,19.309,-151.487,0,0,123,105,120,135
1778107333.458314,5,0.969864,0.714637,0.693101,0.9342,-0.4794,1.5913,0.000,11.075,158.161,0,0,577,138,116,120
1778107333.458314,13,0.990717,0.777472,0.770255,0.9577,-0.0805,1.4236,0.000,12.014,-176.971,0,0,344,236,94,114
1778107333.525041,3,0.980554,0.691317,0.677874,0.8097,0.2542,1.5810,0.000,19.501,-151.552,0,0,123,106,120,136
1778107333.525041,13,0.989959,0.777507,0.769700,0.9577,-0.0788,1.4236,-0.000,11.793,-176.639,0,0,343,236,95,114
1778107333.525041,5,0.972433,0.714122,0.694436,0.9314,-0.4780,1.5899,0.000,11.831,158.426,0,0,577,138,116,121
1778107333.525041,3,0.980171,0.690910,0.677210,0.8097,0.2542,1.5810,0.000,19.501,-151.552,0,0,123,105,120,135
1778107333.525041,5,0.973226,0.713604,0.694498,0.9577,-0.0788,1.4236,-0.000,11.793,-176.639,0,0,577,138,117,121
1778107333.525041,13,0.990412,0.777036,0.769586,0.9314,-0.4780,1.5899,0.000,11.831,158.426,0,0,343,235,95,113
1778107333.591791,3,0.980943,0.690472,0.677313,0.8092,0.2542,1.5824,0.000,19.571,-151.370,0,0,123,106,120,136
1778107333.591791,5,0.973229,0.714539,0.695410,0.9287,-0.4766,1.5885,0.000,11.884,158.003,0,0,577,139,117,122
1778107333.591791,13,0.993541,0.776782,0.771765,0.9572,-0.0788,1.4252,0.000,11.434,-177.363,0,0,344,236,96,114
1778107333.658518,3,0.980186,0.690910,0.677220,0.8061,0.2528,1.5789,0.000,19.955,-151.142,0,0,123,105,120,135
1778107333.658518,5,0.971634,0.713445,0.693207,0.9319,-0.4780,1.5883,0.000,11.767,157.931,0,0,578,138,116,122
1778107333.658518,13,0.992860,0.776312,0.770770,0.9549,-0.0803,1.4227,-0.000,12.469,-178.360,0,0,344,235,96,114
1778107333.791995,3,0.981095,0.690391,0.677339,0.8061,0.2543,1.5789,-0.000,19.196,-152.175,0,0,122,106,120,133
1778107333.791995,5,0.990948,0.775655,0.768634,0.9515,-0.0785,1.4234,0.000,13.318,-176.085,0,0,343,235,96,114
1778107333.791995,13,0.971472,0.713445,0.693091,0.9287,-0.4783,1.5885,0.000,11.281,157.524,0,0,578,138,116,122
1778107333.858733,3,0.981792,0.690391,0.677820,0.8061,0.2543,1.5789,0.000,19.323,-152.371,0,0,122,106,120,132
1778107333.858733,13,0.986744,0.775689,0.765406,0.9515,-0.0769,1.4234,0.000,13.158,-174.166,0,0,342,235,97,114
1778107333.858733,5,0.970876,0.713029,0.692262,0.9282,-0.4783,1.5902,0.000,11.170,157.354,0,0,578,137,116,121
1778107333.858733,3,0.980907,0.690325,0.677145,0.8061,0.2543,1.5789,0.000,19.323,-152.371,0,0,121,105,118,133
1778107333.858733,13,0.992331,0.775151,0.769206,0.9515,-0.0769,1.4234,0.000,13.158,-174.166,0,0,344,234,96,113
1778107333.858733,5,0.972521,0.713445,0.693840,0.9282,-0.4783,1.5902,0.000,11.170,157.354,0,0,578,138,116,121
1778107333.925469,3,0.979438,0.690325,0.676131,0.8074,0.2565,1.5814,0.000,19.033,-152.342,0,0,121,104,120,135
1778107333.925469,13,0.991111,0.775151,0.768261,0.9510,-0.0802,1.4250,0.000,12.682,-177.519,0,0,344,235,96,111
1778107333.925469,5,0.971808,0.713445,0.693331,0.9287,-0.4783,1.5885,-0.000,11.395,157.011,0,0,578,139,117,120
1778107333.925469,3,0.978823,0.689075,0.674483,0.8074,0.2565,1.5814,0.000,18.715,-152.032,0,0,121,104,120,133
1778107333.925469,13,0.992844,0.775620,0.770070,0.9510,-0.0802,1.4250,0.000,11.981,-177.427,0,0,344,235,97,110
1778107333.925469,5,0.967709,0.713604,0.690562,0.9287,-0.4783,1.5885,0.000,11.135,156.716,0,0,577,138,117,122
1778107334.125625,3,0.978762,0.689919,0.675267,0.8070,0.2565,1.5828,-0.000,19.043,-151.283,0,0,121,104,120,135
1778107334.125625,13,0.992428,0.775151,0.769281,0.9510,-0.0802,1.4250,0.000,13.042,-177.274,0,0,344,234,97,110
1778107334.125625,5,0.971270,0.713445,0.692947,0.9287,-0.4783,1.5885,0.000,11.192,157.401,0,0,578,138,116,122
1778107334.125625,3,0.978839,0.689919,0.675319,0.8070,0.2565,1.5828,-0.000,19.043,-151.283,0,0,121,104,120,133
1778107334.125625,13,0.990143,0.774682,0.767045,0.9510,-0.0802,1.4250,0.000,13.042,-177.274,0,0,344,233,96,113
1778107334.125625,5,0.973350,0.713029,0.694027,0.9287,-0.4783,1.5885,0.000,11.192,157.401,0,0,578,137,117,125
1778107334.259151,3,0.979399,0.689919,0.675706,0.8070,0.2565,1.5828,0.000,18.896,-151.846,0,0,121,104,120,133
1778107334.259151,13,0.992583,0.774647,0.768901,0.9505,-0.0818,1.4266,0.000,12.771,-177.794,0,0,345,233,96,113
1778107334.259151,5,0.972938,0.712925,0.693632,0.9260,-0.4769,1.5872,0.000,11.588,157.299,0,0,578,138,117,122
1778107334.325891,3,0.979550,0.689498,0.675398,0.8052,0.2558,1.5817,0.000,19.117,-151.580,0,0,121,104,120,133
1778107334.325891,13,0.992877,0.774647,0.769129,0.9505,-0.0818,1.4266,-0.000,13.201,-177.607,0,0,345,233,96,111
1778107334.325891,5,0.971508,0.712925,0.692613,0.9260,-0.4769,1.5872,0.000,11.314,157.597,0,0,578,138,117,122
1778107334.392628,3,0.976811,0.689822,0.673825,0.8057,0.2573,1.5803,0.000,18.103,-151.501,0,0,120,105,118,133
1778107334.392628,13,0.994507,0.775337,0.771078,0.9534,-0.0820,1.4275,0.000,13.686,-178.307,0,0,345,233,95,111
1778107334.392628,5,0.973186,0.712925,0.693809,0.9260,-0.4769,1.5872,0.000,11.682,157.393,0,0,578,138,117,122
1778107334.459348,3,0.976070,0.689822,0.673314,0.8057,0.2573,1.5803,-0.000,17.876,-151.492,0,0,120,105,120,133
1778107334.459348,13,0.994969,0.776025,0.772121,0.9563,-0.0821,1.4284,0.000,13.886,-178.483,0,0,345,233,97,111
1778107334.459348,5,0.972096,0.712925,0.693032,0.9260,-0.4769,1.5872,-0.000,11.329,157.160,0,0,578,138,117,122
1778107334.459348,3,0.977740,0.689416,0.674070,0.8057,0.2573,1.5803,-0.000,17.876,-151.492,0,0,120,104,120,133
1778107334.459348,13,0.990120,0.774867,0.767212,0.9563,-0.0821,1.4284,0.000,13.886,-178.483,0,0,345,232,97,113
1778107334.459348,5,0.966408,0.713029,0.689077,0.9260,-0.4769,1.5872,-0.000,11.329,157.160,0,0,578,137,117,128
1778107334.592837,3,0.977735,0.689837,0.674478,0.8070,0.2580,1.5828,0.000,18.583,-151.337,0,0,120,104,120,133
1778107334.592837,13,0.991303,0.776025,0.769275,0.9563,-0.0821,1.4284,0.000,12.794,-176.996,0,0,345,233,97,111
1778107334.592837,5,0.969477,0.712350,0.690607,0.9255,-0.4786,1.5888,0.000,10.755,157.082,0,0,579,137,117,124
1778107334.592837,3,0.977006,0.689755,0.673894,0.8070,0.2580,1.5828,0.000,18.583,-151.337,0,0,119,104,122,133
1778107334.592837,13,0.991468,0.775989,0.769368,0.9563,-0.0821,1.4284,0.000,12.794,-176.996,0,0,346,233,96,113
1778107334.592837,5,0.971419,0.712004,0.691654,0.9255,-0.4786,1.5888,0.000,10.755,157.082,0,0,579,137,117,124
1778107334.659575,3,0.979072,0.689266,0.674842,0.8070,0.2595,1.5828,-0.000,18.397,-151.132,0,0,118,103,120,136
1778107334.659575,13,0.992817,0.776204,0.770629,0.9563,-0.0838,1.4284,0.000,12.330,-177.607,0,0,347,235,96,114
1778107334.659575,5,0.970893,0.712419,0.691683,0.9237,-0.4777,1.5879,0.000,11.172,156.855,0,0,579,138,117,122
1778107334.793040,3,0.978768,0.689602,0.674960,0.8083,0.2631,1.5852,-0.000,18.824,-151.255,0,0,117,103,122,136
1778107334.793040,13,0.993768,0.775734,0.770900,0.9539,-0.0853,1.4259,0.000,12.656,-178.854,0,0,347,234,96,113
1778107334.793040,5,0.971589,0.711482,0.691268,0.9210,-0.4763,1.5865,0.000,11.160,156.653,0,0,579,137,117,125
1778107334.859753,3,0.979801,0.689602,0.675672,0.8083,0.2631,1.5852,-0.000,18.973,-151.580,0,0,117,103,122,136
1778107334.859753,13,0.987757,0.775771,0.766273,0.9539,-0.0836,1.4259,0.000,12.334,-175.575,0,0,346,234,96,114
1778107334.859753,5,0.972906,0.712004,0.692713,0.9237,-0.4777,1.5879,-0.000,11.368,156.140,0,0,579,137,117,124
1778107334.859753,3,0.980099,0.690227,0.676491,0.8083,0.2631,1.5852,-0.000,18.973,-151.580,0,0,117,103,122,136
1778107334.859753,13,0.993352,0.776241,0.771080,0.9539,-0.0836,1.4259,0.000,12.334,-175.575,0,0,346,235,95,114
1778107334.859753,5,0.974624,0.711372,0.693321,0.9237,-0.4777,1.5879,-0.000,11.368,156.140,0,0,579,138,117,122
1778107334.993214,3,0.981999,0.690152,0.677728,0.8123,0.2664,1.5893,-0.000,19.741,-151.598,0,0,116,102,122,135
1778107334.993214,13,0.989058,0.775301,0.766818,0.9534,-0.0836,1.4275,0.000,11.896,-176.638,0,0,346,233,96,113
1778107334.993214,5,0.975022,0.710800,0.693046,0.9183,-0.4766,1.5851,0.000,12.024,156.535,0,0,580,137,118,124
1778107334.993214,3,0.981628,0.690565,0.677878,0.8123,0.2664,1.5893,-0.000,19.741,-151.598,0,0,116,102,122,135
1778107334.993214,13,0.989936,0.775116,0.767315,0.9534,-0.0836,1.4275,0.000,11.896,-176.638,0,0,345,234,95,111
1778107334.993214,5,0.974215,0.710800,0.692473,0.9183,-0.4766,1.5851,0.000,12.024,156.535,0,0,580,137,117,125
1778107335.059945,3,0.981860,0.690978,0.678444,0.8141,0.2671,1.5903,0.000,19.534,-151.712,0,0,116,102,122,135
1778107335.059945,13,0.989634,0.774611,0.766581,0.9510,-0.0818,1.4250,0.000,13.177,-175.936,0,0,346,233,96,113
1778107335.059945,5,0.974360,0.710450,0.692234,0.9183,-0.4766,1.5851,-0.000,11.633,155.804,0,0,580,137,117,125
1778107335.126682,3,0.980901,0.691389,0.678185,0.8159,0.2678,1.5913,0.000,19.463,-151.968,0,0,116,102,120,135
1778107335.126682,13,0.989152,0.774647,0.766243,0.9505,-0.0835,1.4266,0.000,12.775,-176.226,0,0,345,233,97,114
1778107335.126682,5,0.971660,0.710450,0.690316,0.9165,-0.4756,1.5842,0.000,11.837,156.494,0,0,580,137,117,125
1778107335.193420,3,0.980614,0.691389,0.677986,0.8176,0.2685,1.5924,0.000,19.246,-151.598,0,0,116,102,120,135
1778107335.193420,13,0.989396,0.774647,0.766432,0.9505,-0.0818,1.4266,0.000,14.089,-175.241,0,0,345,233,96,111
1778107335.193420,5,0.970894,0.710450,0.689772,0.9165,-0.4756,1.5842,0.000,11.140,157.173,0,0,580,137,119,126
1778107335.293528,3,0.979920,0.691800,0.677908,0.8194,0.2692,1.5934,0.000,18.879,-151.818,0,0,116,103,120,133
1778107335.293528,13,0.983579,0.774647,0.761926,0.9505,-0.0818,1.4266,0.000,12.922,-173.483,0,0,344,233,98,111
1778107335.293528,5,0.971228,0.709923,0.689497,0.9138,-0.4742,1.5828,-0.000,11.364,157.616,0,0,581,136,118,125
1778107335.360267,3,0.980176,0.692823,0.679088,0.8225,0.2702,1.5935,0.000,18.594,-152.347,0,0,116,103,120,133
1778107335.360267,13,0.995898,0.775372,0.772192,0.9534,-0.0803,1.4275,0.000,13.227,-179.907,0,0,346,233,96,113
1778107335.360267,5,0.972236,0.707941,0.688286,0.9060,-0.4722,1.5807,0.000,11.661,157.417,0,0,581,136,118,126
1778107335.426994,3,0.981064,0.691798,0.678698,0.8181,0.2685,1.5909,0.000,18.733,-152.653,0,0,116,104,120,133
1778107335.426994,13,0.992270,0.774149,0.768164,0.9486,-0.0834,1.4260,0.000,13.579,-177.067,0,0,345,233,96,111
1778107335.426994,5,0.971400,0.707407,0.687175,0.9033,-0.4708,1.5793,0.000,11.637,157.962,0,0,581,136,118,126
1778107335.426994,3,0.979432,0.692618,0.678372,0.8181,0.2685,1.5909,0.000,18.733,-152.653,0,0,116,104,120,133
1778107335.426994,13,0.990480,0.774185,0.766814,0.9486,-0.0834,1.4260,0.000,13.579,-177.067,0,0,343,233,97,113
1778107335.426994,5,0.975493,0.707407,0.690070,0.9033,-0.4708,1.5793,0.000,11.637,157.962,0,0,581,135,117,129
1778107335.560452,3,0.980230,0.692618,0.678924,0.8203,0.2692,1.5905,0.000,18.827,-151.809,0,0,116,104,120,133
1778107335.560452,13,0.991719,0.774716,0.768301,0.9505,-0.0785,1.4266,0.000,12.792,-177.032,0,0,344,233,97,113
1778107335.560452,5,0.972599,0.706997,0.687624,0.9028,-0.4708,1.5809,0.000,11.729,157.053,0,0,581,135,117,128
1778107335.560452,3,0.980524,0.694049,0.680532,0.8203,0.2692,1.5905,0.000,18.827,-151.809,0,0,116,104,120,133
1778107335.560452,13,0.989996,0.774682,0.766932,0.9505,-0.0785,1.4266,0.000,12.792,-177.032,0,0,343,233,97,113
1778107335.560452,5,0.970190,0.706997,0.685921,0.9028,-0.4708,1.5809,0.000,11.729,157.053,0,0,581,135,117,128
1778107335.760667,3,0.979616,0.693641,0.679502,0.8247,0.2709,1.5931,-0.000,18.526,-151.978,0,0,116,104,120,133
1778107335.760667,13,0.994270,0.774716,0.770277,0.9505,-0.0785,1.4266,0.000,12.119,-179.775,0,0,344,234,98,113
1778107335.760667,5,0.972068,0.706587,0.686850,0.9023,-0.4708,1.5825,0.000,12.033,158.066,0,0,581,134,117,125
1778107335.827405,3,0.979322,0.693641,0.679298,0.8247,0.2709,1.5931,0.000,18.458,-151.926,0,0,115,105,122,133
1778107335.827405,13,0.989121,0.775151,0.766718,0.9510,-0.0802,1.4250,-0.000,12.054,-176.241,0,0,343,234,97,113
1778107335.827405,5,0.969276,0.706587,0.684878,0.9023,-0.4708,1.5825,0.000,11.346,158.134,0,0,581,134,117,126
1778107335.827405,3,0.975595,0.693643,0.676714,0.8247,0.2709,1.5931,0.000,18.458,-151.926,0,0,116,105,120,133
1778107335.827405,13,0.989767,0.775185,0.767253,0.9510,-0.0802,1.4250,-0.000,12.054,-176.241,0,0,343,234,96,113
1778107335.827405,5,0.973368,0.707120,0.688287,0.9023,-0.4708,1.5825,0.000,11.346,158.134,0,0,581,134,118,126
1778107335.960900,3,0.977462,0.693643,0.678009,0.8234,0.2702,1.5906,-0.000,17.773,-151.945,0,0,116,105,120,133
1778107335.960900,13,0.995249,0.775655,0.771970,0.9515,-0.0785,1.4234,0.000,14.020,-178.228,0,0,343,235,95,111
1778107335.960900,5,0.970088,0.706587,0.685452,0.9023,-0.4708,1.5825,0.000,11.819,158.803,0,0,581,134,118,126
1778107335.960900,3,0.977446,0.694871,0.679199,0.8234,0.2702,1.5906,-0.000,17.773,-151.945,0,0,116,106,118,133
1778107335.960900,13,0.996086,0.775185,0.772151,0.9515,-0.0785,1.4234,0.000,14.020,-178.228,0,0,343,234,96,113
1778107335.960900,5,0.971294,0.707275,0.686972,0.9023,-0.4708,1.5825,0.000,11.819,158.803,0,0,580,134,117,126
1778107336.027637,3,0.977036,0.694871,0.678914,0.8274,0.2716,1.5912,0.000,17.623,-152.068,0,0,116,106,118,133
1778107336.027637,13,0.997445,0.775655,0.773673,0.9510,-0.0785,1.4250,-0.000,14.183,-178.844,0,0,343,235,96,111
1778107336.027637,5,0.973550,0.706332,0.687649,0.9051,-0.4705,1.5839,-0.000,12.310,159.240,0,0,580,133,119,129
1778107336.094357,3,0.977590,0.694871,0.679299,0.8274,0.2716,1.5912,0.000,17.643,-152.115,0,0,116,107,118,132
1778107336.094357,13,0.996358,0.775655,0.772830,0.9515,-0.0785,1.4234,-0.000,15.592,-178.181,0,0,343,235,96,111
1778107336.094357,5,0.973557,0.706332,0.687654,0.9019,-0.4691,1.5840,0.000,12.530,158.130,0,0,580,133,119,129
1778107336.094357,3,0.976893,0.695283,0.679217,0.8274,0.2716,1.5912,0.000,17.643,-152.115,0,0,116,106,118,133
1778107336.094357,13,0.995958,0.775655,0.772519,0.9515,-0.0785,1.4234,-0.000,15.592,-178.181,0,0,343,235,95,113
1778107336.094357,5,0.973365,0.706332,0.687519,0.9019,-0.4691,1.5840,0.000,12.530,158.130,0,0,580,133,118,128
1778107336.227831,3,0.974030,0.695278,0.677222,0.8292,0.2723,1.5922,-0.000,16.621,-152.056,0,0,116,107,118,133
1778107336.227831,13,0.991882,0.775655,0.769358,0.9515,-0.0785,1.4234,0.000,11.729,-177.999,0,0,342,234,98,113
1778107336.227831,5,0.972796,0.706865,0.687635,0.9046,-0.4705,1.5854,0.000,12.499,158.555,0,0,579,133,118,128
1778107336.294570,3,0.977714,0.695283,0.679788,0.8279,0.2716,1.5897,-0.000,17.949,-151.477,0,0,116,107,118,133
1778107336.294570,13,0.995954,0.775911,0.772772,0.9539,-0.0770,1.4259,0.000,12.633,179.362,0,0,343,234,95,113
1778107336.294570,5,0.972426,0.707550,0.688040,0.9073,-0.4703,1.5868,-0.000,12.745,159.368,0,0,579,132,118,128
1778107336.361323,3,0.981641,0.694464,0.681714,0.8243,0.2702,1.5877,-0.000,18.934,-152.048,0,0,116,107,117,133
1778107336.361323,13,0.993177,0.775877,0.770583,0.9539,-0.0787,1.4259,0.000,12.744,-177.919,0,0,341,234,95,111
1778107336.361323,5,0.974690,0.707139,0.689241,0.9068,-0.4703,1.5884,0.000,13.360,159.136,0,0,579,132,118,128
1778107336.428062,3,0.979275,0.694874,0.680473,0.8261,0.2709,1.5887,-0.000,18.372,-151.626,0,0,116,107,117,133
1778107336.428062,13,0.997119,0.775944,0.773708,0.9539,-0.0754,1.4259,-0.000,14.050,-179.792,0,0,342,235,94,111
1778107336.428062,5,0.974728,0.707492,0.689612,0.9086,-0.4712,1.5894,0.000,13.354,159.103,0,0,579,132,118,128
1778107336.494800,3,0.978875,0.694874,0.680195,0.8261,0.2709,1.5887,0.000,18.177,-151.732,0,0,116,107,117,133
1778107336.494800,13,0.990448,0.776381,0.768965,0.9544,-0.0770,1.4243,0.000,12.778,-176.083,0,0,340,234,95,111
1778107336.494800,5,0.974020,0.707492,0.689111,0.9086,-0.4712,1.5894,0.000,13.244,159.289,0,0,579,132,118,126
1778107336.561528,3,0.978185,0.694874,0.679715,0.8261,0.2709,1.5887,0.000,18.322,-151.115,0,0,116,107,117,133
1778107336.561528,13,0.991841,0.776665,0.770328,0.9567,-0.0738,1.4268,0.000,12.471,-176.990,0,0,341,234,96,111
1778107336.561528,5,0.971669,0.708019,0.687960,0.9113,-0.4726,1.5908,-0.000,12.808,159.725,0,0,579,132,118,128
1778107336.628267,3,0.979818,0.695283,0.681251,0.8279,0.2716,1.5897,0.000,18.729,-151.344,0,0,117,107,118,133
1778107336.628267,13,0.992688,0.775944,0.770270,0.9539,-0.0754,1.4259,0.000,13.178,-177.014,0,0,340,234,95,114
1778107336.628267,5,0.972459,0.708019,0.688519,0.9113,-0.4726,1.5908,0.000,13.173,160.000,0,0,579,132,118,128
1778107336.694996,3,0.979344,0.695370,0.681007,0.8279,0.2701,1.5897,0.000,18.630,-151.366,0,0,116,108,117,132
1778107336.694996,13,0.990624,0.776665,0.769383,0.9567,-0.0738,1.4268,0.000,12.380,-176.356,0,0,341,234,96,111
1778107336.694996,5,0.972777,0.708019,0.688744,0.9113,-0.4726,1.5908,0.000,13.198,159.880,0,0,580,132,120,126
1778107336.761730,3,0.980544,0.695285,0.681757,0.8265,0.2709,1.5873,0.000,18.490,-152.017,0,0,117,108,118,133
1778107336.761730,13,0.996267,0.776632,0.773734,0.9567,-0.0755,1.4268,0.000,13.497,-179.506,0,0,342,235,94,110
1778107336.761730,5,0.969703,0.707336,0.685906,0.9086,-0.4728,1.5894,0.000,12.708,160.475,0,0,580,132,120,128
1778107336.828469,3,0.978742,0.695372,0.680591,0.8265,0.2694,1.5873,0.000,18.022,-151.911,0,0,117,108,118,132
1778107336.828469,13,0.997509,0.776381,0.774446,0.9544,-0.0770,1.4243,0.000,13.581,178.971,0,0,342,235,93,111
1778107336.828469,5,0.970564,0.707336,0.686515,0.9086,-0.4728,1.5894,-0.000,12.669,159.981,0,0,580,132,118,128
1778107336.828469,3,0.979768,0.695285,0.681218,0.8265,0.2694,1.5873,0.000,18.022,-151.911,0,0,116,108,117,132
1778107336.828469,13,0.997835,0.776851,0.775169,0.9544,-0.0770,1.4243,0.000,13.581,178.971,0,0,342,236,93,110
1778107336.828469,5,0.970909,0.707336,0.686760,0.9086,-0.4728,1.5894,-0.000,12.669,159.981,0,0,580,132,118,125
1778107336.961957,3,0.979702,0.695283,0.681170,0.8265,0.2709,1.5873,0.000,17.936,-152.570,0,0,116,107,117,133
1778107336.961957,13,0.996683,0.775185,0.772614,0.9549,-0.0770,1.4227,-0.000,14.265,179.688,0,0,343,234,94,113
1778107336.961957,5,0.968491,0.707336,0.685049,0.9086,-0.4728,1.5894,-0.000,12.937,160.296,0,0,580,132,118,125
1778107337.095443,3,0.981155,0.695285,0.682182,0.8265,0.2709,1.5873,0.000,18.361,-152.636,0,0,116,108,118,133
1778107337.095443,13,0.991963,0.775944,0.769708,0.9539,-0.0754,1.4259,0.000,12.669,-176.992,0,0,341,234,95,113
1778107337.095443,5,0.971405,0.707336,0.687110,0.9086,-0.4728,1.5894,0.000,13.099,160.338,0,0,580,132,118,125
1778107337.095443,3,0.980663,0.694874,0.681438,0.8265,0.2709,1.5873,0.000,18.361,-152.636,0,0,116,108,118,132
1778107337.095443,13,0.996041,0.775219,0.772150,0.9539,-0.0754,1.4259,0.000,12.669,-176.992,0,0,342,234,95,113
1778107337.095443,5,0.971989,0.707748,0.687923,0.9086,-0.4728,1.5894,0.000,13.099,160.338,0,0,580,133,118,126
1778107337.162172,3,0.981426,0.694169,0.681275,0.8248,0.2702,1.5863,0.000,17.960,-153.128,0,0,115,108,117,132
1778107337.162172,13,0.992957,0.775219,0.769759,0.9510,-0.0769,1.4250,-0.000,14.013,-178.847,0,0,342,234,97,113
1778107337.162172,5,0.969826,0.707395,0.686050,0.9091,-0.4728,1.5878,0.000,13.095,160.207,0,0,580,133,118,126
1778107337.295646,3,0.979271,0.693756,0.679376,0.8203,0.2700,1.5837,0.000,17.845,-152.304,0,0,115,108,118,132
1778107337.295646,13,0.995000,0.776312,0.772430,0.9544,-0.0803,1.4243,-0.000,11.989,179.362,0,0,344,235,96,111
1778107337.295646,5,0.965965,0.706829,0.682772,0.9068,-0.4736,1.5884,0.000,13.212,162.729,0,0,581,132,118,128
1778107337.295646,3,0.979611,0.694787,0.680621,0.8203,0.2700,1.5837,0.000,17.845,-152.304,0,0,115,108,117,132
1778107337.295646,13,0.995091,0.776347,0.772536,0.9544,-0.0803,1.4243,-0.000,11.989,179.362,0,0,343,235,95,111
1778107337.295646,5,0.964206,0.705768,0.680505,0.9068,-0.4736,1.5884,0.000,13.212,162.729,0,0,581,132,118,129
1778107337.429095,3,0.981143,0.694376,0.681282,0.8243,0.2717,1.5877,0.000,18.481,-152.426,0,0,115,107,117,133
1778107337.429095,13,0.994528,0.776347,0.772099,0.9544,-0.0787,1.4243,0.000,13.272,-178.302,0,0,343,235,95,110
1778107337.429095,5,0.958731,0.705768,0.676642,0.9014,-0.4708,1.5856,0.000,12.537,164.354,0,0,581,132,117,129
1778107337.429095,3,0.980464,0.694376,0.680811,0.8243,0.2717,1.5877,0.000,18.481,-152.426,0,0,115,107,117,133
1778107337.429095,13,0.994833,0.776347,0.772336,0.9544,-0.0787,1.4243,0.000,13.272,-178.302,0,0,343,235,96,111
1778107337.429095,5,0.957689,0.704723,0.674905,0.9014,-0.4708,1.5856,0.000,12.537,164.354,0,0,582,132,116,129
1778107337.562572,3,0.979202,0.694376,0.679935,0.8243,0.2717,1.5877,0.000,18.100,-151.936,0,0,115,107,117,133
1778107337.562572,13,0.995143,0.775877,0.772108,0.9539,-0.0787,1.4259,0.000,13.920,-178.299,0,0,343,234,95,111
1778107337.562572,5,0.954102,0.705735,0.673343,0.9036,-0.4738,1.5886,-0.000,13.226,166.285,0,0,582,131,116,133
1778107337.562572,3,0.979159,0.694376,0.679905,0.8243,0.2717,1.5877,-0.000,17.708,-152.680,0,0,115,108,117,132
1778107337.562572,13,0.995854,0.775877,0.772660,0.9539,-0.0787,1.4259,0.000,13.189,-179.670,0,0,344,234,96,113
1778107337.562572,5,0.955245,0.705735,0.674150,0.9036,-0.4738,1.5886,0.000,13.037,165.777,0,0,582,132,116,132
1778107337.562572,3,0.980356,0.694787,0.681138,0.8243,0.2717,1.5877,-0.000,17.708,-152.680,0,0,115,107,117,132
1778107337.562572,13,0.994542,0.775151,0.770920,0.9539,-0.0787,1.4259,0.000,13.189,-179.670,0,0,343,234,95,111
1778107337.562572,5,0.942082,0.707025,0.666075,0.9036,-0.4738,1.5886,0.000,13.037,165.777,0,0,583,132,114,130
1778107337.629300,3,0.981067,0.693759,0.680624,0.8248,0.2717,1.5863,0.000,18.305,-152.108,0,0,115,107,117,132
1778107337.629300,13,0.993875,0.775877,0.771124,0.9510,-0.0802,1.4250,0.000,13.018,-178.766,0,0,343,234,95,111
1778107337.629300,5,0.937926,0.706517,0.662660,0.9086,-0.4762,1.5894,0.000,12.513,168.717,0,0,583,132,114,130
1778107337.762774,3,0.980358,0.693759,0.680132,0.8217,0.2707,1.5862,0.000,18.042,-152.785,0,0,116,108,116,130
1778107337.762774,13,0.995640,0.775877,0.772494,0.9539,-0.0787,1.4259,0.000,12.796,179.989,0,0,344,234,96,113
1778107337.762774,5,0.941350,0.706517,0.665080,0.9068,-0.4769,1.5884,0.000,12.830,169.085,0,0,583,132,113,126
1778107337.829506,3,0.978236,0.693843,0.678742,0.8203,0.2685,1.5837,0.000,17.660,-152.154,0,0,116,107,118,132
1778107337.829506,13,0.992935,0.775151,0.769674,0.9510,-0.0802,1.4250,0.000,11.507,-179.400,0,0,344,234,96,113
1778107337.829506,5,0.927826,0.706517,0.655525,0.9068,-0.4769,1.5884,-0.000,12.532,171.684,0,0,584,131,112,130
1778107337.896243,3,0.979027,0.693433,0.678890,0.8199,0.2685,1.5851,0.000,17.829,-152.475,0,0,116,107,117,132
1778107337.896243,13,0.994917,0.775151,0.771211,0.9510,-0.0802,1.4250,0.000,12.043,179.372,0,0,344,234,95,113
1778107337.896243,5,0.923219,0.705424,0.651261,0.9036,-0.4771,1.5886,-0.000,12.200,172.174,0,0,584,131,111,130
1778107337.896243,3,0.979480,0.693846,0.679609,0.8199,0.2685,1.5851,0.000,17.829,-152.475,0,0,116,107,117,132
1778107337.896243,13,0.992952,0.775151,0.769688,0.9510,-0.0802,1.4250,0.000,12.043,179.372,0,0,344,235,96,114
1778107337.896243,5,0.926427,0.705951,0.654012,0.9036,-0.4771,1.5886,-0.000,12.200,172.174,0,0,585,130,110,129
1778107338.029720,3,0.978349,0.693433,0.678420,0.8199,0.2685,1.5851,0.000,18.114,-151.545,0,0,116,106,117,133
1778107338.029720,13,0.992168,0.775620,0.769545,0.9515,-0.0802,1.4234,0.000,11.786,-178.238,0,0,344,234,97,114
1778107338.029720,5,0.922805,0.705385,0.650933,0.9058,-0.4802,1.5916,0.000,13.004,172.699,0,0,585,131,109,132
1778107338.029720,3,0.976572,0.693437,0.677191,0.8199,0.2685,1.5851,0.000,18.114,-151.545,0,0,117,106,118,133
1778107338.029720,13,0.987218,0.774688,0.764786,0.9515,-0.0802,1.4234,0.000,11.786,-178.238,0,0,345,233,95,113
1778107338.029720,5,0.913766,0.705794,0.644930,0.9058,-0.4802,1.5916,0.000,13.004,172.699,0,0,585,130,110,132
1778107338.163197,3,0.977907,0.693523,0.678201,0.8212,0.2676,1.5876,0.000,17.870,-151.999,0,0,117,106,117,133
1778107338.163197,13,0.986139,0.774185,0.763453,0.9486,-0.0817,1.4260,0.000,9.793,-177.264,0,0,344,233,95,111
1778107338.163197,5,0.909737,0.705385,0.641715,0.9058,-0.4802,1.5916,-0.000,13.266,175.166,0,0,585,130,109,132
1778107338.163197,3,0.978239,0.693523,0.678431,0.8212,0.2676,1.5876,0.000,17.870,-151.999,0,0,117,107,117,130
1778107338.163197,13,0.985862,0.774220,0.763274,0.9486,-0.0817,1.4260,0.000,9.793,-177.264,0,0,344,233,96,113
1778107338.163197,5,0.904790,0.705734,0.638541,0.9058,-0.4802,1.5916,-0.000,13.266,175.166,0,0,586,130,108,130
1778107338.229935,3,0.978565,0.693933,0.679058,0.8212,0.2676,1.5876,0.000,17.809,-152.314,0,0,117,107,118,130
1778107338.229935,13,0.994002,0.774220,0.769576,0.9486,-0.0801,1.4260,0.000,11.357,-175.340,0,0,346,233,96,113
1778107338.229935,5,0.879594,0.705228,0.620314,0.9076,-0.4812,1.5925,-0.000,12.924,175.763,0,0,585,130,109,132
1778107338.363417,3,0.979442,0.693520,0.679262,0.8199,0.2669,1.5851,0.000,18.235,-152.084,0,0,117,106,117,132
1778107338.363417,13,0.991884,0.774149,0.767866,0.9486,-0.0834,1.4260,0.000,12.826,-177.412,0,0,344,233,97,114
1778107338.363417,5,0.877276,0.705734,0.619124,0.9076,-0.4812,1.5925,0.000,12.639,179.729,0,0,586,131,108,130
1778107338.363417,3,0.978617,0.692696,0.677885,0.8199,0.2669,1.5851,0.000,18.235,-152.084,0,0,117,106,118,132
1778107338.363417,13,0.991119,0.774220,0.767344,0.9486,-0.0834,1.4260,0.000,12.826,-177.412,0,0,344,233,97,111
1778107338.363417,5,0.878415,0.705986,0.620149,0.9076,-0.4812,1.5925,0.000,12.639,179.729,0,0,585,131,109,130
1778107338.430156,3,0.977363,0.693110,0.677420,0.8176,0.2663,1.5856,-0.000,18.215,-151.786,0,0,117,106,118,132
1778107338.430156,13,0.992966,0.774220,0.768774,0.9486,-0.0801,1.4260,0.000,12.503,-177.032,0,0,344,233,97,111
1778107338.430156,5,0.870639,0.706667,0.615251,0.9081,-0.4828,1.5909,0.000,12.382,179.390,0,0,586,131,108,130
1778107338.496913,3,0.975250,0.693110,0.675955,0.8194,0.2669,1.5866,0.000,17.897,-151.640,0,0,116,106,117,133
1778107338.496913,13,0.992983,0.774682,0.769246,0.9486,-0.0801,1.4260,-0.000,12.927,-177.799,0,0,344,233,97,111
1778107338.496913,5,0.858713,0.706508,0.606688,0.9108,-0.4826,1.5924,0.000,13.094,-179.059,0,0,587,129,106,129
1778107338.563652,3,0.977003,0.693024,0.677087,0.8194,0.2669,1.5866,0.000,17.461,-151.261,0,0,116,105,118,133
1778107338.563652,13,0.993307,0.774682,0.769497,0.9505,-0.0802,1.4266,0.000,12.835,-177.897,0,0,345,233,98,113
1778107338.563652,5,0.848216,0.705531,0.598442,0.9108,-0.4843,1.5924,-0.000,12.618,-177.821,0,0,587,130,105,129
1778107338.630374,3,0.976859,0.691788,0.675779,0.8194,0.2685,1.5866,0.000,18.067,-151.035,0,0,116,105,118,133
1778107338.630374,13,0.993971,0.775337,0.770662,0.9505,-0.0802,1.4266,0.000,12.407,-178.588,0,0,344,233,97,113
1778107338.630374,5,0.831065,0.706459,0.587113,0.9098,-0.4859,1.5955,0.000,13.105,-176.404,0,0,587,130,105,125
1778107338.763843,3,0.979313,0.692202,0.677882,0.8172,0.2678,1.5870,0.000,18.148,-152.349,0,0,116,106,118,133
1778107338.763843,13,0.993457,0.775372,0.770299,0.9534,-0.0803,1.4275,-0.000,12.791,-178.274,0,0,344,234,97,113
1778107338.763843,5,0.845503,0.706459,0.597314,0.9130,-0.4874,1.5954,0.000,13.043,-176.061,0,0,589,130,102,125
1778107338.830581,3,0.978373,0.692196,0.677226,0.8159,0.2671,1.5845,0.000,17.842,-152.204,0,0,116,106,118,133
1778107338.830581,13,0.992233,0.776531,0.770499,0.9567,-0.0805,1.4268,0.000,11.973,-178.181,0,0,344,235,98,114
1778107338.830581,5,0.829906,0.705622,0.585600,0.9103,-0.4893,1.5940,0.000,13.553,-174.116,0,0,588,131,104,128
1778107338.897319,3,0.979626,0.692611,0.678499,0.8176,0.2678,1.5856,0.000,18.400,-151.918,0,0,115,105,118,133
1778107338.897319,13,0.991923,0.777001,0.770725,0.9572,-0.0805,1.4252,0.000,12.097,-177.724,0,0,344,234,100,115
1778107338.897319,5,0.812247,0.706191,0.573601,0.9108,-0.4876,1.5924,-0.000,12.542,-172.472,0,0,589,130,101,126
1778107338.964052,3,0.980390,0.691702,0.678138,0.8154,0.2686,1.5860,-0.000,18.383,-152.449,0,0,115,105,118,133
1778107338.964052,13,0.993059,0.776531,0.771140,0.9567,-0.0805,1.4268,0.000,12.623,-178.058,0,0,343,234,97,114
1778107338.964052,5,0.804703,0.705622,0.567816,0.9103,-0.4893,1.5940,0.000,13.243,-171.432,0,0,591,130,98,133
1778107339.030775,3,0.979084,0.691702,0.677235,0.8154,0.2686,1.5860,0.000,18.342,-151.723,0,0,115,105,118,133
1778107339.030775,13,0.993469,0.777023,0.771948,0.9587,-0.0789,1.4274,-0.000,11.367,179.862,0,0,344,235,97,114
1778107339.030775,5,0.798306,0.704783,0.562633,0.9076,-0.4911,1.5925,0.000,12.721,-171.149,0,0,591,129,98,133
1778107339.030775,3,0.978097,0.691287,0.676146,0.8154,0.2686,1.5860,0.000,18.342,-151.723,0,0,115,105,118,133
1778107339.030775,13,0.995362,0.776988,0.773385,0.9587,-0.0789,1.4274,-0.000,11.367,179.862,0,0,344,234,95,113
1778107339.030775,5,0.820569,0.705871,0.579216,0.9076,-0.4911,1.5925,0.000,12.721,-171.149,0,0,590,131,99,130
1778107339.197601,3,0.981499,0.691702,0.678905,0.8154,0.2686,1.5860,0.000,18.562,-152.832,0,0,115,105,118,133
1778107339.197601,13,0.994202,0.777023,0.772517,0.9587,-0.0789,1.4274,0.000,14.106,-177.512,0,0,343,234,96,111
1778107339.197601,5,0.803308,0.705710,0.566903,0.9108,-0.4926,1.5924,0.000,14.225,-170.982,0,0,591,131,97,129
1778107339.197601,3,0.980242,0.692116,0.678441,0.8154,0.2686,1.5860,0.000,18.562,-152.832,0,0,115,105,118,133
1778107339.197601,13,0.993752,0.777057,0.772202,0.9587,-0.0789,1.4274,0.000,14.106,-177.512,0,0,342,234,95,111
1778107339.197601,5,0.764670,0.704463,0.538682,0.9108,-0.4926,1.5924,0.000,14.225,-170.982,0,0,593,130,94,132
1778107339.264350,3,0.979765,0.692116,0.678111,0.8172,0.2693,1.5870,0.000,18.375,-152.368,0,0,115,105,118,133
1778107339.264350,13,0.993295,0.777057,0.771847,0.9587,-0.0773,1.4274,0.000,14.960,-176.683,0,0,342,234,95,113
1778107339.264350,5,0.764196,0.704870,0.538659,0.9076,-0.4945,1.5925,-0.000,13.780,-167.390,0,0,593,131,94,133
1778107339.364434,3,0.979019,0.692116,0.677595,0.8172,0.2693,1.5870,-0.000,18.246,-151.857,0,0,115,105,118,133
1778107339.364434,14,0.990960,0.777057,0.770032,0.9587,-0.0773,1.4274,-0.000,14.675,-175.352,0,0,342,234,93,111
1778107339.364434,3,0.978510,0.692116,0.677243,0.8172,0.2693,1.5870,-0.000,18.246,-151.857,0,0,115,104,118,133
1778107339.364434,15,0.997359,0.777057,0.775004,0.9587,-0.0773,1.4274,-0.000,14.675,-175.352,0,0,344,234,96,111
1778107339.464525,3,0.978432,0.692442,0.677507,0.8190,0.2715,1.5880,0.000,17.909,-152.011,0,0,114,105,117,133
1778107339.464525,16,0.997060,0.777023,0.774738,0.9587,-0.0789,1.4274,0.000,14.290,-179.674,0,0,343,234,95,114
1778107339.464525,3,0.979077,0.692442,0.677954,0.8190,0.2715,1.5880,0.000,17.909,-152.011,0,0,114,105,117,133
1778107339.464525,17,0.997546,0.777023,0.775116,0.9587,-0.0789,1.4274,0.000,14.290,-179.674,0,0,344,235,94,111
1778107339.464525,3,0.979196,0.692442,0.678037,0.8190,0.2715,1.5880,-0.000,17.868,-152.508,0,0,115,105,118,133
1778107339.464525,18,0.998214,0.777459,0.776070,0.9587,-0.0789,1.4274,0.000,14.185,179.628,0,0,344,234,95,113
1778107339.631344,3,0.978413,0.692529,0.677579,0.8190,0.2700,1.5880,-0.000,17.903,-152.140,0,0,115,105,118,133
1778107339.631344,19,0.996554,0.777023,0.774345,0.9587,-0.0789,1.4274,-0.000,14.384,-179.092,0,0,343,234,95,113
1778107339.698082,0,0.980353,0.692529,0.678922,0.8190,0.2700,1.5880,0.000,18.425,-152.342,0,0,115,105,118,133
1778107339.698082,1,0.996388,0.777023,0.774216,0.9587,-0.0789,1.4274,0.000,14.237,-179.064,0,0,343,234,95,111
1778107339.698082,2,0.708241,0.714568,0.506087,0.9216,-0.4943,1.5573,0.000,28.715,-158.303,0,0,592,153,96,132
1778107339.764804,3,0.977983,0.692940,0.677684,0.8208,0.2707,1.5891,0.000,17.647,-152.388,0,0,115,105,118,133
1778107339.764804,20,0.998187,0.776988,0.775579,0.9587,-0.0806,1.4274,-0.000,14.755,179.319,0,0,344,234,95,111
1778107339.764804,3,0.980754,0.692940,0.679604,0.8208,0.2707,1.5891,0.000,18.625,-152.216,0,0,115,104,118,133
1778107339.764804,20,0.997825,0.776988,0.775298,0.9587,-0.0806,1.4274,-0.000,14.214,179.161,0,0,344,234,95,111
1778107339.764804,3,0.979502,0.692202,0.678013,0.8208,0.2707,1.5891,0.000,18.625,-152.216,0,0,116,105,120,133
1778107339.764804,20,0.996143,0.776988,0.773991,0.9587,-0.0806,1.4274,-0.000,14.214,179.161,0,0,344,234,96,111
1778107339.764804,21,0.764637,0.703634,0.538025,nan,nan,nan,nan,nan,nan,0,0,596,130,88,133
1778107339.965004,3,0.980289,0.692615,0.678963,0.8190,0.2685,1.5880,0.000,18.398,-152.481,0,0,116,105,118,133
1778107339.965004,20,0.998481,0.776952,0.775772,0.9587,-0.0822,1.4274,0.000,14.274,177.727,0,0,345,234,96,113
1778107339.965004,21,0.680402,0.704202,0.479141,0.9063,-0.4968,1.5900,-0.000,11.467,-160.742,0,0,595,131,89,125
1778107339.965004,3,0.980710,0.692615,0.679254,0.8190,0.2685,1.5880,0.000,18.102,-153.409,0,0,116,105,118,133
1778107339.965004,22,0.997812,0.776952,0.775252,0.9587,-0.0822,1.4274,-0.000,14.456,179.398,0,0,344,234,96,113
1778107340.031703,0,0.979993,0.692615,0.678758,0.8190,0.2685,1.5880,0.000,18.171,-152.744,0,0,116,105,120,133
1778107340.031703,1,0.997108,0.776988,0.774741,0.9587,-0.0806,1.4274,0.000,13.400,178.908,0,0,344,235,95,114
1778107340.031703,3,0.978244,0.692615,0.677547,0.8190,0.2685,1.5880,0.000,18.171,-152.744,0,0,116,105,118,133
1778107340.031703,22,0.998597,0.777001,0.775911,0.9587,-0.0806,1.4274,0.000,13.400,178.908,0,0,344,234,95,113
1778107340.031703,21,0.825032,0.704141,0.580939,nan,nan,nan,nan,nan,nan,0,0,594,129,91,145
1778107340.165202,3,0.979357,0.692202,0.677913,0.8172,0.2678,1.5870,0.000,18.202,-152.272,0,0,116,105,118,133
1778107340.165202,22,0.997305,0.776531,0.774438,0.9567,-0.0805,1.4268,-0.000,13.326,178.321,0,0,345,234,96,114
1778107340.165202,21,0.714279,0.703895,0.502777,0.9071,-0.4961,1.5941,-0.000,11.838,-163.561,0,0,595,130,89,130
1778107340.165202,3,0.979919,0.692202,0.678302,0.8172,0.2678,1.5870,0.000,18.202,-152.272,0,0,116,105,118,133
1778107340.165202,23,0.998245,0.776531,0.775168,0.9567,-0.0805,1.4268,-0.000,13.326,178.321,0,0,344,234,95,114
1778107340.265309,3,0.979466,0.692202,0.677989,0.8172,0.2678,1.5870,0.000,17.996,-152.758,0,0,116,106,118,133
1778107340.265309,24,0.994757,0.776531,0.772459,0.9567,-0.0805,1.4268,0.000,13.443,-178.515,0,0,343,234,97,114
1778107340.265309,3,0.978459,0.693027,0.678098,0.8172,0.2678,1.5870,0.000,17.996,-152.758,0,0,116,105,118,133
1778107340.265309,25,0.996978,0.776531,0.774184,0.9567,-0.0805,1.4268,0.000,13.443,-178.515,0,0,344,234,96,114
1778107340.365384,3,0.978116,0.693027,0.677861,0.8208,0.2692,1.5891,0.000,17.903,-152.087,0,0,116,106,118,132
1778107340.365384,26,0.997600,0.776531,0.774667,0.9567,-0.0805,1.4268,0.000,14.280,179.572,0,0,344,234,95,114
1778107340.465462,3,0.977584,0.693024,0.677490,0.8194,0.2685,1.5866,0.000,17.830,-151.758,0,0,116,106,118,132
1778107340.465462,27,0.997519,0.776531,0.774604,0.9567,-0.0805,1.4268,0.000,14.423,179.839,0,0,344,234,96,114
1778107340.465462,3,0.976383,0.693024,0.676657,0.8194,0.2685,1.5866,0.000,17.458,-151.760,0,0,116,106,117,133
1778107340.465462,28,0.996932,0.776531,0.774148,0.9567,-0.0805,1.4268,0.000,14.289,-179.644,0,0,344,234,96,113
1778107340.532227,3,0.977225,0.693437,0.677643,0.8212,0.2692,1.5876,-0.000,17.685,-151.818,0,0,116,106,117,133
1778107340.532227,29,0.995498,0.776531,0.773035,0.9567,-0.0805,1.4268,-0.000,12.557,179.647,0,0,344,234,96,113
1778107340.598938,3,0.979249,0.693523,0.679131,0.8212,0.2676,1.5876,-0.000,18.229,-152.130,0,0,117,106,118,132
1778107340.598938,29,0.995070,0.777023,0.773192,0.9587,-0.0789,1.4274,0.000,13.244,-178.861,0,0,343,234,97,114
1778107340.598938,3,0.978336,0.693523,0.678498,0.8212,0.2676,1.5876,-0.000,18.229,-152.130,0,0,117,106,118,133
1778107340.598938,29,0.996841,0.777023,0.774568,0.9587,-0.0789,1.4274,0.000,13.244,-178.861,0,0,344,234,96,111
1778107340.598938,3,0.978987,0.693523,0.678950,0.8212,0.2676,1.5876,-0.000,17.977,-152.052,0,0,117,106,118,132
1778107340.598938,29,0.996491,0.776988,0.774261,0.9587,-0.0789,1.4274,0.000,13.620,179.783,0,0,344,234,96,111
1778107340.699033,3,0.979502,0.692696,0.678497,0.8212,0.2676,1.5876,-0.000,18.291,-151.864,0,0,118,106,120,132
1778107340.699033,29,0.995630,0.776988,0.773593,0.9587,-0.0806,1.4274,0.000,13.407,179.808,0,0,344,234,96,113
1778107340.765771,3,0.976940,0.693196,0.677210,0.8194,0.2654,1.5866,-0.000,18.029,-151.310,0,0,118,106,118,133
1778107340.765771,29,0.991524,0.776988,0.770403,0.9587,-0.0806,1.4274,-0.000,12.276,-177.392,0,0,343,234,95,113
1778107340.799139,3,0.977719,0.693196,0.677751,0.8194,0.2654,1.5866,0.000,17.891,-151.977,0,0,118,106,118,133
1778107340.799139,29,0.995869,0.777023,0.773813,0.9587,-0.0789,1.4274,0.000,13.495,-179.310,0,0,344,234,94,114
1778107340.865879,3,0.977736,0.692782,0.677358,0.8176,0.2647,1.5856,0.000,17.932,-151.913,0,0,118,106,117,132
1778107340.865879,29,0.994432,0.776988,0.772662,0.9587,-0.0806,1.4274,-0.000,12.666,-179.080,0,0,343,235,95,114
1778107340.865879,3,0.978397,0.692782,0.677815,0.8176,0.2647,1.5856,0.000,17.932,-151.913,0,0,118,106,117,133
1778107340.865879,29,0.989661,0.777023,0.768989,0.9587,-0.0806,1.4274,-0.000,12.666,-179.080,0,0,343,234,96,114
1778107340.932645,3,0.977550,0.692366,0.676823,0.8176,0.2647,1.5856,-0.000,18.094,-152.000,0,0,118,106,118,133
1778107340.932645,29,0.995040,0.777001,0.773147,0.9587,-0.0789,1.4274,-0.000,13.063,-175.667,0,0,344,235,94,114
1778107340.966015,3,0.976812,0.692366,0.676312,0.8159,0.2641,1.5845,0.000,17.626,-151.947,0,0,119,106,120,133
1778107340.966015,29,0.994055,0.777001,0.772382,0.9572,-0.0805,1.4252,0.000,11.773,-179.901,0,0,344,235,96,114
1778107340.966015,3,0.977321,0.693281,0.677558,0.8159,0.2641,1.5845,0.000,17.626,-151.947,0,0,119,106,118,133
1778107340.966015,29,0.994647,0.777459,0.773297,0.9572,-0.0805,1.4252,0.000,11.773,-179.901,0,0,345,235,96,114
1778107341.032737,3,0.976981,0.693281,0.677322,0.8194,0.2639,1.5866,0.000,17.940,-151.792,0,0,119,106,118,133
1778107341.032737,29,0.994775,0.777423,0.773361,0.9591,-0.0806,1.4258,-0.000,12.216,-179.780,0,0,345,235,96,114
1778107341.099442,3,0.977072,0.693281,0.677385,0.8194,0.2639,1.5866,0.000,17.977,-151.543,0,0,119,106,117,133
1778107341.099442,29,0.992471,0.777423,0.771571,0.9591,-0.0822,1.4258,0.000,12.306,-179.873,0,0,344,234,95,114
1778107341.099442,3,0.976838,0.693281,0.677223,0.8194,0.2639,1.5866,0.000,17.902,-151.721,0,0,119,106,117,133
1778107341.099442,29,0.989800,0.776988,0.769063,0.9591,-0.0822,1.4258,-0.000,10.800,179.803,0,0,345,234,96,115
1778107341.232916,3,0.975831,0.693775,0.677007,0.8199,0.2624,1.5851,0.000,17.629,-151.512,0,0,120,107,120,132
1778107341.232916,29,0.993661,0.776952,0.772027,0.9587,-0.0822,1.4274,0.000,11.035,178.388,0,0,345,234,95,115
1778107341.299654,3,0.975362,0.693365,0.676282,0.8194,0.2624,1.5866,0.000,17.795,-151.131,0,0,120,106,118,133
1778107341.299654,29,0.990747,0.776517,0.769332,0.9582,-0.0806,1.4290,0.000,12.635,-176.710,0,0,344,233,96,113
1778107341.299654,3,0.976711,0.693365,0.677217,0.8194,0.2624,1.5866,0.000,17.795,-151.131,0,0,120,107,118,132
1778107341.299654,29,0.993598,0.776517,0.771546,0.9582,-0.0806,1.4290,0.000,12.635,-176.710,0,0,344,233,97,113
1778107341.299654,3,0.976695,0.693775,0.677607,0.8194,0.2624,1.5866,0.000,17.691,-152.022,0,0,120,107,118,132
1778107341.299654,29,0.995441,0.776482,0.772941,0.9582,-0.0806,1.4290,0.000,13.563,-177.678,0,0,345,233,96,111
1778107341.399759,3,0.977946,0.693775,0.678475,0.8199,0.2624,1.5851,-0.000,18.050,-151.930,0,0,120,107,117,130
1778107341.399759,29,0.992192,0.776482,0.770419,0.9582,-0.0822,1.4290,0.000,12.821,-177.501,0,0,345,234,96,111
1778107341.466476,3,0.977781,0.693360,0.677954,0.8181,0.2617,1.5841,-0.000,17.643,-152.584,0,0,120,107,117,130
1778107341.466476,29,0.989140,0.776495,0.768063,0.9567,-0.0821,1.4268,-0.000,10.577,-177.928,0,0,345,234,96,111
1778107341.466476,3,0.976937,0.693444,0.677451,0.8181,0.2617,1.5841,-0.000,17.643,-152.584,0,0,121,107,120,130
1778107341.466476,29,0.990457,0.776459,0.769049,0.9567,-0.0821,1.4268,-0.000,10.577,-177.928,0,0,346,234,96,111
1778107341.533211,3,0.978704,0.693444,0.678676,0.8181,0.2602,1.5841,0.000,17.672,-152.162,0,0,120,107,117,130
1778107341.533211,29,0.991278,0.776459,0.769687,0.9567,-0.0838,1.4268,-0.000,10.347,-179.400,0,0,345,233,97,113
1778107341.599950,3,0.978020,0.693360,0.678120,0.8181,0.2617,1.5841,-0.000,17.808,-152.409,0,0,121,107,118,130
1778107341.599950,29,0.988245,0.776025,0.766903,0.9563,-0.0821,1.4284,-0.000,12.959,-175.342,0,0,344,233,97,113
1778107341.666688,3,0.978965,0.693444,0.678857,0.8181,0.2602,1.5841,0.000,18.253,-152.277,0,0,121,107,118,130
1778107341.666688,29,0.993419,0.776482,0.771371,0.9582,-0.0822,1.4290,0.000,12.683,-178.462,0,0,345,233,95,113
1778107341.666688,3,0.978752,0.693444,0.678710,0.8181,0.2602,1.5841,-0.000,18.032,-152.552,0,0,121,107,118,130
1778107341.666688,29,0.992916,0.776482,0.770981,0.9582,-0.0822,1.4290,0.000,12.324,-178.490,0,0,345,233,97,111
1778107341.666688,3,0.977012,0.693035,0.677103,0.8181,0.2602,1.5841,-0.000,18.032,-152.552,0,0,121,106,118,132
1778107341.666688,29,0.994576,0.776025,0.771816,0.9582,-0.0822,1.4290,0.000,12.324,-178.490,0,0,345,233,95,111
1778107341.766797,3,0.976969,0.693035,0.677073,0.8176,0.2602,1.5856,0.000,17.919,-151.909,0,0,121,106,118,133
1778107341.766797,29,0.994185,0.776025,0.771512,0.9563,-0.0821,1.4284,-0.000,13.167,-178.845,0,0,345,233,97,111
1778107341.833538,3,0.977334,0.693035,0.677326,0.8176,0.2602,1.5856,0.000,17.954,-152.025,0,0,121,106,118,132
1778107341.833538,29,0.990049,0.776025,0.768302,0.9563,-0.0821,1.4284,-0.000,13.026,-176.155,0,0,344,233,97,113
1778107341.900283,3,0.977537,0.692951,0.677385,0.8176,0.2617,1.5856,0.000,18.133,-151.702,0,0,120,106,118,132
1778107341.900283,29,0.993201,0.776060,0.770784,0.9563,-0.0805,1.4284,0.000,13.078,-177.819,0,0,344,233,97,113
1778107341.900283,3,0.976764,0.692951,0.676850,0.8176,0.2617,1.5856,-0.000,17.816,-151.828,0,0,121,107,118,132
1778107341.900283,29,0.992368,0.776060,0.770137,0.9563,-0.0805,1.4284,-0.000,13.233,-177.166,0,0,344,233,97,113
1778107341.967021,3,0.977832,0.693027,0.677664,0.8163,0.2595,1.5831,0.000,17.973,-152.125,0,0,120,107,117,130
1778107341.967021,29,0.990124,0.776060,0.768396,0.9563,-0.0805,1.4284,0.000,12.984,-176.118,0,0,344,234,96,114
1778107341.967021,3,0.977889,0.692951,0.677629,0.8163,0.2595,1.5831,0.000,17.973,-152.125,0,0,120,106,118,132
1778107341.967021,29,0.993547,0.776495,0.771485,0.9563,-0.0805,1.4284,0.000,12.984,-176.118,0,0,345,234,96,113
1778107342.033727,3,0.977735,0.692951,0.677522,0.8176,0.2617,1.5856,-0.000,17.970,-152.097,0,0,120,106,118,133
1778107342.033727,29,0.993744,0.776495,0.771637,0.9567,-0.0821,1.4268,-0.000,12.169,-179.231,0,0,345,234,96,113
1778107342.033727,3,0.977574,0.692951,0.677410,0.8176,0.2617,1.5856,-0.000,17.970,-152.097,0,0,121,106,120,132
1778107342.033727,29,0.995395,0.776495,0.772919,0.9567,-0.0821,1.4268,-0.000,12.169,-179.231,0,0,345,235,96,114
1778107342.100442,3,0.978918,0.693360,0.678742,0.8176,0.2617,1.5856,-0.000,17.770,-152.374,0,0,120,107,117,130
1778107342.100442,29,0.991826,0.777459,0.771104,0.9567,-0.0821,1.4268,0.000,12.793,-179.942,0,0,344,235,97,113
1778107342.167161,3,0.979901,0.693360,0.679424,0.8181,0.2617,1.5841,0.000,18.172,-152.867,0,0,120,107,118,130
1778107342.167161,29,0.992981,0.777459,0.772002,0.9591,-0.0806,1.4258,0.000,11.539,-179.228,0,0,345,234,96,113
1778107342.167161,3,0.978735,0.692944,0.678208,0.8181,0.2617,1.5841,0.000,18.172,-152.867,0,0,120,106,118,132
1778107342.167161,29,0.991980,0.776988,0.770757,0.9591,-0.0806,1.4258,0.000,11.539,-179.228,0,0,344,234,96,113
1778107342.267255,3,0.978931,0.692951,0.678351,0.8176,0.2617,1.5856,0.000,18.204,-152.366,0,0,120,106,118,132
1778107342.267255,29,0.991419,0.776988,0.770320,0.9587,-0.0806,1.4274,0.000,11.170,-178.626,0,0,344,235,97,114
1778107342.333986,3,0.979578,0.692951,0.678800,0.8176,0.2617,1.5856,0.000,18.134,-152.900,0,0,120,106,118,132
1778107342.333986,29,0.990984,0.777459,0.770450,0.9591,-0.0806,1.4258,-0.000,11.416,-177.857,0,0,344,234,96,115
1778107342.400715,3,0.978396,0.692951,0.677980,0.8176,0.2617,1.5856,0.000,18.177,-152.104,0,0,120,106,118,132
1778107342.400715,29,0.990139,0.777023,0.769361,0.9587,-0.0789,1.4274,0.000,12.751,-176.117,0,0,343,234,97,114
1778107342.400715,3,0.978202,0.692951,0.677846,0.8176,0.2617,1.5856,0.000,17.887,-152.525,0,0,119,106,117,132
1778107342.400715,29,0.992251,0.777023,0.771001,0.9587,-0.0789,1.4274,0.000,12.069,-177.980,0,0,343,234,97,114
1778107342.467462,3,0.978972,0.693281,0.678702,0.8194,0.2639,1.5866,0.000,18.076,-152.504,0,0,120,105,118,133
1778107342.467462,29,0.995009,0.777707,0.773825,0.9615,-0.0791,1.4283,0.000,11.977,179.173,0,0,344,235,97,114
1778107342.534200,3,0.976822,0.692866,0.676807,0.8176,0.2632,1.5856,0.000,17.945,-151.512,0,0,119,106,118,133
1778107342.534200,29,0.995018,0.777459,0.773586,0.9591,-0.0806,1.4258,-0.000,12.199,179.768,0,0,344,235,97,114
1778107342.534200,3,0.977593,0.692866,0.677342,0.8176,0.2632,1.5856,0.000,17.945,-151.512,0,0,119,106,118,133
1778107342.534200,29,0.992379,0.777459,0.771534,0.9591,-0.0806,1.4258,-0.000,12.199,179.768,0,0,344,234,96,115
1778107342.534200,3,0.977893,0.692866,0.677549,0.8176,0.2632,1.5856,0.000,18.066,-151.722,0,0,119,106,118,133
1778107342.534200,29,0.989005,0.776988,0.768445,0.9591,-0.0806,1.4258,0.000,11.227,-179.185,0,0,343,234,97,113
1778107342.667607,3,0.978046,0.692451,0.677249,0.8159,0.2626,1.5845,0.000,18.179,-151.778,0,0,119,106,118,133
1778107342.667607,29,0.992215,0.777459,0.771407,0.9591,-0.0806,1.4258,0.000,11.184,-179.110,0,0,344,235,96,114
1778107342.667607,3,0.977534,0.692451,0.676894,0.8159,0.2626,1.5845,0.000,18.179,-151.778,0,0,119,106,118,133
1778107342.667607,29,0.992083,0.777459,0.771304,0.9591,-0.0806,1.4258,0.000,11.184,-179.110,0,0,344,234,97,113
1778107342.767709,3,0.978054,0.692866,0.677661,0.8176,0.2632,1.5856,0.000,18.044,-152.019,0,0,119,106,118,133
1778107342.767709,29,0.990391,0.776988,0.769522,0.9587,-0.0806,1.4274,0.000,11.663,-177.314,0,0,344,234,96,113
1778107342.767709,3,0.977597,0.692866,0.677344,0.8176,0.2632,1.5856,0.000,17.936,-151.953,0,0,119,106,118,133
1778107342.767709,29,0.992906,0.776988,0.771476,0.9587,-0.0806,1.4274,-0.000,11.385,-179.584,0,0,345,235,96,114
1778107342.834450,3,0.977734,0.692866,0.677439,0.8176,0.2632,1.5856,0.000,18.196,-151.579,0,0,119,106,117,132
1778107342.834450,29,0.993830,0.777423,0.772627,0.9591,-0.0822,1.4258,0.000,12.204,-179.123,0,0,344,235,97,114
1778107342.901168,3,0.977180,0.692866,0.677055,0.8176,0.2632,1.5856,0.000,18.187,-151.301,0,0,119,106,117,133
1778107342.901168,29,0.992797,0.776988,0.771391,0.9587,-0.0806,1.4274,0.000,12.337,-178.174,0,0,344,234,97,113
1778107342.901168,3,0.977004,0.692866,0.676933,0.8176,0.2632,1.5856,0.000,18.126,-151.309,0,0,119,106,117,133
1778107342.901168,29,0.993719,0.776988,0.772108,0.9587,-0.0806,1.4274,-0.000,11.577,179.908,0,0,345,235,96,114
1778107342.967897,3,0.977752,0.692866,0.677451,0.8176,0.2632,1.5856,0.000,18.029,-151.875,0,0,120,106,118,133
1778107342.967897,29,0.994765,0.777423,0.773354,0.9591,-0.0822,1.4258,-0.000,13.077,-178.884,0,0,344,235,95,111
1778107343.001257,3,0.978210,0.692535,0.677444,0.8159,0.2611,1.5845,0.000,18.301,-151.786,0,0,120,106,118,133
1778107343.001257,29,0.993150,0.777459,0.772133,0.9591,-0.0806,1.4258,0.000,12.906,-177.761,0,0,345,234,96,113
1778107343.101360,3,0.976949,0.692535,0.676571,0.8159,0.2611,1.5845,0.000,18.167,-151.337,0,0,120,106,118,133
1778107343.101360,29,0.993627,0.776988,0.772036,0.9587,-0.0806,1.4274,-0.000,13.065,-178.032,0,0,344,234,97,114
1778107343.101360,3,0.977964,0.692535,0.677274,0.8159,0.2611,1.5845,0.000,18.126,-151.948,0,0,120,106,118,132
1778107343.101360,29,0.993706,0.776988,0.772098,0.9587,-0.0806,1.4274,0.000,13.121,-178.037,0,0,345,233,96,113
1778107343.201462,3,0.977109,0.692951,0.677088,0.8176,0.2617,1.5856,0.000,18.187,-151.387,0,0,120,106,118,132
1778107343.201462,29,0.994544,0.776482,0.772245,0.9582,-0.0822,1.4290,0.000,12.927,-179.085,0,0,345,233,97,113
1778107343.234832,3,0.977118,0.692951,0.677095,0.8176,0.2617,1.5856,0.000,17.969,-151.755,0,0,120,106,118,133
1778107343.234832,29,0.990362,0.776482,0.768998,0.9582,-0.0822,1.4290,-0.000,12.890,-176.410,0,0,345,233,96,114
1778107343.234832,3,0.976913,0.692951,0.676953,0.8176,0.2617,1.5856,0.000,17.811,-151.919,0,0,120,106,118,132
1778107343.234832,29,0.992157,0.776482,0.770392,0.9582,-0.0822,1.4290,0.000,13.377,-177.039,0,0,345,233,96,114
1778107343.301570,3,0.976891,0.692951,0.676937,0.8176,0.2617,1.5856,0.000,18.088,-151.435,0,0,120,105,118,133
1778107343.301570,29,0.993996,0.776482,0.771820,0.9582,-0.0822,1.4290,0.000,13.115,-178.448,0,0,345,233,97,114
1778107343.301570,3,0.975764,0.693369,0.676564,0.8176,0.2617,1.5856,0.000,18.088,-151.435,0,0,120,105,118,133
1778107343.301570,29,0.997868,0.775518,0.773865,0.9582,-0.0822,1.4290,0.000,13.115,-178.448,0,0,346,232,96,113
1778107343.368309,3,0.976730,0.693369,0.677234,0.8208,0.2631,1.5891,0.000,18.032,-151.577,0,0,120,105,118,133
1778107343.368309,29,0.996303,0.775518,0.772651,0.9558,-0.0838,1.4300,0.000,13.658,179.889,0,0,346,233,96,114
1778107343.468431,3,0.977488,0.693986,0.678363,0.8234,0.2641,1.5906,0.000,18.210,-151.682,0,0,120,106,118,132
1778107343.468431,29,0.992975,0.776482,0.771027,0.9582,-0.0822,1.4290,0.000,12.820,-178.009,0,0,345,233,96,111
1778107343.468431,3,0.977493,0.693779,0.678164,0.8234,0.2641,1.5906,0.000,18.210,-151.682,0,0,120,106,117,132
1778107343.468431,29,0.994716,0.776482,0.772379,0.9582,-0.0822,1.4290,0.000,12.820,-178.009,0,0,346,233,96,111
1778107343.468431,3,0.978208,0.693365,0.678256,0.8212,0.2631,1.5876,0.000,18.082,-151.765,0,0,120,106,118,132
1778107343.468431,29,0.993530,0.775989,0.770968,0.9582,-0.0822,1.4290,-0.000,13.041,-179.100,0,0,345,233,97,114
1778107343.601928,3,0.977367,0.693779,0.678077,0.8212,0.2631,1.5876,0.000,18.056,-151.741,0,0,120,106,118,133
1778107343.601928,29,0.992648,0.776482,0.770773,0.9582,-0.0822,1.4290,0.000,13.132,-177.520,0,0,345,233,97,114
1778107343.601928,3,0.975802,0.693779,0.676991,0.8212,0.2631,1.5876,-0.000,17.710,-151.496,0,0,120,106,117,132
1778107343.601928,29,0.996810,0.776482,0.774004,0.9582,-0.0822,1.4290,0.000,13.213,178.705,0,0,346,233,94,111
1778107343.668667,3,0.976630,0.693365,0.677162,0.8194,0.2624,1.5866,0.000,18.181,-151.154,0,0,121,106,118,132
1778107343.668667,29,0.995410,0.775989,0.772427,0.9563,-0.0838,1.4284,0.000,13.148,-179.710,0,0,345,233,96,114
1778107343.735393,3,0.974597,0.693864,0.676237,0.8212,0.2616,1.5876,0.000,17.999,-150.572,0,0,121,106,118,132
1778107343.735393,29,0.993657,0.776517,0.771592,0.9582,-0.0806,1.4290,0.000,13.000,-178.209,0,0,344,233,95,111
1778107343.735393,3,0.975738,0.693864,0.677029,0.8212,0.2616,1.5876,0.000,17.999,-150.572,0,0,121,106,118,133
1778107343.735393,29,0.990950,0.776517,0.769489,0.9582,-0.0806,1.4290,0.000,13.000,-178.209,0,0,345,233,96,113
1778107343.735393,3,0.974088,0.694071,0.676086,0.8212,0.2616,1.5876,0.000,18.159,-150.872,0,0,121,105,118,133
1778107343.735393,29,0.993072,0.776482,0.771102,0.9582,-0.0806,1.4290,0.000,11.960,-177.451,0,0,345,233,96,113
1778107343.835493,3,0.972754,0.694071,0.675161,0.8234,0.2626,1.5906,0.000,17.889,-150.618,0,0,121,105,118,133
1778107343.835493,29,0.992499,0.776482,0.770658,0.9582,-0.0822,1.4290,0.000,12.518,-178.387,0,0,345,233,96,113
1778107343.902185,3,0.972704,0.694071,0.675125,0.8234,0.2626,1.5906,0.000,17.700,-150.269,0,0,121,106,120,133
1778107343.902185,29,0.990746,0.776482,0.769296,0.9582,-0.0822,1.4290,0.000,11.775,-177.622,0,0,344,233,97,114
1778107343.968918,3,0.974375,0.693948,0.676166,0.8212,0.2601,1.5876,0.000,17.719,-151.014,0,0,122,106,120,133
1778107343.968918,29,0.992958,0.776517,0.771049,0.9582,-0.0806,1.4290,-0.000,12.432,-178.296,0,0,344,233,97,111
1778107343.968918,3,0.973542,0.693948,0.675587,0.8212,0.2601,1.5876,0.000,17.473,-151.003,0,0,122,106,118,133
1778107343.968918,29,0.992548,0.776517,0.770731,0.9582,-0.0806,1.4290,-0.000,12.527,-177.905,0,0,345,233,96,113
1778107343.968918,3,0.972575,0.693948,0.674916,0.8212,0.2601,1.5876,0.000,17.473,-151.003,0,0,122,106,118,133
1778107343.968918,29,0.992573,0.776482,0.770715,0.9582,-0.0806,1.4290,-0.000,12.527,-177.905,0,0,345,233,96,113
1778107344.068993,3,0.974542,0.693948,0.676281,0.8212,0.2601,1.5876,0.000,17.662,-151.185,0,0,122,106,118,133
1778107344.068993,29,0.993030,0.776482,0.771069,0.9582,-0.0822,1.4290,0.000,13.046,-177.837,0,0,344,233,97,113
1778107344.135752,3,0.975517,0.694978,0.677963,0.8256,0.2618,1.5902,0.000,17.735,-151.556,0,0,123,106,118,133
1778107344.135752,29,0.992585,0.776517,0.770759,0.9582,-0.0806,1.4290,0.000,12.111,-178.392,0,0,345,233,96,111
1778107344.135752,3,0.974293,0.695475,0.677596,0.8256,0.2618,1.5902,0.000,17.735,-151.556,0,0,123,107,118,132
1778107344.135752,29,0.991736,0.776517,0.770100,0.9582,-0.0806,1.4290,0.000,12.111,-178.392,0,0,344,233,96,113
1778107344.202491,3,0.974865,0.695475,0.677994,0.8261,0.2602,1.5887,0.000,17.598,-151.162,0,0,123,107,118,132
1778107344.202491,29,0.994566,0.776517,0.772298,0.9582,-0.0806,1.4290,-0.000,12.403,-177.497,0,0,344,233,97,113
1778107344.202491,3,0.975405,0.695062,0.677967,0.8261,0.2602,1.5887,0.000,17.931,-150.922,0,0,123,107,118,133
1778107344.202491,29,0.992513,0.776060,0.770250,0.9582,-0.0806,1.4290,0.000,13.642,-178.283,0,0,344,233,97,113
1778107344.335968,3,0.975743,0.695062,0.678202,0.8243,0.2596,1.5877,0.000,17.911,-151.377,0,0,123,107,117,133
1778107344.335968,29,0.991617,0.776517,0.770008,0.9582,-0.0806,1.4290,0.000,12.569,-177.269,0,0,344,234,97,113
1778107344.335968,3,0.975736,0.695062,0.678197,0.8243,0.2596,1.5877,0.000,17.911,-151.377,0,0,123,108,117,132
1778107344.335968,29,0.995268,0.776988,0.773311,0.9582,-0.0806,1.4290,0.000,12.569,-177.269,0,0,345,234,96,113
1778107344.369337,3,0.978668,0.695474,0.680638,0.8243,0.2596,1.5877,0.000,17.791,-151.564,0,0,124,108,118,132
1778107344.369337,29,0.994215,0.776952,0.772458,0.9587,-0.0806,1.4274,-0.000,12.851,-179.624,0,0,344,235,97,114
1778107344.402697,3,0.977192,0.695971,0.680098,0.8248,0.2596,1.5863,0.000,18.253,-152.219,0,0,124,108,118,132
1778107344.402697,29,0.993639,0.777459,0.772514,0.9587,-0.0822,1.4274,0.000,12.874,-178.761,0,0,344,234,97,113
1778107344.502814,3,0.976004,0.695971,0.679270,0.8265,0.2587,1.5873,0.000,17.932,-151.470,0,0,124,107,117,133
1778107344.502814,29,0.993144,0.776988,0.771661,0.9587,-0.0806,1.4274,0.000,11.409,-179.786,0,0,344,235,97,114
1778107344.569553,3,0.977947,0.695971,0.680623,0.8265,0.2587,1.5873,-0.000,18.349,-151.801,0,0,124,108,117,132
1778107344.569553,29,0.995210,0.776952,0.773231,0.9587,-0.0822,1.4274,-0.000,12.482,179.764,0,0,345,234,96,113
1778107344.569553,3,0.976967,0.695971,0.679941,0.8265,0.2587,1.5873,-0.000,18.349,-151.801,0,0,124,107,117,133
1778107344.569553,29,0.990971,0.776952,0.769937,0.9587,-0.0822,1.4274,-0.000,12.482,179.764,0,0,344,235,98,114
1778107344.669665,3,0.977373,0.695558,0.679820,0.8248,0.2580,1.5863,-0.000,18.122,-151.863,0,0,124,108,117,132
1778107344.669665,29,0.992136,0.777459,0.771345,0.9591,-0.0806,1.4258,0.000,11.301,-178.860,0,0,344,235,96,113
1778107344.669665,3,0.973977,0.695558,0.677458,0.8248,0.2580,1.5863,-0.000,18.122,-151.863,0,0,124,108,117,133
1778107344.669665,29,0.991825,0.777459,0.771103,0.9591,-0.0806,1.4258,0.000,11.301,-178.860,0,0,344,234,96,113
1778107344.669665,3,0.972260,0.695558,0.676263,0.8248,0.2580,1.5863,0.000,17.203,-151.643,0,0,124,109,117,132
1778107344.669665,29,0.992300,0.776988,0.771005,0.9591,-0.0806,1.4258,-0.000,11.608,-178.207,0,0,343,234,97,111
1778107344.736378,3,0.975715,0.696384,0.679472,0.8248,0.2580,1.5863,0.000,16.915,-151.282,0,0,124,109,117,132
1778107344.736378,29,0.991887,0.777707,0.771397,0.9587,-0.0806,1.4274,0.000,12.169,-178.007,0,0,343,234,96,110
1778107344.803098,3,0.974704,0.696880,0.679252,0.8270,0.2587,1.5858,0.000,17.895,-151.264,0,0,125,109,116,132
1778107344.803098,29,0.992789,0.777707,0.772099,0.9615,-0.0791,1.4283,0.000,12.793,-177.048,0,0,343,234,97,113
1778107344.869838,3,0.975299,0.696880,0.679667,0.8288,0.2578,1.5868,0.000,17.948,-150.835,0,0,125,109,117,132
1778107344.869838,29,0.994291,0.777707,0.773267,0.9615,-0.0791,1.4283,0.000,11.918,-178.565,0,0,344,234,96,111
1778107344.869838,3,0.975096,0.696880,0.679526,0.8288,0.2578,1.5868,0.000,18.334,-150.571,0,0,125,109,117,132
1778107344.869838,29,0.994146,0.777672,0.773119,0.9615,-0.0791,1.4283,-0.000,13.153,-178.328,0,0,344,234,96,111
1778107345.003293,3,0.975521,0.696551,0.679500,0.8270,0.2557,1.5858,0.000,18.244,-150.911,0,0,126,109,117,133
1778107345.003293,29,0.993764,0.778178,0.773326,0.9620,-0.0791,1.4267,-0.000,12.898,-178.088,0,0,343,235,96,110
1778107345.003293,3,0.975930,0.696551,0.679785,0.8270,0.2557,1.5858,0.000,18.071,-151.346,0,0,126,109,118,132
1778107345.003293,29,0.995407,0.778178,0.774604,0.9620,-0.0791,1.4267,0.000,12.511,179.958,0,0,343,235,95,110
1778107345.103385,3,0.976159,0.696964,0.680347,0.8288,0.2563,1.5868,0.000,17.912,-151.696,0,0,126,109,117,132
1778107345.103385,29,0.995386,0.776988,0.773403,0.9587,-0.0806,1.4274,0.000,12.749,-179.898,0,0,344,234,96,113
1778107345.103385,3,0.977923,0.696964,0.681577,0.8288,0.2563,1.5868,0.000,18.687,-151.414,0,0,126,109,117,132
1778107345.103385,29,0.997053,0.776988,0.774698,0.9587,-0.0806,1.4274,0.000,13.159,178.428,0,0,344,235,95,110
1778107345.103385,3,0.974735,0.696551,0.678953,0.8288,0.2563,1.5868,0.000,18.687,-151.414,0,0,126,109,117,132
1778107345.103385,29,0.997370,0.778143,0.776097,0.9587,-0.0806,1.4274,0.000,13.159,178.428,0,0,344,235,94,110
1778107345.170118,3,0.974103,0.696964,0.678915,0.8270,0.2557,1.5858,-0.000,17.872,-151.078,0,0,126,109,117,132
1778107345.170118,29,0.996047,0.778143,0.775067,0.9620,-0.0807,1.4267,0.000,13.770,179.331,0,0,344,235,95,111
1778107345.236836,3,0.973347,0.696964,0.678388,0.8288,0.2563,1.5868,0.000,17.393,-151.152,0,0,126,108,117,133
1778107345.236836,29,0.996981,0.778143,0.775794,0.9620,-0.0807,1.4267,0.000,12.838,177.809,0,0,344,235,95,110
1778107345.336934,3,0.973270,0.697047,0.678415,0.8288,0.2548,1.5868,-0.000,17.522,-151.044,0,0,127,109,118,132
1778107345.336934,29,0.996868,0.778143,0.775706,0.9620,-0.0807,1.4267,0.000,12.789,177.980,0,0,344,235,95,110
1778107345.336934,3,0.973179,0.697047,0.678352,0.8288,0.2548,1.5868,-0.000,17.522,-151.044,0,0,127,109,118,133
1778107345.336934,29,0.996918,0.778143,0.775745,0.9620,-0.0807,1.4267,0.000,12.789,177.980,0,0,343,234,95,111
1778107345.403666,3,0.972665,0.697047,0.677994,0.8288,0.2548,1.5868,0.000,17.253,-151.173,0,0,127,109,118,132
1778107345.403666,29,0.995757,0.777707,0.774407,0.9615,-0.0791,1.4283,0.000,14.060,-178.669,0,0,343,234,96,111
1778107345.470399,3,0.974770,0.696634,0.679058,0.8270,0.2541,1.5858,0.000,17.727,-151.431,0,0,127,109,117,132
1778107345.470399,29,0.994595,0.777235,0.773034,0.9610,-0.0791,1.4299,0.000,13.360,-178.458,0,0,343,233,96,113
1778107345.470399,3,0.974762,0.696634,0.679053,0.8270,0.2541,1.5858,-0.000,17.721,-151.435,0,0,127,109,117,133
1778107345.470399,29,0.994403,0.777235,0.772885,0.9610,-0.0791,1.4299,0.000,12.204,-179.771,0,0,343,234,96,111
1778107345.470399,3,0.973675,0.696634,0.678295,0.8270,0.2541,1.5858,-0.000,17.721,-151.435,0,0,127,109,117,133
1778107345.470399,29,0.995016,0.777707,0.773830,0.9610,-0.0791,1.4299,0.000,12.204,-179.771,0,0,343,234,95,111
1778107345.570467,3,0.976645,0.696634,0.680364,0.8270,0.2541,1.5858,-0.000,18.113,-151.750,0,0,128,109,116,132
1778107345.570467,29,0.993461,0.777707,0.772621,0.9615,-0.0791,1.4283,0.000,12.605,-178.265,0,0,342,234,95,110
1778107345.570467,3,0.973207,0.696634,0.677969,0.8270,0.2541,1.5858,-0.000,18.113,-151.750,0,0,127,109,117,132
1778107345.570467,29,0.993066,0.777707,0.772314,0.9615,-0.0791,1.4283,0.000,12.605,-178.265,0,0,342,234,97,111
1778107345.703950,3,0.976673,0.696716,0.680464,0.8270,0.2526,1.5858,0.000,18.079,-151.938,0,0,128,109,116,132
1778107345.703950,29,0.996103,0.777741,0.774710,0.9615,-0.0774,1.4283,-0.000,13.119,-179.947,0,0,342,234,97,111
1778107345.703950,3,0.973412,0.696716,0.678192,0.8270,0.2526,1.5858,0.000,17.344,-151.501,0,0,127,108,117,133
1778107345.703950,29,0.992742,0.777741,0.772096,0.9615,-0.0774,1.4283,-0.000,12.297,-177.971,0,0,342,234,98,111
1778107345.804063,3,0.972613,0.695807,0.676751,0.8248,0.2535,1.5863,0.000,17.121,-151.483,0,0,127,108,117,133
1778107345.804063,29,0.988878,0.778455,0.769797,0.9644,-0.0759,1.4292,0.000,11.645,-176.163,0,0,341,234,98,111
1778107345.804063,3,0.972432,0.695807,0.676625,0.8248,0.2535,1.5863,0.000,17.341,-151.054,0,0,128,108,118,133
1778107345.804063,29,0.996646,0.778455,0.775845,0.9644,-0.0759,1.4292,-0.000,13.146,179.463,0,0,342,235,95,110
1778107345.804063,3,0.973274,0.696303,0.677694,0.8248,0.2535,1.5863,0.000,17.341,-151.054,0,0,128,108,118,133
1778107345.804063,29,0.996813,0.778894,0.776412,0.9644,-0.0759,1.4292,-0.000,13.146,179.463,0,0,342,235,95,110
1778107345.937535,3,0.973535,0.695889,0.677472,0.8248,0.2520,1.5863,0.000,17.623,-151.254,0,0,128,108,118,133
1778107345.937535,29,0.991575,0.778928,0.772365,0.9649,-0.0759,1.4276,-0.000,11.831,-177.466,0,0,341,235,96,111
1778107345.937535,3,0.976193,0.695889,0.679322,0.8248,0.2520,1.5863,0.000,17.623,-151.254,0,0,128,108,117,133
1778107345.937535,29,0.993028,0.778928,0.773497,0.9649,-0.0759,1.4276,-0.000,11.831,-177.466,0,0,342,234,97,113
1778107346.004273,3,0.974399,0.696303,0.678477,0.8265,0.2526,1.5873,-0.000,17.635,-151.640,0,0,128,108,118,133
1778107346.004273,29,0.991313,0.777741,0.770985,0.9615,-0.0774,1.4283,0.000,11.751,-177.596,0,0,341,235,97,110
1778107346.004273,3,0.974228,0.696303,0.678358,0.8265,0.2526,1.5873,-0.000,17.635,-151.640,0,0,128,108,118,133
1778107346.004273,29,0.995735,0.778928,0.775606,0.9615,-0.0774,1.4283,0.000,11.751,-177.596,0,0,342,235,95,111
1778107346.071004,3,0.972952,0.695807,0.676987,0.8265,0.2526,1.5873,0.000,17.803,-151.305,0,0,127,108,117,133
1778107346.071004,29,0.996398,0.778894,0.776089,0.9649,-0.0759,1.4276,-0.000,12.376,179.451,0,0,342,235,95,110
1778107346.137742,3,0.978363,0.695807,0.680751,0.8248,0.2535,1.5863,0.000,17.763,-150.670,0,0,128,108,118,133
1778107346.137742,29,0.994624,0.778894,0.774707,0.9649,-0.0775,1.4276,0.000,12.549,178.560,0,0,343,235,95,113
1778107346.137742,3,0.976336,0.695889,0.679422,0.8248,0.2535,1.5863,0.000,18.501,-152.146,0,0,127,109,117,133
1778107346.137742,29,0.994830,0.778178,0.774155,0.9649,-0.0775,1.4276,-0.000,11.302,177.807,0,0,343,235,94,111
1778107346.204469,3,0.976893,0.695184,0.679121,0.8248,0.2520,1.5863,0.000,18.195,-151.718,0,0,127,108,117,133
1778107346.204469,29,0.995248,0.778860,0.775159,0.9620,-0.0791,1.4267,0.000,11.643,178.805,0,0,343,235,95,111
1778107346.304577,3,0.975871,0.695184,0.678410,0.8221,0.2525,1.5847,-0.000,17.895,-151.829,0,0,127,109,117,133
1778107346.304577,29,0.994979,0.778860,0.774949,0.9649,-0.0792,1.4276,0.000,11.465,177.215,0,0,343,235,95,111
1778107346.371289,3,0.976783,0.695596,0.679447,0.8225,0.2525,1.5833,0.000,18.085,-151.861,0,0,127,108,117,133
1778107346.371289,29,0.994654,0.778860,0.774696,0.9649,-0.0792,1.4276,-0.000,11.278,177.007,0,0,343,235,95,113
1778107346.471392,3,0.974323,0.695179,0.677328,0.8208,0.2518,1.5823,-0.000,17.594,-151.422,0,0,127,109,118,132
1778107346.471392,29,0.995016,0.778178,0.774300,0.9620,-0.0791,1.4267,-0.000,11.559,177.967,0,0,343,235,94,113
1778107346.538109,3,0.975510,0.694679,0.677666,0.8190,0.2527,1.5812,0.000,17.747,-151.634,0,0,126,109,117,132
1778107346.538109,29,0.996004,0.778178,0.775069,0.9620,-0.0791,1.4267,-0.000,12.130,177.732,0,0,343,235,97,111
1778107346.538109,30,0.615720,0.714314,0.439817,0.9434,-0.5175,1.5884,0.000,14.230,-154.259,0,0,597,142,86,117
1778107346.538109,3,0.974672,0.695102,0.677496,0.8190,0.2527,1.5812,0.000,17.747,-151.634,0,0,126,108,117,133
1778107346.538109,29,0.994330,0.778178,0.773766,0.9620,-0.0791,1.4267,-0.000,12.130,177.732,0,0,343,235,97,113
1778107346.538109,30,0.655300,0.714901,0.468474,0.9434,-0.5175,1.5884,0.000,14.230,-154.259,0,0,596,143,87,121
1778107346.604843,3,0.975408,0.695102,0.678008,0.8221,0.2540,1.5847,0.000,17.516,-151.718,0,0,126,108,117,133
1778107346.604843,29,0.995991,0.778178,0.775058,0.9620,-0.0791,1.4267,-0.000,11.168,177.938,0,0,343,235,96,111
1778107346.604843,30,0.655528,0.714901,0.468637,0.9439,-0.5157,1.5868,-0.000,12.097,-158.158,0,0,595,142,89,121
1778107346.671581,3,0.976841,0.695102,0.679004,0.8221,0.2540,1.5847,0.000,17.943,-152.123,0,0,126,108,117,133
1778107346.671581,29,0.996973,0.778178,0.775823,0.9620,-0.0791,1.4267,-0.000,12.920,175.731,0,0,344,235,96,113
1778107346.671581,30,0.697269,0.715984,0.499233,0.9507,-0.5179,1.5920,-0.000,15.615,-160.380,0,0,595,142,89,122
1778107346.671581,3,0.976915,0.694686,0.678649,0.8221,0.2540,1.5847,0.000,17.943,-152.123,0,0,126,108,117,133
1778107346.671581,29,0.997939,0.778178,0.776575,0.9620,-0.0791,1.4267,-0.000,12.920,175.731,0,0,343,235,97,111
1778107346.671581,30,0.684691,0.717733,0.491425,0.9507,-0.5179,1.5920,-0.000,15.615,-160.380,0,0,593,143,93,120
1778107346.805052,3,0.976122,0.694686,0.678098,0.8203,0.2533,1.5837,0.000,18.177,-151.787,0,0,126,108,117,133
1778107346.805052,29,0.996876,0.778178,0.775747,0.9620,-0.0791,1.4267,0.000,13.544,177.376,0,0,343,235,97,110
1778107346.805052,30,0.689640,0.716893,0.494398,0.9566,-0.5174,1.5931,-0.000,13.529,-159.842,0,0,595,143,90,118
1778107346.871791,3,0.976859,0.694686,0.678610,0.8203,0.2533,1.5837,0.000,17.927,-151.782,0,0,126,108,117,133
1778107346.871791,29,0.997870,0.778178,0.776521,0.9620,-0.0791,1.4267,0.000,13.170,179.139,0,0,344,235,96,110
1778107346.871791,30,0.653891,0.717559,0.469205,0.9539,-0.5194,1.5917,0.000,14.877,-159.954,0,0,594,143,92,118
1778107347.005263,3,0.974142,0.694268,0.676316,0.8185,0.2527,1.5827,0.000,17.341,-151.742,0,0,126,108,117,133
1778107347.005263,29,0.997595,0.777459,0.775589,0.9591,-0.0806,1.4258,-0.000,13.264,177.441,0,0,344,235,96,111
1778107347.005263,30,0.653582,0.717976,0.469256,0.9572,-0.5192,1.5914,-0.000,14.143,-157.067,0,0,594,144,91,120
1778107347.005263,3,0.975496,0.694268,0.677255,0.8185,0.2527,1.5827,0.000,17.578,-152.033,0,0,126,108,117,133
1778107347.005263,29,0.997608,0.777459,0.775600,0.9591,-0.0806,1.4258,-0.000,13.903,179.177,0,0,343,235,97,110
1778107347.005263,30,0.651791,0.717976,0.467970,0.9572,-0.5192,1.5914,0.000,12.878,-157.381,0,0,594,146,92,118
1778107347.072002,3,0.977289,0.694268,0.678500,0.8185,0.2527,1.5827,0.000,17.892,-152.450,0,0,126,107,117,133
1778107347.072002,29,0.996914,0.777494,0.775095,0.9591,-0.0789,1.4258,0.000,12.902,178.375,0,0,343,235,95,111
1778107347.072002,30,0.657905,0.718810,0.472909,0.9582,-0.5192,1.5881,0.000,14.666,-157.212,0,0,594,148,91,117
1778107347.138706,3,0.976180,0.693857,0.677330,0.8181,0.2527,1.5841,0.000,17.840,-152.084,0,0,126,107,117,133
1778107347.138706,29,0.996428,0.777494,0.774717,0.9591,-0.0789,1.4258,0.000,12.371,177.321,0,0,344,235,95,111
1778107347.138706,30,0.689213,0.719150,0.495648,0.9565,-0.5177,1.5834,0.000,14.326,-159.940,0,0,594,148,91,121
1778107347.238814,3,0.975869,0.693849,0.677106,0.8168,0.2520,1.5817,-0.000,17.659,-152.090,0,0,126,108,117,133
1778107347.238814,29,0.996193,0.777494,0.774534,0.9591,-0.0789,1.4258,0.000,12.382,178.375,0,0,343,235,95,111
1778107347.238814,30,0.685713,0.719820,0.493590,0.9592,-0.5174,1.5847,0.000,14.288,-159.567,0,0,593,148,93,124
1778107347.305550,3,0.973807,0.694268,0.676083,0.8185,0.2527,1.5827,0.000,17.019,-152.127,0,0,126,108,118,133
1778107347.305550,29,0.995549,0.777494,0.774033,0.9591,-0.0789,1.4258,-0.000,12.115,178.894,0,0,343,235,95,111
1778107347.305550,30,0.651477,0.720480,0.469376,0.9602,-0.5192,1.5814,0.000,12.638,-157.332,0,0,594,150,92,126
1778107347.372284,3,0.972757,0.694268,0.675354,0.8185,0.2527,1.5827,0.000,16.827,-151.927,0,0,126,108,118,132
1778107347.372284,29,0.994846,0.777494,0.773486,0.9591,-0.0789,1.4258,-0.000,11.974,179.643,0,0,343,235,96,110
1778107347.372284,30,0.696568,0.720480,0.501863,0.9602,-0.5192,1.5814,0.000,13.650,-160.776,0,0,594,150,92,122
1778107347.372284,3,0.971169,0.693768,0.673766,0.8185,0.2527,1.5827,0.000,16.827,-151.927,0,0,125,108,117,133
1778107347.372284,29,0.993271,0.777494,0.772262,0.9591,-0.0789,1.4258,-0.000,11.974,179.643,0,0,343,235,96,110
1778107347.372284,30,0.701082,0.721316,0.505702,0.9602,-0.5192,1.5814,0.000,13.650,-160.776,0,0,594,152,92,129
1778107347.505766,3,0.968585,0.693358,0.671576,0.8163,0.2535,1.5831,0.000,16.034,-151.306,0,0,125,107,118,133
1778107347.505766,29,0.992880,0.777528,0.771992,0.9591,-0.0773,1.4258,0.000,11.562,-178.898,0,0,342,235,96,110
1778107347.505766,30,0.678945,0.721911,0.490138,0.9618,-0.5174,1.5764,-0.000,12.536,-159.519,0,0,593,153,93,122
1778107347.572472,3,0.970502,0.693686,0.673224,0.8168,0.2550,1.5817,-0.000,16.781,-150.683,0,0,124,108,117,132
1778107347.572472,29,0.995595,0.777494,0.774069,0.9591,-0.0789,1.4258,0.000,11.831,176.756,0,0,343,235,93,111
1778107347.572472,30,0.700821,0.720820,0.505166,0.9585,-0.5177,1.5767,-0.000,13.307,-161.229,0,0,594,152,91,124
1778107347.639197,3,0.968404,0.693276,0.671371,0.8163,0.2550,1.5831,0.000,16.335,-150.587,0,0,124,107,117,133
1778107347.639197,29,0.992916,0.777528,0.772020,0.9591,-0.0773,1.4258,0.000,10.731,179.329,0,0,342,235,95,111
1778107347.639197,30,0.668459,0.720820,0.481839,0.9585,-0.5177,1.5767,0.000,13.237,-158.489,0,0,594,152,92,124
1778107347.705913,3,0.970659,0.692857,0.672528,0.8145,0.2544,1.5821,0.000,16.167,-151.965,0,0,124,107,118,133
1778107347.705913,29,0.991938,0.777023,0.770759,0.9587,-0.0789,1.4274,0.000,10.788,-179.651,0,0,343,234,96,111
1778107347.705913,30,0.681602,0.720497,0.491093,0.9558,-0.5145,1.5754,0.000,12.993,-159.600,0,0,593,152,93,124
1778107347.772652,3,0.969879,0.692857,0.671988,0.8145,0.2544,1.5821,0.000,16.049,-151.787,0,0,124,107,118,133
1778107347.772652,29,0.990979,0.776129,0.769127,0.9563,-0.0772,1.4284,0.000,11.067,-178.379,0,0,342,233,97,113
1778107347.772652,30,0.661544,0.719486,0.475971,0.9512,-0.5138,1.5733,-0.000,11.369,-158.596,0,0,594,152,92,124
1778107347.839390,3,0.969045,0.693276,0.671816,0.8163,0.2550,1.5831,-0.000,15.989,-151.484,0,0,124,107,118,133
1778107347.839390,29,0.993920,0.777023,0.772298,0.9587,-0.0789,1.4274,0.000,11.603,179.822,0,0,343,234,96,111
1778107347.839390,30,0.653115,0.718982,0.469578,0.9485,-0.5123,1.5720,0.000,12.116,-157.620,0,0,594,152,92,125
1778107347.839390,3,0.969383,0.692857,0.671644,0.8163,0.2550,1.5831,-0.000,15.989,-151.484,0,0,124,107,118,133
1778107347.839390,29,0.995158,0.777494,0.773729,0.9587,-0.0789,1.4274,0.000,11.603,179.822,0,0,343,235,95,110
1778107347.839390,30,0.678575,0.718476,0.487539,0.9485,-0.5123,1.5720,0.000,12.116,-157.620,0,0,594,152,91,122
1778107347.972852,3,0.969256,0.692857,0.671556,0.8145,0.2544,1.5821,0.000,16.413,-150.843,0,0,124,107,120,133
1778107347.972852,29,0.994229,0.777001,0.772517,0.9572,-0.0805,1.4252,-0.000,11.046,176.967,0,0,344,235,96,111
1778107347.972852,30,0.685057,0.717968,0.491849,0.9430,-0.5094,1.5693,0.000,13.587,-159.770,0,0,594,152,91,122
1778107348.039591,3,0.971000,0.692437,0.672356,0.8128,0.2537,1.5811,-0.000,16.549,-151.433,0,0,123,107,118,132
1778107348.039591,29,0.993628,0.777001,0.772050,0.9572,-0.0805,1.4252,0.000,11.946,-179.199,0,0,343,234,95,113
1778107348.039591,30,0.636715,0.717628,0.456924,0.9412,-0.5084,1.5685,0.000,13.657,-155.738,0,0,594,152,91,124
1778107348.039591,3,0.971912,0.692356,0.672909,0.8128,0.2552,1.5811,0.000,16.826,-151.275,0,0,123,106,118,133
1778107348.039591,29,0.991163,0.777023,0.770156,0.9587,-0.0789,1.4274,0.000,10.319,-179.855,0,0,344,234,94,113
1778107348.039591,30,0.642908,0.717628,0.461369,0.9412,-0.5084,1.5685,-0.000,14.521,-155.947,0,0,595,152,90,124
1778107348.039591,3,0.971879,0.691947,0.672489,0.8128,0.2552,1.5811,0.000,16.826,-151.275,0,0,122,105,118,133
1778107348.039591,29,0.991969,0.776531,0.770295,0.9587,-0.0789,1.4274,0.000,10.319,-179.855,0,0,344,234,96,113
1778107348.039591,30,0.637415,0.716943,0.456990,0.9412,-0.5084,1.5685,-0.000,14.521,-155.947,0,0,595,151,90,125
1778107348.173058,3,0.971835,0.691457,0.671982,0.8119,0.2567,1.5839,0.000,17.197,-150.767,0,0,122,105,118,133
1778107348.173058,29,0.993361,0.776531,0.771375,0.9567,-0.0805,1.4268,-0.000,12.172,-178.798,0,0,345,234,96,114
1778107348.173058,30,0.621590,0.716530,0.445388,0.9380,-0.5086,1.5688,0.000,12.910,-154.889,0,0,594,151,91,126
1778107348.273156,0,0.971514,0.690828,0.671149,0.8092,0.2557,1.5824,0.000,17.195,-150.622,0,0,122,105,120,133
1778107348.273156,1,0.993738,0.775590,0.770733,0.9558,-0.0805,1.4300,0.000,13.051,-178.316,0,0,344,232,95,113
1778107348.273156,3,0.972310,0.690828,0.671699,0.8092,0.2557,1.5824,0.000,17.195,-150.622,0,0,122,105,120,133
1778107348.273156,31,0.996287,0.775590,0.772710,0.9558,-0.0805,1.4300,0.000,13.051,-178.316,0,0,346,233,96,111
1778107348.339894,3,0.972970,0.690828,0.672155,0.8092,0.2557,1.5824,0.000,17.394,-150.985,0,0,122,105,120,133
1778107348.339894,32,0.996211,0.775989,0.773048,0.9563,-0.0838,1.4284,0.000,12.783,178.645,0,0,346,232,96,113
1778107348.339894,0,0.973014,0.691375,0.672718,0.8092,0.2557,1.5824,0.000,17.394,-150.985,0,0,121,105,118,133
1778107348.339894,1,0.996520,0.776445,0.773743,0.9563,-0.0838,1.4284,0.000,12.783,178.645,0,0,346,233,95,110
1778107348.339894,2,0.695677,0.715191,0.497542,nan,nan,nan,nan,nan,nan,0,0,595,149,89,122
1778107348.506735,3,0.970857,0.690746,0.670616,0.8092,0.2572,1.5824,0.000,17.188,-150.215,0,0,121,105,120,133
1778107348.506735,32,0.996109,0.776445,0.773425,0.9582,-0.0839,1.4290,0.000,12.589,178.293,0,0,346,233,95,111
1778107348.506735,30,0.661634,0.715019,0.473081,0.9342,-0.5088,1.5707,-0.000,15.437,-157.394,0,0,596,149,88,122
1778107348.573462,3,0.969149,0.690746,0.669436,0.8092,0.2572,1.5824,-0.000,16.819,-150.034,0,0,121,105,120,133
1778107348.573462,32,0.995156,0.775989,0.772230,0.9563,-0.0838,1.4284,0.000,12.153,178.829,0,0,346,233,95,111
1778107348.573462,30,0.675274,0.716357,0.483737,0.9380,-0.5103,1.5688,0.000,15.824,-158.388,0,0,596,151,88,121
1778107348.640199,3,0.970764,0.690257,0.670076,0.8088,0.2587,1.5838,0.000,16.878,-150.673,0,0,120,104,120,135
1778107348.640199,32,0.993292,0.776482,0.771273,0.9582,-0.0822,1.4290,0.000,12.085,-179.094,0,0,345,233,95,111
1778107348.640199,30,0.657090,0.716384,0.470729,0.9397,-0.5084,1.5734,0.000,15.202,-156.923,0,0,594,149,91,126
1778107348.640199,3,0.971885,0.690885,0.671461,0.8088,0.2587,1.5838,0.000,16.878,-150.673,0,0,120,104,120,133
1778107348.640199,32,0.992147,0.776011,0.769917,0.9582,-0.0822,1.4290,0.000,12.085,-179.094,0,0,345,232,97,113
1778107348.640199,30,0.698380,0.716384,0.500308,0.9397,-0.5084,1.5734,0.000,15.202,-156.923,0,0,594,149,91,122
1778107348.773621,3,0.971886,0.690885,0.671461,0.8114,0.2597,1.5854,0.000,17.444,-150.283,0,0,120,104,120,133
1778107348.773621,32,0.992356,0.776445,0.770510,0.9582,-0.0839,1.4290,0.000,11.393,-179.426,0,0,346,233,96,113
1778107348.773621,30,0.679287,0.716384,0.486630,0.9397,-0.5084,1.5734,0.000,16.814,-158.274,0,0,594,149,92,124
1778107348.840350,3,0.970904,0.691302,0.671188,0.8132,0.2604,1.5864,0.000,17.350,-149.988,0,0,120,104,120,133
1778107348.840350,32,0.993346,0.776445,0.771279,0.9582,-0.0839,1.4290,0.000,12.245,-179.027,0,0,346,233,96,111
1778107348.840350,30,0.693045,0.716212,0.496368,0.9397,-0.5101,1.5734,-0.000,16.045,-159.774,0,0,595,149,89,124
1778107348.907084,3,0.970817,0.691302,0.671128,0.8132,0.2604,1.5864,0.000,17.560,-149.645,0,0,120,103,120,135
1778107348.907084,32,0.991797,0.776482,0.770112,0.9582,-0.0822,1.4290,0.000,11.692,-178.435,0,0,345,233,95,111
1778107348.907084,30,0.696046,0.716384,0.498637,0.9397,-0.5084,1.5734,0.000,16.215,-159.895,0,0,594,149,91,122
1778107348.907084,3,0.971569,0.690894,0.671252,0.8132,0.2604,1.5864,0.000,17.560,-149.645,0,0,120,103,120,133
1778107348.907084,32,0.995969,0.776482,0.773352,0.9582,-0.0822,1.4290,0.000,11.692,-178.435,0,0,346,233,96,111
1778107348.907084,30,0.697567,0.716384,0.499726,0.9397,-0.5084,1.5734,0.000,16.215,-159.895,0,0,594,148,91,125
1778107349.040561,3,0.971458,0.691310,0.671579,0.8145,0.2611,1.5889,0.000,17.616,-149.952,0,0,120,103,120,135
1778107349.040561,32,0.994376,0.776445,0.772079,0.9582,-0.0839,1.4290,-0.000,11.712,178.903,0,0,346,233,95,111
1778107349.040561,30,0.678995,0.716799,0.486703,0.9402,-0.5084,1.5717,0.000,16.196,-158.427,0,0,594,150,91,130
1778107349.040561,0,0.971754,0.691310,0.671783,0.8145,0.2611,1.5889,0.000,18.010,-149.520,0,0,120,103,120,135
1778107349.040561,1,0.994835,0.776445,0.772435,0.9582,-0.0839,1.4290,0.000,12.628,-179.854,0,0,345,234,95,110
1778107349.140632,3,0.970351,0.691724,0.671215,0.8163,0.2617,1.5899,0.000,17.712,-149.347,0,0,120,103,120,135
1778107349.140632,33,0.995550,0.776482,0.773026,0.9582,-0.0822,1.4290,0.000,12.634,179.433,0,0,345,233,95,109
1778107349.140632,3,0.970985,0.691724,0.671654,0.8163,0.2617,1.5899,0.000,17.566,-149.821,0,0,120,103,120,135
1778107349.140632,34,0.994550,0.776482,0.772250,0.9582,-0.0822,1.4290,0.000,12.370,-179.856,0,0,345,233,97,109
1778107349.207347,3,0.970846,0.692549,0.672359,0.8199,0.2631,1.5920,0.000,17.723,-149.537,0,0,120,103,120,133
1778107349.207347,35,0.997149,0.776025,0.773813,0.9563,-0.0821,1.4284,0.000,13.429,178.571,0,0,346,233,96,109
1778107349.207347,3,0.971410,0.693165,0.673348,0.8199,0.2631,1.5920,0.000,17.723,-149.537,0,0,120,103,120,133
1778107349.207347,36,0.996340,0.775989,0.773149,0.9563,-0.0821,1.4284,0.000,13.429,178.571,0,0,345,233,95,111
1778107349.274076,0,0.970195,0.692549,0.671908,0.8225,0.2641,1.5935,0.000,17.854,-149.591,0,0,120,103,120,133
1778107349.274076,1,0.994819,0.776482,0.772459,0.9563,-0.0838,1.4284,0.000,13.296,179.468,0,0,345,233,98,111
1778107349.440901,3,0.970026,0.693165,0.672388,0.8225,0.2641,1.5935,0.000,17.410,-149.638,0,0,120,103,120,135
1778107349.440901,36,0.992648,0.776517,0.770808,0.9582,-0.0806,1.4290,0.000,12.944,-177.576,0,0,344,233,97,113
1778107349.440901,30,0.648208,0.714264,0.462992,0.9310,-0.5057,1.5710,-0.000,15.491,-156.197,0,0,595,148,90,122
1778107349.440901,0,0.970458,0.693165,0.672688,0.8225,0.2641,1.5935,0.000,17.410,-149.638,0,0,120,104,120,133
1778107349.440901,1,0.992558,0.776517,0.770738,0.9582,-0.0806,1.4290,0.000,12.944,-177.576,0,0,344,233,97,113
1778107349.440901,3,0.968451,0.692959,0.671097,0.8225,0.2641,1.5935,0.000,18.002,-149.003,0,0,120,104,120,133
1778107349.440901,37,0.994867,0.776517,0.772531,0.9582,-0.0806,1.4290,-0.000,13.085,-177.399,0,0,344,233,97,113
1778107349.541016,0,0.966882,0.692959,0.670009,0.8203,0.2631,1.5905,-0.000,17.771,-147.856,0,0,120,104,120,133
1778107349.541016,1,0.992737,0.776517,0.770877,0.9582,-0.0806,1.4290,0.000,11.494,-179.404,0,0,345,235,96,114
1778107349.641124,3,0.964616,0.692959,0.668440,0.8203,0.2631,1.5905,0.000,17.015,-147.976,0,0,120,104,120,133
1778107349.641124,38,0.991610,0.776988,0.770469,0.9587,-0.0806,1.4274,-0.000,11.641,-178.136,0,0,344,234,96,113
1778107349.707862,3,0.964987,0.692959,0.668696,0.8203,0.2631,1.5905,-0.000,17.204,-147.871,0,0,120,104,120,133
1778107349.707862,39,0.991816,0.777423,0.771061,0.9591,-0.0822,1.4258,0.000,10.622,-179.862,0,0,345,235,96,114
1778107349.707862,3,0.961796,0.692959,0.666485,0.8203,0.2631,1.5905,-0.000,17.204,-147.871,0,0,120,104,120,133
1778107349.707862,40,0.993157,0.777423,0.772103,0.9591,-0.0822,1.4258,0.000,10.622,-179.862,0,0,344,234,96,113
1778107349.807957,3,0.964382,0.692542,0.667875,0.8172,0.2617,1.5870,0.000,17.339,-147.409,0,0,120,105,120,133
1778107349.807957,41,0.992172,0.776988,0.770906,0.9587,-0.0806,1.4274,0.000,11.093,-179.396,0,0,344,234,96,113
1778107349.807957,3,0.965711,0.692542,0.668795,0.8172,0.2617,1.5870,-0.000,17.189,-148.054,0,0,120,105,120,133
1778107349.807957,42,0.991327,0.776988,0.770249,0.9587,-0.0806,1.4274,0.000,11.089,-178.673,0,0,343,234,95,113
1778107349.908043,43,0.962997,0.692542,0.666915,0.8172,0.2617,1.5870,0.000,16.981,-147.363,0,0,120,105,118,133
1778107349.908043,3,0.992658,0.776988,0.771283,0.9587,-0.0806,1.4274,0.000,11.498,-179.161,0,0,344,234,94,113
1778107349.908043,43,0.962923,0.692542,0.666864,0.8172,0.2617,1.5870,-0.000,16.984,-147.334,0,0,120,105,120,133
1778107349.908043,3,0.994849,0.776988,0.772986,0.9587,-0.0806,1.4274,0.000,11.862,179.026,0,0,344,234,96,113
1778107349.908043,43,0.957972,0.692956,0.663832,0.8172,0.2617,1.5870,-0.000,16.984,-147.334,0,0,120,105,118,133
1778107349.908043,3,0.991863,0.777235,0.770910,0.9587,-0.0806,1.4274,0.000,11.862,179.026,0,0,343,233,96,113
1778107350.008150,43,0.961414,0.693365,0.666612,0.8190,0.2624,1.5880,0.000,15.618,-147.388,0,0,120,106,118,133
1778107350.008150,3,0.992952,0.778388,0.772901,0.9610,-0.0791,1.4299,0.000,11.828,-178.106,0,0,343,234,96,113
1778107350.008150,44,0.560256,0.718542,0.402568,nan,nan,nan,nan,nan,nan,0,0,596,153,87,120
1778107350.108249,0,0.962451,0.692956,0.666936,0.8190,0.2624,1.5880,0.000,16.305,-148.026,0,0,120,105,118,133
1778107350.108249,1,0.993675,0.778178,0.773256,0.9620,-0.0791,1.4267,0.000,11.922,-179.174,0,0,343,235,96,114
1778107350.108249,3,0.963762,0.692956,0.667844,0.8190,0.2624,1.5880,0.000,16.305,-148.026,0,0,120,105,120,133
1778107350.108249,45,0.995623,0.778178,0.774773,0.9620,-0.0791,1.4267,0.000,11.922,-179.174,0,0,344,234,96,113
1778107350.108249,3,0.963384,0.693986,0.668575,0.8190,0.2624,1.5880,0.000,16.674,-148.011,0,0,120,105,120,133
1778107350.108249,46,0.995182,0.777235,0.773490,0.9620,-0.0791,1.4267,-0.000,11.995,178.317,0,0,343,233,95,113
1778107350.208343,0,0.962930,0.693986,0.668261,0.8234,0.2641,1.5906,-0.000,16.648,-147.910,0,0,120,105,120,133
1778107350.208343,1,0.992929,0.777235,0.771739,0.9610,-0.0791,1.4299,-0.000,12.374,179.607,0,0,343,234,96,113
1778107350.208343,0,0.961376,0.693284,0.666507,0.8234,0.2641,1.5906,-0.000,16.465,-147.986,0,0,119,105,118,133
1778107350.208343,1,0.996028,0.778143,0.775052,0.9610,-0.0791,1.4299,0.000,11.843,-178.922,0,0,344,235,95,111
1778107350.341811,3,0.960801,0.693284,0.666108,0.8208,0.2646,1.5891,0.000,15.994,-147.741,0,0,119,104,118,133
1778107350.341811,47,0.995452,0.778143,0.774604,0.9620,-0.0807,1.4267,0.000,12.320,179.442,0,0,344,234,96,113
1778107350.441876,3,0.962237,0.694311,0.668092,0.8252,0.2663,1.5916,-0.000,16.391,-147.720,0,0,119,105,118,133
1778107350.441876,48,0.991727,0.778388,0.771948,0.9644,-0.0792,1.4292,0.000,12.021,-177.677,0,0,343,234,95,113
1778107350.441876,3,0.963052,0.694311,0.668658,0.8252,0.2663,1.5916,-0.000,16.391,-147.720,0,0,119,105,118,133
1778107350.441876,49,0.994880,0.778388,0.774402,0.9644,-0.0792,1.4292,0.000,12.021,-177.677,0,0,343,234,96,114
1778107350.541978,3,0.960819,0.693901,0.666713,0.8234,0.2656,1.5906,-0.000,16.030,-147.699,0,0,119,105,118,133
1778107350.541978,50,0.995029,0.778143,0.774275,0.9620,-0.0807,1.4267,-0.000,12.330,179.989,0,0,344,235,96,114
1778107350.541978,3,0.961927,0.693901,0.667482,0.8234,0.2656,1.5906,0.000,16.153,-147.925,0,0,119,105,118,133
1778107350.541978,51,0.996658,0.778143,0.775543,0.9620,-0.0807,1.4267,-0.000,13.296,179.581,0,0,343,234,95,113
1778107350.541978,3,0.961465,0.693901,0.667161,0.8234,0.2656,1.5906,0.000,16.056,-147.890,0,0,119,105,118,133
1778107350.541978,51,0.996854,0.778143,0.775695,0.9620,-0.0807,1.4267,0.000,13.111,178.952,0,0,344,234,95,113
1778107350.675435,3,0.961838,0.693901,0.667421,0.8234,0.2656,1.5906,-0.000,16.146,-147.903,0,0,119,105,118,133
1778107350.675435,51,0.997713,0.777672,0.775893,0.9615,-0.0807,1.4283,0.000,13.511,177.725,0,0,344,234,95,111
1778107350.675435,3,0.962145,0.693901,0.667634,0.8234,0.2656,1.5906,-0.000,16.146,-147.903,0,0,119,105,118,133
1778107350.675435,51,0.994460,0.777672,0.773364,0.9615,-0.0807,1.4283,0.000,13.511,177.725,0,0,343,234,94,111
1778107350.742174,3,0.964880,0.695128,0.670715,0.8287,0.2677,1.5937,0.000,17.035,-147.832,0,0,119,105,118,133
1778107350.742174,51,0.992356,0.778388,0.772438,0.9644,-0.0792,1.4292,0.000,11.132,-179.400,0,0,342,235,95,110
1778107350.742174,3,0.962676,0.694720,0.668791,0.8287,0.2677,1.5937,0.000,17.035,-147.832,0,0,119,105,118,133
1778107350.742174,51,0.988494,0.779381,0.770413,0.9644,-0.0792,1.4292,0.000,11.132,-179.400,0,0,341,235,95,110
1778107350.808897,3,0.963350,0.694720,0.669258,0.8270,0.2670,1.5927,0.000,16.455,-147.791,0,0,119,106,118,132
1778107350.808897,51,0.984545,0.779381,0.767335,0.9668,-0.0760,1.4282,0.000,11.018,-176.478,0,0,341,234,96,111
1778107350.808897,0,0.963843,0.695132,0.669998,0.8270,0.2670,1.5927,-0.000,16.608,-147.831,0,0,119,106,118,132
1778107350.808897,1,0.987112,0.778908,0.768870,0.9668,-0.0760,1.4282,0.000,10.180,-175.332,0,0,340,234,95,111
1778107350.875636,0,0.964807,0.694722,0.670273,0.8274,0.2670,1.5912,0.000,16.493,-148.059,0,0,119,106,118,132
1778107350.875636,1,0.987016,0.780091,0.769962,0.9663,-0.0760,1.4298,0.000,11.806,-175.154,0,0,340,235,94,110
1778107350.975737,0,0.963519,0.694722,0.669379,0.8256,0.2663,1.5902,-0.000,16.699,-147.679,0,0,119,106,118,132
1778107350.975737,1,0.987175,0.780091,0.770086,0.9697,-0.0744,1.4291,-0.000,10.463,-176.255,0,0,340,235,95,110
1778107351.109214,3,0.964600,0.694312,0.669733,0.8239,0.2656,1.5892,-0.000,16.065,-148.937,0,0,119,106,117,132
1778107351.109214,51,0.988350,0.779414,0.770334,0.9668,-0.0743,1.4282,0.000,10.702,-176.642,0,0,340,234,95,111
1778107351.109214,52,0.928857,0.712756,0.662049,0.9197,-0.4959,1.5637,0.000,13.154,172.198,0,0,593,149,94,140
1778107351.175977,3,0.975082,0.694312,0.677011,0.8239,0.2656,1.5892,0.000,16.032,-154.808,0,0,119,105,117,130
1778107351.175977,51,0.989297,0.779618,0.771273,0.9692,-0.0744,1.4307,-0.000,10.444,-177.710,0,0,340,234,97,113
1778107351.175977,52,0.908961,0.711856,0.647049,0.9182,-0.4926,1.5685,-0.000,10.776,174.149,0,0,591,146,97,129
1778107351.242730,3,0.973243,0.693901,0.675334,0.8234,0.2656,1.5906,0.000,15.093,-159.365,0,0,119,105,118,130
1778107351.242730,51,0.989353,0.779618,0.771317,0.9692,-0.0744,1.4307,-0.000,10.564,-177.576,0,0,340,234,97,111
1778107351.242730,52,0.916618,0.711739,0.652392,0.9160,-0.4911,1.5655,-0.000,13.605,174.641,0,0,591,147,97,136
1778107351.242730,3,0.971790,0.693901,0.674326,0.8234,0.2656,1.5906,0.000,15.123,-162.408,0,0,119,104,118,130
1778107351.242730,51,0.988083,0.778941,0.769658,0.9663,-0.0743,1.4298,0.000,10.464,-176.893,0,0,340,234,96,113
1778107351.242730,52,0.942301,0.711739,0.670672,0.9160,-0.4911,1.5655,0.000,11.340,168.208,0,0,590,146,99,130
1778107351.342843,0,0.963488,0.693404,0.668086,0.8243,0.2678,1.5945,0.000,14.549,-166.055,0,0,118,103,118,129
1778107351.342843,1,0.987938,0.779585,0.770182,0.9692,-0.0761,1.4307,0.000,9.777,-177.890,0,0,341,234,96,113
1778107351.342843,3,0.960987,0.694218,0.667134,0.8243,0.2678,1.5945,0.000,14.549,-166.055,0,0,118,103,117,129
1778107351.342843,51,0.986829,0.779618,0.769349,0.9692,-0.0761,1.4307,0.000,9.777,-177.890,0,0,340,234,95,113
1778107351.342843,52,0.958315,0.713417,0.683678,nan,nan,nan,nan,nan,nan,0,0,590,146,99,136
1778107351.476309,3,0.959227,0.693404,0.665131,0.8243,0.2678,1.5945,-0.000,14.357,-167.699,0,0,118,103,117,129
1778107351.476309,51,0.989955,0.779585,0.771754,0.9692,-0.0761,1.4307,0.000,10.285,-178.571,0,0,341,234,96,113
1778107351.476309,52,0.958711,0.714103,0.684618,0.9282,-0.4945,1.5734,-0.000,11.281,163.889,0,0,589,146,101,126
1778107351.543034,3,0.960141,0.693811,0.666157,0.8261,0.2685,1.5956,0.000,14.314,-167.207,0,0,118,103,117,129
1778107351.543034,51,0.986102,0.781181,0.770325,0.9744,-0.0763,1.4305,-0.000,9.437,-177.051,0,0,341,235,96,114
1778107351.543034,52,0.973147,0.714103,0.694927,0.9282,-0.4945,1.5734,-0.000,11.366,158.055,0,0,589,146,102,126
1778107351.609755,3,0.958711,0.693811,0.665164,0.8261,0.2685,1.5956,0.000,13.924,-167.078,0,0,118,103,117,129
1778107351.609755,51,0.988177,0.780733,0.771502,0.9725,-0.0762,1.4299,0.000,9.608,-178.183,0,0,341,235,96,114
1778107351.609755,52,0.966311,0.714103,0.690045,0.9282,-0.4945,1.5734,0.000,8.710,154.758,0,0,589,146,102,128
1778107351.676467,3,0.962683,0.693897,0.668003,0.8261,0.2670,1.5956,0.000,14.648,-166.747,0,0,119,103,116,129
1778107351.676467,51,0.987784,0.780733,0.771196,0.9725,-0.0762,1.4299,-0.000,9.387,-178.279,0,0,341,235,95,114
1778107351.676467,52,0.967115,0.714103,0.690620,0.9282,-0.4945,1.5734,0.000,8.736,150.671,0,0,589,146,102,128
1778107351.743201,3,0.973367,0.694311,0.675819,0.8252,0.2663,1.5916,-0.000,15.673,-163.000,0,0,119,105,118,130
1778107351.743201,51,0.985999,0.780733,0.769802,0.9725,-0.0762,1.4299,0.000,9.427,-177.004,0,0,341,235,96,114
1778107351.743201,52,0.953433,0.714781,0.681495,0.9300,-0.4921,1.5743,0.000,7.748,144.072,0,0,587,146,106,130
1778107351.809917,3,0.974444,0.694311,0.676567,0.8252,0.2663,1.5916,0.000,15.698,-161.939,0,0,119,105,117,130
1778107351.809917,51,0.985771,0.780733,0.769624,0.9725,-0.0762,1.4299,0.000,9.716,-176.482,0,0,341,235,96,114
1778107351.809917,52,0.954164,0.714532,0.681781,0.9295,-0.4904,1.5759,0.000,8.160,143.832,0,0,586,145,107,132
1778107351.809917,3,0.975023,0.694311,0.676969,0.8252,0.2663,1.5916,-0.000,15.624,-160.504,0,0,120,105,118,132
1778107351.809917,51,0.986881,0.780733,0.770490,0.9725,-0.0762,1.4299,0.000,9.864,-176.927,0,0,341,235,95,114
1778107351.809917,52,0.943827,0.714532,0.674395,0.9295,-0.4904,1.5759,0.000,7.395,141.345,0,0,585,146,110,130
1778107351.809917,3,0.976619,0.695214,0.678959,0.8252,0.2663,1.5916,-0.000,15.624,-160.504,0,0,121,106,117,130
1778107351.809917,51,0.988941,0.780733,0.772099,0.9725,-0.0762,1.4299,0.000,9.864,-176.927,0,0,341,234,96,114
1778107351.809917,52,0.910572,0.715112,0.651161,0.9295,-0.4904,1.5759,0.000,7.395,141.345,0,0,583,146,113,129
1778107351.976757,3,0.977715,0.694893,0.679408,0.8256,0.2633,1.5902,0.000,16.195,-158.844,0,0,121,105,118,129
1778107351.976757,51,0.985465,0.780259,0.768918,0.9720,-0.0762,1.4316,-0.000,11.774,-174.451,0,0,340,234,95,113
1778107351.976757,52,0.903392,0.715441,0.646324,0.9300,-0.4854,1.5743,-0.000,4.542,135.118,0,0,583,146,114,126
1778107352.043496,3,0.977356,0.695300,0.679555,0.8287,0.2646,1.5937,0.000,16.216,-158.153,0,0,122,106,118,130
1778107352.043496,51,0.989545,0.780292,0.772134,0.9720,-0.0746,1.4316,0.000,11.274,-176.810,0,0,341,234,97,113
1778107352.043496,52,0.884995,0.715441,0.633162,0.9300,-0.4854,1.5743,-0.000,4.464,131.699,0,0,582,147,115,132
1778107352.110234,3,0.978930,0.695388,0.680736,0.8274,0.2624,1.5912,0.000,16.690,-157.190,0,0,122,106,116,129
1778107352.110234,51,0.988746,0.780259,0.771478,0.9720,-0.0762,1.4316,0.000,11.400,-176.327,0,0,341,234,96,113
1778107352.110234,52,0.876500,0.716020,0.627592,0.9305,-0.4837,1.5726,0.000,3.278,131.477,0,0,578,147,115,124
1778107352.110234,3,0.979529,0.695388,0.681153,0.8274,0.2624,1.5912,0.000,16.690,-157.190,0,0,122,107,116,130
1778107352.110234,51,0.989324,0.780259,0.771929,0.9720,-0.0762,1.4316,0.000,11.400,-176.327,0,0,341,234,97,113
1778107352.110234,52,0.877322,0.717196,0.629212,0.9305,-0.4837,1.5726,0.000,3.278,131.477,0,0,578,147,116,126
1778107352.243696,3,0.977375,0.694978,0.679255,0.8243,0.2611,1.5877,-0.000,16.391,-155.993,0,0,122,107,116,130
1778107352.243696,52,0.868021,0.716672,0.622086,0.9305,-0.4769,1.5726,-0.000,4.975,128.891,0,0,575,147,116,124
1778107352.243696,51,0.985960,0.780259,0.769304,0.9720,-0.0762,1.4316,0.000,9.236,-177.420,0,0,343,235,96,113
1778107352.377164,3,0.977385,0.695390,0.679664,0.8261,0.2618,1.5887,0.000,16.563,-155.329,0,0,122,107,116,132
1778107352.377164,52,0.986754,0.780664,0.770324,0.9725,-0.0796,1.4299,0.000,10.265,-176.562,0,0,342,235,95,113
1778107352.377164,51,0.863150,0.717542,0.619346,0.9292,-0.4676,1.5701,0.000,4.535,128.981,0,0,573,148,115,122
1778107352.443903,3,0.977039,0.695390,0.679423,0.8261,0.2618,1.5887,-0.000,16.708,-154.550,0,0,122,107,116,132
1778107352.443903,51,0.983571,0.779551,0.766744,0.9692,-0.0778,1.4307,0.000,11.315,-174.113,0,0,342,234,97,115
1778107352.443903,52,0.865532,0.718054,0.621499,0.9310,-0.4668,1.5710,0.000,5.643,128.504,0,0,572,148,115,122
1778107352.510628,3,0.977028,0.695390,0.679416,0.8261,0.2618,1.5887,-0.000,16.585,-154.917,0,0,121,108,117,130
1778107352.510628,51,0.979078,0.779551,0.763241,0.9692,-0.0778,1.4307,0.000,9.979,-173.443,0,0,342,235,96,114
1778107352.510628,52,0.868789,0.717701,0.623531,0.9292,-0.4659,1.5701,-0.000,6.363,128.410,0,0,572,148,116,122
1778107352.577368,3,0.977426,0.695717,0.680012,0.8265,0.2633,1.5873,0.000,16.606,-154.787,0,0,122,107,116,132
1778107352.577368,51,0.977078,0.780699,0.762804,0.9725,-0.0779,1.4299,-0.000,10.456,-172.303,0,0,342,235,95,113
1778107352.577368,52,0.859460,0.717701,0.616835,0.9292,-0.4659,1.5701,0.000,7.366,126.340,0,0,571,148,116,121
1778107352.644090,3,0.977769,0.695801,0.680333,0.8279,0.2624,1.5897,0.000,16.863,-154.710,0,0,122,107,116,132
1778107352.644090,51,0.976221,0.781173,0.762598,0.9730,-0.0779,1.4283,0.000,8.908,-173.167,0,0,342,236,95,114
1778107352.644090,52,0.855276,0.718742,0.614723,0.9337,-0.4664,1.5723,0.000,5.595,127.163,0,0,571,148,116,124
1778107352.710827,3,0.975268,0.695801,0.678592,0.8279,0.2624,1.5897,0.000,16.489,-153.779,0,0,121,107,117,132
1778107352.710827,51,0.856926,0.718901,0.616045,0.9337,-0.4647,1.5723,0.000,5.178,127.827,0,0,570,148,116,124
1778107352.710827,52,0.976762,0.780699,0.762557,0.9725,-0.0779,1.4299,-0.000,9.550,-172.886,0,0,342,235,95,115
1778107352.710827,3,0.971445,0.695716,0.675850,0.8279,0.2640,1.5897,0.000,15.687,-153.060,0,0,122,107,117,130
1778107352.710827,52,0.862770,0.718901,0.620247,0.9337,-0.4647,1.5723,-0.000,5.108,128.736,0,0,568,148,115,124
1778107352.710827,51,0.976596,0.780699,0.762427,0.9725,-0.0779,1.4299,0.000,8.762,-173.533,0,0,343,236,94,114
1778107352.844302,3,0.970533,0.694978,0.674499,0.8256,0.2618,1.5902,-0.000,15.920,-152.305,0,0,122,106,117,132
1778107352.844302,52,0.859065,0.719219,0.617855,0.9337,-0.4613,1.5723,0.000,5.567,128.022,0,0,568,148,115,124
1778107352.844302,51,0.976429,0.780025,0.761639,0.9697,-0.0778,1.4291,0.000,10.683,-171.938,0,0,342,235,96,113
1778107352.911006,3,0.969039,0.695475,0.673942,0.8261,0.2602,1.5887,-0.000,15.801,-151.708,0,0,123,107,118,130
1778107352.911006,52,0.851649,0.719377,0.612656,0.9337,-0.4597,1.5723,0.000,4.625,127.827,0,0,567,148,115,122
1778107352.911006,51,0.974183,0.780025,0.759887,0.9697,-0.0778,1.4291,0.000,10.790,-171.173,0,0,342,235,94,113
1778107352.911006,3,0.967058,0.695475,0.672564,0.8261,0.2602,1.5887,-0.000,15.801,-151.708,0,0,123,107,118,130
1778107352.911006,52,0.851592,0.719377,0.612616,0.9337,-0.4597,1.5723,0.000,4.625,127.827,0,0,567,148,115,122
1778107352.911006,51,0.976860,0.780025,0.761975,0.9697,-0.0778,1.4291,0.000,10.790,-171.173,0,0,342,236,95,114
1778107352.977737,3,0.969016,0.695062,0.673527,0.8243,0.2596,1.5877,0.000,16.155,-151.045,0,0,124,107,118,132
1778107352.977737,52,0.861004,0.719905,0.619842,0.9365,-0.4610,1.5737,0.000,4.730,129.097,0,0,565,148,115,124
1778107352.977737,51,0.972982,0.780498,0.759410,0.9702,-0.0778,1.4274,0.000,9.313,-171.745,0,0,342,235,96,114
1778107353.044456,3,0.971729,0.695146,0.675494,0.8243,0.2580,1.5877,0.000,16.773,-151.401,0,0,123,108,117,130
1778107353.044456,52,0.858253,0.719691,0.617677,0.9337,-0.4563,1.5723,-0.000,5.065,128.613,0,0,565,149,114,122
1778107353.044456,51,0.983498,0.780025,0.767153,0.9697,-0.0778,1.4291,0.000,10.624,-174.558,0,0,342,235,97,115
1778107353.111195,3,0.969100,0.695887,0.674384,0.8265,0.2602,1.5873,0.000,16.344,-150.630,0,0,123,107,117,132
1778107353.111195,51,0.979400,0.780025,0.763956,0.9697,-0.0778,1.4291,-0.000,10.098,-173.384,0,0,342,236,95,114
1778107353.111195,52,0.857633,0.720112,0.617592,0.9342,-0.4563,1.5707,0.000,4.588,128.870,0,0,564,149,114,124
1778107353.244669,3,0.968837,0.695475,0.673802,0.8261,0.2602,1.5887,0.000,16.391,-150.565,0,0,123,107,118,132
1778107353.244669,51,0.843412,0.720269,0.607484,0.9342,-0.4546,1.5707,0.000,3.508,127.852,0,0,564,149,114,122
1778107353.244669,52,0.984171,0.779820,0.767477,0.9673,-0.0776,1.4266,-0.000,10.399,-174.960,0,0,342,236,95,114
1778107353.244669,3,0.968507,0.695887,0.673971,0.8261,0.2602,1.5887,0.000,16.391,-150.565,0,0,123,108,118,130
1778107353.244669,52,0.846223,0.719891,0.609188,0.9342,-0.4546,1.5707,0.000,3.508,127.852,0,0,563,149,114,122
1778107353.244669,51,0.985144,0.779786,0.768201,0.9673,-0.0776,1.4266,-0.000,10.399,-174.960,0,0,343,236,96,114
1778107353.311409,3,0.969520,0.695887,0.674676,0.8265,0.2602,1.5873,-0.000,16.644,-150.341,0,0,122,108,117,130
1778107353.311409,52,0.986361,0.779786,0.769150,0.9673,-0.0793,1.4266,0.000,9.922,-176.634,0,0,342,236,95,114
1778107353.311409,51,0.845628,0.719891,0.608761,0.9315,-0.4516,1.5694,-0.000,5.055,127.000,0,0,563,148,114,122
1778107353.411518,3,0.967836,0.696214,0.673821,0.8283,0.2624,1.5883,-0.000,16.244,-150.113,0,0,122,107,117,129
1778107353.411518,51,0.987876,0.779820,0.770366,0.9673,-0.0776,1.4266,0.000,10.309,-176.921,0,0,342,235,95,113
1778107353.411518,52,0.844037,0.719113,0.606958,0.9292,-0.4507,1.5701,-0.000,4.890,126.957,0,0,562,148,114,121
1778107353.411518,3,0.969004,0.695390,0.673836,0.8283,0.2624,1.5883,-0.000,16.244,-150.113,0,0,122,108,117,130
1778107353.411518,51,0.827613,0.719268,0.595275,0.9673,-0.0776,1.4266,0.000,10.309,-176.921,0,0,562,148,114,124
1778107353.411518,52,0.992513,0.779347,0.773512,0.9292,-0.4507,1.5701,-0.000,4.890,126.957,0,0,342,235,98,114
1778107353.578367,3,0.971551,0.695802,0.676007,0.8265,0.2618,1.5873,0.000,16.781,-150.919,0,0,122,108,117,130
1778107353.578367,52,0.840816,0.718763,0.604348,0.9242,-0.4447,1.5659,0.000,4.982,126.607,0,0,561,149,114,122
1778107353.578367,51,0.991205,0.779347,0.772493,0.9668,-0.0776,1.4282,0.000,11.102,-178.210,0,0,342,235,96,114
1778107353.578367,3,0.969401,0.695802,0.674511,0.8265,0.2618,1.5873,0.000,16.781,-150.919,0,0,122,107,117,132
1778107353.578367,51,0.991874,0.779347,0.773014,0.9242,-0.4447,1.5659,0.000,4.982,126.607,0,0,342,235,97,114
1778107353.578367,52,0.832023,0.718763,0.598028,0.9668,-0.0776,1.4282,0.000,11.102,-178.210,0,0,560,149,114,125
1778107353.578367,3,0.969036,0.694978,0.673459,0.8265,0.2618,1.5873,0.000,16.343,-150.644,0,0,122,107,117,132
1778107353.578367,51,0.991835,0.778422,0.772066,0.9668,-0.0776,1.4282,-0.000,10.478,-179.947,0,0,342,234,97,113
1778107353.778545,3,0.968182,0.694978,0.672865,0.8243,0.2611,1.5877,-0.000,16.420,-150.110,0,0,122,107,118,132
1778107353.778545,51,0.992369,0.778422,0.772482,0.9644,-0.0775,1.4292,-0.000,11.889,-178.175,0,0,342,234,98,114
1778107353.845274,3,0.965893,0.693944,0.670275,0.8199,0.2594,1.5851,0.000,16.001,-149.799,0,0,122,107,117,132
1778107353.845274,51,0.992435,0.778422,0.772533,0.9644,-0.0775,1.4292,0.000,11.426,-178.873,0,0,342,234,97,113
1778107353.912013,3,0.967177,0.693944,0.671166,0.8199,0.2594,1.5851,0.000,16.442,-149.657,0,0,122,107,117,132
1778107353.912013,52,0.821115,0.719644,0.590910,0.9265,-0.4376,1.5688,-0.000,5.419,124.302,0,0,556,148,115,124
1778107353.912013,51,0.992194,0.778422,0.772346,0.9644,-0.0775,1.4292,0.000,11.477,-178.592,0,0,342,234,97,114
1778107353.978722,3,0.964915,0.694358,0.669997,0.8217,0.2601,1.5862,-0.000,16.433,-148.786,0,0,122,107,118,132
1778107353.978722,51,0.994277,0.778388,0.773933,0.9644,-0.0792,1.4292,-0.000,12.098,-179.645,0,0,343,234,100,115
1778107353.978722,52,0.825240,0.721234,0.595191,0.9337,-0.4393,1.5723,0.000,5.928,124.556,0,0,555,148,117,122
1778107354.045452,3,0.964601,0.693528,0.668978,0.8181,0.2587,1.5841,0.000,16.415,-148.693,0,0,122,107,118,132
1778107354.045452,51,0.993690,0.778875,0.773960,0.9663,-0.0776,1.4298,0.000,11.859,-179.342,0,0,342,234,97,114
1778107354.045452,52,0.821304,0.721234,0.592352,0.9337,-0.4393,1.5723,0.000,6.230,123.868,0,0,555,148,115,122
1778107354.112190,3,0.962611,0.693528,0.667597,0.8181,0.2587,1.5841,0.000,16.187,-148.274,0,0,122,107,118,132
1778107354.112190,51,0.990894,0.778860,0.771768,0.9649,-0.0792,1.4276,-0.000,10.072,-179.907,0,0,343,235,100,114
1778107354.178911,3,0.964949,0.693860,0.669539,0.8199,0.2609,1.5851,0.000,16.642,-148.400,0,0,121,107,117,132
1778107354.178911,51,0.993780,0.778388,0.773546,0.9644,-0.0792,1.4292,-0.000,11.496,179.761,0,0,343,234,98,113
1778107354.178911,52,0.832702,0.723289,0.602284,0.9460,-0.4452,1.5802,-0.000,7.455,124.493,0,0,555,147,115,124
1778107354.245646,3,0.963909,0.693444,0.668417,0.8181,0.2602,1.5841,0.000,16.337,-148.425,0,0,121,107,117,132
1778107354.245646,51,0.824649,0.722608,0.595898,0.9432,-0.4457,1.5788,0.000,5.700,124.579,0,0,556,147,116,124
1778107354.245646,52,0.992692,0.777707,0.772023,0.9615,-0.0791,1.4283,0.000,10.758,179.347,0,0,343,234,97,111
1778107354.312385,3,0.965232,0.693444,0.669334,0.8181,0.2602,1.5841,0.000,16.058,-149.322,0,0,121,107,118,130
1778107354.312385,52,0.842232,0.719611,0.606079,0.9287,-0.4406,1.5717,-0.000,6.197,126.373,0,0,557,147,115,122
1778107354.312385,51,0.993815,0.778422,0.773607,0.9644,-0.0775,1.4292,0.000,12.085,-179.108,0,0,342,234,97,114
1778107354.312385,3,0.966721,0.693444,0.670367,0.8181,0.2602,1.5841,-0.000,16.067,-149.920,0,0,121,106,118,132
1778107354.312385,52,0.839590,0.719611,0.604178,0.9287,-0.4406,1.5717,-0.000,6.261,125.981,0,0,558,146,117,125
1778107354.312385,51,0.992620,0.778422,0.772677,0.9644,-0.0775,1.4292,-0.000,11.416,-179.053,0,0,343,234,100,117
1778107354.312385,3,0.966807,0.693035,0.670031,0.8181,0.2602,1.5841,-0.000,16.067,-149.920,0,0,121,106,118,132
1778107354.312385,52,0.837985,0.720994,0.604182,0.9287,-0.4406,1.5717,-0.000,6.261,125.981,0,0,559,146,116,124
1778107354.312385,51,0.990546,0.777707,0.770354,0.9644,-0.0775,1.4292,-0.000,11.416,-179.053,0,0,342,234,98,115
1778107354.379123,3,0.968674,0.693035,0.671325,0.8176,0.2602,1.5856,0.000,15.958,-150.263,0,0,120,107,116,130
1778107354.379123,52,0.848404,0.721192,0.611862,0.9382,-0.4470,1.5783,-0.000,6.062,125.855,0,0,559,146,114,124
1778107354.379123,51,0.992821,0.778875,0.773283,0.9615,-0.0791,1.4283,0.000,10.925,-178.217,0,0,342,234,97,115
1778107354.445862,3,0.967816,0.692944,0.670642,0.8176,0.2602,1.5856,0.000,15.947,-151.149,0,0,119,107,117,130
1778107354.445862,52,0.846748,0.721192,0.610668,0.9400,-0.4495,1.5791,0.000,5.093,127.894,0,0,559,146,114,124
1778107354.445862,51,0.990263,0.778422,0.770842,0.9663,-0.0776,1.4298,0.000,11.799,-178.648,0,0,342,234,98,115
1778107354.579337,3,0.969783,0.692860,0.671923,0.8163,0.2626,1.5831,-0.000,16.104,-151.002,0,0,120,106,118,132
1778107354.579337,52,0.844442,0.721192,0.609005,0.9400,-0.4495,1.5791,0.000,4.280,128.009,0,0,560,146,114,124
1778107354.579337,51,0.992717,0.778422,0.772753,0.9644,-0.0775,1.4292,0.000,11.075,-179.789,0,0,343,234,96,113
1778107354.646075,3,0.968236,0.692535,0.670537,0.8159,0.2611,1.5845,0.000,15.990,-150.734,0,0,119,106,117,132
1778107354.646075,52,0.839906,0.721563,0.606045,0.9427,-0.4525,1.5805,0.000,4.039,127.479,0,0,560,146,115,124
1778107354.646075,51,0.993932,0.777707,0.772987,0.9615,-0.0791,1.4283,-0.000,11.094,178.182,0,0,344,235,96,114
1778107354.712814,3,0.968416,0.692451,0.670581,0.8159,0.2626,1.5845,0.000,16.101,-150.500,0,0,119,106,117,132
1778107354.712814,52,0.851047,0.721563,0.614084,0.9427,-0.4525,1.5805,-0.000,3.444,129.587,0,0,561,146,114,124
1778107354.712814,51,0.997460,0.777459,0.775484,0.9591,-0.0806,1.4258,0.000,13.272,178.047,0,0,344,234,96,113
1778107354.779522,3,0.965934,0.692451,0.668861,0.8159,0.2626,1.5845,0.000,15.395,-150.602,0,0,119,106,118,132
1778107354.779522,52,0.855909,0.721407,0.617459,0.9427,-0.4542,1.5805,0.000,4.779,129.020,0,0,562,146,114,124
1778107354.779522,51,0.995164,0.776531,0.772775,0.9567,-0.0805,1.4268,0.000,11.979,178.812,0,0,343,235,96,110
1778107354.846243,3,0.965977,0.692451,0.668892,0.8159,0.2626,1.5845,0.000,15.548,-150.347,0,0,119,106,118,132
1778107354.846243,52,0.850510,0.722293,0.614318,0.9482,-0.4586,1.5832,0.000,5.166,127.827,0,0,562,145,115,124
1778107354.846243,51,0.996339,0.777494,0.774647,0.9591,-0.0789,1.4258,-0.000,12.674,178.948,0,0,343,234,97,110
1778107354.912975,3,0.963368,0.692866,0.667485,0.8176,0.2632,1.5856,0.000,15.135,-149.915,0,0,119,105,118,133
1778107354.912975,52,0.848166,0.722731,0.612995,0.9522,-0.4607,1.5870,-0.000,5.536,127.254,0,0,563,145,116,124
1778107354.912975,51,0.990628,0.777023,0.769740,0.9587,-0.0789,1.4274,0.000,11.144,-177.975,0,0,342,234,96,111
1778107354.979714,3,0.965798,0.692457,0.668774,0.8172,0.2632,1.5870,0.000,15.528,-150.446,0,0,119,105,118,133
1778107354.979714,52,0.991691,0.777057,0.770600,0.9587,-0.0773,1.4274,-0.000,11.592,-178.049,0,0,342,234,96,111
1778107354.979714,51,0.852557,0.723085,0.616471,0.9549,-0.4638,1.5884,0.000,5.097,128.120,0,0,563,145,115,122
1778107355.113191,3,0.965152,0.692457,0.668326,0.8172,0.2632,1.5870,0.000,15.308,-150.549,0,0,119,105,118,133
1778107355.113191,51,0.997171,0.777528,0.775329,0.9591,-0.0773,1.4258,0.000,13.259,178.904,0,0,342,235,95,110
1778107355.113191,52,0.846071,0.724794,0.613227,0.9658,-0.4725,1.5937,0.000,4.615,127.401,0,0,565,145,114,124
1778107355.113191,3,0.965026,0.692377,0.668162,0.8172,0.2632,1.5870,0.000,15.308,-150.549,0,0,118,104,117,133
1778107355.113191,51,0.846984,0.725796,0.614737,0.9591,-0.0773,1.4258,0.000,13.259,178.904,0,0,565,145,115,125
1778107355.113191,52,0.996079,0.777528,0.774479,0.9658,-0.4725,1.5937,0.000,4.615,127.401,0,0,342,235,95,109
1778107355.179909,3,0.965983,0.692462,0.668907,0.8185,0.2654,1.5895,0.000,15.913,-149.463,0,0,119,104,118,133
1778107355.179909,52,0.853793,0.726688,0.620441,0.9713,-0.4751,1.5964,0.000,6.040,126.407,0,0,566,144,115,125
1778107355.179909,51,0.997212,0.778213,0.776043,0.9591,-0.0773,1.4258,0.000,12.295,178.433,0,0,342,235,94,111
1778107355.246631,3,0.966268,0.692789,0.669420,0.8185,0.2639,1.5895,0.000,15.541,-150.657,0,0,118,104,117,133
1778107355.246631,52,0.901981,0.725926,0.654772,0.9789,-0.4809,1.6022,0.000,3.691,129.271,0,0,568,143,115,125
1778107355.246631,51,0.997949,0.777774,0.776179,0.9620,-0.0774,1.4267,0.000,13.494,179.318,0,0,341,234,95,113
1778107355.380092,3,0.968153,0.692049,0.670009,0.8168,0.2632,1.5885,0.000,16.240,-150.416,0,0,119,104,118,133
1778107355.380092,52,0.771450,0.778016,0.600200,0.9639,-0.0742,1.4308,-0.000,5.561,138.741,0,0,569,143,117,126
1778107355.446830,3,0.967371,0.692462,0.669867,0.8185,0.2639,1.5895,0.000,16.088,-150.319,0,0,119,104,118,133
1778107355.446830,52,0.929960,0.725164,0.674374,0.9779,-0.4880,1.6056,0.000,6.853,140.170,0,0,570,142,117,125
1778107355.446830,51,0.989038,0.778048,0.769519,0.9639,-0.0725,1.4308,0.000,10.442,-177.576,0,0,339,233,98,111
1778107355.513555,3,0.969161,0.693900,0.672501,0.8247,0.2663,1.5931,0.000,16.337,-150.719,0,0,119,104,118,133
1778107355.513555,52,0.921496,0.726451,0.669422,0.9861,-0.4939,1.6096,0.000,5.352,139.974,0,0,571,142,116,125
1778107355.513555,51,0.995270,0.778500,0.774818,0.9658,-0.0726,1.4314,-0.000,13.199,-178.791,0,0,339,233,98,111
1778107355.580293,3,0.968565,0.693080,0.671294,0.8225,0.2656,1.5935,0.000,16.438,-150.404,0,0,119,103,118,135
1778107355.580293,52,0.790367,0.778500,0.615301,0.9658,-0.0726,1.4314,0.000,7.646,139.950,0,0,571,142,117,125
1778107355.580293,3,0.969402,0.693574,0.672352,0.8225,0.2656,1.5935,0.000,16.438,-150.404,0,0,120,103,120,135
1778107355.580293,52,0.781629,0.778500,0.608498,0.9658,-0.0726,1.4314,0.000,7.646,139.950,0,0,571,142,117,125
1778107355.647046,3,0.967603,0.693574,0.671105,0.8243,0.2648,1.5945,0.000,16.741,-150.402,0,0,120,103,120,133
1778107355.647046,51,0.996690,0.778500,0.775923,0.9658,-0.0726,1.4314,0.000,5.593,139.830,0,0,339,233,96,109
1778107355.780499,3,0.964581,0.693250,0.668696,0.8225,0.2626,1.5935,0.000,16.143,-149.410,0,0,121,103,118,135
1778107355.780499,51,0.992836,0.778532,0.772954,0.9658,-0.0709,1.4314,0.000,14.002,-176.286,0,0,338,233,98,111
1778107355.780499,52,0.887744,0.722970,0.641812,0.9658,-0.4919,1.5937,-0.000,2.752,134.952,0,0,576,145,113,124
1778107355.780499,3,0.961986,0.693659,0.667291,0.8225,0.2626,1.5935,0.000,16.143,-149.410,0,0,121,103,118,135
1778107355.780499,51,0.993081,0.778562,0.773175,0.9658,-0.0709,1.4314,0.000,14.002,-176.286,0,0,337,233,97,109
1778107355.780499,52,0.895656,0.720800,0.645589,0.9658,-0.4919,1.5937,-0.000,2.752,134.952,0,0,577,145,115,124
1778107355.913955,3,0.963085,0.693659,0.668053,0.8243,0.2633,1.5945,0.000,16.285,-148.617,0,0,121,103,118,135
1778107355.913955,51,0.996276,0.778500,0.775601,0.9658,-0.0726,1.4314,-0.000,14.111,-178.749,0,0,339,233,96,109
1778107355.913955,52,0.886241,0.719117,0.637311,0.9477,-0.4879,1.5848,-0.000,3.288,133.693,0,0,579,145,114,128
1778107355.913955,3,0.962405,0.693250,0.667187,0.8225,0.2626,1.5935,0.000,16.607,-147.932,0,0,122,104,120,133
1778107355.913955,51,0.994952,0.778500,0.774570,0.9658,-0.0726,1.4314,0.000,12.770,-179.045,0,0,339,234,96,110
1778107355.913955,52,0.909044,0.719117,0.653709,0.9477,-0.4879,1.5848,0.000,3.644,138.103,0,0,583,145,114,132
1778107355.980664,3,0.958910,0.693744,0.665239,0.8230,0.2611,1.5921,0.000,16.465,-146.958,0,0,122,104,118,133
1778107355.980664,51,0.994083,0.779650,0.775037,0.9692,-0.0727,1.4307,0.000,13.568,-177.401,0,0,338,233,97,109
1778107355.980664,52,0.915113,0.716063,0.655278,0.9350,-0.4882,1.5785,-0.000,4.558,137.835,0,0,584,145,112,132
1778107355.980664,3,0.955358,0.694155,0.663167,0.8230,0.2611,1.5921,0.000,16.465,-146.958,0,0,123,105,120,133
1778107355.980664,51,0.996549,0.779208,0.776519,0.9692,-0.0727,1.4307,0.000,13.568,-177.401,0,0,339,234,97,111
1778107355.980664,52,0.911757,0.713115,0.650187,0.9350,-0.4882,1.5785,-0.000,4.558,137.835,0,0,585,146,109,126
1778107356.114141,3,0.952729,0.694239,0.661422,0.8234,0.2596,1.5906,0.000,16.451,-145.163,0,0,124,104,120,135
1778107356.114141,51,0.993133,0.779650,0.774296,0.9692,-0.0727,1.4307,0.000,11.808,-178.593,0,0,339,234,95,111
1778107356.114141,52,0.931317,0.710879,0.662054,0.9082,-0.4774,1.5636,0.000,6.402,139.100,0,0,587,148,105,132
1778107356.114141,3,0.951656,0.694322,0.660756,0.8234,0.2596,1.5906,0.000,16.451,-145.163,0,0,124,104,120,133
1778107356.114141,51,0.994918,0.779650,0.775688,0.9692,-0.0727,1.4307,0.000,11.808,-178.593,0,0,340,234,96,111
1778107356.114141,52,0.936193,0.712805,0.667323,0.9082,-0.4774,1.5636,0.000,6.402,139.100,0,0,589,146,102,137
1778107356.247618,3,0.954472,0.694322,0.662711,0.8247,0.2587,1.5931,0.000,16.682,-145.601,0,0,125,104,120,133
1778107356.247618,51,0.992472,0.779618,0.773749,0.9692,-0.0744,1.4307,0.000,11.879,-178.059,0,0,340,233,96,113
1778107356.247618,52,0.926965,0.711303,0.659353,0.9136,-0.4868,1.5662,0.000,5.348,139.003,0,0,590,148,99,129
1778107356.247618,3,0.952932,0.694405,0.661721,0.8247,0.2587,1.5931,0.000,16.682,-145.601,0,0,125,105,120,133
1778107356.247618,51,0.989123,0.779144,0.770669,0.9692,-0.0744,1.4307,0.000,11.879,-178.059,0,0,339,234,97,114
1778107356.247618,52,0.952349,0.710535,0.676677,0.9136,-0.4868,1.5662,0.000,5.348,139.003,0,0,591,148,98,133
1778107356.381095,3,0.954387,0.695228,0.663517,0.8270,0.2578,1.5927,0.000,17.090,-145.199,0,0,125,105,118,133
1778107356.381095,51,0.994711,0.779650,0.775527,0.9692,-0.0727,1.4307,-0.000,12.670,-178.812,0,0,340,233,95,113
1778107356.381095,52,0.936717,0.708932,0.664069,0.9001,-0.4824,1.5560,-0.000,7.537,138.194,0,0,591,150,98,126
1778107356.514567,3,0.953646,0.695638,0.663392,0.8287,0.2585,1.5937,0.000,16.533,-145.562,0,0,125,105,120,133
1778107356.514567,51,0.993133,0.778468,0.773122,0.9658,-0.0743,1.4314,0.000,11.847,-178.788,0,0,340,233,95,113
1778107356.514567,52,0.945835,0.709501,0.671070,0.9005,-0.4808,1.5544,0.000,7.580,140.786,0,0,590,149,100,125
1778107356.581298,3,0.948346,0.696046,0.660092,0.8305,0.2592,1.5947,0.000,15.880,-144.794,0,0,125,105,120,133
1778107356.581298,51,0.992492,0.779618,0.773764,0.9692,-0.0744,1.4307,0.000,12.432,-177.448,0,0,340,234,95,114
1778107356.581298,52,0.947717,0.709661,0.672558,0.9005,-0.4791,1.5544,0.000,7.410,141.798,0,0,589,149,102,128
1778107356.648027,3,0.954778,0.695638,0.664179,0.8287,0.2585,1.5937,0.000,16.259,-146.186,0,0,125,105,120,133
1778107356.648027,51,0.990813,0.780324,0.773156,0.9720,-0.0729,1.4316,0.000,12.972,-175.894,0,0,339,234,95,114
1778107356.648027,52,0.951807,0.710799,0.676543,0.9046,-0.4750,1.5582,0.000,8.032,142.807,0,0,585,148,109,128
1778107356.714745,3,0.961950,0.696046,0.669561,0.8305,0.2592,1.5947,0.000,16.219,-148.557,0,0,125,105,120,133
1778107356.714745,51,0.992414,0.779618,0.773704,0.9692,-0.0744,1.4307,-0.000,13.426,-176.563,0,0,340,234,96,114
1778107356.714745,52,0.964892,0.712655,0.687635,0.9092,-0.4675,1.5604,0.000,10.152,145.124,0,0,579,148,117,124
1778107356.781469,3,0.961078,0.696657,0.669541,0.8332,0.2602,1.5963,0.000,16.113,-148.390,0,0,125,105,118,133
1778107356.781469,51,0.994212,0.779618,0.775106,0.9692,-0.0744,1.4307,0.000,12.759,-178.370,0,0,340,234,95,113
1778107356.781469,52,0.963119,0.713670,0.687350,0.9119,-0.4639,1.5617,0.000,9.451,146.026,0,0,576,148,117,122
1778107356.848205,3,0.959632,0.696657,0.668534,0.8332,0.2602,1.5963,0.000,15.989,-148.053,0,0,125,105,118,133
1778107356.848205,51,0.990016,0.779177,0.771397,0.9687,-0.0727,1.4323,0.000,12.624,-175.806,0,0,339,233,95,113
1778107356.848205,52,0.965628,0.715324,0.690736,0.9187,-0.4609,1.5669,0.000,10.088,146.612,0,0,572,147,117,122
1778107356.848205,3,0.961198,0.697467,0.670404,0.8367,0.2615,1.5983,0.000,16.004,-148.581,0,0,125,105,118,133
1778107356.848205,51,0.994408,0.779177,0.774820,0.9687,-0.0727,1.4323,0.000,13.130,-178.128,0,0,340,233,95,113
1778107356.848205,52,0.964632,0.715324,0.690024,0.9187,-0.4609,1.5669,0.000,9.763,146.797,0,0,566,146,116,124
1778107356.981658,3,0.962022,0.697062,0.670589,0.8350,0.2608,1.5973,0.000,15.671,-149.367,0,0,125,106,118,133
1778107356.981658,51,0.989445,0.779144,0.770920,0.9687,-0.0744,1.4323,0.000,11.188,-176.961,0,0,339,234,97,111
1778107356.981658,52,0.965048,0.716736,0.691685,0.9227,-0.4531,1.5707,-0.000,10.274,146.829,0,0,556,144,117,125
1778107356.981658,3,0.965225,0.697882,0.673614,0.8350,0.2608,1.5973,0.000,15.671,-149.367,0,0,125,107,118,132
1778107356.981658,51,0.989165,0.780324,0.771870,0.9687,-0.0744,1.4323,0.000,11.188,-176.961,0,0,339,233,97,113
1778107356.981658,52,0.959577,0.718495,0.689451,0.9227,-0.4531,1.5707,-0.000,10.274,146.829,0,0,554,144,117,125
1778107357.048396,3,0.962631,0.698298,0.672203,0.8376,0.2615,1.5954,0.000,15.806,-149.167,0,0,125,107,117,132
1778107357.048396,51,0.953587,0.719153,0.685776,0.9290,-0.4364,1.5775,0.000,10.107,144.177,0,0,551,143,116,125
1778107357.048396,52,0.992870,0.779177,0.773621,0.9687,-0.0727,1.4323,0.000,12.234,-177.943,0,0,339,234,97,113
1778107357.048396,3,0.967417,0.698904,0.676132,0.8376,0.2615,1.5954,0.000,15.806,-149.167,0,0,126,107,118,133
1778107357.048396,52,0.952343,0.719714,0.685415,0.9290,-0.4364,1.5775,0.000,10.107,144.177,0,0,549,142,117,125
1778107357.048396,51,0.991344,0.779650,0.772901,0.9687,-0.0727,1.4323,0.000,12.234,-177.943,0,0,339,234,97,110
1778107357.181873,3,0.962462,0.698990,0.672751,0.8403,0.2609,1.5969,-0.000,16.605,-148.157,0,0,126,107,117,133
1778107357.181873,52,0.951953,0.720656,0.686030,0.9362,-0.4316,1.5848,-0.000,9.255,145.758,0,0,548,142,116,126
1778107357.181873,51,0.991075,0.780324,0.773359,0.9720,-0.0729,1.4316,0.000,11.037,-178.039,0,0,339,234,96,111
1778107357.315356,3,0.961044,0.699393,0.672147,0.8421,0.2616,1.5979,0.000,16.438,-147.883,0,0,126,107,117,133
1778107357.315356,52,0.950918,0.721689,0.686267,0.9407,-0.4319,1.5870,0.000,9.734,144.741,0,0,548,142,116,126
1778107357.315356,51,0.991724,0.780798,0.774337,0.9725,-0.0729,1.4299,-0.000,10.635,-179.130,0,0,339,235,97,110
1778107357.315356,3,0.958055,0.699393,0.670057,0.8421,0.2616,1.5979,0.000,16.438,-147.883,0,0,127,107,118,133
1778107357.315356,52,0.956890,0.721689,0.690577,0.9407,-0.4319,1.5870,0.000,9.734,144.741,0,0,548,142,116,126
1778107357.315356,51,0.993313,0.780798,0.775577,0.9725,-0.0729,1.4299,-0.000,10.635,-179.130,0,0,339,234,98,111
1778107357.448810,3,0.954834,0.699478,0.667885,0.8421,0.2601,1.5979,0.000,16.011,-146.549,0,0,127,107,117,133
1778107357.448810,52,0.946084,0.721689,0.682779,0.9407,-0.4319,1.5870,-0.000,9.397,143.682,0,0,548,141,116,125
1778107357.448810,51,0.993373,0.780324,0.775153,0.9720,-0.0729,1.4316,0.000,11.337,-179.680,0,0,339,234,96,111
1778107357.515549,3,0.950954,0.699880,0.665554,0.8439,0.2607,1.5989,0.000,15.646,-145.837,0,0,128,107,118,133
1778107357.515549,52,0.927188,0.721939,0.669374,0.9429,-0.4315,1.5900,0.000,7.941,140.669,0,0,547,141,115,125
1778107357.515549,51,0.995069,0.780324,0.776477,0.9720,-0.0729,1.4316,-0.000,11.925,179.326,0,0,339,234,98,111
1778107357.515549,3,0.953864,0.700452,0.668135,0.8439,0.2607,1.5989,0.000,15.646,-145.837,0,0,129,107,116,133
1778107357.515549,52,0.918486,0.722664,0.663757,0.9429,-0.4315,1.5900,0.000,7.941,140.669,0,0,545,142,115,125
1778107357.515549,51,0.996007,0.780324,0.777209,0.9720,-0.0729,1.4316,-0.000,11.925,179.326,0,0,339,234,97,111
1778107357.649001,3,0.951059,0.701452,0.667122,0.8501,0.2599,1.6025,0.000,16.354,-145.341,0,0,129,107,117,133
1778107357.649001,52,0.913558,0.722812,0.660330,0.9434,-0.4263,1.5884,0.000,7.477,138.381,0,0,544,142,115,125
1778107357.649001,51,0.995776,0.780772,0.777474,0.9739,-0.0730,1.4321,0.000,12.169,176.242,0,0,339,234,97,111
1778107357.715739,3,0.948353,0.701052,0.664845,0.8483,0.2592,1.6015,0.000,16.531,-144.458,0,0,129,107,117,133
1778107357.715739,52,0.902344,0.723240,0.652612,0.9439,-0.4263,1.5868,0.000,6.696,136.888,0,0,544,143,114,125
1778107357.715739,51,0.996271,0.780324,0.777414,0.9720,-0.0729,1.4316,-0.000,12.420,178.206,0,0,339,234,98,111
1778107357.782469,3,0.939119,0.702777,0.659991,0.8528,0.2589,1.6005,0.000,15.466,-143.197,0,0,130,109,118,132
1778107357.782469,52,0.866407,0.724402,0.627627,0.9444,-0.4177,1.5851,-0.000,5.676,132.193,0,0,539,144,115,122
1778107357.782469,51,0.996349,0.780772,0.777922,0.9739,-0.0730,1.4321,0.000,12.419,177.649,0,0,339,234,98,111
1778107357.849206,3,0.939019,0.702777,0.659921,0.8528,0.2589,1.6005,0.000,16.290,-142.439,0,0,130,109,118,132
1778107357.849206,52,0.858608,0.724402,0.621978,0.9444,-0.4177,1.5851,0.000,5.772,130.944,0,0,539,144,115,124
1778107357.849206,51,0.997034,0.780772,0.778456,0.9739,-0.0730,1.4321,0.000,12.914,177.827,0,0,339,234,97,111
1778107357.849206,3,0.931849,0.703459,0.655518,0.8528,0.2589,1.6005,0.000,16.290,-142.439,0,0,131,109,118,133
1778107357.849206,52,0.842523,0.724692,0.610569,0.9444,-0.4177,1.5851,0.000,5.772,130.944,0,0,537,144,113,124
1778107357.849206,51,0.992409,0.780804,0.774877,0.9739,-0.0730,1.4321,0.000,12.914,177.827,0,0,338,234,98,113
1778107357.982616,3,0.927919,0.703882,0.653145,0.8559,0.2583,1.6005,0.000,16.967,-139.667,0,0,131,110,118,132
1778107357.982616,51,0.993614,0.781474,0.776483,0.9768,-0.0714,1.4330,-0.000,11.472,-179.575,0,0,338,234,97,111
1778107357.982616,52,0.840409,0.725123,0.609400,0.9450,-0.4143,1.5835,0.000,6.191,128.243,0,0,537,145,116,122
1778107358.049337,3,0.922289,0.703705,0.649019,0.8537,0.2574,1.5975,0.000,16.175,-139.119,0,0,131,111,116,132
1778107358.049337,52,0.844947,0.724157,0.611874,0.9417,-0.4131,1.5838,0.000,7.029,128.270,0,0,537,144,116,125
1778107358.049337,51,0.992105,0.781474,0.775304,0.9768,-0.0714,1.4330,0.000,12.516,-176.906,0,0,338,234,94,111
1778107358.049337,3,0.925757,0.703283,0.651070,0.8537,0.2574,1.5975,0.000,16.175,-139.119,0,0,131,110,117,133
1778107358.049337,52,0.653340,0.780835,0.510151,0.9417,-0.4131,1.5838,0.000,7.029,128.270,0,0,537,145,115,122
1778107358.182785,3,0.925979,0.703882,0.651779,0.8559,0.2583,1.6005,0.000,16.006,-139.998,0,0,131,110,117,133
1778107358.182785,52,0.843734,0.724300,0.611117,0.9417,-0.4114,1.5838,0.000,6.743,128.420,0,0,536,144,115,121
1778107358.182785,51,0.992551,0.781309,0.775490,0.9744,-0.0696,1.4305,0.000,12.984,-176.589,0,0,337,235,93,110
1778107358.182785,3,0.931147,0.704127,0.655645,0.8559,0.2583,1.6005,0.000,16.006,-139.998,0,0,131,112,117,130
1778107358.182785,52,0.826540,0.724692,0.598987,0.9417,-0.4114,1.5838,0.000,6.743,128.420,0,0,537,144,115,121
1778107358.182785,51,0.994346,0.781278,0.776861,0.9744,-0.0696,1.4305,0.000,12.984,-176.589,0,0,338,235,94,110
1778107358.316263,3,0.932488,0.704726,0.657149,0.8569,0.2583,1.5975,0.000,16.895,-140.540,0,0,131,112,117,132
1778107358.316263,52,0.811602,0.724157,0.587727,0.9417,-0.4131,1.5838,-0.000,5.381,125.234,0,0,537,144,115,120
1778107358.316263,51,0.987999,0.781309,0.771933,0.9744,-0.0696,1.4305,-0.000,11.741,-175.131,0,0,337,235,95,110
1778107358.316263,3,0.931632,0.704127,0.655987,0.8569,0.2583,1.5975,0.000,16.895,-140.540,0,0,131,112,117,132
1778107358.316263,52,0.619426,0.781278,0.483944,0.9417,-0.4131,1.5838,-0.000,5.381,125.234,0,0,537,144,115,120
1778107358.449739,3,0.924066,0.704127,0.650660,0.8542,0.2574,1.5960,-0.000,17.154,-138.731,0,0,131,112,117,133
1778107358.449739,52,0.606853,0.780804,0.473833,0.9739,-0.0713,1.4321,0.000,5.445,125.033,0,0,538,144,114,120
1778107358.516479,3,0.918810,0.705972,0.648654,0.8596,0.2590,1.5955,0.000,16.981,-137.820,0,0,131,114,117,130
1778107358.516479,52,0.813603,0.724012,0.589059,0.9417,-0.4148,1.5838,-0.000,5.712,125.139,0,0,538,144,114,120
1778107358.516479,51,0.986652,0.780804,0.770382,0.9739,-0.0713,1.4321,0.000,11.340,-175.013,0,0,338,234,98,113
1778107358.516479,3,0.914752,0.704971,0.644874,0.8596,0.2590,1.5955,0.000,16.981,-137.820,0,0,131,114,117,130
1778107358.516479,52,0.596052,0.780356,0.465132,0.9417,-0.4148,1.5838,-0.000,5.712,125.139,0,0,537,144,115,120
1778107358.583217,3,0.913625,0.703895,0.643096,0.8551,0.2574,1.5930,0.000,16.846,-137.194,0,0,133,112,117,133
1778107358.583217,52,0.802217,0.727539,0.583644,0.9720,-0.0712,1.4316,0.000,4.938,124.379,0,0,538,144,115,121
1778107358.583217,51,0.993254,0.780292,0.775028,nan,nan,nan,nan,nan,nan,0,0,340,234,100,113
1778107358.716669,3,0.911943,0.704719,0.642664,0.8547,0.2542,1.5945,0.000,16.477,-137.193,0,0,133,113,117,130
1778107358.716669,52,0.785881,0.726344,0.570819,0.9544,-0.4220,1.5900,0.000,6.653,121.233,0,0,539,144,115,121
1778107358.716669,51,0.992491,0.779650,0.773796,0.9692,-0.0727,1.4307,0.000,11.814,-178.054,0,0,339,234,98,111
1778107358.716669,3,0.915853,0.704401,0.645127,0.8547,0.2542,1.5945,0.000,16.477,-137.193,0,0,134,113,116,130
1778107358.716669,52,0.808479,0.726196,0.587115,0.9544,-0.4220,1.5900,0.000,6.653,121.233,0,0,540,144,116,121
1778107358.716669,51,0.993130,0.779650,0.774294,0.9692,-0.0727,1.4307,0.000,11.814,-178.054,0,0,339,234,98,113
1778107358.783407,3,0.916858,0.704317,0.645759,0.8529,0.2520,1.5935,0.000,16.487,-137.974,0,0,133,113,117,130
1778107358.783407,52,0.804001,0.726776,0.584329,0.9544,-0.4238,1.5900,-0.000,7.444,123.182,0,0,539,145,115,122
1778107358.783407,51,0.996007,0.780324,0.777208,0.9692,-0.0727,1.4307,0.000,12.138,-178.140,0,0,339,234,97,110
1778107358.916902,3,0.913043,0.704317,0.643072,0.8529,0.2536,1.5935,0.000,16.133,-137.612,0,0,134,113,117,130
1778107358.916902,51,0.993669,0.780324,0.775384,0.9720,-0.0729,1.4316,-0.000,12.088,-178.662,0,0,339,234,98,111
1778107358.916902,52,0.776714,0.726776,0.564497,0.9549,-0.4220,1.5884,0.000,6.470,120.326,0,0,540,144,116,124
1778107358.983640,3,0.912813,0.705405,0.643903,0.8573,0.2536,1.5960,0.000,15.779,-137.923,0,0,134,113,117,129
1778107358.983640,51,0.995542,0.780772,0.777292,0.9739,-0.0730,1.4321,0.000,12.402,179.781,0,0,339,234,97,110
1778107358.983640,52,0.778163,0.726196,0.565099,0.9544,-0.4238,1.5900,-0.000,7.842,119.596,0,0,541,144,115,120
1778107358.983640,3,0.912159,0.705805,0.643806,0.8591,0.2542,1.5970,-0.000,15.483,-138.017,0,0,134,113,117,130
1778107358.983640,51,0.992268,0.780324,0.774291,0.9720,-0.0729,1.4316,0.000,11.921,-177.751,0,0,339,234,96,110
1778107358.983640,52,0.756288,0.726571,0.549498,0.9572,-0.4267,1.5914,0.000,6.078,118.251,0,0,541,144,115,121
1778107359.050379,3,0.910590,0.706402,0.643243,0.8618,0.2552,1.5985,0.000,15.221,-137.929,0,0,135,112,116,130
1778107359.050379,52,0.766497,0.727093,0.557315,0.9599,-0.4279,1.5927,-0.000,6.014,119.349,0,0,541,144,114,118
1778107359.050379,51,0.995340,0.780324,0.776688,0.9720,-0.0729,1.4316,0.000,12.046,179.182,0,0,340,234,98,111
1778107359.050379,3,0.907814,0.705066,0.640069,0.8618,0.2552,1.5985,0.000,15.221,-137.929,0,0,135,112,116,130
1778107359.050379,51,0.994289,0.780292,0.775835,0.9599,-0.4279,1.5927,-0.000,6.014,119.349,0,0,340,234,98,113
1778107359.050379,52,0.771752,0.727093,0.561135,0.9720,-0.0729,1.4316,0.000,12.046,179.182,0,0,543,143,114,120
1778107359.117117,3,0.910454,0.706062,0.642838,0.8569,0.2520,1.5975,-0.000,15.007,-137.751,0,0,135,112,116,130
1778107359.117117,51,0.993467,0.779618,0.774525,0.9720,-0.0746,1.4316,0.000,11.843,-179.822,0,0,340,234,98,113
1778107359.250594,3,0.907467,0.706062,0.640728,0.8613,0.2536,1.6000,0.000,15.026,-137.677,0,0,135,112,116,129
1778107359.250594,52,0.764371,0.722856,0.552530,0.9412,-0.4234,1.5854,0.000,6.228,118.824,0,0,543,144,114,120
1778107359.250594,51,0.995800,0.779618,0.776343,0.9692,-0.0744,1.4307,0.000,12.198,178.572,0,0,341,234,100,113
1778107359.250594,3,0.915261,0.706062,0.646231,0.8613,0.2536,1.6000,0.000,15.026,-137.677,0,0,135,113,116,128
1778107359.250594,52,0.846675,0.724875,0.613734,0.9412,-0.4234,1.5854,0.000,6.228,118.824,0,0,546,143,116,121
1778107359.250594,51,0.996772,0.779585,0.777068,0.9692,-0.0744,1.4307,0.000,12.198,178.572,0,0,340,234,98,113
1778107359.384046,3,0.911709,0.706487,0.644111,0.8618,0.2536,1.5985,0.000,15.474,-138.052,0,0,135,112,116,129
1778107359.384046,52,0.843133,0.724347,0.610721,0.9512,-0.4330,1.5904,0.000,3.188,130.297,0,0,547,143,114,120
1778107359.384046,51,0.994549,0.779618,0.775368,0.9692,-0.0744,1.4307,-0.000,12.059,-179.711,0,0,340,234,98,113
1778107359.450784,3,0.914295,0.706062,0.645549,0.8613,0.2536,1.6000,0.000,16.032,-138.154,0,0,134,112,117,129
1778107359.450784,52,0.885210,0.724718,0.641528,0.9539,-0.4359,1.5917,0.000,3.713,136.603,0,0,548,142,115,121
1778107359.450784,51,0.993986,0.779618,0.774929,0.9692,-0.0744,1.4307,-0.000,11.903,-179.364,0,0,340,234,98,113
1778107359.550864,3,0.915435,0.704982,0.645365,0.8569,0.2536,1.5975,0.000,16.023,-138.255,0,0,135,112,116,129
1778107359.550864,52,0.990737,0.779618,0.772397,0.9692,-0.0744,1.4307,0.000,11.042,-177.883,0,0,340,234,98,115
1778107359.550864,51,0.893086,0.725172,0.647641,0.9588,-0.4401,1.5961,0.000,4.190,137.555,0,0,548,142,115,121
1778107359.550864,3,0.912121,0.705465,0.643470,0.8569,0.2536,1.5975,0.000,16.023,-138.255,0,0,134,113,117,128
1778107359.550864,51,0.990486,0.778941,0.771530,0.9692,-0.0744,1.4307,0.000,11.042,-177.883,0,0,340,234,97,111
1778107359.550864,52,0.903520,0.725687,0.655673,0.9588,-0.4401,1.5961,0.000,4.190,137.555,0,0,548,142,115,120
1778107359.751032,3,0.891331,0.705489,0.628825,0.8573,0.2520,1.5960,-0.000,14.649,-135.253,0,0,135,113,115,126
1778107359.751032,51,0.994164,0.779347,0.774799,0.9668,-0.0776,1.4282,0.000,11.095,178.143,0,0,342,235,98,114
1778107359.751032,52,0.907522,0.725379,0.658298,0.9616,-0.4449,1.5974,-0.000,4.769,139.701,0,0,550,142,116,120
1778107359.817771,3,0.876854,0.705066,0.618240,0.8569,0.2520,1.5975,0.000,13.461,-133.908,0,0,135,112,116,125
1778107359.817771,51,0.990797,0.779347,0.772175,0.9668,-0.0776,1.4282,0.000,10.553,-178.735,0,0,342,235,98,114
1778107359.817771,3,0.835616,0.705066,0.589164,0.8569,0.2520,1.5975,0.000,13.461,-133.908,0,0,136,113,113,128
1778107359.817771,51,0.995316,0.779347,0.775697,0.9668,-0.0776,1.4282,0.000,10.553,-178.735,0,0,343,234,98,113
1778107359.817771,3,0.801260,0.704970,0.564865,0.8569,0.2520,1.5975,0.000,13.807,-128.099,0,0,137,111,114,128
1778107359.817771,51,0.994177,0.778840,0.774305,0.9668,-0.0776,1.4282,0.000,11.821,178.486,0,0,342,234,98,113
1778107359.984621,3,0.789100,0.704207,0.555690,0.8537,0.2479,1.5975,0.000,12.501,-123.673,0,0,137,111,113,126
1778107359.984621,51,0.996518,0.778422,0.775711,0.9644,-0.0775,1.4292,0.000,14.674,-178.737,0,0,342,234,98,111
1778107360.118094,3,0.802698,0.703061,0.564346,0.8497,0.2451,1.5970,0.000,13.947,-124.477,0,0,138,110,114,129
1778107360.118094,51,0.989767,0.779313,0.771338,0.9668,-0.0793,1.4282,-0.000,11.009,-177.447,0,0,343,235,98,111
1778107360.118094,3,0.803488,0.703061,0.564902,0.8497,0.2451,1.5970,0.000,13.947,-124.477,0,0,138,110,115,128
1778107360.118094,51,0.990595,0.779313,0.771984,0.9668,-0.0793,1.4282,-0.000,11.009,-177.447,0,0,343,234,100,110
1778107360.251567,0,0.803136,0.703061,0.564654,0.8497,0.2451,1.5970,-0.000,13.325,-124.885,0,0,138,110,115,128
1778107360.251567,1,0.990226,0.777235,0.769639,0.9610,-0.0791,1.4299,-0.000,11.142,-177.832,0,0,343,233,97,113
1778107360.251567,3,0.804550,0.703061,0.565648,0.8497,0.2451,1.5970,-0.000,13.353,-125.030,0,0,138,110,115,128
1778107360.251567,51,0.995056,0.777235,0.773392,0.9610,-0.0791,1.4299,0.000,12.288,179.598,0,0,344,233,97,113
1778107360.318306,3,0.809273,0.703061,0.568968,0.8497,0.2451,1.5970,-0.000,14.076,-125.152,0,0,138,110,115,126
1778107360.318306,51,0.993359,0.777880,0.772715,0.9639,-0.0809,1.4308,-0.000,11.228,179.321,0,0,344,234,97,111
1778107360.318306,3,0.805064,0.702455,0.565521,0.8497,0.2451,1.5970,-0.000,14.076,-125.152,0,0,138,110,115,126
1778107360.318306,51,0.993562,0.777672,0.772665,0.9639,-0.0809,1.4308,-0.000,11.228,179.321,0,0,344,234,97,113
1778107360.418413,3,0.798024,0.703061,0.561060,0.8497,0.2451,1.5970,-0.000,13.447,-124.237,0,0,139,110,116,128
1778107360.418413,51,0.992219,0.777672,0.771621,0.9615,-0.0807,1.4283,0.000,10.670,179.655,0,0,344,235,97,114
1778107360.485144,3,0.798317,0.702535,0.560846,0.8470,0.2426,1.5955,0.000,13.334,-124.441,0,0,139,110,116,128
1778107360.485144,51,0.989001,0.778143,0.769584,0.9620,-0.0807,1.4267,0.000,9.952,-178.523,0,0,344,235,97,114
1778107360.551883,3,0.793385,0.702129,0.557058,0.8453,0.2420,1.5945,0.000,13.017,-124.075,0,0,139,109,114,128
1778107360.551883,51,0.989157,0.778143,0.769706,0.9620,-0.0807,1.4267,0.000,11.544,-176.626,0,0,344,234,95,113
1778107360.551883,3,0.794327,0.701302,0.557063,0.8453,0.2420,1.5945,0.000,13.017,-124.075,0,0,139,110,115,124
1778107360.551883,51,0.989447,0.777672,0.769465,0.9620,-0.0807,1.4267,0.000,11.544,-176.626,0,0,344,233,95,111
1778107360.685359,3,0.785740,0.700699,0.550567,0.8390,0.2399,1.5909,0.000,12.240,-123.691,0,0,139,110,115,124
1778107360.685359,51,0.986140,0.777200,0.766429,0.9610,-0.0807,1.4299,-0.000,12.108,-174.881,0,0,344,233,96,111
1778107360.685359,3,0.788384,0.700699,0.552420,0.8390,0.2399,1.5909,0.000,12.240,-123.691,0,0,139,110,115,124
1778107360.685359,51,0.984839,0.777200,0.765417,0.9610,-0.0807,1.4299,-0.000,12.108,-174.881,0,0,344,233,95,110
1778107360.752074,3,0.789851,0.701313,0.553933,0.8417,0.2408,1.5924,0.000,13.117,-123.625,0,0,139,110,115,124
1778107360.752074,51,0.988941,0.777880,0.769278,0.9639,-0.0809,1.4308,0.000,10.710,-177.652,0,0,345,234,96,110
1778107360.752074,3,0.792550,0.700699,0.555339,0.8417,0.2408,1.5924,0.000,13.117,-123.625,0,0,139,109,115,125
1778107360.752074,51,0.980912,0.778769,0.763904,0.9639,-0.0809,1.4308,0.000,10.710,-177.652,0,0,344,233,95,111
1778107360.885534,3,0.806186,0.700280,0.564556,0.8386,0.2399,1.5924,0.000,13.091,-125.501,0,0,138,110,115,125
1778107360.885534,51,0.985902,0.778333,0.767360,0.9658,-0.0810,1.4314,0.000,11.039,-175.640,0,0,345,233,95,111
1778107360.952255,3,0.822388,0.700209,0.575843,0.8372,0.2408,1.5899,-0.000,13.329,-127.136,0,0,139,110,116,126
1778107360.952255,51,0.985922,0.777845,0.766894,0.9639,-0.0826,1.4308,0.000,10.917,-175.868,0,0,345,233,95,111
1778107360.952255,54,0.662821,0.720035,0.477254,0.9390,-0.4529,1.5824,0.000,-0.206,111.215,0,0,561,142,110,113
1778107361.018958,3,0.846275,0.699876,0.592287,0.8355,0.2386,1.5889,0.000,13.659,-130.025,0,0,138,110,116,126
1778107361.018958,51,0.986256,0.778297,0.767600,0.9658,-0.0827,1.4314,0.000,11.963,-175.139,0,0,345,233,96,111
1778107361.018958,54,0.656332,0.719189,0.472027,0.9380,-0.4529,1.5857,0.000,-0.016,110.560,0,0,560,143,110,114
1778107361.152435,3,0.854392,0.699718,0.597834,0.8355,0.2417,1.5889,-0.000,14.850,-130.136,0,0,137,110,116,126
1778107361.152435,51,0.988797,0.778297,0.769578,0.9658,-0.0827,1.4314,0.000,13.400,-175.329,0,0,345,233,96,111
1778107361.152435,54,0.660615,0.717629,0.474077,0.9307,-0.4512,1.5821,0.000,-0.373,111.085,0,0,562,142,116,117
1778107361.219165,3,0.862677,0.699301,0.603271,0.8350,0.2417,1.5904,0.000,13.060,-132.465,0,0,137,109,116,126
1778107361.219165,51,0.989354,0.778297,0.770011,0.9658,-0.0827,1.4314,-0.000,11.632,-176.945,0,0,345,233,97,110
1778107361.219165,54,0.656780,0.716512,0.470591,0.9235,-0.4443,1.5785,0.000,0.383,110.441,0,0,560,142,112,115
1778107361.285904,3,0.866723,0.698266,0.605203,0.8319,0.2408,1.5903,0.000,13.602,-132.695,0,0,137,108,116,129
1778107361.285904,51,0.988297,0.777808,0.768706,0.9639,-0.0842,1.4308,0.000,11.547,-176.558,0,0,346,233,96,110
1778107361.285904,54,0.672439,0.719041,0.483511,0.9340,-0.4474,1.5818,0.000,2.016,110.908,0,0,559,143,110,117
1778107361.285904,3,0.872893,0.698187,0.609443,0.8319,0.2408,1.5903,0.000,13.602,-132.695,0,0,136,108,117,129
1778107361.285904,51,0.985466,0.778297,0.766985,0.9639,-0.0842,1.4308,0.000,11.547,-176.558,0,0,345,233,96,110
1778107361.285904,54,0.671224,0.720022,0.483296,0.9340,-0.4474,1.5818,0.000,2.016,110.908,0,0,559,142,114,117
1778107361.352633,3,0.888710,0.698187,0.620485,0.8319,0.2423,1.5903,-0.000,14.699,-135.099,0,0,136,108,117,129
1778107361.352633,51,0.987520,0.778297,0.768584,0.9658,-0.0827,1.4314,0.000,11.234,-176.354,0,0,345,233,95,110
1778107361.352633,54,0.695678,0.720022,0.500903,0.9407,-0.4508,1.5870,0.000,2.147,113.004,0,0,557,144,112,118
1778107361.452716,3,0.882306,0.697774,0.615650,0.8301,0.2417,1.5893,-0.000,14.356,-134.354,0,0,136,108,116,130
1778107361.452716,51,0.989344,0.778297,0.770003,0.9658,-0.0827,1.4314,0.000,10.743,-177.974,0,0,346,234,96,110
1778107361.452716,54,0.682857,0.719769,0.491499,0.9345,-0.4440,1.5802,0.000,3.047,111.405,0,0,557,143,113,117
1778107361.519455,3,0.887163,0.697360,0.618672,0.8283,0.2411,1.5883,0.000,14.568,-134.951,0,0,136,108,118,130
1778107361.519455,51,0.994585,0.778733,0.774516,0.9663,-0.0843,1.4298,0.000,12.845,-179.202,0,0,346,234,95,110
1778107361.519455,54,0.701241,0.719346,0.504435,0.9340,-0.4440,1.5818,0.000,2.505,113.474,0,0,557,144,112,117
1778107361.586193,3,0.898592,0.698187,0.627385,0.8319,0.2423,1.5903,0.000,15.470,-136.137,0,0,135,107,117,132
1778107361.586193,51,0.992657,0.778733,0.773014,0.9663,-0.0843,1.4298,0.000,11.014,179.742,0,0,346,234,95,110
1778107361.586193,54,0.696832,0.719237,0.501187,0.9317,-0.4427,1.5788,-0.000,2.283,113.168,0,0,557,144,112,117
1778107361.586193,3,0.901403,0.697280,0.628530,0.8319,0.2423,1.5903,0.000,15.470,-136.137,0,0,135,107,116,130
1778107361.586193,51,0.990668,0.778733,0.771466,0.9663,-0.0843,1.4298,0.000,11.014,179.742,0,0,346,233,94,109
1778107361.586193,54,0.706393,0.719237,0.508064,0.9317,-0.4427,1.5788,-0.000,2.283,113.168,0,0,557,143,112,117
1778107361.652932,3,0.899723,0.696866,0.626986,0.8297,0.2432,1.5908,-0.000,15.860,-136.257,0,0,134,107,117,130
1778107361.652932,51,0.991593,0.778260,0.771718,0.9663,-0.0843,1.4298,0.000,10.703,-178.956,0,0,346,234,94,111
1778107361.652932,54,0.705758,0.718814,0.507309,0.9317,-0.4427,1.5788,0.000,2.821,113.739,0,0,557,143,113,117
1778107361.719670,3,0.905453,0.697612,0.631655,0.8279,0.2426,1.5897,0.000,15.577,-136.176,0,0,134,107,117,130
1778107361.719670,54,0.734782,0.718280,0.527779,0.9658,-0.0843,1.4314,0.000,10.034,177.717,0,0,558,143,113,117
1778107361.719670,51,0.988268,0.778733,0.769597,0.9312,-0.4427,1.5804,0.000,1.345,114.660,0,0,345,234,93,111
1778107361.919880,3,0.907587,0.694502,0.630321,0.8194,0.2413,1.5866,0.000,15.795,-137.275,0,0,134,106,118,132
1778107361.919880,54,0.990541,0.778733,0.771367,0.9663,-0.0843,1.4298,0.000,9.645,178.640,0,0,346,234,94,110
1778107361.919880,51,0.733240,0.719085,0.527262,0.9317,-0.4444,1.5788,0.000,1.610,117.091,0,0,558,144,115,118
1778107361.986618,3,0.913858,0.694502,0.634676,0.8194,0.2413,1.5866,-0.000,16.133,-138.133,0,0,134,106,117,132
1778107361.986618,54,0.846346,0.718932,0.608465,0.9317,-0.4461,1.5788,0.000,3.569,129.005,0,0,559,144,115,120
1778107361.986618,51,0.992745,0.778769,0.773120,0.9663,-0.0827,1.4298,0.000,11.396,-179.510,0,0,345,234,96,113
1778107361.986618,3,0.915168,0.694084,0.635203,0.8194,0.2413,1.5866,-0.000,16.133,-138.133,0,0,134,106,118,132
1778107361.986618,54,0.865421,0.717825,0.621221,0.9317,-0.4461,1.5788,0.000,3.569,129.005,0,0,560,143,115,120
1778107361.986618,51,0.996123,0.779205,0.776185,0.9663,-0.0827,1.4298,0.000,11.396,-179.510,0,0,346,235,96,111
1778107362.120028,3,0.914001,0.694502,0.634776,0.8194,0.2413,1.5866,0.000,15.873,-138.351,0,0,134,106,118,132
1778107362.120028,54,0.914602,0.717672,0.656384,0.9285,-0.4482,1.5791,0.000,5.937,138.480,0,0,561,143,116,120
1778107362.120028,51,0.993747,0.779678,0.774803,0.9673,-0.0843,1.4266,0.000,10.757,175.740,0,0,346,236,96,111
1778107362.120028,3,0.916289,0.694006,0.635910,0.8194,0.2413,1.5866,0.000,15.873,-138.351,0,0,133,106,117,132
1778107362.120028,54,0.956107,0.718093,0.686574,0.9285,-0.4482,1.5791,0.000,5.937,138.480,0,0,561,144,120,122
1778107362.120028,51,0.996454,0.780902,0.778133,0.9673,-0.0843,1.4266,0.000,10.757,175.740,0,0,344,237,97,111
1778107362.186756,3,0.918004,0.694006,0.637100,0.8176,0.2421,1.5856,0.000,15.716,-138.777,0,0,133,106,117,132
1778107362.186756,54,0.954403,0.717737,0.685010,0.9290,-0.4482,1.5775,0.000,9.431,145.359,0,0,561,144,118,122
1778107362.186756,51,0.995651,0.780902,0.777505,0.9706,-0.0811,1.4258,0.000,12.184,177.191,0,0,344,237,95,111
1778107362.253494,3,0.921150,0.694006,0.639283,0.8176,0.2421,1.5856,0.000,15.974,-138.899,0,0,133,106,117,132
1778107362.253494,51,0.993102,0.780392,0.775009,0.9272,-0.4473,1.5766,0.000,9.295,144.932,0,0,345,236,96,111
1778107362.253494,54,0.959046,0.718093,0.688684,0.9706,-0.0811,1.4258,-0.000,11.755,177.957,0,0,561,144,118,124
1778107362.320233,3,0.921353,0.693927,0.639352,0.8176,0.2421,1.5856,0.000,16.045,-139.437,0,0,132,106,117,130
1778107362.320233,51,0.965227,0.718093,0.693123,0.9702,-0.0828,1.4274,0.000,10.650,174.811,0,0,561,144,118,124
1778107362.320233,54,0.994876,0.780428,0.776430,0.9290,-0.4482,1.5775,0.000,9.871,145.774,0,0,344,236,97,111
1778107362.386965,3,0.923303,0.693516,0.640326,0.8176,0.2436,1.5856,0.000,16.262,-139.200,0,0,132,105,117,132
1778107362.386965,54,0.966769,0.718626,0.694745,0.9290,-0.4482,1.5775,0.000,9.816,149.068,0,0,561,144,118,124
1778107362.386965,51,0.992036,0.780428,0.774213,0.9702,-0.0811,1.4274,-0.000,11.443,175.584,0,0,344,236,97,113
1778107362.520441,3,0.925179,0.693927,0.642007,0.8176,0.2436,1.5856,-0.000,16.037,-140.115,0,0,132,106,117,132
1778107362.520441,54,0.969225,0.717737,0.695648,0.9272,-0.4473,1.5766,0.000,9.948,152.324,0,0,561,144,118,125
1778107362.520441,51,0.993101,0.780428,0.775044,0.9702,-0.0811,1.4274,-0.000,10.432,175.957,0,0,344,236,97,113
1778107362.520441,3,0.936172,0.693927,0.649636,0.8176,0.2436,1.5856,-0.000,16.037,-140.115,0,0,132,105,118,133
1778107362.520441,54,0.970301,0.717737,0.696421,0.9272,-0.4473,1.5766,0.000,9.948,152.324,0,0,561,144,118,124
1778107362.520441,51,0.993731,0.780428,0.775536,0.9702,-0.0811,1.4274,-0.000,10.432,175.957,0,0,344,236,97,113
1778107362.620539,3,0.942973,0.693429,0.653885,0.8176,0.2436,1.5856,0.000,16.388,-142.111,0,0,131,106,117,132
1778107362.620539,54,0.971168,0.718626,0.697907,0.9272,-0.4473,1.5766,0.000,10.126,152.943,0,0,561,144,122,124
1778107362.620539,51,0.991215,0.780392,0.773537,0.9702,-0.0811,1.4274,0.000,10.695,176.529,0,0,345,236,98,113
1778107362.687278,3,0.954790,0.693350,0.662004,0.8159,0.2445,1.5845,-0.000,16.578,-143.380,0,0,130,106,117,132
1778107362.687278,54,0.971603,0.719156,0.698734,0.9317,-0.4495,1.5788,0.000,10.279,153.606,0,0,561,144,122,124
1778107362.687278,51,0.994141,0.780902,0.776327,0.9702,-0.0828,1.4274,0.000,9.610,175.484,0,0,344,237,97,111
1778107362.754012,3,0.961816,0.692851,0.666396,0.8159,0.2460,1.5845,0.000,16.790,-146.112,0,0,129,106,116,130
1778107362.754012,54,0.973008,0.719156,0.699745,0.9345,-0.4508,1.5802,0.000,10.357,154.279,0,0,561,144,122,124
1778107362.754012,51,0.994170,0.779955,0.775407,0.9706,-0.0811,1.4258,0.000,10.895,178.031,0,0,344,235,98,114
1778107362.887460,3,0.964063,0.693191,0.668280,0.8159,0.2490,1.5845,-0.000,16.995,-148.555,0,0,128,106,116,132
1778107362.887460,51,0.994379,0.779919,0.775535,0.9697,-0.0828,1.4291,0.000,11.358,178.520,0,0,345,235,100,113
1778107362.887460,54,0.974696,0.719156,0.700959,0.9345,-0.4508,1.5802,-0.000,11.128,154.258,0,0,561,144,122,124
1778107362.887460,3,0.966442,0.693118,0.669859,0.8159,0.2490,1.5845,-0.000,16.995,-148.555,0,0,127,105,117,133
1778107362.887460,51,0.995194,0.780629,0.776877,0.9697,-0.0828,1.4291,0.000,11.358,178.520,0,0,344,235,97,111
1778107362.887460,54,0.973312,0.717940,0.698780,0.9345,-0.4508,1.5802,-0.000,11.128,154.258,0,0,562,144,120,124
1778107362.954198,3,0.967844,0.692282,0.670022,0.8172,0.2512,1.5870,0.000,17.396,-148.882,0,0,127,105,117,132
1778107362.954198,51,0.994005,0.779919,0.775243,0.9725,-0.0813,1.4299,0.000,11.988,179.063,0,0,345,235,98,113
1778107362.954198,54,0.975130,0.718472,0.700603,0.9290,-0.4499,1.5775,0.000,10.760,154.639,0,0,562,144,120,124
1778107363.087638,3,0.966602,0.691793,0.668688,0.8132,0.2514,1.5864,0.000,17.838,-148.376,0,0,126,104,118,133
1778107363.087638,51,0.993184,0.780664,0.775343,0.9725,-0.0796,1.4299,0.000,11.867,-178.822,0,0,343,235,97,113
1778107363.087638,54,0.974979,0.720302,0.702280,0.9395,-0.4546,1.5808,-0.000,11.099,154.011,0,0,562,145,120,122
1778107363.087638,3,0.965485,0.691712,0.667838,0.8132,0.2514,1.5864,0.000,17.838,-148.376,0,0,125,104,117,133
1778107363.087638,51,0.991079,0.781139,0.774170,0.9725,-0.0796,1.4299,0.000,11.867,-178.822,0,0,343,236,97,113
1778107363.087638,54,0.971914,0.718893,0.698702,0.9395,-0.4546,1.5808,-0.000,11.099,154.011,0,0,562,145,120,122
1778107363.154377,3,0.966007,0.692130,0.668602,0.8132,0.2529,1.5864,-0.000,17.676,-148.059,0,0,125,104,117,133
1778107363.154377,54,0.913782,0.780464,0.713173,0.9730,-0.0796,1.4283,-0.000,10.686,-178.686,0,0,561,145,122,122
1778107363.221114,3,0.964226,0.692130,0.667370,0.8150,0.2535,1.5874,0.000,17.840,-148.050,0,0,125,104,117,133
1778107363.221114,54,0.987354,0.780464,0.770593,0.9702,-0.0795,1.4274,0.000,10.500,153.258,0,0,342,236,97,111
1778107363.221114,3,0.960908,0.692546,0.665473,0.8150,0.2535,1.5874,0.000,17.747,-147.552,0,0,125,104,118,133
1778107363.221114,51,0.993012,0.781173,0.775714,0.9702,-0.0795,1.4274,0.000,11.181,-175.836,0,0,343,235,97,113
1778107363.221114,54,0.973515,0.717621,0.698615,nan,nan,nan,nan,nan,nan,0,0,561,146,118,122
1778107363.387961,3,0.966689,0.692546,0.669477,0.8168,0.2542,1.5885,0.000,17.725,-148.425,0,0,124,104,118,132
1778107363.387961,54,0.977411,0.719470,0.703217,0.9327,-0.4495,1.5756,0.000,11.662,154.363,0,0,561,145,120,124
1778107363.387961,51,0.989512,0.779990,0.771810,0.9697,-0.0795,1.4291,0.000,11.388,-176.875,0,0,341,236,97,114
1778107363.454696,3,0.967359,0.692464,0.669862,0.8168,0.2557,1.5885,0.000,17.310,-149.079,0,0,123,104,117,132
1778107363.454696,54,0.977209,0.718158,0.701790,0.9277,-0.4473,1.5750,0.000,11.735,153.531,0,0,561,145,120,124
1778107363.454696,51,0.992391,0.780532,0.774593,0.9702,-0.0761,1.4274,-0.000,11.691,-178.086,0,0,342,235,96,113
1778107363.521416,3,0.965778,0.692382,0.668687,0.8168,0.2572,1.5885,0.000,17.031,-148.733,0,0,123,104,117,132
1778107363.521416,54,0.975297,0.718158,0.700417,0.9277,-0.4473,1.5750,0.000,11.193,154.270,0,0,560,146,118,122
1778107363.521416,51,0.993122,0.780025,0.774660,0.9697,-0.0778,1.4291,0.000,11.110,-179.964,0,0,342,236,96,114
1778107363.588152,3,0.967551,0.692382,0.669915,0.8168,0.2572,1.5885,0.000,17.367,-148.958,0,0,123,104,117,132
1778107363.588152,54,0.976329,0.719624,0.702589,0.9327,-0.4478,1.5756,-0.000,11.400,154.051,0,0,560,145,118,124
1778107363.588152,51,0.987977,0.780498,0.771114,0.9702,-0.0778,1.4274,-0.000,9.884,-177.547,0,0,342,236,96,114
1778107363.654891,3,0.966105,0.692382,0.668913,0.8168,0.2572,1.5885,0.000,17.017,-148.874,0,0,122,104,117,130
1778107363.654891,54,0.977344,0.718668,0.702386,0.9295,-0.4465,1.5759,0.000,11.749,154.528,0,0,560,146,118,124
1778107363.654891,51,0.988300,0.780498,0.771366,0.9702,-0.0778,1.4274,-0.000,10.027,-177.554,0,0,341,236,97,114
1778107363.721621,3,0.970890,0.692714,0.672549,0.8185,0.2594,1.5895,0.000,17.525,-149.966,0,0,121,104,117,129
1778107363.721621,54,0.925209,0.780532,0.722156,0.9702,-0.0761,1.4274,0.000,11.034,155.076,0,0,560,146,118,125
1778107363.721621,3,0.967036,0.692216,0.669398,0.8185,0.2594,1.5895,0.000,17.525,-149.966,0,0,121,104,117,129
1778107363.721621,54,0.926866,0.780532,0.723448,0.9702,-0.0761,1.4274,0.000,11.034,155.076,0,0,560,147,118,124
1778107363.788360,3,0.964815,0.692630,0.668260,0.8168,0.2602,1.5885,-0.000,16.405,-149.896,0,0,121,104,116,130
1778107363.788360,54,0.977614,0.720046,0.703927,0.9702,-0.0761,1.4274,0.000,11.566,155.171,0,0,559,146,118,125
1778107363.788360,51,0.987811,0.779347,0.769848,nan,nan,nan,nan,nan,nan,0,0,342,236,96,114
1778107363.855098,3,0.971475,0.692630,0.672873,0.8185,0.2609,1.5895,0.000,16.526,-148.821,0,0,120,104,116,130
1778107363.855098,54,0.978669,0.721192,0.705808,0.9332,-0.4478,1.5740,0.000,11.651,155.170,0,0,559,147,120,122
1778107363.855098,51,0.992093,0.779820,0.773654,0.9668,-0.0776,1.4282,0.000,9.341,-178.487,0,0,341,236,95,114
1778107363.921832,3,0.968841,0.692133,0.670566,0.8185,0.2609,1.5895,0.000,17.652,-149.914,0,0,119,103,117,133
1778107363.921832,54,0.928619,0.779854,0.724188,0.9400,-0.4495,1.5791,0.000,12.038,154.742,0,0,558,147,118,121
1778107363.988560,3,0.969872,0.692049,0.671198,0.8168,0.2617,1.5885,0.000,16.746,-150.014,0,0,119,104,117,132
1778107363.988560,54,0.981442,0.719611,0.706256,0.9673,-0.0760,1.4266,0.000,12.422,155.205,0,0,557,147,117,122
1778107363.988560,51,0.989540,0.780091,0.771931,nan,nan,nan,nan,nan,nan,0,0,340,235,96,114
1778107364.188722,3,0.971317,0.692380,0.672520,0.8199,0.2661,1.5920,-0.000,17.307,-150.115,0,0,118,103,117,133
1778107364.188722,54,0.979902,0.720506,0.706025,0.9332,-0.4427,1.5740,0.000,12.329,155.043,0,0,557,147,117,121
1778107364.188722,51,0.989417,0.779381,0.771133,0.9668,-0.0760,1.4282,0.000,10.951,-177.092,0,0,341,235,96,113
1778107364.188722,3,0.968958,0.692380,0.670887,0.8199,0.2661,1.5920,-0.000,16.354,-150.610,0,0,117,105,117,130
1778107364.188722,54,0.983697,0.720506,0.708759,0.9332,-0.4427,1.5740,0.000,13.485,155.414,0,0,557,148,116,121
1778107364.188722,51,0.991935,0.779381,0.773095,0.9668,-0.0760,1.4282,0.000,12.096,-177.423,0,0,340,235,96,111
1778107364.322206,3,0.968909,0.692701,0.671164,0.8190,0.2669,1.5880,0.000,16.701,-149.624,0,0,117,105,117,130
1778107364.322206,54,0.975880,0.722930,0.705493,0.9415,-0.4444,1.5742,0.000,11.063,155.232,0,0,556,149,117,122
1778107364.322206,51,0.994121,0.780091,0.775505,0.9697,-0.0744,1.4291,-0.000,12.537,-178.436,0,0,340,235,96,114
1778107364.388944,3,0.969831,0.692292,0.671406,0.8185,0.2669,1.5895,0.000,16.838,-149.938,0,0,117,104,117,132
1778107364.388944,54,0.977276,0.722575,0.706155,0.9397,-0.4435,1.5734,-0.000,11.449,155.724,0,0,556,149,117,122
1778107364.388944,51,0.993549,0.779618,0.774588,0.9692,-0.0744,1.4307,0.000,12.952,-177.668,0,0,340,234,96,115
1778107364.455676,3,0.970705,0.692704,0.672411,0.8203,0.2676,1.5905,-0.000,17.021,-150.042,0,0,117,104,118,132
1778107364.455676,54,0.978984,0.722930,0.707736,0.9415,-0.4444,1.5742,0.000,11.907,154.762,0,0,556,149,117,122
1778107364.455676,51,0.994182,0.780091,0.775553,0.9697,-0.0744,1.4291,0.000,13.144,-177.851,0,0,340,235,96,114
1778107364.522453,3,0.970291,0.692618,0.672041,0.8203,0.2692,1.5905,-0.000,16.722,-150.216,0,0,116,104,117,132
1778107364.522453,54,0.977543,0.723460,0.707213,0.9443,-0.4457,1.5756,0.000,11.525,155.790,0,0,556,149,116,122
1778107364.522453,51,0.995752,0.780058,0.776745,0.9697,-0.0761,1.4291,0.000,12.376,179.425,0,0,341,235,96,114
1778107364.522453,3,0.970631,0.692618,0.672276,0.8203,0.2692,1.5905,-0.000,16.722,-150.216,0,0,116,104,117,132
1778107364.522453,54,0.977763,0.723460,0.707372,0.9443,-0.4457,1.5756,0.000,11.525,155.790,0,0,556,148,116,124
1778107364.522453,51,0.995376,0.780058,0.776451,0.9697,-0.0761,1.4291,0.000,12.376,179.425,0,0,340,235,97,114
1778107364.622521,3,0.970742,0.692206,0.671954,0.8185,0.2685,1.5895,0.000,16.782,-150.327,0,0,116,104,117,132
1778107364.622521,54,0.976550,0.723034,0.706079,0.9437,-0.4457,1.5772,0.000,11.345,154.373,0,0,555,149,117,122
1778107364.622521,51,0.996128,0.780091,0.777071,0.9697,-0.0744,1.4291,0.000,13.013,-179.781,0,0,340,235,98,115
1778107364.689257,3,0.973819,0.692618,0.674485,0.8203,0.2692,1.5905,0.000,17.350,-150.867,0,0,116,104,117,132
1778107364.689257,54,0.978672,0.723614,0.708181,0.9443,-0.4439,1.5756,-0.000,11.844,155.725,0,0,555,148,116,124
1778107364.689257,51,0.996448,0.780091,0.777320,0.9697,-0.0744,1.4291,-0.000,12.689,179.084,0,0,340,236,97,114
1778107364.755969,3,0.969243,0.692618,0.671315,0.8203,0.2692,1.5905,-0.000,16.710,-149.757,0,0,115,104,117,133
1778107364.755969,54,0.975650,0.723188,0.705578,0.9437,-0.4439,1.5772,0.000,11.130,155.954,0,0,555,149,116,124
1778107364.755969,51,0.992116,0.780565,0.774411,0.9702,-0.0744,1.4274,0.000,12.149,-177.284,0,0,339,234,98,115
1778107364.889438,3,0.969709,0.693961,0.672940,0.8265,0.2731,1.5941,0.000,16.784,-149.725,0,0,116,104,116,133
1778107364.889438,54,0.977855,0.723614,0.707590,0.9443,-0.4439,1.5756,0.000,11.633,155.996,0,0,555,149,116,122
1778107364.889438,51,0.992230,0.780155,0.774094,0.9697,-0.0711,1.4291,0.000,12.067,-177.341,0,0,338,235,97,114
1778107364.956177,3,0.972399,0.691794,0.672700,0.8168,0.2678,1.5885,-0.000,16.972,-150.807,0,0,116,104,117,132
1778107364.956177,54,0.979800,0.723342,0.708730,0.9437,-0.4422,1.5772,0.000,12.283,156.058,0,0,554,148,117,124
1778107364.956177,51,0.993674,0.779650,0.774718,0.9692,-0.0727,1.4307,0.000,13.063,-177.549,0,0,339,234,98,113
1778107364.956177,3,0.969961,0.692206,0.671413,0.8168,0.2678,1.5885,-0.000,16.972,-150.807,0,0,116,104,117,132
1778107364.956177,54,0.977090,0.722811,0.706252,0.9437,-0.4422,1.5772,0.000,12.283,156.058,0,0,554,148,117,124
1778107364.956177,51,0.991500,0.780155,0.773524,0.9692,-0.0727,1.4307,0.000,13.063,-177.549,0,0,338,235,97,110
1778107365.122981,3,0.969305,0.692206,0.670959,0.8185,0.2685,1.5895,0.000,16.674,-149.842,0,0,116,104,117,132
1778107365.122981,54,0.977152,0.723342,0.706815,0.9437,-0.4422,1.5772,-0.000,11.601,156.704,0,0,554,148,117,124
1778107365.122981,51,0.994181,0.780124,0.775584,0.9697,-0.0727,1.4291,0.000,12.547,-178.372,0,0,339,235,96,111
1778107365.189682,3,0.970486,0.692206,0.671776,0.8185,0.2685,1.5895,0.000,16.775,-150.218,0,0,116,104,117,132
1778107365.189682,54,0.976796,0.723870,0.707073,0.9465,-0.4435,1.5785,0.000,11.507,156.727,0,0,554,148,117,124
1778107365.189682,51,0.991502,0.779682,0.773056,0.9692,-0.0711,1.4307,0.000,12.719,-176.364,0,0,338,234,98,113
1778107365.256408,3,0.971312,0.691794,0.671947,0.8168,0.2678,1.5885,0.000,16.704,-150.738,0,0,116,104,117,132
1778107365.256408,54,0.978300,0.723870,0.708162,0.9465,-0.4435,1.5785,-0.000,11.868,156.182,0,0,554,148,117,124
1778107365.256408,51,0.990669,0.780155,0.772876,0.9697,-0.0711,1.4291,0.000,12.954,-175.659,0,0,338,235,96,113
1778107365.323142,3,0.968364,0.691794,0.669908,0.8168,0.2678,1.5885,0.000,16.282,-150.065,0,0,116,104,117,132
1778107365.323142,54,0.977821,0.723870,0.707816,0.9465,-0.4435,1.5785,-0.000,11.785,156.716,0,0,554,148,117,124
1778107365.323142,51,0.989298,0.780830,0.772473,0.9725,-0.0712,1.4299,0.000,12.308,-175.427,0,0,338,235,96,111
1778107365.323142,3,0.969270,0.691794,0.670535,0.8168,0.2678,1.5885,0.000,16.539,-150.049,0,0,116,104,117,132
1778107365.323142,54,0.978180,0.723870,0.708075,0.9465,-0.4435,1.5785,0.000,11.913,156.950,0,0,555,148,116,124
1778107365.323142,51,0.994309,0.780830,0.776387,0.9725,-0.0712,1.4299,0.000,12.192,-178.858,0,0,339,235,98,114
1778107365.323142,3,0.969416,0.691794,0.670636,0.8168,0.2678,1.5885,0.000,16.539,-150.049,0,0,116,104,117,132
1778107365.323142,54,0.977349,0.723188,0.706807,0.9465,-0.4435,1.5785,0.000,11.913,156.950,0,0,555,148,116,124
1778107365.323142,51,0.991464,0.780830,0.774165,0.9725,-0.0712,1.4299,0.000,12.192,-178.858,0,0,338,235,98,115
1778107365.489970,3,0.967058,0.691794,0.669005,0.8168,0.2678,1.5885,0.000,16.301,-149.457,0,0,116,104,117,132
1778107365.489970,54,0.977057,0.723188,0.706596,0.9437,-0.4439,1.5772,0.000,11.489,155.642,0,0,556,148,116,124
1778107365.489970,51,0.995377,0.780830,0.777221,0.9725,-0.0712,1.4299,0.000,12.849,-178.982,0,0,340,235,98,115
1778107365.590061,3,0.967878,0.691794,0.669572,0.8168,0.2678,1.5885,0.000,16.093,-150.169,0,0,116,104,117,130
1778107365.590061,54,0.979396,0.723034,0.708137,0.9437,-0.4457,1.5772,0.000,12.226,156.774,0,0,556,148,116,124
1778107365.590061,51,0.994603,0.780091,0.775881,0.9697,-0.0744,1.4291,-0.000,12.276,-179.229,0,0,340,236,98,114
1778107365.656797,3,0.968199,0.691794,0.669794,0.8168,0.2678,1.5885,-0.000,15.949,-150.580,0,0,116,104,116,132
1778107365.656797,54,0.979922,0.723034,0.708516,0.9437,-0.4457,1.5772,0.000,12.405,156.966,0,0,556,149,116,118
1778107365.656797,51,0.995869,0.780565,0.777341,0.9702,-0.0744,1.4274,0.000,12.404,179.636,0,0,340,235,97,114
1778107365.656797,3,0.966651,0.691794,0.668724,0.8168,0.2678,1.5885,-0.000,15.949,-150.580,0,0,116,104,116,132
1778107365.656797,54,0.978301,0.723460,0.707761,0.9437,-0.4457,1.5772,0.000,12.405,156.966,0,0,557,147,118,121
1778107365.656797,51,0.992491,0.779414,0.773561,0.9702,-0.0744,1.4274,0.000,12.404,179.636,0,0,340,235,96,113
1778107365.723535,3,0.968232,0.691794,0.669817,0.8168,0.2678,1.5885,0.000,15.660,-150.371,0,0,116,104,116,130
1778107365.723535,54,0.977185,0.721925,0.705454,0.9443,-0.4457,1.5756,-0.000,11.806,156.627,0,0,557,148,117,120
1778107365.723535,51,0.989254,0.779414,0.771038,0.9668,-0.0743,1.4282,0.000,12.606,-177.186,0,0,340,235,97,113
1778107365.790264,3,0.970511,0.691794,0.671394,0.8168,0.2678,1.5885,0.000,15.914,-150.662,0,0,116,104,116,130
1778107365.790264,54,0.976095,0.721925,0.704667,0.9405,-0.4461,1.5775,-0.000,11.660,156.480,0,0,557,147,117,121
1778107365.790264,51,0.990087,0.779381,0.771655,0.9668,-0.0743,1.4282,0.000,10.305,-177.738,0,0,341,235,96,113
1778107365.923721,3,0.971268,0.692206,0.672318,0.8168,0.2678,1.5885,-0.000,16.289,-151.101,0,0,116,104,116,130
1778107365.923721,54,0.973107,0.722196,0.702774,0.9405,-0.4461,1.5775,0.000,11.505,157.425,0,0,558,148,116,120
1778107365.923721,51,0.988380,0.779854,0.770792,0.9668,-0.0760,1.4282,0.000,10.513,-178.133,0,0,341,236,96,115
1778107366.057203,3,0.970737,0.691708,0.671466,0.8168,0.2693,1.5885,0.000,16.223,-151.220,0,0,115,104,117,128
1778107366.057203,54,0.974827,0.722196,0.704016,0.9410,-0.4478,1.5759,0.000,11.096,157.515,0,0,558,148,118,122
1778107366.057203,51,0.987606,0.779854,0.770189,0.9673,-0.0760,1.4266,-0.000,9.421,-177.910,0,0,341,236,95,115
1778107366.123941,3,0.969973,0.691708,0.670938,0.8168,0.2693,1.5885,0.000,16.334,-150.615,0,0,115,104,116,130
1778107366.123941,54,0.974330,0.721310,0.702794,0.9365,-0.4457,1.5737,0.000,10.975,157.562,0,0,558,148,117,122
1778107366.123941,51,0.992463,0.779367,0.773492,0.9654,-0.0775,1.4260,-0.000,11.291,-178.795,0,0,342,236,98,114
1778107366.123941,3,0.969356,0.691708,0.670511,0.8168,0.2693,1.5885,0.000,16.334,-150.615,0,0,115,103,116,132
1778107366.123941,54,0.976238,0.721310,0.704170,0.9365,-0.4457,1.5737,0.000,10.975,157.562,0,0,559,147,117,121
1778107366.123941,51,0.989936,0.779367,0.771523,0.9654,-0.0775,1.4260,-0.000,11.291,-178.795,0,0,342,236,97,114
1778107366.123941,3,0.968434,0.692122,0.670275,0.8168,0.2693,1.5885,0.000,16.477,-150.067,0,0,115,104,116,130
1778107366.123941,54,0.977982,0.721264,0.705383,0.9365,-0.4457,1.5737,0.000,11.558,157.929,0,0,560,147,120,121
1778107366.123941,51,0.986479,0.778684,0.768156,0.9654,-0.0775,1.4260,0.000,10.593,-177.864,0,0,342,236,96,113
1778107366.357521,3,0.970554,0.693146,0.672735,0.8230,0.2717,1.5921,0.000,16.798,-150.086,0,0,115,103,116,132
1778107366.357521,54,0.976148,0.721109,0.703909,0.9387,-0.4504,1.5766,0.000,11.807,158.568,0,0,560,147,117,121
1778107366.357521,51,0.987896,0.778684,0.769259,0.9625,-0.0774,1.4251,-0.000,10.394,-176.831,0,0,342,236,97,114
1778107366.357521,3,0.967625,0.694360,0.671881,0.8230,0.2717,1.5921,0.000,16.798,-150.086,0,0,115,103,116,132
1778107366.357521,54,0.976264,0.721461,0.704336,0.9387,-0.4504,1.5766,0.000,11.807,158.568,0,0,560,147,117,121
1778107366.357521,51,0.987028,0.778650,0.768550,0.9625,-0.0774,1.4251,-0.000,10.394,-176.831,0,0,343,236,98,114
1778107366.490999,3,0.969298,0.693956,0.672650,0.8278,0.2738,1.5966,0.000,16.522,-150.100,0,0,115,103,116,132
1778107366.490999,54,0.979426,0.720424,0.705602,0.9360,-0.4508,1.5753,-0.000,12.634,158.160,0,0,561,147,118,121
1778107366.490999,51,0.988298,0.778178,0.769072,0.9620,-0.0791,1.4267,0.000,9.583,-178.525,0,0,343,235,98,113
1778107366.557723,3,0.969279,0.695377,0.674015,0.8327,0.2756,1.5977,0.000,16.365,-150.225,0,0,115,104,116,130
1778107366.557723,54,0.976432,0.721305,0.704305,0.9405,-0.4529,1.5775,0.000,11.941,158.711,0,0,561,147,118,120
1778107366.557723,51,0.993220,0.778579,0.773301,0.9625,-0.0824,1.4251,0.000,10.720,178.816,0,0,345,236,96,114
1778107366.657820,3,0.972364,0.695377,0.676160,0.8327,0.2756,1.5977,0.000,16.458,-151.643,0,0,115,104,116,130
1778107366.657820,54,0.977592,0.721305,0.705142,0.9405,-0.4529,1.5775,0.000,12.153,158.333,0,0,562,147,117,121
1778107366.657820,51,0.988637,0.777459,0.768625,0.9591,-0.0806,1.4258,0.000,10.847,-177.056,0,0,344,235,96,114
1778107366.724545,3,0.973146,0.695377,0.676704,0.8327,0.2756,1.5977,-0.000,16.473,-152.071,0,0,115,104,115,129
1778107366.724545,54,0.985677,0.777023,0.765894,0.9587,-0.0789,1.4274,0.000,12.319,-174.376,0,0,343,234,97,113
1778107366.724545,51,0.974418,0.722197,0.703722,0.9460,-0.4573,1.5802,0.000,11.518,159.068,0,0,562,147,117,121
1778107366.724545,3,0.972690,0.695377,0.676387,0.8327,0.2756,1.5977,-0.000,16.369,-152.024,0,0,115,104,117,130
1778107366.724545,51,0.985798,0.777023,0.765987,0.9587,-0.0789,1.4274,0.000,11.346,-175.135,0,0,344,234,96,113
1778107366.724545,54,0.970088,0.722197,0.700595,0.9460,-0.4573,1.5802,-0.000,10.673,159.869,0,0,562,148,117,122
1778107366.824649,3,0.971422,0.696780,0.676867,0.8389,0.2780,1.6013,-0.000,16.085,-151.895,0,0,115,104,116,130
1778107366.824649,51,0.987096,0.776988,0.766962,0.9587,-0.0806,1.4274,-0.000,11.142,-176.030,0,0,345,234,96,113
1778107366.824649,54,0.972410,0.722622,0.702684,0.9465,-0.4573,1.5785,0.000,11.220,159.973,0,0,562,148,117,122
1778107366.958102,3,0.973908,0.696780,0.678600,0.8389,0.2780,1.6013,0.000,16.448,-152.611,0,0,115,104,116,130
1778107366.958102,51,0.969444,0.724434,0.702298,0.9543,-0.4607,1.5804,0.000,10.325,159.869,0,0,562,149,117,122
1778107366.958102,54,0.991869,0.776966,0.770648,0.9572,-0.0821,1.4252,0.000,12.011,-177.881,0,0,345,235,95,114
1778107366.958102,3,0.975029,0.696780,0.679381,0.8389,0.2780,1.6013,0.000,16.316,-153.794,0,0,115,104,116,130
1778107366.958102,54,0.986239,0.776966,0.766274,0.9572,-0.0821,1.4252,-0.000,12.888,-174.418,0,0,344,234,98,113
1778107366.958102,51,0.972792,0.724434,0.704723,0.9543,-0.4607,1.5804,0.000,10.986,159.322,0,0,563,149,118,124
1778107367.124977,3,0.980176,0.696690,0.682879,0.8389,0.2796,1.6013,0.000,17.175,-155.943,0,0,114,104,116,128
1778107367.124977,54,0.974712,0.724700,0.706374,0.9548,-0.4625,1.5788,-0.000,11.413,159.292,0,0,563,150,118,124
1778107367.124977,51,0.983712,0.776060,0.763420,0.9563,-0.0805,1.4284,0.000,13.693,-173.065,0,0,344,233,97,113
1778107367.191717,3,0.974600,0.695007,0.677354,0.8340,0.2824,1.6002,0.000,17.383,-165.436,0,0,111,103,116,132
1778107367.191717,54,0.977713,0.726584,0.710391,0.9613,-0.4651,1.5781,0.000,11.659,158.037,0,0,563,152,116,122
1778107367.191717,51,0.993080,0.776929,0.771553,0.9572,-0.0838,1.4252,0.000,11.648,-179.355,0,0,346,235,93,110
1778107367.191717,3,0.969468,0.695007,0.673787,0.8340,0.2824,1.6002,0.000,17.383,-165.436,0,0,110,103,117,132
1778107367.191717,54,0.974704,0.726584,0.708205,0.9613,-0.4651,1.5781,0.000,11.659,158.037,0,0,562,152,117,121
1778107367.191717,51,0.994698,0.776929,0.772810,0.9572,-0.0838,1.4252,0.000,11.648,-179.355,0,0,347,234,94,113
1778107367.358554,3,0.934045,0.694516,0.648709,0.8323,0.2833,1.5992,0.000,16.272,-176.481,0,0,106,103,117,129
1778107367.358554,51,0.996279,0.776422,0.773533,0.9567,-0.0855,1.4268,0.000,12.979,179.076,0,0,347,235,96,110
1778107367.358554,54,0.977184,0.727602,0.711001,0.9623,-0.4633,1.5747,0.000,11.165,157.407,0,0,562,154,117,121
1778107367.358554,3,0.915334,0.692744,0.634092,0.8261,0.2869,1.5956,0.000,17.683,179.271,0,0,105,102,117,133
1778107367.358554,51,0.994313,0.776204,0.771789,0.9544,-0.0853,1.4243,0.000,12.514,-179.349,0,0,346,234,95,111
1778107367.358554,54,0.981636,0.727602,0.714240,0.9623,-0.4633,1.5747,0.000,12.313,156.677,0,0,562,154,117,121
1778107367.525362,3,0.838519,0.691155,0.579547,0.8234,0.2922,1.5975,-0.000,16.850,169.157,0,0,102,101,116,129
1778107367.525362,51,0.995674,0.775771,0.772415,0.9539,-0.0836,1.4259,0.000,13.017,179.978,0,0,346,234,96,111
1778107367.525362,54,0.978489,0.727764,0.712109,0.9623,-0.4616,1.5747,0.000,11.239,154.590,0,0,561,154,116,118
1778107367.525362,3,0.810127,0.691155,0.559923,0.8234,0.2922,1.5975,0.000,16.403,166.039,0,0,101,101,118,132
1778107367.525362,51,0.995472,0.775771,0.772258,0.9539,-0.0836,1.4259,-0.000,12.144,178.528,0,0,346,235,95,110
1778107367.525362,54,0.978040,0.727764,0.711782,0.9623,-0.4616,1.5747,0.000,11.123,154.208,0,0,560,154,114,118
1778107367.692216,3,0.798175,0.690969,0.551514,0.8234,0.2953,1.5975,0.000,15.967,165.110,0,0,100,101,118,129
1778107367.692216,51,0.996252,0.776241,0.773331,0.9544,-0.0836,1.4243,0.000,12.817,179.100,0,0,346,235,94,110
1778107367.692216,54,0.976240,0.729629,0.712293,0.9705,-0.4620,1.5786,-0.000,10.725,153.516,0,0,559,154,115,117
1778107367.758945,3,0.784891,0.690780,0.542187,0.8234,0.2983,1.5975,-0.000,14.044,164.869,0,0,98,101,118,124
1778107367.758945,51,0.994813,0.775807,0.771782,0.9539,-0.0820,1.4259,0.000,12.000,179.321,0,0,345,234,95,111
1778107367.758945,54,0.971147,0.731242,0.710143,0.9765,-0.4628,1.5795,0.000,9.475,152.686,0,0,558,155,116,117
1778107367.825675,3,0.772444,0.691092,0.533830,0.8238,0.2998,1.5960,0.000,14.097,163.568,0,0,97,102,118,122
1778107367.825675,51,0.995805,0.774611,0.771361,0.9505,-0.0835,1.4266,-0.000,12.477,178.573,0,0,346,233,96,111
1778107367.825675,54,0.972842,0.729709,0.709892,0.9683,-0.4589,1.5756,0.000,10.458,150.355,0,0,558,155,114,117
1778107367.825675,3,0.776012,0.691092,0.536296,0.8238,0.2998,1.5960,0.000,14.097,163.568,0,0,97,101,120,126
1778107367.825675,51,0.993276,0.774611,0.769402,0.9505,-0.0835,1.4266,-0.000,12.477,178.573,0,0,345,233,97,111
1778107367.825675,54,0.969665,0.729709,0.707573,0.9683,-0.4589,1.5756,0.000,10.458,150.355,0,0,557,155,113,117
1778107367.992477,3,0.756435,0.690583,0.522381,0.8247,0.3021,1.6000,0.000,13.992,162.130,0,0,96,100,118,128
1778107367.992477,51,0.994440,0.775372,0.771062,0.9534,-0.0803,1.4275,0.000,13.095,-178.709,0,0,344,233,97,111
1778107367.992477,54,0.966991,0.730815,0.706692,0.9716,-0.4584,1.5752,-0.000,9.190,149.681,0,0,557,156,113,115
1778107367.992477,3,0.757171,0.690583,0.522889,0.8247,0.3021,1.6000,0.000,13.992,162.130,0,0,96,101,116,126
1778107367.992477,51,0.990158,0.775372,0.767741,0.9534,-0.0803,1.4275,0.000,13.095,-178.709,0,0,344,233,98,110
1778107367.992477,54,0.966798,0.730815,0.706551,0.9716,-0.4584,1.5752,-0.000,9.190,149.681,0,0,558,154,115,117
1778107368.092585,3,0.756347,0.690590,0.522326,0.8234,0.3014,1.5975,-0.000,14.171,161.993,0,0,96,100,116,125
1778107368.092585,51,0.990727,0.775372,0.768182,0.9534,-0.0803,1.4275,-0.000,11.711,-177.578,0,0,344,233,97,110
1778107368.092585,54,0.967782,0.729792,0.706279,0.9705,-0.4602,1.5786,0.000,9.153,150.812,0,0,558,154,115,117
1778107368.226062,3,0.748362,0.691187,0.517258,0.8238,0.2983,1.5960,0.000,12.676,161.781,0,0,98,102,116,121
1778107368.226062,51,0.988139,0.775372,0.766176,0.9534,-0.0803,1.4275,0.000,12.071,-175.819,0,0,344,233,98,110
1778107368.226062,54,0.965971,0.728335,0.703550,0.9645,-0.4576,1.5777,0.000,8.404,153.010,0,0,558,153,115,117
1778107368.326168,3,0.747568,0.691187,0.516709,0.8238,0.2983,1.5960,0.000,13.370,161.320,0,0,98,101,118,124
1778107368.326168,51,0.987812,0.775372,0.765922,0.9534,-0.0803,1.4275,0.000,12.092,-175.645,0,0,344,233,96,110
1778107368.326168,54,0.968611,0.729279,0.706388,0.9678,-0.4589,1.5773,0.000,8.889,153.245,0,0,558,154,116,117
1778107368.392876,3,0.757265,0.691493,0.523643,0.8256,0.3006,1.5970,0.000,13.741,162.191,0,0,97,102,117,124
1778107368.392876,51,0.991580,0.774902,0.768378,0.9529,-0.0803,1.4291,0.000,13.043,-176.930,0,0,344,232,97,109
1778107368.392876,54,0.972790,0.729440,0.709592,0.9678,-0.4572,1.5773,0.000,9.945,153.037,0,0,557,154,115,117
1778107368.492965,3,0.752510,0.691187,0.520126,0.8238,0.2983,1.5960,0.000,14.322,161.310,0,0,98,102,117,124
1778107368.492965,51,0.985084,0.776095,0.764518,0.9563,-0.0788,1.4284,0.000,12.136,-174.316,0,0,343,233,95,110
1778107368.492965,54,0.968904,0.730301,0.707592,0.9688,-0.4572,1.5740,0.000,8.959,152.222,0,0,557,156,115,115
1778107368.559697,3,0.749278,0.690969,0.517728,0.8234,0.2953,1.5975,0.000,14.349,160.818,0,0,100,101,118,126
1778107368.559697,51,0.988995,0.774937,0.766408,0.9529,-0.0787,1.4291,-0.000,12.352,-175.990,0,0,343,232,97,109
1778107368.559697,54,0.966549,0.729355,0.704958,0.9656,-0.4559,1.5743,0.000,8.727,151.164,0,0,557,155,114,117
1778107368.559697,3,0.751322,0.690969,0.519140,0.8234,0.2953,1.5975,0.000,14.349,160.818,0,0,99,100,117,128
1778107368.559697,51,0.984131,0.774937,0.762640,0.9529,-0.0787,1.4291,-0.000,12.352,-175.990,0,0,343,233,97,110
1778107368.559697,54,0.964794,0.729355,0.703678,0.9656,-0.4559,1.5743,0.000,8.727,151.164,0,0,557,155,114,117
1778107368.726528,3,0.749484,0.690562,0.517565,0.8229,0.2953,1.5989,-0.000,14.550,160.765,0,0,100,100,116,129
1778107368.726528,51,0.986224,0.776095,0.765403,0.9563,-0.0788,1.4284,0.000,11.410,-175.357,0,0,343,233,97,110
1778107368.726528,54,0.965602,0.729355,0.704266,0.9656,-0.4559,1.5743,0.000,8.485,151.270,0,0,557,155,114,117
1778107368.726528,3,0.745819,0.690562,0.515034,0.8229,0.2953,1.5989,0.000,14.543,160.403,0,0,100,99,115,129
1778107368.726528,51,0.983920,0.776095,0.763615,0.9563,-0.0788,1.4284,0.000,10.973,-174.710,0,0,343,233,96,110
1778107368.726528,54,0.968030,0.729355,0.706037,0.9656,-0.4559,1.5743,0.000,9.158,150.838,0,0,557,156,114,117
1778107368.926711,3,0.741683,0.690562,0.512178,0.8229,0.2953,1.5989,0.000,14.220,160.161,0,0,100,100,115,128
1778107368.926711,51,0.981037,0.776095,0.761378,0.9563,-0.0788,1.4284,0.000,9.956,-174.416,0,0,343,233,96,111
1778107368.926711,54,0.969868,0.729946,0.707951,0.9661,-0.4541,1.5727,-0.000,9.703,150.363,0,0,556,156,113,117
1778107368.926711,3,0.746698,0.690562,0.515641,0.8229,0.2953,1.5989,0.000,13.607,160.988,0,0,101,101,116,126
1778107368.926711,51,0.976789,0.776095,0.758081,0.9563,-0.0788,1.4284,0.000,10.273,-172.582,0,0,342,233,96,110
1778107368.926711,54,0.967178,0.729946,0.705988,0.9661,-0.4541,1.5727,0.000,8.800,151.259,0,0,556,155,114,118
1778107369.093536,3,0.747258,0.690567,0.516031,0.8216,0.2945,1.5964,0.000,13.891,160.858,0,0,100,101,115,126
1778107369.093536,51,0.976256,0.776162,0.757733,0.9563,-0.0755,1.4284,-0.000,10.394,-172.108,0,0,341,233,97,110
1778107369.093536,54,0.968737,0.728047,0.705286,0.9596,-0.4516,1.5734,0.000,9.636,150.242,0,0,556,154,114,117
1778107369.093536,3,0.751336,0.690567,0.518847,0.8216,0.2945,1.5964,-0.000,13.690,161.376,0,0,100,101,115,126
1778107369.093536,51,0.986879,0.776162,0.765978,0.9563,-0.0755,1.4284,-0.000,11.772,-175.151,0,0,342,233,97,110
1778107369.093536,54,0.968745,0.728047,0.705292,0.9596,-0.4516,1.5734,0.000,9.217,151.790,0,0,556,155,114,117
1778107369.193644,3,0.751339,0.690567,0.518849,0.8216,0.2945,1.5964,0.000,13.702,161.370,0,0,100,101,115,126
1778107369.193644,51,0.984147,0.776129,0.763825,0.9563,-0.0772,1.4284,-0.000,11.501,-174.280,0,0,342,233,96,110
1778107369.193644,54,0.971871,0.727953,0.707476,0.9573,-0.4503,1.5705,0.000,9.977,151.431,0,0,556,156,114,120
1778107369.293731,3,0.751092,0.689961,0.518224,0.8190,0.2934,1.5949,0.000,14.268,161.043,0,0,100,100,115,128
1778107369.293731,51,0.984114,0.776129,0.763799,0.9563,-0.0772,1.4284,0.000,11.320,-174.405,0,0,342,233,97,110
1778107369.293731,54,0.971586,0.728032,0.707346,0.9560,-0.4495,1.5680,0.000,9.870,151.237,0,0,555,156,113,118
1778107369.293731,3,0.746163,0.690567,0.515276,0.8190,0.2934,1.5949,0.000,14.268,161.043,0,0,100,101,115,126
1778107369.293731,51,0.982408,0.776586,0.762924,0.9563,-0.0772,1.4284,0.000,11.320,-174.405,0,0,342,233,95,110
1778107369.293731,54,0.972623,0.726976,0.707073,0.9560,-0.4495,1.5680,0.000,9.870,151.237,0,0,556,156,114,118
1778107369.427229,3,0.746298,0.689556,0.514614,0.8216,0.2945,1.5964,0.000,13.501,160.958,0,0,100,100,116,128
1778107369.427229,51,0.983570,0.776586,0.763826,0.9582,-0.0773,1.4290,-0.000,11.673,-173.478,0,0,342,233,95,110
1778107369.427229,54,0.970488,0.727761,0.706284,0.9505,-0.4469,1.5654,0.000,10.225,150.919,0,0,555,155,114,118
1778107369.493924,3,0.752074,0.689556,0.518597,0.8185,0.2934,1.5963,0.000,14.551,161.025,0,0,100,99,116,129
1778107369.493924,51,0.981262,0.776586,0.762034,0.9582,-0.0773,1.4290,0.000,11.315,-173.298,0,0,342,232,96,109
1778107369.493924,54,0.966329,0.727761,0.703257,0.9555,-0.4477,1.5696,0.000,9.418,149.144,0,0,555,155,114,120
1778107369.493924,3,0.752000,0.688653,0.517867,0.8185,0.2934,1.5963,0.000,14.551,161.025,0,0,99,100,117,128
1778107369.493924,51,0.982124,0.776552,0.762670,0.9582,-0.0773,1.4290,0.000,11.315,-173.298,0,0,343,233,96,107
1778107369.493924,54,0.967648,0.726705,0.703195,0.9555,-0.4477,1.5696,0.000,9.418,149.144,0,0,555,155,114,121
1778107369.727470,3,0.748232,0.689059,0.515575,0.8167,0.2942,1.5953,-0.000,14.538,160.738,0,0,99,100,117,125
1778107369.727470,51,0.981122,0.777269,0.762596,0.9610,-0.0774,1.4299,-0.000,10.679,-173.720,0,0,342,233,95,110
1778107369.727470,54,0.953868,0.725850,0.692365,0.9490,-0.4452,1.5703,0.000,9.281,144.340,0,0,555,153,114,120
1778107369.794209,3,0.750008,0.689059,0.516799,0.8167,0.2942,1.5953,-0.000,14.531,160.920,0,0,99,100,120,125
1778107369.794209,51,0.982679,0.776552,0.763101,0.9582,-0.0789,1.4290,0.000,10.367,-174.718,0,0,343,233,95,110
1778107369.794209,54,0.947372,0.726806,0.688556,0.9523,-0.4465,1.5700,0.000,10.183,141.234,0,0,555,154,114,120
1778107369.860947,3,0.750838,0.688872,0.517231,0.8154,0.2964,1.5928,0.000,14.061,161.403,0,0,97,101,117,126
1778107369.860947,51,0.986858,0.777235,0.767020,0.9610,-0.0791,1.4299,-0.000,11.287,-175.765,0,0,343,233,95,110
1778107369.860947,54,0.948980,0.726806,0.689725,0.9523,-0.4465,1.5700,-0.000,10.160,141.688,0,0,555,154,114,120
1778107369.860947,3,0.759015,0.688872,0.522864,0.8154,0.2964,1.5928,-0.000,14.486,162.007,0,0,98,100,118,125
1778107369.860947,51,0.986726,0.777235,0.766918,0.9610,-0.0791,1.4299,-0.000,10.798,-176.178,0,0,344,233,96,110
1778107369.860947,54,0.947204,0.726806,0.688434,0.9523,-0.4465,1.5700,0.000,11.026,140.352,0,0,555,154,114,120
1778107370.027790,3,0.759300,0.689776,0.523747,0.8176,0.2957,1.5924,0.000,14.524,161.892,0,0,98,102,118,122
1778107370.027790,51,0.984318,0.776552,0.764374,0.9582,-0.0789,1.4290,0.000,11.026,-174.835,0,0,343,233,97,110
1778107370.027790,54,0.948113,0.725850,0.688188,0.9490,-0.4452,1.5703,-0.000,11.010,140.661,0,0,555,153,115,121
1778107370.094499,3,0.739546,0.687658,0.508555,0.8128,0.2957,1.5946,0.000,14.517,160.103,0,0,97,99,118,128
1778107370.094499,51,0.980097,0.777235,0.761766,0.9610,-0.0791,1.4299,-0.000,10.586,-173.512,0,0,343,233,97,110
1778107370.094499,54,0.940651,0.725694,0.682625,0.9490,-0.4469,1.5703,0.000,10.020,139.690,0,0,556,153,116,118
1778107370.094499,3,0.741695,0.687658,0.510033,0.8128,0.2957,1.5946,-0.000,14.276,160.441,0,0,97,99,118,125
1778107370.094499,51,0.977504,0.777235,0.759750,0.9610,-0.0791,1.4299,-0.000,10.259,-172.837,0,0,343,233,95,111
1778107370.094499,54,0.937555,0.725694,0.680378,0.9490,-0.4469,1.5703,0.000,10.441,138.582,0,0,556,152,115,120
1778107370.194605,3,0.741711,0.688063,0.510344,0.8145,0.2964,1.5957,-0.000,14.307,160.426,0,0,96,99,118,125
1778107370.194605,51,0.980096,0.776552,0.761095,0.9582,-0.0789,1.4290,0.000,10.742,-173.391,0,0,343,233,97,111
1778107370.194605,54,0.945153,0.725267,0.685489,0.9485,-0.4469,1.5720,0.000,11.239,139.679,0,0,557,152,116,120
1778107370.194605,3,0.747201,0.687876,0.513982,0.8145,0.2964,1.5957,-0.000,14.307,160.426,0,0,95,99,116,125
1778107370.194605,51,0.983585,0.777023,0.764268,0.9582,-0.0789,1.4290,0.000,10.742,-173.391,0,0,343,234,95,110
1778107370.194605,54,0.953510,0.724269,0.690597,0.9485,-0.4469,1.5720,0.000,11.239,139.679,0,0,559,152,116,122
1778107370.328083,54,0.955490,0.724269,0.692031,0.9458,-0.4508,1.5707,0.000,11.176,142.137,0,1,559,152,116,121
1778107370.328083,3,0.751573,0.687876,0.516989,0.8145,0.2994,1.5957,0.000,14.500,161.493,1,1,95,99,116,125
1778107370.328083,51,0.982257,0.777023,0.763236,0.9587,-0.0789,1.4274,-0.000,8.417,-176.679,0,1,344,233,96,111
1778107374.432135,55,0.992523,0.795518,0.789571,0.9762,-0.1349,1.3597,0.000,7.685,178.234,0,0,385,278,98,113
1778107374.432135,3,0.743239,0.845879,0.628690,1.7651,0.5494,1.9549,0.000,11.052,156.679,0,0,146,157,107,121
1778107374.432135,3,0.757909,0.845879,0.641100,1.7651,0.5494,1.9549,0.000,10.572,158.323,0,0,140,149,108,120
1778107374.432135,55,0.998280,0.795518,0.794150,0.9762,-0.1349,1.3597,-0.000,10.049,175.212,0,0,380,273,94,106
1778107374.432135,3,0.764236,0.722789,0.552381,1.7651,0.5494,1.9549,0.000,10.572,158.323,0,0,133,140,108,124
1778107374.432135,55,0.995526,0.791695,0.788153,0.9762,-0.1349,1.3597,-0.000,10.049,175.212,0,0,373,264,100,111
1778107374.432135,57,0.991533,0.719256,0.713166,nan,nan,nan,nan,nan,nan,0,0,591,174,97,129
1778107374.632351,3,0.772183,0.714334,0.551596,0.8591,0.2514,1.5498,-0.000,13.243,159.382,0,0,131,137,108,125
1778107374.632351,55,0.989768,0.787434,0.779377,0.9637,-0.1278,1.3773,-0.000,8.848,-179.723,0,0,370,263,94,113
1778107374.632351,57,0.991538,0.717704,0.711631,0.9033,-0.4776,1.5115,0.000,13.443,152.260,0,0,590,172,100,129
1778107374.699079,3,0.792494,0.712462,0.564622,0.8559,0.2538,1.5533,0.000,15.093,160.934,0,0,130,135,110,126
1778107374.699079,55,0.995236,0.787135,0.783385,0.9632,-0.1228,1.3788,0.000,10.007,177.882,0,0,368,260,96,110
1778107374.699079,57,0.992345,0.716674,0.711188,0.9005,-0.4750,1.5138,-0.000,14.150,150.841,0,0,589,171,102,128
1778107374.699079,3,0.812201,0.708527,0.575467,0.8559,0.2538,1.5533,0.000,15.093,160.934,0,0,127,132,112,126
1778107374.699079,55,0.995451,0.784532,0.780963,0.9632,-0.1228,1.3788,0.000,10.007,177.882,0,0,366,257,97,111
1778107374.699079,57,0.994153,0.715206,0.711024,0.9005,-0.4750,1.5138,-0.000,14.150,150.841,0,0,588,169,104,128
1778107374.832550,3,0.828004,0.708527,0.586663,0.8473,0.2578,1.5575,0.000,15.523,165.185,0,0,126,130,113,128
1778107374.832550,55,0.995802,0.784532,0.781238,0.9603,-0.1162,1.3883,0.000,9.799,175.679,0,0,364,256,95,111
1778107374.832550,57,0.994045,0.715206,0.710947,0.8964,-0.4703,1.5172,0.000,15.145,152.127,0,0,587,167,106,132
1778107374.832550,3,0.853488,0.697306,0.595142,0.8473,0.2578,1.5575,0.000,15.523,165.185,0,0,122,124,112,130
1778107374.832550,55,0.993141,0.780167,0.774816,0.9603,-0.1162,1.3883,0.000,9.799,175.679,0,0,359,252,97,110
1778107374.832550,57,0.987309,0.713360,0.704307,0.8964,-0.4703,1.5172,0.000,15.145,152.127,0,0,585,161,110,133
1778107374.999342,3,0.868265,0.697306,0.605446,0.8122,0.2537,1.5524,0.000,14.711,169.438,0,0,120,121,113,132
1778107374.999342,55,0.993168,0.780167,0.774837,0.9482,-0.1040,1.3934,0.000,9.160,177.716,0,0,357,247,98,113
1778107374.999342,57,0.982779,0.713360,0.701075,0.8972,-0.4679,1.5315,0.000,13.986,148.319,0,0,584,160,111,133
1778107375.166179,3,0.901169,0.693532,0.624990,0.8087,0.2625,1.5637,-0.000,17.232,175.674,0,0,116,116,114,130
1778107375.166179,55,0.997244,0.776688,0.774547,0.9444,-0.0942,1.4059,0.000,12.231,177.309,0,0,353,244,97,113
1778107375.166179,57,0.984797,0.714199,0.703341,0.9067,-0.4691,1.5448,0.000,13.354,148.917,0,0,582,156,116,130
1778107375.232917,3,0.940419,0.692560,0.651296,0.8141,0.2732,1.5768,-0.000,17.760,-176.825,0,0,111,110,116,132
1778107375.232917,55,0.992016,0.778378,0.772164,0.9587,-0.0821,1.4204,-0.000,13.128,-176.794,0,0,345,238,95,111
1778107375.232917,57,0.982571,0.713710,0.701270,0.9065,-0.4619,1.5519,0.000,13.760,147.635,0,0,577,152,118,128
1778107375.299656,3,0.952933,0.692400,0.659811,0.8168,0.2776,1.5817,0.000,18.130,-173.927,0,0,109,108,117,133
1778107375.299656,55,0.984384,0.714315,0.703161,0.9088,-0.4583,1.5548,-0.000,13.408,150.738,0,0,574,151,122,128
1778107375.299656,57,0.993526,0.778873,0.773831,0.9606,-0.0806,1.4210,0.000,10.920,179.585,0,0,344,238,95,111
1778107375.399764,3,0.959681,0.691490,0.663609,0.8145,0.2784,1.5821,-0.000,18.111,-171.977,0,0,108,107,117,132
1778107375.399764,57,0.984610,0.715384,0.704375,0.9134,-0.4589,1.5570,-0.000,13.446,151.051,0,0,573,151,120,126
1778107375.399764,55,0.996883,0.777965,0.775540,0.9596,-0.0789,1.4242,0.000,14.573,-179.094,0,0,343,236,95,110
1778107375.499871,3,0.981328,0.692311,0.679384,0.8168,0.2791,1.5817,-0.000,19.068,-165.141,0,0,108,108,118,132
1778107375.499871,57,0.985327,0.718204,0.707666,0.9252,-0.4598,1.5627,-0.000,13.901,150.705,0,0,570,151,118,128
1778107375.499871,55,0.996446,0.778033,0.775268,0.9596,-0.0756,1.4242,0.000,13.272,-179.737,0,0,341,236,96,111
1778107375.566606,3,0.986463,0.692495,0.683121,0.8181,0.2768,1.5841,0.000,18.825,-160.235,0,0,110,107,120,133
1778107375.566606,57,0.985351,0.719276,0.708739,0.9307,-0.4625,1.5653,-0.000,14.093,150.146,0,0,570,151,118,128
1778107375.566606,55,0.990769,0.779939,0.772739,0.9659,-0.0725,1.4244,0.000,12.875,-175.736,0,0,339,237,95,111
1778107375.566606,3,0.990379,0.692903,0.686236,0.8181,0.2768,1.5841,0.000,18.825,-160.235,0,0,110,108,118,133
1778107375.566606,57,0.985671,0.719695,0.709382,0.9307,-0.4625,1.5653,-0.000,14.093,150.146,0,0,570,152,118,126
1778107375.566606,55,0.991088,0.779466,0.772519,0.9659,-0.0725,1.4244,0.000,12.875,-175.736,0,0,339,236,95,113
1778107375.633307,3,0.989200,0.692903,0.685420,0.8185,0.2768,1.5827,-0.000,20.083,-154.740,0,0,111,108,118,133
1778107375.633307,57,0.983822,0.719695,0.708052,0.9312,-0.4625,1.5637,0.000,13.606,149.787,0,0,571,152,120,126
1778107375.633307,55,0.990590,0.779466,0.772131,0.9654,-0.0725,1.4260,0.000,11.897,-176.486,0,0,339,236,98,113
1778107375.633307,3,0.985155,0.692577,0.682296,0.8185,0.2768,1.5827,-0.000,20.083,-154.740,0,0,112,109,120,136
1778107375.633307,57,0.986709,0.719891,0.710323,0.9312,-0.4625,1.5637,0.000,13.606,149.787,0,0,571,152,120,128
1778107375.633307,55,0.989642,0.779466,0.771392,0.9654,-0.0725,1.4260,0.000,11.897,-176.486,0,0,339,237,98,111
1778107375.866876,3,0.982362,0.693074,0.680849,0.8172,0.2731,1.5802,-0.000,20.184,-149.996,0,0,112,109,118,136
1778107375.866876,57,0.985663,0.719001,0.708693,0.9284,-0.4628,1.5624,0.000,14.135,149.978,0,0,570,153,117,126
1778107375.866876,55,0.991577,0.780360,0.773787,0.9678,-0.0743,1.4250,0.000,12.109,-176.888,0,0,340,237,98,114
1778107375.866876,3,0.981429,0.693991,0.681102,0.8172,0.2731,1.5802,-0.000,20.184,-149.996,0,0,113,109,120,136
1778107375.866876,57,0.988211,0.720311,0.711819,0.9284,-0.4628,1.5624,0.000,14.135,149.978,0,0,571,153,118,126
1778107375.866876,55,0.993862,0.780360,0.775570,0.9678,-0.0743,1.4250,0.000,12.109,-176.888,0,0,340,237,97,113
1778107376.000362,3,0.974574,0.694078,0.676431,0.8208,0.2715,1.5823,0.000,21.335,-146.171,0,0,114,109,120,137
1778107376.000362,57,0.985952,0.720842,0.710716,0.9362,-0.4664,1.5642,-0.000,13.982,150.475,0,0,571,153,118,126
1778107376.000362,55,0.995124,0.780834,0.777026,0.9683,-0.0743,1.4234,0.000,12.396,-179.142,0,0,340,238,97,114
1778107376.000362,3,0.973704,0.694078,0.675827,0.8208,0.2715,1.5823,0.000,21.335,-146.171,0,0,114,109,120,137
1778107376.000362,57,0.994682,0.780834,0.776681,0.9362,-0.4664,1.5642,-0.000,13.982,150.475,0,0,340,238,97,111
1778107376.000362,55,0.985794,0.720842,0.710602,0.9683,-0.0743,1.4234,0.000,12.396,-179.142,0,0,571,153,118,126
1778107376.167156,3,0.975065,0.694078,0.676772,0.8208,0.2715,1.5823,0.000,21.337,-146.331,0,0,114,109,120,137
1778107376.167156,57,0.986237,0.722319,0.712378,0.9422,-0.4691,1.5652,0.000,14.003,150.471,0,0,571,154,118,124
1778107376.167156,55,0.995015,0.781480,0.777584,0.9711,-0.0761,1.4242,0.000,11.822,179.931,0,0,341,238,98,114
1778107376.233871,3,0.975547,0.695932,0.678914,0.8274,0.2739,1.5844,-0.000,20.541,-147.049,0,0,114,110,120,136
1778107376.233871,57,0.988708,0.722670,0.714509,0.9440,-0.4700,1.5661,0.000,14.687,151.332,0,0,571,154,118,124
1778107376.233871,55,0.996257,0.781480,0.778554,0.9711,-0.0761,1.4242,-0.000,12.198,178.824,0,0,341,238,98,114
1778107376.300599,3,0.976403,0.694073,0.677695,0.8194,0.2708,1.5798,0.000,21.069,-146.935,0,0,114,110,120,136
1778107376.300599,57,0.987462,0.721898,0.712847,0.9417,-0.4691,1.5668,0.000,14.312,151.257,0,0,571,153,118,125
1778107376.300599,55,0.995811,0.780801,0.777530,0.9683,-0.0760,1.4234,0.000,11.866,178.720,0,0,341,238,98,115
1778107376.400717,3,0.977310,0.695609,0.679825,0.8257,0.2717,1.5833,-0.000,20.386,-147.929,0,0,115,110,120,136
1778107376.400717,57,0.988372,0.722741,0.714337,0.9427,-0.4691,1.5636,-0.000,14.814,150.268,0,0,571,155,117,122
1778107376.400717,55,0.995622,0.781480,0.778058,0.9711,-0.0761,1.4242,0.000,11.717,178.617,0,0,341,238,97,113
1778107376.400717,3,0.975811,0.695609,0.678783,0.8257,0.2717,1.5833,0.000,20.125,-147.607,0,0,115,110,120,137
1778107376.400717,57,0.987045,0.722741,0.713378,0.9427,-0.4691,1.5636,-0.000,14.134,150.732,0,0,571,155,117,124
1778107376.400717,55,0.994346,0.781480,0.777061,0.9711,-0.0761,1.4242,-0.000,10.987,178.717,0,0,341,239,98,114
1778107376.400717,3,0.977181,0.694576,0.678726,0.8257,0.2717,1.5833,0.000,20.125,-147.607,0,0,115,110,118,136
1778107376.400717,57,0.986391,0.722741,0.712905,0.9427,-0.4691,1.5636,-0.000,14.134,150.732,0,0,571,156,117,122
1778107376.400717,55,0.994769,0.781954,0.777863,0.9711,-0.0761,1.4242,-0.000,10.987,178.717,0,0,341,239,98,114
1778107376.634292,3,0.980802,0.694576,0.681241,0.8212,0.2700,1.5808,0.000,20.018,-149.716,0,0,116,111,118,135
1778107376.634292,57,0.984851,0.724561,0.713584,0.9505,-0.4727,1.5654,-0.000,13.320,150.534,0,0,571,156,117,125
1778107376.634292,55,0.992485,0.781274,0.775403,0.9688,-0.0760,1.4218,0.000,10.232,179.778,0,0,341,239,98,115
1778107376.701009,3,0.979544,0.696108,0.681869,0.8261,0.2702,1.5819,-0.000,19.849,-149.382,0,0,116,111,118,135
1778107376.701009,57,0.985241,0.724561,0.713867,0.9505,-0.4727,1.5654,0.000,13.431,150.617,0,0,571,156,117,125
1778107376.701009,55,0.994530,0.782902,0.778620,0.9726,-0.0761,1.4194,-0.000,10.672,178.105,0,0,341,241,95,114
1778107376.767711,3,0.979924,0.695483,0.681521,0.8221,0.2685,1.5779,0.000,19.984,-149.328,0,0,116,112,118,135
1778107376.767711,57,0.985448,0.724884,0.714336,0.9488,-0.4714,1.5608,0.000,13.619,149.813,0,0,571,158,116,124
1778107376.767711,55,0.992352,0.781240,0.775265,0.9688,-0.0776,1.4218,0.000,9.830,178.425,0,0,342,239,98,117
1778107376.767711,3,0.980054,0.695483,0.681611,0.8221,0.2685,1.5779,0.000,20.031,-149.335,0,0,116,112,118,135
1778107376.767711,57,0.985646,0.724884,0.714479,0.9488,-0.4714,1.5608,-0.000,13.470,150.412,0,0,571,159,116,122
1778107376.767711,55,0.991759,0.781240,0.774802,0.9688,-0.0776,1.4218,-0.000,9.472,176.467,0,0,343,240,96,115
1778107376.934557,3,0.981197,0.695899,0.682814,0.8239,0.2692,1.5789,0.000,20.165,-149.692,0,0,116,113,117,136
1778107376.934557,57,0.986245,0.725307,0.715331,0.9493,-0.4714,1.5592,-0.000,13.549,150.573,0,0,571,159,116,124
1778107376.934557,55,0.992797,0.780751,0.775127,0.9669,-0.0792,1.4212,-0.000,9.932,177.372,0,0,343,239,100,117
1778107377.001319,3,0.980431,0.696310,0.682684,0.8243,0.2692,1.5775,0.000,19.917,-149.538,0,0,116,113,117,135
1778107377.001319,57,0.985546,0.726845,0.716338,0.9531,-0.4710,1.5572,0.000,13.436,149.859,0,0,570,161,115,122
1778107377.001319,55,0.995204,0.781697,0.777948,0.9678,-0.0792,1.4180,0.000,11.027,176.346,0,0,343,241,96,115
1778107377.068057,3,0.976876,0.697020,0.680902,0.8270,0.2687,1.5790,0.000,19.423,-148.694,0,0,117,113,116,133
1778107377.068057,57,0.984141,0.727859,0.716316,0.9541,-0.4693,1.5539,0.000,12.521,150.680,0,0,569,163,115,124
1778107377.068057,55,0.994374,0.781697,0.777299,0.9678,-0.0792,1.4180,0.000,10.607,175.976,0,0,343,241,95,113
1778107377.068057,3,0.976447,0.697020,0.680603,0.8270,0.2687,1.5790,0.000,18.994,-148.970,0,0,117,113,117,133
1778107377.068057,57,0.985583,0.727859,0.717365,0.9541,-0.4693,1.5539,0.000,12.910,151.041,0,0,569,164,114,124
1778107377.068057,55,0.994416,0.781697,0.777332,0.9678,-0.0792,1.4180,0.000,10.753,175.398,0,0,343,241,96,113
1778107377.234909,3,0.978963,0.695974,0.681333,0.8212,0.2663,1.5740,0.000,19.736,-149.143,0,0,117,114,117,133
1778107377.234909,57,0.981627,0.729235,0.715837,0.9579,-0.4706,1.5518,-0.000,11.847,149.753,0,0,569,165,114,124
1778107377.234909,55,0.993603,0.781224,0.776226,0.9673,-0.0792,1.4196,0.000,10.583,174.809,0,0,343,240,95,115
1778107377.301623,3,0.979417,0.696061,0.681734,0.8212,0.2647,1.5740,0.000,19.642,-149.540,0,0,118,114,116,133
1778107377.301623,57,0.988102,0.729726,0.721044,0.9561,-0.4676,1.5473,-0.000,13.807,150.381,0,0,568,167,115,122
1778107377.301623,55,0.995189,0.781484,0.777725,0.9655,-0.0791,1.4155,0.000,11.075,175.506,0,0,343,242,96,114
1778107377.301623,3,0.976353,0.696061,0.679601,0.8212,0.2647,1.5740,0.000,19.642,-149.540,0,0,118,114,117,133
1778107377.301623,57,0.986669,0.729726,0.719998,0.9561,-0.4676,1.5473,-0.000,13.807,150.381,0,0,569,169,115,122
1778107377.301623,55,0.994114,0.781484,0.776885,0.9655,-0.0791,1.4155,0.000,11.075,175.506,0,0,344,241,94,114
1778107377.468452,3,0.978236,0.696479,0.681321,0.8230,0.2654,1.5750,0.000,19.721,-148.976,0,0,118,114,117,133
1778107377.468452,57,0.989154,0.730512,0.722589,0.9594,-0.4706,1.5469,0.000,13.694,151.519,0,0,569,168,114,122
1778107377.468452,55,0.994820,0.781012,0.776966,0.9650,-0.0791,1.4171,-0.000,11.388,174.319,0,0,343,241,95,113
1778107377.468452,3,0.978177,0.696472,0.681272,0.8230,0.2654,1.5750,0.000,19.721,-148.976,0,0,118,115,117,132
1778107377.468452,57,0.988098,0.728664,0.719992,0.9594,-0.4706,1.5469,0.000,13.694,151.519,0,0,568,167,115,122
1778107377.468452,55,0.995645,0.781697,0.778293,0.9650,-0.0791,1.4171,-0.000,11.388,174.319,0,0,343,241,95,114
1778107377.535191,3,0.975673,0.696472,0.679529,0.8217,0.2647,1.5726,-0.000,19.342,-148.286,0,0,118,113,117,133
1778107377.535191,57,0.985085,0.728664,0.717796,0.9506,-0.4649,1.5449,0.000,12.017,155.310,0,0,570,167,114,124
1778107377.535191,55,0.995422,0.781697,0.778118,0.9678,-0.0792,1.4180,0.000,11.184,176.144,0,0,343,242,95,114
1778107377.535191,3,0.977296,0.696068,0.680264,0.8217,0.2647,1.5726,-0.000,19.342,-148.286,0,0,118,113,117,133
1778107377.535191,57,0.988290,0.730869,0.722310,0.9506,-0.4649,1.5449,0.000,12.017,155.310,0,0,570,168,114,122
1778107377.535191,55,0.994800,0.780976,0.776915,0.9678,-0.0792,1.4180,0.000,11.184,176.144,0,0,344,241,94,114
1778107377.768706,3,0.974854,0.695650,0.678157,0.8208,0.2647,1.5755,0.000,19.916,-147.599,0,0,118,113,117,133
1778107377.768706,57,0.988476,0.731037,0.722613,0.9622,-0.4720,1.5481,0.000,13.239,155.992,0,0,569,168,113,121
1778107377.768706,55,0.993994,0.781224,0.776532,0.9673,-0.0792,1.4196,0.000,10.554,175.692,0,0,343,240,95,114
1778107377.835444,3,0.977379,0.695650,0.679914,0.8208,0.2647,1.5755,0.000,20.194,-148.272,0,0,118,113,117,133
1778107377.835444,57,0.987301,0.730512,0.721235,0.9594,-0.4706,1.5469,0.000,12.783,155.918,0,0,569,168,114,121
1778107377.835444,55,0.993180,0.780067,0.774747,0.9640,-0.0791,1.4203,0.000,10.483,174.738,0,0,343,239,95,113
1778107377.835444,3,0.975654,0.695650,0.678714,0.8208,0.2647,1.5755,0.000,20.194,-148.272,0,0,118,113,117,133
1778107377.835444,57,0.985817,0.730512,0.720151,0.9594,-0.4706,1.5469,0.000,12.783,155.918,0,0,568,169,113,122
1778107377.835444,55,0.993704,0.780067,0.775155,0.9640,-0.0791,1.4203,0.000,10.483,174.738,0,0,343,239,95,113
1778107378.002254,3,0.975623,0.694811,0.677873,0.8172,0.2634,1.5735,0.000,20.152,-147.669,0,0,118,114,117,133
1778107378.002254,57,0.986839,0.731106,0.721484,0.9599,-0.4689,1.5452,-0.000,12.626,156.448,0,0,568,169,113,122
1778107378.002254,55,0.994725,0.780751,0.776633,0.9669,-0.0792,1.4212,-0.000,11.031,175.822,0,0,343,239,95,113
1778107378.068993,3,0.975951,0.695306,0.678585,0.8176,0.2619,1.5720,-0.000,20.143,-147.846,0,0,119,114,118,133
1778107378.068993,57,0.984451,0.731273,0.719903,0.9599,-0.4672,1.5452,-0.000,12.256,158.115,0,0,567,169,113,122
1778107378.068993,55,0.993090,0.780031,0.774642,0.9640,-0.0807,1.4203,-0.000,10.356,174.883,0,0,344,239,96,113
1778107378.068993,3,0.975864,0.695306,0.678525,0.8176,0.2619,1.5720,0.000,20.196,-147.771,0,0,119,114,118,133
1778107378.068993,57,0.984589,0.731273,0.720004,0.9599,-0.4672,1.5452,0.000,12.286,158.065,0,0,567,169,113,122
1778107378.068993,55,0.992667,0.780031,0.774312,0.9640,-0.0807,1.4203,0.000,9.917,177.823,0,0,343,239,96,114
1778107378.169100,3,0.975690,0.694249,0.677372,0.8132,0.2602,1.5696,0.000,20.325,-147.605,0,0,119,114,118,133
1778107378.169100,57,0.985700,0.731273,0.720816,0.9599,-0.4672,1.5452,0.000,12.425,157.293,0,0,567,169,113,122
1778107378.169100,55,0.993547,0.780751,0.775712,0.9669,-0.0792,1.4212,-0.000,11.014,173.939,0,0,344,239,95,113
1778107378.302573,3,0.976893,0.694475,0.678427,0.8154,0.2612,1.5725,0.000,20.513,-147.933,0,0,119,113,117,133
1778107378.302573,57,0.984602,0.731440,0.720178,0.9599,-0.4655,1.5452,-0.000,11.921,156.839,0,0,566,169,113,121
1778107378.302573,55,0.993174,0.780067,0.774742,0.9640,-0.0791,1.4203,-0.000,10.221,175.736,0,0,343,239,95,114
1778107378.369303,3,0.976982,0.694249,0.678268,0.8132,0.2602,1.5696,0.000,20.358,-148.037,0,0,119,114,118,133
1778107378.369303,57,0.985269,0.731440,0.720665,0.9599,-0.4655,1.5452,0.000,12.204,157.068,0,0,566,169,113,122
1778107378.369303,55,0.993434,0.780067,0.774945,0.9640,-0.0791,1.4203,0.000,10.246,176.615,0,0,343,239,95,113
1778107378.369303,3,0.977272,0.694249,0.678470,0.8132,0.2602,1.5696,0.000,20.435,-148.079,0,0,119,114,117,133
1778107378.369303,57,0.986229,0.731440,0.721367,0.9599,-0.4655,1.5452,0.000,12.459,156.732,0,0,565,169,113,122
1778107378.369303,55,0.993451,0.780067,0.774958,0.9640,-0.0791,1.4203,0.000,10.302,176.106,0,0,343,238,97,114
1778107378.502761,3,0.975052,0.694896,0.677560,0.8172,0.2619,1.5735,0.000,20.319,-147.442,0,0,119,113,117,133
1778107378.502761,57,0.984602,0.731076,0.719819,0.9571,-0.4624,1.5440,-0.000,11.984,157.135,0,0,565,169,113,122
1778107378.502761,55,0.991629,0.780278,0.773746,0.9664,-0.0792,1.4228,0.000,9.493,176.679,0,0,343,238,97,114
1778107378.602886,3,0.974830,0.693840,0.676376,0.8127,0.2602,1.5710,0.000,20.273,-147.402,0,0,119,113,117,133
1778107378.602886,57,0.987926,0.731076,0.722249,0.9571,-0.4624,1.5440,0.000,13.195,157.185,0,0,565,169,113,122
1778107378.602886,55,0.991453,0.779594,0.772931,0.9635,-0.0791,1.4219,-0.000,9.485,175.910,0,0,343,238,96,115
1778107378.669610,3,0.977241,0.693840,0.678050,0.8127,0.2602,1.5710,-0.000,20.500,-148.070,0,0,119,113,117,133
1778107378.669610,57,0.986797,0.731076,0.721424,0.9571,-0.4624,1.5440,0.000,12.786,157.241,0,0,565,169,113,122
1778107378.669610,55,0.992538,0.779594,0.773777,0.9635,-0.0791,1.4219,0.000,10.108,175.268,0,0,343,238,95,115
1778107378.736346,3,0.976701,0.693840,0.677675,0.8127,0.2602,1.5710,-0.000,20.639,-147.764,0,0,119,113,117,133
1778107378.736346,57,0.985708,0.731076,0.720627,0.9571,-0.4624,1.5440,0.000,12.595,157.910,0,0,565,169,112,122
1778107378.736346,55,0.992973,0.779594,0.774117,0.9635,-0.0791,1.4219,0.000,10.109,176.890,0,0,343,238,96,115
1778107378.803052,3,0.977936,0.693840,0.678532,0.8127,0.2602,1.5710,0.000,20.349,-148.457,0,0,119,113,117,133
1778107378.803052,57,0.985377,0.731076,0.720385,0.9571,-0.4624,1.5440,0.000,12.849,158.867,0,0,565,169,114,122
1778107378.803052,55,0.992326,0.780312,0.774324,0.9664,-0.0775,1.4228,0.000,9.855,177.993,0,0,342,238,97,115
1778107378.803052,3,0.976972,0.693840,0.677862,0.8127,0.2602,1.5710,-0.000,19.870,-148.523,0,0,119,114,117,133
1778107378.803052,57,0.984554,0.731076,0.719784,0.9571,-0.4624,1.5440,0.000,12.267,158.142,0,0,565,168,112,124
1778107378.803052,55,0.991795,0.780312,0.773910,0.9664,-0.0775,1.4228,-0.000,9.591,176.439,0,0,342,238,97,115
1778107378.903160,3,0.978482,0.693824,0.678894,0.8114,0.2595,1.5686,0.000,19.988,-148.929,0,0,119,114,118,133
1778107378.903160,57,0.985598,0.730649,0.720127,0.9566,-0.4624,1.5457,0.000,12.892,158.557,0,0,564,168,113,122
1778107378.903160,55,0.991067,0.779629,0.772664,0.9635,-0.0774,1.4219,-0.000,9.250,177.475,0,0,343,237,100,117
1778107378.969898,3,0.977626,0.693398,0.677884,0.8096,0.2588,1.5676,0.000,20.126,-148.474,0,0,119,113,118,133
1778107378.969898,57,0.984474,0.730814,0.719468,0.9566,-0.4607,1.5457,0.000,12.578,158.832,0,0,564,169,113,122
1778107378.969898,55,0.990089,0.779122,0.771400,0.9630,-0.0791,1.4235,0.000,8.970,176.195,0,0,343,238,98,115
1778107378.969898,3,0.978522,0.693332,0.678441,0.8096,0.2588,1.5676,0.000,20.126,-148.474,0,0,118,113,117,133
1778107378.969898,57,0.989737,0.730649,0.723151,0.9566,-0.4607,1.5457,0.000,12.578,158.832,0,0,565,168,113,122
1778107378.969898,55,0.991358,0.780312,0.773569,0.9630,-0.0791,1.4235,0.000,8.970,176.195,0,0,342,238,98,115
1778107379.170099,3,0.977178,0.693416,0.677591,0.8110,0.2595,1.5700,0.000,20.166,-148.332,0,0,119,113,118,133
1778107379.170099,57,0.988738,0.730649,0.722421,0.9566,-0.4624,1.5457,-0.000,13.944,158.134,0,0,565,168,114,124
1778107379.170099,55,0.990092,0.780312,0.772581,0.9664,-0.0775,1.4228,0.000,8.983,178.704,0,0,342,238,98,114
1778107379.170099,3,0.979164,0.693416,0.678968,0.8110,0.2595,1.5700,0.000,20.166,-148.332,0,0,119,113,118,133
1778107379.170099,57,0.987045,0.730649,0.721184,0.9566,-0.4624,1.5457,-0.000,13.944,158.134,0,0,565,168,113,122
1778107379.170099,55,0.990388,0.780312,0.772812,0.9664,-0.0775,1.4228,0.000,8.983,178.704,0,0,342,238,98,114
1778107379.170099,3,0.978348,0.692990,0.677986,0.8110,0.2595,1.5700,0.000,20.557,-148.746,0,0,118,113,117,133
1778107379.170099,57,0.988192,0.728147,0.719549,0.9566,-0.4624,1.5457,0.000,13.379,158.413,0,0,566,168,113,122
1778107379.170099,55,0.990914,0.780312,0.773222,0.9664,-0.0775,1.4228,0.000,8.976,177.697,0,0,342,238,98,115
1778107379.336931,3,0.978179,0.692906,0.677786,0.8092,0.2603,1.5690,0.000,20.487,-148.319,0,0,118,112,118,133
1778107379.336931,57,0.988961,0.730484,0.722421,0.9566,-0.4641,1.5457,0.000,14.167,158.370,0,0,567,167,114,124
1778107379.336931,55,0.990195,0.780312,0.772662,0.9664,-0.0775,1.4228,0.000,8.909,176.371,0,0,342,238,97,115
1778107379.470384,3,0.981279,0.692906,0.679934,0.8092,0.2603,1.5690,0.000,20.328,-149.713,0,0,118,113,118,133
1778107379.470384,57,0.985577,0.727821,0.717324,0.9437,-0.4597,1.5400,-0.000,13.640,159.918,0,0,567,168,114,124
1778107379.470384,55,0.991571,0.780767,0.774186,0.9683,-0.0776,1.4234,-0.000,9.464,177.331,0,0,342,238,97,114
1778107379.470384,3,0.977087,0.692906,0.677030,0.8092,0.2603,1.5690,0.000,19.494,-148.818,0,0,118,112,118,133
1778107379.470384,57,0.977548,0.727821,0.711480,0.9437,-0.4597,1.5400,-0.000,12.075,161.972,0,0,568,168,113,121
1778107379.470384,55,0.991372,0.780767,0.774031,0.9683,-0.0776,1.4234,-0.000,9.386,177.544,0,0,342,238,98,114
1778107379.570488,3,0.977334,0.692499,0.676803,0.8087,0.2603,1.5704,0.000,19.752,-148.731,0,0,118,112,118,133
1778107379.570488,57,0.975003,0.729621,0.711383,0.9539,-0.4662,1.5444,-0.000,12.191,163.165,0,0,568,169,113,122
1778107379.570488,55,0.990587,0.780312,0.772967,0.9664,-0.0775,1.4228,-0.000,9.097,178.103,0,0,342,238,98,115
1778107379.703951,3,0.976741,0.692073,0.675977,0.8069,0.2596,1.5694,-0.000,19.429,-148.821,0,0,118,111,120,133
1778107379.703951,57,0.967075,0.729985,0.705950,0.9566,-0.4693,1.5457,0.000,13.551,167.002,0,0,569,168,113,122
1778107379.703951,55,0.993468,0.779840,0.774746,0.9659,-0.0775,1.4244,0.000,10.491,177.830,0,0,342,237,97,115
1778107379.770702,3,0.976772,0.692093,0.676016,0.8083,0.2603,1.5718,-0.000,19.160,-149.197,0,0,117,111,117,133
1778107379.770702,57,0.959636,0.729288,0.699851,0.9539,-0.4697,1.5444,0.000,14.072,169.219,0,0,570,168,112,122
1778107379.770702,55,0.994036,0.779157,0.774509,0.9630,-0.0774,1.4235,0.000,10.747,176.955,0,0,342,237,97,115
1778107379.837441,3,0.977867,0.692093,0.676774,0.8083,0.2603,1.5718,-0.000,19.600,-149.171,0,0,118,111,118,133
1778107379.837441,57,0.953121,0.729392,0.695199,0.9561,-0.4710,1.5473,-0.000,13.835,170.540,0,0,570,167,113,121
1778107379.837441,55,0.993080,0.779157,0.773765,0.9630,-0.0774,1.4235,0.000,10.349,178.229,0,0,342,237,98,117
1778107379.904166,3,0.977128,0.692517,0.676678,0.8101,0.2610,1.5728,-0.000,18.870,-149.678,0,0,118,111,120,133
1778107379.904166,57,0.943229,0.729225,0.687825,0.9561,-0.4727,1.5473,-0.000,13.942,172.600,0,0,571,167,112,122
1778107379.904166,55,0.994851,0.778436,0.774428,0.9601,-0.0789,1.4226,0.000,11.219,176.390,0,0,343,237,98,117
1778107379.904166,3,0.976725,0.692517,0.676399,0.8101,0.2610,1.5728,-0.000,18.870,-149.678,0,0,117,111,118,133
1778107379.904166,57,0.937332,0.729225,0.683526,0.9561,-0.4727,1.5473,-0.000,13.942,172.600,0,0,571,167,113,121
1778107379.904166,55,0.992107,0.778436,0.772292,0.9601,-0.0789,1.4226,0.000,11.219,176.390,0,0,343,237,97,117
1778107380.070954,3,0.977185,0.692009,0.676220,0.8083,0.2618,1.5718,-0.000,19.184,-149.226,0,0,117,111,118,133
1778107380.070954,57,0.930976,0.728529,0.678243,0.9534,-0.4731,1.5461,-0.000,13.408,174.557,0,0,572,167,114,120
1778107380.070954,55,0.992905,0.779122,0.773594,0.9630,-0.0791,1.4235,-0.000,10.478,174.937,0,0,343,237,97,117
1778107380.137692,3,0.975406,0.692432,0.675403,0.8101,0.2624,1.5728,0.000,19.772,-147.939,0,0,117,111,118,133
1778107380.137692,57,0.992618,0.778436,0.772690,0.9601,-0.0789,1.4226,-0.000,10.244,175.282,0,0,343,237,97,117
1778107380.137692,55,0.916792,0.728361,0.667756,0.9534,-0.4748,1.5461,0.000,14.775,177.470,0,0,573,167,112,120
1778107380.204427,3,0.975034,0.691602,0.674335,0.8079,0.2618,1.5732,-0.000,18.489,-149.228,0,0,117,110,120,133
1778107380.204427,55,0.991096,0.778471,0.771539,0.9601,-0.0773,1.4226,0.000,9.392,177.888,0,0,342,237,98,117
1778107380.204427,57,0.893851,0.728295,0.650987,0.9556,-0.4779,1.5490,-0.000,15.107,-179.114,0,0,574,166,112,121
1778107380.204427,3,0.972808,0.691602,0.672796,0.8079,0.2618,1.5732,0.000,19.503,-147.324,0,0,117,110,120,133
1778107380.204427,55,0.991153,0.778471,0.771583,0.9601,-0.0773,1.4226,0.000,9.398,177.673,0,0,342,238,98,114
1778107380.204427,57,0.891179,0.728295,0.649041,0.9556,-0.4779,1.5490,0.000,14.707,-178.885,0,0,575,166,112,121
1778107380.304534,3,0.975161,0.691602,0.674424,0.8079,0.2618,1.5732,-0.000,19.046,-148.644,0,0,117,110,120,133
1778107380.304534,55,0.993108,0.778942,0.773574,0.9606,-0.0773,1.4210,0.000,10.178,177.322,0,0,342,238,97,114
1778107380.304534,57,0.884558,0.728126,0.644070,0.9556,-0.4796,1.5490,0.000,15.379,-177.835,0,0,577,167,110,121
1778107380.438011,3,0.974259,0.691602,0.673800,0.8079,0.2618,1.5732,0.000,18.869,-148.485,0,0,117,110,120,133
1778107380.438011,55,0.858720,0.728208,0.625327,0.9561,-0.4831,1.5473,0.000,15.341,-174.707,0,0,577,167,110,118
1778107380.438011,57,0.991883,0.778976,0.772653,0.9606,-0.0756,1.4210,0.000,9.842,179.131,0,0,341,238,97,115
1778107380.504741,3,0.974905,0.691178,0.673832,0.8061,0.2611,1.5722,0.000,18.958,-148.640,0,0,117,110,120,133
1778107380.504741,57,0.846184,0.727786,0.615841,0.9556,-0.4831,1.5490,0.000,14.014,-173.682,0,0,577,166,110,122
1778107380.504741,55,0.991263,0.778976,0.772170,0.9606,-0.0756,1.4210,0.000,9.535,179.029,0,0,341,238,97,113
1778107380.504741,3,0.972821,0.691178,0.672392,0.8061,0.2611,1.5722,0.000,19.087,-147.727,0,0,117,110,120,133
1778107380.504741,57,0.846491,0.727786,0.616064,0.9556,-0.4831,1.5490,-0.000,15.621,-173.192,0,0,578,166,110,122
1778107380.504741,55,0.991495,0.778976,0.772351,0.9606,-0.0756,1.4210,0.000,9.519,178.406,0,0,341,238,97,113
1778107380.604840,3,0.975571,0.691178,0.674293,0.8061,0.2611,1.5722,0.000,18.911,-148.955,0,0,117,110,118,133
1778107380.604840,57,0.841575,0.727615,0.612342,0.9556,-0.4848,1.5490,0.000,15.009,-172.900,0,0,578,167,110,122
1778107380.604840,55,0.990703,0.778976,0.771733,0.9606,-0.0756,1.4210,0.000,9.230,178.742,0,0,341,238,98,114
1778107380.671535,3,0.975610,0.690752,0.673904,0.8043,0.2604,1.5712,0.000,19.099,-148.763,0,0,117,110,120,133
1778107380.671535,57,0.822899,0.728037,0.599101,0.9561,-0.4848,1.5473,0.000,14.642,-170.904,0,0,579,167,112,122
1778107380.671535,55,0.991977,0.778976,0.772726,0.9606,-0.0756,1.4210,0.000,9.650,177.498,0,0,341,237,96,114
1778107380.805009,3,0.976315,0.691178,0.674807,0.8061,0.2611,1.5722,0.000,18.919,-149.250,0,0,117,110,120,133
1778107380.805009,57,0.819332,0.727866,0.596364,0.9561,-0.4865,1.5473,0.000,14.499,-170.648,0,0,579,167,112,121
1778107380.805009,55,0.991890,0.778569,0.772255,0.9601,-0.0723,1.4226,-0.000,10.545,-179.075,0,0,339,237,97,114
1778107380.805009,3,0.975145,0.691178,0.673999,0.8061,0.2611,1.5722,-0.000,18.645,-149.089,0,0,117,109,120,135
1778107380.805009,57,0.802930,0.727866,0.584425,0.9561,-0.4865,1.5473,-0.000,13.874,-169.113,0,0,580,167,112,121
1778107380.805009,55,0.988623,0.778569,0.769711,0.9601,-0.0723,1.4226,0.000,10.489,-176.716,0,0,339,236,96,113
1778107380.905094,3,0.976024,0.690772,0.674210,0.8056,0.2611,1.5736,-0.000,18.876,-149.267,0,0,117,109,118,135
1778107380.905094,57,0.789109,0.727171,0.573818,0.9534,-0.4868,1.5461,-0.000,14.303,-167.645,0,0,580,168,113,118
1778107380.905094,55,0.990263,0.777639,0.770067,0.9577,-0.0722,1.4236,-0.000,11.085,-177.142,0,0,339,237,96,111
1778107380.971831,3,0.975770,0.691196,0.674448,0.8074,0.2618,1.5747,-0.000,19.009,-149.009,0,0,117,109,118,135
1778107380.971831,55,0.991602,0.778110,0.771575,0.9582,-0.0722,1.4220,-0.000,11.197,-177.797,0,0,339,237,94,111
1778107380.971831,57,0.782077,0.727593,0.569034,0.9539,-0.4868,1.5444,0.000,13.799,-167.083,0,0,580,168,113,117
1778107380.971831,3,0.974879,0.692040,0.674656,0.8074,0.2618,1.5747,-0.000,19.009,-149.009,0,0,117,109,118,135
1778107380.971831,55,0.753830,0.727421,0.548352,0.9582,-0.0722,1.4220,-0.000,11.197,-177.797,0,0,581,168,114,118
1778107380.971831,57,0.990702,0.778129,0.770893,0.9539,-0.4868,1.5444,0.000,13.799,-167.083,0,0,338,236,97,113
1778107381.171999,3,0.974750,0.692448,0.674963,0.8114,0.2631,1.5753,-0.000,18.411,-149.205,0,0,117,110,118,133
1778107381.171999,57,0.706449,0.727943,0.514255,0.9566,-0.4899,1.5457,0.000,12.651,-160.531,0,0,581,168,110,118
1778107381.171999,55,0.991919,0.778569,0.772277,0.9601,-0.0723,1.4226,0.000,11.036,-178.266,0,0,339,237,96,111
1778107381.238737,3,0.973793,0.692040,0.673904,0.8110,0.2631,1.5767,0.000,19.017,-148.229,0,0,117,109,118,137
1778107381.238737,57,0.721144,0.726552,0.523949,0.9511,-0.4905,1.5432,-0.000,13.598,-161.690,0,0,583,168,112,118
1778107381.238737,55,0.994159,0.777639,0.773097,0.9577,-0.0722,1.4236,0.000,11.720,-179.418,0,0,339,236,98,113
1778107381.338847,3,0.980927,0.692040,0.678841,0.8110,0.2631,1.5767,0.000,19.743,-150.409,0,0,117,109,118,136
1778107381.338847,57,0.704583,0.725782,0.511374,0.9488,-0.4896,1.5440,0.000,13.790,-160.190,0,0,583,167,110,118
1778107381.338847,55,0.994467,0.778097,0.773792,0.9596,-0.0723,1.4242,0.000,11.653,-179.925,0,0,339,236,98,114
1778107381.438986,3,0.988418,0.691718,0.683706,0.8105,0.2616,1.5781,0.000,20.610,-153.867,0,0,118,108,118,135
1778107381.438986,57,0.996844,0.778097,0.775642,0.9596,-0.0723,1.4242,0.000,12.928,179.291,0,0,339,236,96,114
1778107381.438986,55,0.670247,0.727001,0.487270,0.9561,-0.4951,1.5473,-0.000,12.388,-157.813,0,0,584,167,110,117
1778107381.505712,3,0.987027,0.691718,0.682744,0.8105,0.2616,1.5781,0.000,20.222,-153.497,0,0,118,108,120,135
1778107381.505712,55,0.996403,0.778783,0.775981,0.9625,-0.0724,1.4251,0.000,12.689,179.519,0,0,339,236,96,113
1778107381.505712,57,0.670619,0.727518,0.487887,0.9589,-0.4965,1.5485,0.000,14.254,-157.248,0,0,584,167,110,120
1778107381.605850,3,0.986807,0.691718,0.682592,0.8105,0.2616,1.5781,-0.000,20.447,-152.961,0,0,118,108,120,136
1778107381.605850,55,0.994942,0.778814,0.774875,0.9625,-0.0707,1.4251,0.000,11.969,-179.776,0,0,338,236,97,113
1778107381.605850,57,0.678315,0.726307,0.492665,0.9534,-0.4954,1.5461,0.000,13.395,-158.244,0,0,585,167,106,120
1778107381.672594,3,0.989184,0.692851,0.685357,0.8150,0.2619,1.5807,0.000,20.584,-154.713,0,0,119,108,120,136
1778107381.672594,55,0.995594,0.779466,0.776032,0.9654,-0.0725,1.4260,0.000,11.848,178.580,0,0,339,236,96,113
1778107381.672594,57,0.668975,0.726727,0.486163,0.9539,-0.4954,1.5444,-0.000,12.803,-157.639,0,0,585,168,110,117
1778107381.672594,3,0.988113,0.692851,0.684615,0.8150,0.2619,1.5807,0.000,20.584,-154.713,0,0,119,108,118,136
1778107381.672594,55,0.996704,0.779466,0.776896,0.9654,-0.0725,1.4260,0.000,11.848,178.580,0,0,338,236,95,111
1778107381.672594,57,0.646792,0.726727,0.470041,0.9539,-0.4954,1.5444,-0.000,12.803,-157.639,0,0,585,169,109,117
1778107381.672594,3,0.988468,0.691801,0.683823,0.8150,0.2619,1.5807,-0.000,20.122,-154.735,0,0,119,108,118,136
1778107381.672594,55,0.995288,0.779970,0.776295,0.9654,-0.0725,1.4260,0.000,12.471,177.801,0,0,338,237,96,110
1778107381.672594,57,0.652197,0.727148,0.474243,0.9539,-0.4954,1.5444,0.000,12.645,-155.875,0,0,585,169,107,118
1778107381.839440,3,0.987285,0.691801,0.683005,0.8105,0.2602,1.5781,0.000,19.989,-154.285,0,0,119,108,118,136
1778107381.839440,55,0.994372,0.779970,0.775581,0.9659,-0.0709,1.4244,0.000,11.984,-178.931,0,0,338,237,96,111
1778107381.839440,57,0.650185,0.727148,0.472780,0.9544,-0.4954,1.5428,0.000,14.339,-155.607,0,0,586,168,108,120
1778107381.939548,3,0.985595,0.691380,0.681420,0.8088,0.2595,1.5771,-0.000,19.503,-153.917,0,0,120,108,118,137
1778107381.939548,55,0.995789,0.779970,0.776686,0.9659,-0.0709,1.4244,0.000,11.969,179.078,0,0,338,237,96,110
1778107381.939548,57,0.654115,0.726032,0.474908,0.9511,-0.4957,1.5432,0.000,14.320,-156.031,0,0,587,167,106,121
1778107381.939548,3,0.984863,0.691885,0.681412,0.8088,0.2595,1.5771,-0.000,19.503,-153.917,0,0,121,109,118,133
1778107381.939548,55,0.995676,0.779970,0.776597,0.9659,-0.0709,1.4244,0.000,11.969,179.078,0,0,337,237,97,110
1778107381.939548,57,0.640074,0.726553,0.465048,0.9511,-0.4957,1.5432,0.000,14.320,-156.031,0,0,586,168,107,121
1778107382.139717,3,0.984725,0.691185,0.680627,0.8056,0.2537,1.5736,0.000,19.079,-154.346,0,0,122,109,120,136
1778107382.139717,55,0.996157,0.779970,0.776972,0.9659,-0.0709,1.4244,-0.000,12.470,179.756,0,0,338,237,96,110
1778107382.139717,57,0.637508,0.725958,0.462804,0.9534,-0.4988,1.5461,0.000,14.638,-154.693,0,0,587,167,105,121
1778107382.206447,3,0.985070,0.690940,0.680624,0.8052,0.2507,1.5751,0.000,19.896,-153.440,0,0,124,108,120,136
1778107382.206447,55,0.996135,0.779970,0.776956,0.9659,-0.0709,1.4244,-0.000,12.217,179.135,0,0,338,237,96,111
1778107382.206447,57,0.630822,0.726973,0.458591,0.9544,-0.4971,1.5428,0.000,14.382,-154.129,0,0,586,169,108,118
1778107382.273181,3,0.983884,0.690571,0.679441,0.8021,0.2479,1.5716,0.000,19.005,-154.246,0,0,125,109,118,136
1778107382.273181,55,0.991512,0.780001,0.773380,0.9659,-0.0692,1.4244,-0.000,11.227,-177.487,0,0,337,237,97,110
1778107382.273181,57,0.608939,0.725857,0.442003,0.9511,-0.4974,1.5432,0.000,14.491,-152.475,0,0,587,168,105,122
1778107382.339916,3,0.985566,0.690673,0.680704,0.8034,0.2471,1.5740,0.000,19.584,-154.639,0,0,126,108,120,135
1778107382.339916,55,0.994307,0.779970,0.775530,0.9659,-0.0709,1.4244,0.000,11.272,179.715,0,0,338,237,95,110
1778107382.339916,57,0.608159,0.726378,0.441753,0.9539,-0.4988,1.5444,-0.000,14.370,-152.451,0,0,587,168,106,124
1778107382.339916,3,0.986087,0.690673,0.681063,0.8034,0.2471,1.5740,0.000,19.403,-155.513,0,0,126,109,118,136
1778107382.339916,55,0.993680,0.779970,0.775041,0.9659,-0.0709,1.4244,0.000,11.208,-179.575,0,0,338,236,96,113
1778107382.339916,57,0.594561,0.726378,0.431876,0.9539,-0.4988,1.5444,0.000,13.749,-151.592,0,0,587,167,105,125
1778107382.440010,3,0.984910,0.691079,0.680650,0.8039,0.2471,1.5726,0.000,18.865,-155.578,0,0,126,108,117,135
1778107382.440010,55,0.992779,0.778814,0.773190,0.9625,-0.0707,1.4251,0.000,11.151,-178.903,0,0,338,236,97,113
1778107382.440010,57,0.592492,0.725958,0.430124,0.9534,-0.4988,1.5461,-0.000,13.647,-151.476,0,0,588,168,104,125
1778107382.506743,3,0.988315,0.690244,0.682179,0.8016,0.2464,1.5730,0.000,19.667,-157.443,0,0,127,108,117,135
1778107382.506743,55,0.992516,0.778814,0.772986,0.9625,-0.0707,1.4251,0.000,10.444,179.775,0,0,338,237,97,114
1778107382.506743,57,0.630347,0.725682,0.457432,0.9511,-0.4991,1.5432,0.000,13.627,-154.505,0,0,588,168,103,125
1778107382.640208,3,0.987529,0.691258,0.682638,0.8052,0.2448,1.5751,-0.000,19.317,-158.094,0,0,128,108,118,135
1778107382.640208,55,0.995208,0.778814,0.775082,0.9625,-0.0707,1.4251,0.000,11.879,179.625,0,0,338,236,97,114
1778107382.640208,57,0.594369,0.726202,0.431632,0.9539,-0.5005,1.5444,0.000,14.204,-151.524,0,0,588,168,103,126
1778107382.706914,3,0.986473,0.690851,0.681506,0.8048,0.2448,1.5765,0.000,18.939,-158.799,0,0,128,107,118,135
1778107382.706914,55,0.994413,0.779255,0.774902,0.9630,-0.0724,1.4235,0.000,11.095,178.781,0,0,339,237,96,111
1778107382.706914,57,0.594381,0.726202,0.431641,0.9539,-0.5005,1.5444,0.000,14.260,-151.508,0,0,588,168,103,128
1778107382.773635,3,0.986589,0.690851,0.681586,0.8048,0.2448,1.5765,-0.000,18.984,-158.759,0,0,128,107,118,135
1778107382.773635,55,0.994655,0.778814,0.774651,0.9625,-0.0707,1.4251,-0.000,12.078,-179.235,0,0,338,236,97,113
1778107382.773635,57,0.604583,0.726202,0.439049,0.9539,-0.5005,1.5444,-0.000,13.952,-152.387,0,0,588,168,104,128
1778107382.840373,3,0.986786,0.690851,0.681723,0.8048,0.2448,1.5765,0.000,19.012,-159.386,0,0,128,107,120,136
1778107382.840373,55,0.994684,0.779287,0.775144,0.9630,-0.0707,1.4235,0.000,12.141,-179.007,0,0,338,237,97,114
1778107382.840373,57,0.603579,0.726445,0.438467,0.9544,-0.5022,1.5428,0.000,14.793,-152.134,0,0,589,169,102,126
1778107382.940452,3,0.986710,0.690851,0.681670,0.8048,0.2448,1.5765,0.000,18.999,-159.110,0,0,128,107,120,136
1778107382.940452,55,0.991667,0.779287,0.772793,0.9630,-0.0707,1.4235,0.000,10.866,-178.214,0,0,338,237,97,114
1778107382.940452,57,0.580425,0.726026,0.421404,0.9539,-0.5022,1.5444,-0.000,14.164,-150.561,0,0,589,168,102,129
1778107383.007186,3,0.988544,0.690366,0.682458,0.8043,0.2462,1.5779,0.000,19.726,-159.917,0,0,127,106,118,137
1778107383.007186,55,0.993053,0.778814,0.773404,0.9625,-0.0707,1.4251,0.000,12.207,-177.662,0,0,338,236,97,113
1778107383.007186,57,0.589983,0.726621,0.428694,0.9544,-0.5005,1.5428,-0.000,13.523,-151.388,0,0,588,169,104,126
1778107383.007186,3,0.989719,0.690366,0.683268,0.8043,0.2462,1.5779,0.000,19.726,-159.917,0,0,127,106,118,137
1778107383.007186,55,0.993758,0.778814,0.773953,0.9625,-0.0707,1.4251,0.000,12.207,-177.662,0,0,339,237,96,114
1778107383.007186,57,0.578320,0.726621,0.420220,0.9544,-0.5005,1.5428,-0.000,13.523,-151.388,0,0,588,169,103,128
1778107383.174049,3,0.988933,0.690366,0.682726,0.8043,0.2462,1.5779,0.000,19.882,-159.250,0,0,126,106,118,137
1778107383.174049,55,0.991081,0.779255,0.772305,0.9630,-0.0724,1.4235,0.000,11.127,-177.516,0,0,338,237,97,114
1778107383.174049,57,0.610933,0.726621,0.443917,0.9544,-0.5005,1.5428,-0.000,14.212,-152.790,0,0,588,169,103,129
1778107383.240767,3,0.987175,0.690694,0.681835,0.8048,0.2477,1.5765,0.000,19.190,-158.298,0,0,126,107,122,137
1778107383.240767,55,0.991132,0.779970,0.773053,0.9659,-0.0709,1.4244,0.000,11.819,-176.684,0,0,338,237,97,111
1778107383.240767,57,0.601776,0.727041,0.437516,0.9549,-0.5005,1.5412,0.000,15.001,-151.839,0,0,588,170,103,128
1778107383.307494,3,0.986138,0.690694,0.681119,0.8048,0.2477,1.5765,0.000,18.842,-158.135,0,0,126,107,122,135
1778107383.307494,55,0.993198,0.779939,0.774633,0.9659,-0.0725,1.4244,0.000,12.334,-177.630,0,0,339,237,96,111
1778107383.307494,57,0.607954,0.726621,0.441753,0.9544,-0.5005,1.5428,0.000,15.179,-152.274,0,0,588,169,104,129
1778107383.374241,3,0.986797,0.690694,0.681574,0.8048,0.2477,1.5765,0.000,19.239,-157.203,0,0,126,107,120,136
1778107383.374241,55,0.994449,0.779466,0.775139,0.9654,-0.0725,1.4260,0.000,12.140,-179.026,0,0,339,236,96,113
1778107383.374241,57,0.604411,0.726621,0.439178,0.9544,-0.5005,1.5428,0.000,15.083,-152.027,0,0,588,169,103,124
1778107383.474349,3,0.987489,0.690614,0.681974,0.8048,0.2492,1.5765,0.000,19.657,-156.422,0,0,125,107,122,136
1778107383.474349,55,0.993956,0.779939,0.775224,0.9659,-0.0725,1.4244,-0.000,11.490,-179.433,0,0,339,237,98,114
1778107383.474349,57,0.610901,0.727736,0.444575,0.9577,-0.5003,1.5424,-0.000,14.160,-152.707,0,0,587,170,106,120
1778107383.474349,3,0.987002,0.690614,0.681637,0.8048,0.2492,1.5765,0.000,19.657,-156.422,0,0,125,107,120,136
1778107383.474349,55,0.602405,0.728333,0.438751,0.9659,-0.0725,1.4244,-0.000,11.490,-179.433,0,0,586,171,105,118
1778107383.474349,57,0.996124,0.779919,0.776896,0.9577,-0.5003,1.5424,-0.000,14.160,-152.707,0,0,339,236,98,115
1778107383.641178,3,0.986507,0.690614,0.681296,0.8048,0.2492,1.5765,-0.000,19.678,-155.295,0,0,124,107,122,137
1778107383.641178,55,0.996974,0.779919,0.777560,0.9673,-0.0726,1.4266,0.000,13.160,179.567,0,0,339,236,96,114
1778107383.641178,57,0.600350,0.728333,0.437255,0.9582,-0.4985,1.5407,0.000,13.862,-151.884,0,0,586,171,104,118
1778107383.707912,3,0.986652,0.690959,0.681736,0.8065,0.2514,1.5775,-0.000,19.688,-155.270,0,0,124,107,120,137
1778107383.707912,55,0.992735,0.779951,0.774284,0.9673,-0.0709,1.4266,0.000,11.769,-177.941,0,0,338,236,96,113
1778107383.707912,57,0.607080,0.728333,0.442156,0.9582,-0.4985,1.5407,0.000,14.083,-152.337,0,0,586,171,105,120
1778107383.774650,3,0.985773,0.690453,0.680630,0.8048,0.2522,1.5765,0.000,19.425,-154.964,0,0,123,107,120,137
1778107383.774650,55,0.992745,0.779951,0.774292,0.9673,-0.0709,1.4266,0.000,11.215,-178.760,0,0,338,236,96,111
1778107383.774650,57,0.617593,0.727637,0.449383,0.9554,-0.4988,1.5395,-0.000,13.659,-153.368,0,0,587,171,104,117
1778107383.774650,3,0.986275,0.690453,0.680977,0.8048,0.2522,1.5765,0.000,19.425,-154.964,0,0,123,107,120,137
1778107383.774650,55,0.989698,0.779951,0.771916,0.9673,-0.0709,1.4266,0.000,11.215,-178.760,0,0,337,237,95,111
1778107383.774650,57,0.616112,0.727637,0.448306,0.9554,-0.4988,1.5395,-0.000,13.659,-153.368,0,0,585,172,108,115
1778107383.941463,3,0.985233,0.690433,0.680238,0.8034,0.2515,1.5740,0.000,19.192,-154.842,0,0,123,108,120,136
1778107383.941463,55,0.604789,0.729626,0.441270,0.9614,-0.4965,1.5403,0.000,13.143,-152.262,0,0,584,172,108,118
1778107383.941463,57,0.994505,0.780424,0.776136,0.9678,-0.0709,1.4250,0.000,11.862,-179.268,0,0,338,237,96,111
1778107384.008195,3,0.985049,0.690352,0.680031,0.8034,0.2530,1.5740,0.000,19.208,-154.511,0,0,122,108,122,136
1778107384.008195,55,0.994738,0.780455,0.776349,0.9678,-0.0693,1.4250,0.000,11.955,-179.263,0,0,337,237,97,111
1778107384.008195,57,0.615976,0.730144,0.449751,0.9642,-0.4979,1.5415,0.000,13.497,-153.021,0,0,584,172,106,118
1778107384.008195,3,0.985400,0.690352,0.680273,0.8034,0.2530,1.5740,0.000,19.394,-154.385,0,0,122,108,122,136
1778107384.008195,57,0.604227,0.730144,0.441172,0.9642,-0.4979,1.5415,0.000,13.096,-152.233,0,0,584,173,106,118
1778107384.008195,55,0.994515,0.780455,0.776174,0.9678,-0.0693,1.4250,0.000,11.723,-179.429,0,0,337,237,97,111
1778107384.175030,3,0.986912,0.690433,0.681396,0.8034,0.2515,1.5740,-0.000,19.601,-155.392,0,0,123,108,120,136
1778107384.175030,57,0.993287,0.780898,0.775655,0.9683,-0.0709,1.4234,-0.000,10.816,-179.745,0,0,338,238,96,110
1778107384.175030,55,0.604034,0.729802,0.440826,0.9614,-0.4948,1.5403,-0.000,12.374,-152.359,0,0,583,172,107,118
1778107384.241749,3,0.986476,0.690433,0.681096,0.8034,0.2515,1.5740,-0.000,19.530,-155.148,0,0,123,108,120,136
1778107384.241749,55,0.993986,0.779970,0.775279,0.9659,-0.0709,1.4244,-0.000,11.003,179.441,0,0,338,237,97,111
1778107384.241749,57,0.612252,0.729556,0.446672,0.9609,-0.4931,1.5419,-0.000,13.005,-152.722,0,0,582,171,107,117
1778107384.241749,3,0.987248,0.690433,0.681629,0.8034,0.2515,1.5740,0.000,19.732,-155.388,0,0,123,108,120,136
1778107384.241749,55,0.995070,0.779970,0.776125,0.9659,-0.0709,1.4244,0.000,12.082,-179.527,0,0,337,237,97,111
1778107384.241749,57,0.616387,0.729556,0.449689,0.9609,-0.4931,1.5419,-0.000,14.012,-152.735,0,0,583,172,107,115
1778107384.408567,3,0.986801,0.690433,0.681320,0.8034,0.2515,1.5740,0.000,20.218,-153.967,0,0,123,108,120,137
1778107384.408567,55,0.596824,0.730321,0.435873,0.9642,-0.4962,1.5415,0.000,13.418,-151.478,0,0,583,172,105,117
1778107384.408567,57,0.994586,0.780455,0.776230,0.9678,-0.0693,1.4250,0.000,11.579,-179.824,0,0,337,237,97,111
1778107384.475300,3,0.986921,0.690433,0.681403,0.8034,0.2515,1.5740,-0.000,20.166,-154.154,0,0,123,108,120,137
1778107384.475300,57,0.596796,0.730321,0.435853,0.9642,-0.4962,1.5415,-0.000,12.972,-151.614,0,0,583,172,106,118
1778107384.475300,55,0.995048,0.780001,0.776138,0.9659,-0.0692,1.4244,-0.000,12.180,-179.230,0,0,337,237,98,111
1778107384.542038,3,0.985252,0.691366,0.681169,0.8070,0.2514,1.5761,0.000,19.823,-153.690,0,0,124,108,120,137
1778107384.542038,57,0.996754,0.780001,0.777469,0.9659,-0.0692,1.4244,0.000,13.003,-179.990,0,0,337,237,97,111
1778107384.542038,55,0.602600,0.729626,0.439672,0.9614,-0.4965,1.5403,-0.000,14.384,-151.719,0,0,584,172,105,118
1778107384.542038,3,0.985986,0.691366,0.681677,0.8070,0.2514,1.5761,0.000,19.875,-154.122,0,0,124,109,122,136
1778107384.542038,55,0.992622,0.780001,0.774246,0.9659,-0.0692,1.4244,-0.000,10.772,-179.178,0,0,337,238,96,110
1778107384.542038,57,0.584144,0.729626,0.426207,0.9614,-0.4965,1.5403,0.000,13.395,-150.606,0,0,584,172,104,117
1778107384.642152,3,0.985960,0.691347,0.681640,0.8056,0.2507,1.5736,0.000,20.025,-153.686,0,0,125,109,120,135
1778107384.642152,55,0.994949,0.780474,0.776532,0.9664,-0.0692,1.4228,-0.000,11.269,178.836,0,0,337,238,96,110
1778107384.642152,57,0.609551,0.729626,0.444744,0.9614,-0.4965,1.5403,0.000,12.670,-152.778,0,0,585,171,106,117
1778107384.775629,3,0.984496,0.691427,0.680707,0.8056,0.2492,1.5736,0.000,19.696,-153.388,0,0,125,109,120,135
1778107384.775629,55,0.994929,0.780929,0.776969,0.9683,-0.0693,1.4234,-0.000,11.170,177.029,0,0,337,237,94,111
1778107384.775629,57,0.605935,0.728607,0.441488,0.9604,-0.4982,1.5436,0.000,12.696,-152.602,0,0,585,170,105,117
1778107384.842373,3,0.984976,0.691427,0.681039,0.8056,0.2492,1.5736,0.000,19.836,-153.466,0,0,125,109,120,135
1778107384.842373,55,0.995812,0.780959,0.777688,0.9683,-0.0676,1.4234,0.000,11.707,178.404,0,0,336,238,95,110
1778107384.842373,57,0.602992,0.728157,0.439073,0.9582,-0.5003,1.5407,-0.000,12.929,-152.461,0,0,587,171,104,118
1778107384.909104,3,0.984709,0.690999,0.680433,0.8039,0.2485,1.5726,0.000,19.793,-153.363,0,0,125,109,120,135
1778107384.909104,55,0.994230,0.780485,0.775982,0.9678,-0.0676,1.4250,-0.000,11.335,-179.801,0,0,336,237,96,111
1778107384.909104,57,0.600211,0.727913,0.436901,0.9577,-0.4985,1.5424,0.000,13.487,-151.999,0,0,586,170,106,117
1778107384.909104,3,0.986435,0.690999,0.681626,0.8039,0.2485,1.5726,0.000,20.331,-153.625,0,0,125,110,120,136
1778107384.909104,55,0.994486,0.780485,0.776182,0.9678,-0.0676,1.4250,0.000,11.232,176.014,0,0,337,238,95,113
1778107384.909104,57,0.603578,0.727913,0.439352,0.9577,-0.4985,1.5424,0.000,13.198,-152.348,0,0,586,170,105,120
1778107385.009205,3,0.986353,0.691406,0.681970,0.8043,0.2485,1.5712,0.000,20.184,-153.675,0,0,125,110,120,133
1778107385.009205,55,0.993896,0.780929,0.776162,0.9683,-0.0693,1.4234,0.000,10.583,177.403,0,0,337,238,96,111
1778107385.009205,57,0.596444,0.727913,0.434159,0.9577,-0.4985,1.5424,0.000,13.937,-151.571,0,0,587,170,104,122
1778107385.142658,3,0.985109,0.691834,0.681532,0.8061,0.2492,1.5722,-0.000,19.908,-153.304,0,0,125,110,120,136
1778107385.142658,55,0.995199,0.781668,0.777915,0.9711,-0.0660,1.4242,0.000,12.008,-179.329,0,0,335,238,97,111
1778107385.142658,57,0.608227,0.726797,0.442058,0.9544,-0.4988,1.5428,0.000,13.818,-152.613,0,0,587,169,104,120
1778107385.209396,3,0.984798,0.690999,0.680495,0.8039,0.2485,1.5726,0.000,19.808,-153.396,0,0,125,109,120,135
1778107385.209396,55,0.996126,0.782113,0.779083,0.9716,-0.0677,1.4226,0.000,11.801,177.153,0,0,336,239,94,110
1778107385.209396,57,0.577873,0.727316,0.420296,0.9571,-0.5003,1.5440,-0.000,14.365,-150.125,0,0,587,169,104,125
1778107385.276140,3,0.985617,0.691427,0.681482,0.8056,0.2492,1.5736,0.000,20.006,-153.609,0,0,125,109,122,135
1778107385.276140,55,0.994183,0.782820,0.778266,0.9745,-0.0661,1.4235,0.000,10.650,177.354,0,0,335,239,95,110
1778107385.276140,57,0.592281,0.727736,0.431025,0.9577,-0.5003,1.5424,-0.000,14.503,-151.170,0,0,587,170,104,122
1778107385.276140,3,0.985209,0.691427,0.681200,0.8056,0.2492,1.5736,0.000,19.903,-153.508,0,0,125,109,122,135
1778107385.276140,55,0.994977,0.782820,0.778888,0.9745,-0.0661,1.4235,0.000,11.153,178.856,0,0,335,238,96,110
1778107385.276140,57,0.586197,0.727736,0.426597,0.9577,-0.5003,1.5424,0.000,14.816,-150.614,0,0,586,169,105,125
1778107385.376224,3,0.985512,0.691427,0.681409,0.8056,0.2492,1.5736,0.000,19.844,-153.813,0,0,125,109,122,135
1778107385.376224,55,0.993188,0.781668,0.776343,0.9711,-0.0660,1.4242,0.000,10.300,176.806,0,0,335,238,95,113
1778107385.376224,57,0.591083,0.728009,0.430314,0.9599,-0.5000,1.5452,0.000,14.638,-150.960,0,0,587,170,104,122
1778107385.509674,3,0.985226,0.691427,0.681212,0.8056,0.2492,1.5736,0.000,20.097,-153.208,0,0,125,109,118,135
1778107385.509674,55,0.994425,0.781668,0.777310,0.9711,-0.0660,1.4242,-0.000,10.979,176.627,0,0,335,238,95,111
1778107385.509674,57,0.570879,0.727316,0.415209,0.9571,-0.5003,1.5440,-0.000,14.134,-149.669,0,0,587,169,104,124
1778107385.509674,3,0.983794,0.690999,0.679801,0.8039,0.2485,1.5726,0.000,19.880,-152.671,0,0,126,109,120,135
1778107385.509674,55,0.992704,0.781668,0.775965,0.9711,-0.0660,1.4242,-0.000,10.237,175.958,0,0,336,238,94,111
1778107385.509674,57,0.579447,0.727316,0.421441,0.9571,-0.5003,1.5440,0.000,15.284,-149.972,0,0,586,169,105,124
1778107385.509674,3,0.983552,0.690999,0.679634,0.8039,0.2485,1.5726,0.000,19.880,-152.671,0,0,125,109,120,135
1778107385.509674,55,0.993214,0.781638,0.776334,0.9711,-0.0660,1.4242,-0.000,10.237,175.958,0,0,336,238,94,109
1778107385.509674,57,0.582789,0.727316,0.423872,0.9571,-0.5003,1.5440,0.000,15.284,-149.972,0,0,587,169,105,124
1778107385.643127,3,0.984273,0.690999,0.680132,0.8039,0.2485,1.5726,0.000,19.745,-153.166,0,0,125,110,120,136
1778107385.643127,55,0.994226,0.781638,0.777125,0.9711,-0.0677,1.4242,-0.000,10.775,177.220,0,0,335,237,95,109
1778107385.643127,57,0.604018,0.727316,0.439312,0.9571,-0.5003,1.5440,-0.000,15.108,-151.903,0,0,587,170,106,122
1778107385.809974,3,0.982739,0.690546,0.678627,0.8007,0.2472,1.5692,-0.000,19.426,-152.622,0,0,124,109,122,136
1778107385.809974,55,0.995372,0.782820,0.779197,0.9745,-0.0661,1.4235,-0.000,11.594,179.682,0,0,335,239,94,109
1778107385.809974,57,0.616686,0.727041,0.448356,0.9549,-0.5005,1.5412,-0.000,15.171,-152.948,0,0,588,170,104,120
1778107385.809974,3,0.983447,0.690491,0.679061,0.8007,0.2472,1.5692,-0.000,19.426,-152.622,0,0,124,109,122,136
1778107385.809974,55,0.997235,0.782345,0.780182,0.9745,-0.0661,1.4235,-0.000,11.594,179.682,0,0,335,238,94,109
1778107385.809974,57,0.611629,0.727041,0.444679,0.9549,-0.5005,1.5412,-0.000,15.171,-152.948,0,0,588,170,103,122
1778107385.876707,3,0.985485,0.690491,0.680469,0.8021,0.2494,1.5716,0.000,20.130,-153.198,0,0,124,109,120,136
1778107385.876707,55,0.995635,0.782345,0.778930,0.9740,-0.0661,1.4251,-0.000,13.035,-178.330,0,0,334,238,95,110
1778107385.876707,57,0.619421,0.727041,0.450344,0.9549,-0.5005,1.5412,0.000,14.272,-153.424,0,0,588,170,103,120
1778107385.976789,3,0.984648,0.690061,0.679467,0.8003,0.2487,1.5706,0.000,20.531,-152.141,0,0,123,108,122,137
1778107385.976789,55,0.996487,0.782374,0.779625,0.9740,-0.0644,1.4251,0.000,12.712,-179.640,0,0,335,237,97,111
1778107385.976789,57,0.602083,0.727041,0.437739,0.9549,-0.5005,1.5412,-0.000,13.547,-152.297,0,0,588,171,104,118
1778107386.110248,3,0.985202,0.689119,0.678921,0.7967,0.2488,1.5686,0.000,20.568,-152.283,0,0,123,109,120,136
1778107386.110248,55,0.996085,0.781638,0.778578,0.9711,-0.0677,1.4242,0.000,11.998,179.035,0,0,336,238,96,110
1778107386.110248,57,0.608981,0.726864,0.442646,0.9549,-0.5022,1.5412,0.000,14.321,-152.682,0,0,589,170,102,118
1778107386.110248,3,0.984735,0.689551,0.679025,0.7967,0.2488,1.5686,0.000,20.568,-152.283,0,0,123,109,120,136
1778107386.110248,55,0.995320,0.781194,0.777538,0.9711,-0.0677,1.4242,0.000,11.998,179.035,0,0,335,237,97,111
1778107386.110248,57,0.593981,0.726864,0.431743,0.9549,-0.5022,1.5412,0.000,14.321,-152.682,0,0,589,170,102,118
1778107386.243722,3,0.985750,0.689147,0.679326,0.7981,0.2495,1.5710,0.000,20.445,-152.887,0,0,123,108,120,137
1778107386.243722,55,0.996317,0.781164,0.778287,0.9706,-0.0677,1.4258,0.000,12.138,178.409,0,0,336,237,97,113
1778107386.243722,57,0.600643,0.727460,0.436944,0.9554,-0.5005,1.5395,0.000,13.776,-152.105,0,0,588,171,103,120
1778107386.243722,3,0.983231,0.689147,0.677590,0.7981,0.2495,1.5710,0.000,20.158,-151.844,0,0,123,109,120,136
1778107386.243722,55,0.995265,0.781164,0.777466,0.9706,-0.0677,1.4258,-0.000,11.444,178.050,0,0,337,238,96,111
1778107386.243722,57,0.586825,0.727460,0.426892,0.9554,-0.5005,1.5395,-0.000,13.780,-151.048,0,0,589,171,101,118
1778107386.410568,3,0.981120,0.689067,0.676057,0.7981,0.2510,1.5710,0.000,19.333,-151.741,0,0,122,108,122,137
1778107386.410568,55,0.993589,0.781608,0.776597,0.9711,-0.0694,1.4242,0.000,10.446,177.051,0,0,337,238,95,110
1778107386.410568,57,0.595174,0.727460,0.432965,0.9554,-0.5005,1.5395,0.000,14.348,-151.515,0,0,588,171,103,118
1778107386.510633,3,0.982609,0.689092,0.677108,0.7994,0.2516,1.5734,0.000,19.720,-152.104,0,0,122,107,122,139
1778107386.510633,55,0.995022,0.780455,0.776570,0.9678,-0.0693,1.4250,-0.000,11.544,175.911,0,0,337,237,95,111
1778107386.510633,57,0.596093,0.727283,0.433529,0.9554,-0.5022,1.5395,0.000,14.923,-151.504,0,0,589,171,102,118
1778107386.510633,3,0.981763,0.689092,0.676525,0.7994,0.2516,1.5734,0.000,19.684,-151.696,0,0,121,107,122,139
1778107386.510633,55,0.995196,0.780455,0.776706,0.9678,-0.0693,1.4250,0.000,11.822,179.859,0,0,336,237,95,110
1778107386.510633,57,0.602768,0.727283,0.438384,0.9554,-0.5022,1.5395,-0.000,13.932,-152.308,0,0,590,171,100,118
1778107386.510633,3,0.983011,0.689439,0.677727,0.7994,0.2516,1.5734,0.000,19.684,-151.696,0,0,121,107,122,139
1778107386.510633,55,0.993127,0.780485,0.775121,0.9678,-0.0693,1.4250,0.000,11.822,179.859,0,0,337,238,94,110
1778107386.510633,57,0.607592,0.726586,0.441468,0.9554,-0.5022,1.5395,-0.000,13.932,-152.308,0,0,588,171,103,118
1778107386.744193,3,0.983375,0.689012,0.677557,0.7994,0.2531,1.5734,0.000,20.182,-151.757,0,0,121,107,122,139
1778107386.744193,55,0.993909,0.780959,0.776202,0.9683,-0.0676,1.4234,0.000,10.691,178.920,0,0,336,238,95,110
1778107386.744193,57,0.594730,0.726864,0.432288,0.9549,-0.5022,1.5412,-0.000,14.953,-151.398,0,0,589,170,101,117
1778107386.744193,3,0.983455,0.689012,0.677612,0.7994,0.2531,1.5734,0.000,20.182,-151.757,0,0,121,107,122,139
1778107386.744193,55,0.996221,0.780959,0.778008,0.9683,-0.0676,1.4234,0.000,10.691,178.920,0,0,337,237,94,109
1778107386.744193,57,0.618288,0.726864,0.449411,0.9549,-0.5022,1.5412,-0.000,14.953,-151.398,0,0,588,170,104,117
1778107386.744193,3,0.982909,0.689439,0.677656,0.7994,0.2531,1.5734,-0.000,20.242,-151.719,0,0,121,107,122,139
1778107386.744193,55,0.996023,0.780455,0.777351,0.9683,-0.0676,1.4234,-0.000,11.941,178.064,0,0,337,237,96,109
1778107386.744193,57,0.602165,0.726621,0.437546,0.9549,-0.5022,1.5412,-0.000,13.337,-153.705,0,0,588,169,104,117
1778107386.977734,3,0.982811,0.689439,0.677589,0.8012,0.2538,1.5744,-0.000,19.360,-152.662,0,0,121,107,122,139
1778107386.977734,55,0.995392,0.780929,0.777330,0.9683,-0.0693,1.4234,0.000,11.950,-179.906,0,0,337,238,97,110
1778107386.977734,57,0.604175,0.727316,0.439426,0.9571,-0.5003,1.5440,-0.000,13.363,-152.441,0,0,587,169,105,117
1778107387.077861,3,0.984381,0.689439,0.678671,0.8012,0.2538,1.5744,0.000,20.020,-152.565,0,0,121,107,122,139
1778107387.077861,55,0.995587,0.780929,0.777482,0.9683,-0.0693,1.4234,0.000,11.692,179.001,0,0,338,237,98,111
1778107387.077861,57,0.595655,0.727316,0.433229,0.9571,-0.5003,1.5440,0.000,13.148,-151.852,0,0,587,170,105,118
1778107387.077861,3,0.983756,0.689784,0.678580,0.8012,0.2538,1.5744,0.000,20.020,-152.565,0,0,120,107,123,139
1778107387.077861,55,0.995364,0.780424,0.776806,0.9683,-0.0693,1.4234,0.000,11.692,179.001,0,0,338,237,97,111
1778107387.077861,57,0.608508,0.726797,0.442262,0.9571,-0.5003,1.5440,0.000,13.148,-151.852,0,0,587,169,105,117
1778107387.144600,3,0.984088,0.689784,0.678808,0.8030,0.2559,1.5754,0.000,20.229,-151.968,0,0,121,107,122,139
1778107387.144600,55,0.993110,0.780424,0.775047,0.9678,-0.0709,1.4250,0.000,10.333,178.387,0,0,338,237,97,113
1778107387.144600,57,0.610735,0.726797,0.443881,0.9544,-0.4988,1.5428,0.000,12.564,-153.202,0,0,587,169,105,117
1778107387.311433,3,0.983701,0.689439,0.678202,0.8012,0.2538,1.5744,0.000,19.951,-152.265,0,0,121,107,122,139
1778107387.311433,55,0.991933,0.779970,0.773678,0.9659,-0.0709,1.4244,-0.000,9.898,175.925,0,0,339,236,95,113
1778107387.311433,57,0.589176,0.726939,0.428295,0.9526,-0.4991,1.5383,0.000,12.659,-151.574,0,0,588,171,103,117
1778107387.378171,3,0.982743,0.689012,0.677122,0.7994,0.2531,1.5734,0.000,20.038,-151.612,0,0,121,107,122,140
1778107387.378171,55,0.991950,0.779497,0.773222,0.9654,-0.0709,1.4260,0.000,10.085,179.469,0,0,338,236,97,113
1778107387.378171,57,0.607384,0.726797,0.441445,0.9544,-0.4988,1.5428,0.000,13.112,-152.768,0,0,587,169,105,117
1778107387.378171,3,0.982533,0.689012,0.676977,0.7994,0.2531,1.5734,0.000,20.038,-151.612,0,0,121,107,122,139
1778107387.378171,55,0.997349,0.779939,0.777871,0.9654,-0.0709,1.4260,0.000,10.085,179.469,0,0,339,237,97,115
1778107387.378171,57,0.615321,0.726696,0.447151,0.9544,-0.4988,1.5428,0.000,13.112,-152.768,0,0,587,170,105,117
1778107387.444910,3,0.980412,0.689012,0.675515,0.7994,0.2531,1.5734,0.000,19.452,-151.202,0,0,121,107,122,139
1778107387.444910,55,0.997279,0.779939,0.777816,0.9659,-0.0725,1.4244,0.000,13.130,179.167,0,0,340,237,98,114
1778107387.444910,57,0.609664,0.726696,0.443040,0.9521,-0.4974,1.5400,0.000,13.770,-152.729,0,0,588,169,104,117
1778107387.545007,3,0.980701,0.689012,0.675714,0.7994,0.2531,1.5734,-0.000,19.345,-151.497,0,0,121,107,122,139
1778107387.545007,55,0.994946,0.779906,0.775965,0.9659,-0.0742,1.4244,-0.000,12.074,-179.602,0,0,340,237,96,114
1778107387.545007,57,0.581421,0.726101,0.422170,0.9516,-0.4991,1.5416,-0.000,12.570,-151.039,0,0,589,169,102,117
1778107387.611723,3,0.983039,0.688153,0.676481,0.7959,0.2517,1.5714,0.000,19.886,-151.983,0,1,121,107,122,139
1778107387.611723,55,0.994345,0.779223,0.774816,0.9630,-0.0741,1.4235,0.000,11.009,178.439,0,1,341,236,96,115
1778107387.611723,57,0.595592,0.725925,0.432356,0.9516,-0.5008,1.5416,0.000,12.841,-152.117,1,1,589,169,102,117
1778107391.749155,3,0.580654,0.763198,0.443154,1.0982,-0.4658,1.6006,-0.000,19.466,-144.010,0,0,68,94,132,141
1778107391.749155,3,0.578711,0.763198,0.441672,1.0982,-0.4658,1.6006,0.000,19.841,-143.766,0,0,70,94,130,143
1778107391.749155,0,0.978846,0.691593,0.676963,1.0982,-0.4658,1.6006,0.000,19.841,-143.766,0,0,80,99,128,137
1778107391.749155,1,0.873092,0.763224,0.666364,nan,nan,nan,nan,nan,nan,0,0,293,235,95,111
1778107391.916005,0,0.977991,0.688199,0.673053,0.8225,0.3257,1.6004,-0.000,20.004,-145.432,0,0,82,99,128,139
1778107392.049445,3,0.973778,0.688398,0.670347,0.8154,0.3040,1.5928,0.000,18.689,-146.397,0,0,92,101,126,136
1778107392.049445,63,0.993744,0.790005,0.785063,1.0098,-0.0149,1.4415,0.000,10.883,-178.027,0,0,305,235,97,113
1778107392.049445,57,0.597768,0.739747,0.442197,0.9971,-0.4656,1.5636,-0.000,13.299,-149.244,0,0,556,168,106,117
1778107392.116169,3,0.972225,0.686757,0.667682,0.8075,0.2975,1.5881,-0.000,19.202,-145.460,0,0,94,101,126,140
1778107392.116169,64,0.994387,0.789831,0.785398,1.0074,-0.0184,1.4389,0.000,11.874,-176.058,0,0,307,236,96,114
1778107392.116169,57,0.568570,0.737453,0.419294,0.9883,-0.4653,1.5617,0.000,12.344,-147.533,0,0,558,167,110,117
1778107392.182882,3,0.973417,0.686934,0.668673,0.8061,0.2937,1.5856,-0.000,19.280,-145.968,0,0,96,102,126,137
1778107392.182882,65,0.993257,0.779407,0.774152,0.9625,-0.0224,1.4251,-0.000,12.392,-174.579,0,0,309,236,96,114
1778107392.182882,57,0.602552,0.736095,0.443536,0.9828,-0.4663,1.5592,0.000,12.128,-150.377,0,0,560,167,110,118
1778107392.249621,3,0.973190,0.687632,0.669197,0.8034,0.2803,1.5807,0.000,19.196,-146.723,0,0,104,104,123,137
1778107392.249621,66,0.993328,0.779289,0.774089,0.9625,-0.0374,1.4251,0.000,10.909,-178.016,0,0,318,236,96,107
1778107392.249621,57,0.575953,0.728499,0.419581,0.9506,-0.4666,1.5449,-0.000,12.236,-149.106,0,0,569,167,107,118
1778107392.249621,3,0.976060,0.687632,0.671170,0.8034,0.2803,1.5807,-0.000,19.432,-147.579,0,0,109,105,124,135
1778107392.249621,67,0.996663,0.779289,0.776688,0.9625,-0.0374,1.4251,0.000,12.528,178.723,0,0,323,238,97,107
1778107392.249621,57,0.585929,0.728499,0.426848,0.9506,-0.4666,1.5449,-0.000,12.792,-149.677,0,0,575,165,112,117
1778107392.349728,3,0.976553,0.689311,0.673148,0.8074,0.2744,1.5814,0.000,19.875,-147.793,0,0,111,105,124,135
1778107392.349728,68,0.995630,0.781964,0.778547,0.9711,-0.0458,1.4242,0.000,12.097,-178.489,0,0,324,237,95,107
1778107392.349728,57,0.604733,0.724701,0.438251,0.9395,-0.4718,1.5436,0.000,12.574,-151.749,0,0,578,165,112,118
1778107392.483193,3,0.973308,0.691770,0.673306,0.8128,0.2657,1.5811,0.000,19.054,-148.048,0,0,116,107,123,137
1778107392.483193,69,0.589914,0.720577,0.425079,0.9293,-0.4823,1.5426,-0.000,13.846,-150.999,0,0,584,163,108,117
1778107392.483193,57,0.996141,0.780151,0.777141,0.9673,-0.0592,1.4266,-0.000,12.711,-179.216,0,0,331,236,96,109
1778107392.549929,3,0.975326,0.690940,0.673892,0.8052,0.2507,1.5751,0.000,19.732,-148.939,0,0,124,108,122,137
1778107392.549929,57,0.994673,0.778129,0.773983,0.9596,-0.0706,1.4242,0.000,11.833,-179.708,0,0,338,236,96,111
1778107392.549929,69,0.617090,0.718786,0.443556,0.9261,-0.4893,1.5430,0.000,15.073,-153.167,0,0,589,162,102,120
1778107392.549929,3,0.972994,0.690940,0.672280,0.8052,0.2507,1.5751,-0.000,19.454,-148.355,0,0,124,109,122,136
1778107392.549929,69,0.997716,0.778129,0.776351,0.9596,-0.0706,1.4242,0.000,13.356,178.514,0,0,339,236,95,111
1778107392.549929,57,0.621574,0.718786,0.446779,0.9261,-0.4893,1.5430,0.000,15.176,-153.489,0,0,587,162,105,120
1778107392.650023,3,0.973600,0.691347,0.673095,0.8056,0.2507,1.5736,0.000,19.260,-148.698,0,0,124,109,122,136
1778107392.650023,69,0.670274,0.718585,0.481649,0.9233,-0.4845,1.5417,-0.000,14.909,-157.343,0,0,587,162,106,121
1778107392.650023,57,0.994160,0.778097,0.773553,0.9596,-0.0723,1.4242,-0.000,13.685,-177.218,0,0,338,236,97,113
1778107392.650023,3,0.975637,0.691347,0.674504,0.8056,0.2507,1.5736,0.000,19.260,-148.698,0,0,124,109,122,136
1778107392.650023,57,0.672247,0.718225,0.482825,0.9233,-0.4845,1.5417,-0.000,14.909,-157.343,0,0,587,162,106,126
1778107392.650023,69,0.996619,0.778569,0.775937,0.9596,-0.0723,1.4242,-0.000,13.685,-177.218,0,0,339,237,96,111
1778107392.783494,3,0.970869,0.691347,0.671207,0.8056,0.2507,1.5736,0.000,18.823,-148.161,0,0,123,109,122,136
1778107392.783494,57,0.723526,0.718225,0.519654,0.9215,-0.4835,1.5409,0.000,12.091,-162.872,0,0,585,161,109,124
1778107392.783494,69,0.995566,0.778569,0.775117,0.9601,-0.0723,1.4226,0.000,15.032,-177.347,0,0,338,236,95,111
1778107392.783494,3,0.973912,0.691266,0.673232,0.8056,0.2507,1.5736,0.000,18.823,-148.161,0,0,124,109,120,136
1778107392.783494,69,0.996161,0.778129,0.775142,0.9215,-0.4835,1.5409,0.000,12.091,-162.872,0,0,338,236,97,114
1778107392.783494,57,0.731727,0.717600,0.525087,0.9601,-0.0723,1.4226,0.000,15.032,-177.347,0,0,585,160,110,124
1778107393.017061,3,0.975088,0.691773,0.674540,0.8074,0.2514,1.5747,0.000,19.159,-149.373,0,0,123,108,122,137
1778107393.017061,69,0.997268,0.777626,0.775501,0.9591,-0.0723,1.4258,0.000,13.351,179.236,0,0,339,235,97,113
1778107393.017061,57,0.754677,0.717187,0.541244,0.9178,-0.4788,1.5428,-0.000,13.275,-165.203,0,0,585,160,109,122
1778107393.083780,3,0.972793,0.690797,0.672002,0.8065,0.2543,1.5775,-0.000,18.889,-148.718,0,0,122,107,122,139
1778107393.083780,69,0.996165,0.778097,0.775114,0.9596,-0.0723,1.4242,0.000,12.485,179.443,0,0,339,236,96,113
1778107393.083780,57,0.838178,0.717101,0.601059,0.9173,-0.4755,1.5444,-0.000,12.266,-174.141,0,0,583,159,113,124
1778107393.150500,3,0.974500,0.691220,0.673594,0.8083,0.2550,1.5785,0.000,19.580,-148.628,0,0,122,107,120,139
1778107393.150500,69,0.995719,0.778129,0.774797,0.9596,-0.0706,1.4242,-0.000,12.469,-179.816,0,0,338,236,95,111
1778107393.150500,57,0.854824,0.716556,0.612529,0.9145,-0.4741,1.5431,-0.000,11.718,-176.372,0,0,583,159,114,122
1778107393.217221,3,0.973902,0.691560,0.673512,0.8101,0.2572,1.5795,-0.000,19.530,-148.342,0,0,121,107,122,137
1778107393.217221,69,0.993924,0.778129,0.773401,0.9596,-0.0706,1.4242,0.000,10.990,179.147,0,0,338,236,96,111
1778107393.217221,57,0.866292,0.717808,0.621831,0.9200,-0.4752,1.5456,-0.000,10.908,-178.131,0,0,582,159,114,126
1778107393.283948,3,0.970009,0.692944,0.672161,0.8163,0.2611,1.5831,0.000,18.772,-147.607,0,0,120,107,123,137
1778107393.283948,69,0.994700,0.778159,0.774035,0.9596,-0.0689,1.4242,0.000,12.526,-178.522,0,0,337,236,97,110
1778107393.283948,57,0.903248,0.717627,0.648195,0.9231,-0.4759,1.5525,0.000,10.550,176.314,0,0,581,156,116,128
1778107393.384055,3,0.970175,0.692526,0.671872,0.8145,0.2604,1.5821,0.000,18.957,-147.477,0,0,120,107,123,137
1778107393.384055,69,0.996226,0.778159,0.775223,0.9596,-0.0689,1.4242,0.000,12.843,-179.712,0,0,337,236,97,110
1778107393.384055,57,0.915466,0.718327,0.657603,0.9259,-0.4756,1.5538,0.000,10.326,174.213,0,0,580,156,115,126
1778107393.384055,3,0.967833,0.692944,0.670654,0.8145,0.2604,1.5821,0.000,18.957,-147.477,0,0,120,107,122,139
1778107393.384055,69,0.995293,0.778159,0.774497,0.9596,-0.0689,1.4242,0.000,12.843,-179.712,0,0,337,236,95,109
1778107393.384055,57,0.942506,0.718074,0.676789,0.9259,-0.4756,1.5538,0.000,10.326,174.213,0,0,579,155,116,128
1778107393.550887,3,0.966843,0.692944,0.669968,0.8163,0.2611,1.5831,0.000,18.054,-147.278,0,0,120,107,122,139
1778107393.550887,69,0.996427,0.777670,0.774892,0.9577,-0.0705,1.4236,0.000,12.822,179.863,0,0,338,236,96,110
1778107393.550887,57,0.944721,0.718177,0.678477,0.9267,-0.4732,1.5579,0.000,9.839,167.810,0,0,578,154,115,128
1778107393.617619,3,0.965992,0.692860,0.669297,0.8163,0.2626,1.5831,0.000,18.120,-146.813,0,0,119,107,123,137
1778107393.617619,69,0.995096,0.778172,0.774355,0.9582,-0.0689,1.4220,0.000,12.251,-179.168,0,0,337,237,95,110
1778107393.617619,57,0.946545,0.717820,0.679449,0.9249,-0.4723,1.5570,0.000,8.908,166.317,0,0,578,154,115,124
1778107393.684357,3,0.963926,0.692944,0.667947,0.8163,0.2611,1.5831,0.000,18.324,-146.071,0,0,120,107,122,137
1778107393.684357,69,0.996995,0.777670,0.775333,0.9577,-0.0705,1.4236,0.000,13.176,179.667,0,0,338,236,96,111
1778107393.684357,57,0.960042,0.717242,0.688582,0.9244,-0.4740,1.5586,0.000,8.469,160.751,0,0,579,153,118,122
1778107393.784452,3,0.962254,0.692526,0.666386,0.8145,0.2604,1.5821,-0.000,18.247,-145.641,0,0,120,107,122,137
1778107393.784452,69,0.993610,0.777701,0.772731,0.9577,-0.0689,1.4236,0.000,11.921,-178.357,0,0,337,236,95,111
1778107393.784452,57,0.964386,0.717404,0.691854,0.9244,-0.4723,1.5586,0.000,9.068,159.919,0,0,578,153,117,122
1778107393.784452,3,0.958899,0.692526,0.664062,0.8145,0.2604,1.5821,0.000,17.630,-145.246,0,0,120,107,123,137
1778107393.784452,69,0.997407,0.777701,0.775684,0.9577,-0.0689,1.4236,-0.000,13.643,179.954,0,0,338,236,95,111
1778107393.784452,57,0.963287,0.717404,0.691065,0.9244,-0.4723,1.5586,0.000,8.300,158.606,0,0,579,153,120,122
1778107393.917929,3,0.960223,0.692191,0.664658,0.8128,0.2582,1.5811,0.000,18.635,-144.824,0,0,121,107,123,139
1778107393.917929,57,0.961409,0.716826,0.689163,0.9239,-0.4740,1.5602,0.000,7.618,157.363,0,0,579,152,120,124
1778107393.917929,69,0.995576,0.777199,0.773760,0.9572,-0.0705,1.4252,-0.000,13.390,-178.526,0,0,338,235,96,113
1778107393.917929,3,0.961446,0.692273,0.665583,0.8128,0.2582,1.5811,0.000,18.635,-144.824,0,0,122,107,122,139
1778107393.917929,57,0.963848,0.716826,0.690911,0.9239,-0.4740,1.5602,0.000,7.618,157.363,0,0,579,152,120,124
1778107393.917929,69,0.996594,0.777168,0.774521,0.9572,-0.0705,1.4252,-0.000,13.390,-178.526,0,0,339,235,96,113
1778107393.984676,3,0.960709,0.692273,0.665073,0.8128,0.2567,1.5811,0.000,19.378,-144.464,0,0,122,107,122,139
1778107393.984676,57,0.962760,0.716826,0.690131,0.9239,-0.4740,1.5602,0.000,7.593,155.886,0,0,578,152,117,124
1778107393.984676,69,0.998030,0.777168,0.775637,0.9572,-0.0722,1.4252,0.000,14.388,179.742,0,0,339,235,98,114
1778107394.084776,3,0.961421,0.692693,0.665969,0.8145,0.2574,1.5821,-0.000,19.228,-144.777,0,0,122,108,122,137
1778107394.084776,57,0.963245,0.717876,0.691491,0.9284,-0.4746,1.5624,0.000,7.674,155.731,0,0,579,152,120,122
1778107394.084776,69,0.998984,0.777168,0.776378,0.9572,-0.0722,1.4252,0.000,14.695,178.033,0,0,339,235,97,113
1778107394.084776,3,0.959600,0.692682,0.664698,0.8145,0.2574,1.5821,-0.000,19.228,-144.777,0,0,122,108,122,137
1778107394.084776,57,0.965282,0.717344,0.692439,0.9284,-0.4746,1.5624,0.000,7.674,155.731,0,0,578,152,118,122
1778107394.084776,69,0.998853,0.776949,0.776057,0.9572,-0.0722,1.4252,0.000,14.695,178.033,0,0,339,236,96,114
1778107394.285003,3,0.959574,0.693007,0.664992,0.8136,0.2582,1.5782,0.000,19.012,-144.236,0,0,121,109,123,136
1778107394.285003,57,0.960977,0.717459,0.689462,0.9279,-0.4746,1.5640,0.000,7.161,154.742,0,0,578,151,120,121
1778107394.285003,69,0.995206,0.777199,0.773473,0.9572,-0.0705,1.4252,0.000,13.431,-178.169,0,0,338,235,100,114
1778107394.285003,3,0.959048,0.693007,0.664627,0.8136,0.2582,1.5782,-0.000,18.569,-144.448,0,0,121,109,123,136
1778107394.285003,57,0.960863,0.717459,0.689380,0.9279,-0.4746,1.5640,-0.000,7.133,154.693,0,0,578,152,120,120
1778107394.285003,69,0.995403,0.777199,0.773626,0.9572,-0.0705,1.4252,0.000,12.989,-178.827,0,0,338,235,97,114
1778107394.385048,3,0.958268,0.692375,0.663481,0.8110,0.2572,1.5767,0.000,18.298,-144.462,0,0,121,108,123,135
1778107394.385048,57,0.962388,0.718406,0.691386,0.9312,-0.4760,1.5637,-0.000,7.423,155.246,0,0,577,152,118,120
1778107394.385048,69,0.996573,0.776509,0.773848,0.9544,-0.0704,1.4243,0.000,13.531,-179.365,0,0,338,235,97,114
1778107394.518525,3,0.959422,0.692458,0.664359,0.8110,0.2557,1.5767,0.000,19.065,-144.263,0,0,122,109,122,136
1778107394.518525,57,0.962179,0.719193,0.691993,0.9352,-0.4749,1.5675,0.000,7.376,153.804,0,0,576,151,117,124
1778107394.518525,69,0.995165,0.776478,0.772724,0.9544,-0.0721,1.4243,0.000,13.041,-178.645,0,0,339,235,100,115
1778107394.585284,3,0.958620,0.692050,0.663413,0.8105,0.2557,1.5781,0.000,19.110,-144.065,0,0,122,108,122,135
1778107394.585284,57,0.961845,0.719718,0.692257,0.9380,-0.4763,1.5688,-0.000,7.318,154.122,0,0,576,151,118,125
1778107394.585284,69,0.996719,0.776478,0.773930,0.9544,-0.0721,1.4243,0.000,13.438,-179.768,0,0,339,235,98,115
1778107394.685371,3,0.959814,0.692050,0.664239,0.8105,0.2557,1.5781,0.000,19.505,-144.081,0,0,122,109,122,136
1778107394.685371,57,0.964474,0.719718,0.694149,0.9380,-0.4763,1.5688,0.000,7.899,154.451,0,0,576,151,118,125
1778107394.685371,69,0.995089,0.776478,0.772665,0.9544,-0.0721,1.4243,0.000,13.218,-178.387,0,0,339,235,98,115
1778107394.752110,3,0.959600,0.693090,0.665089,0.8136,0.2567,1.5782,0.000,19.057,-144.316,0,0,122,109,122,135
1778107394.752110,57,0.962908,0.720138,0.693427,0.9385,-0.4763,1.5672,0.000,7.628,155.874,0,0,576,152,118,124
1778107394.752110,69,0.996755,0.776008,0.773489,0.9539,-0.0721,1.4259,-0.000,13.182,179.564,0,0,339,234,97,117
1778107394.752110,3,0.959202,0.692458,0.664207,0.8136,0.2567,1.5782,0.000,19.057,-144.316,0,0,122,109,120,135
1778107394.752110,57,0.964233,0.720301,0.694538,0.9385,-0.4763,1.5672,0.000,7.628,155.874,0,0,575,152,117,125
1778107394.752110,69,0.995679,0.775754,0.772402,0.9539,-0.0721,1.4259,-0.000,13.182,179.564,0,0,340,235,96,115
1778107394.818838,3,0.959801,0.692458,0.664622,0.8110,0.2557,1.5767,0.000,18.791,-144.419,0,0,122,109,120,135
1778107394.818838,57,0.961437,0.720301,0.692524,0.9385,-0.4746,1.5672,0.000,7.910,155.823,0,0,575,153,117,125
1778107394.818838,69,0.992855,0.775754,0.770211,0.9515,-0.0736,1.4234,0.000,12.826,-179.543,0,0,339,235,96,114
1778107394.918952,3,0.960988,0.693090,0.666051,0.8136,0.2567,1.5782,0.000,19.546,-144.318,0,0,121,110,122,133
1778107394.918952,57,0.961465,0.720721,0.692948,0.9390,-0.4746,1.5655,-0.000,7.243,155.938,0,0,575,153,118,125
1778107394.918952,69,0.991870,0.776478,0.770165,0.9544,-0.0721,1.4243,0.000,12.177,-177.091,0,0,339,235,96,114
1778107394.985679,3,0.961626,0.693416,0.666807,0.8141,0.2582,1.5768,-0.000,19.110,-144.666,0,0,120,111,122,132
1778107394.985679,57,0.966679,0.721245,0.697213,0.9417,-0.4760,1.5668,0.000,8.418,156.160,0,0,576,153,120,126
1778107394.985679,69,0.994692,0.776478,0.772357,0.9544,-0.0721,1.4243,0.000,12.807,-178.499,0,0,339,235,97,114
1778107395.085760,3,0.962327,0.694162,0.668011,0.8163,0.2604,1.5764,0.000,18.945,-144.830,0,0,120,110,120,133
1778107395.085760,57,0.964237,0.721429,0.695629,0.9435,-0.4786,1.5677,-0.000,7.710,154.956,0,0,575,153,118,125
1778107395.085760,69,0.994903,0.776478,0.772520,0.9544,-0.0721,1.4243,0.000,12.787,-178.711,0,0,339,234,97,113
1778107395.219237,3,0.961913,0.693753,0.667330,0.8159,0.2604,1.5778,-0.000,18.785,-144.896,0,0,119,110,122,133
1778107395.219237,57,0.964539,0.721594,0.696005,0.9435,-0.4769,1.5677,0.000,7.743,154.452,0,0,575,153,118,125
1778107395.219237,69,0.994532,0.776697,0.772450,0.9567,-0.0722,1.4268,0.000,12.636,-178.691,0,0,340,235,98,114
1778107395.285954,3,0.958826,0.693593,0.665034,0.8172,0.2641,1.5802,0.000,18.330,-144.257,0,0,118,109,123,133
1778107395.285954,69,0.995126,0.775284,0.771506,0.9510,-0.0736,1.4250,0.000,13.009,-178.869,0,0,340,234,98,113
1778107395.285954,57,0.963610,0.723054,0.696743,0.9495,-0.4796,1.5687,-0.000,7.422,153.340,0,0,575,154,117,122
1778107395.285954,3,0.956728,0.693593,0.663579,0.8172,0.2641,1.5802,0.000,18.330,-144.257,0,0,118,109,123,133
1778107395.285954,69,0.991172,0.775284,0.768440,0.9510,-0.0736,1.4250,0.000,13.009,-178.869,0,0,339,235,97,113
1778107395.285954,57,0.963558,0.723054,0.696705,0.9495,-0.4796,1.5687,-0.000,7.422,153.340,0,0,575,154,117,124
1778107395.452740,3,0.956818,0.693175,0.663242,0.8154,0.2634,1.5792,-0.000,17.650,-144.300,0,0,118,109,122,133
1778107395.452740,69,0.992024,0.777168,0.770969,0.9572,-0.0722,1.4252,0.000,13.493,-176.129,0,0,339,236,95,111
1778107395.452740,57,0.960177,0.722114,0.693358,0.9463,-0.4782,1.5690,-0.000,6.791,153.371,0,0,575,153,117,125
1778107395.452740,3,0.957960,0.693184,0.664043,0.8154,0.2634,1.5792,-0.000,17.650,-144.300,0,0,118,108,122,133
1778107395.452740,69,0.996128,0.777103,0.774095,0.9572,-0.0722,1.4252,0.000,13.493,-176.129,0,0,341,235,96,113
1778107395.452740,57,0.958709,0.723571,0.693695,0.9463,-0.4782,1.5690,-0.000,6.791,153.371,0,0,575,154,116,124
1778107395.586215,3,0.957632,0.693600,0.664213,0.8185,0.2647,1.5827,0.000,18.162,-144.131,0,0,118,108,122,133
1778107395.586215,69,0.993989,0.776446,0.771779,0.9544,-0.0737,1.4243,0.000,12.942,-177.900,0,0,340,235,97,114
1778107395.586215,57,0.961633,0.724676,0.696873,0.9555,-0.4806,1.5696,-0.000,6.931,153.679,0,0,574,155,117,125
1778107395.586215,3,0.959003,0.693184,0.664765,0.8185,0.2647,1.5827,0.000,18.162,-144.131,0,0,118,108,122,133
1778107395.586215,69,0.991401,0.777168,0.770485,0.9544,-0.0737,1.4243,0.000,12.942,-177.900,0,0,339,235,95,115
1778107395.586215,57,0.963116,0.724676,0.697947,0.9555,-0.4806,1.5696,-0.000,6.931,153.679,0,0,574,155,117,125
1778107395.753063,3,0.961556,0.693600,0.666936,0.8185,0.2647,1.5827,0.000,18.758,-144.707,0,0,118,108,122,133
1778107395.753063,69,0.994436,0.777136,0.772812,0.9572,-0.0738,1.4252,0.000,12.468,-178.797,0,0,340,235,95,113
1778107395.753063,57,0.961974,0.725019,0.697449,0.9573,-0.4815,1.5705,-0.000,7.010,152.991,0,0,574,155,117,125
1778107395.753063,3,0.959599,0.693600,0.665578,0.8185,0.2647,1.5827,0.000,18.586,-144.308,0,0,118,108,122,133
1778107395.753063,69,0.988737,0.777136,0.768383,0.9572,-0.0738,1.4252,0.000,11.634,-175.906,0,0,339,235,96,111
1778107395.753063,57,0.960330,0.725019,0.696257,0.9573,-0.4815,1.5705,0.000,6.667,153.020,0,0,574,156,117,124
1778107395.919888,3,0.957756,0.695048,0.665686,0.8248,0.2672,1.5863,-0.000,18.246,-144.093,0,0,118,108,122,133
1778107395.919888,69,0.993751,0.777607,0.772748,0.9577,-0.0738,1.4236,0.000,12.415,-178.164,0,0,340,236,94,111
1778107395.919888,57,0.963647,0.725955,0.699564,0.9606,-0.4829,1.5701,0.000,7.275,153.008,0,0,574,156,117,124
1778107395.986603,3,0.958589,0.695048,0.666265,0.8248,0.2672,1.5863,0.000,18.027,-144.509,0,0,118,108,122,133
1778107395.986603,69,0.992040,0.777136,0.770950,0.9572,-0.0738,1.4252,0.000,12.087,-177.398,0,0,340,235,96,113
1778107395.986603,57,0.960747,0.725442,0.696967,0.9579,-0.4815,1.5688,0.000,6.703,152.280,0,0,574,156,116,124
1778107395.986603,3,0.957920,0.695048,0.665801,0.8248,0.2672,1.5863,0.000,18.075,-144.284,0,0,119,109,120,132
1778107395.986603,69,0.992060,0.777136,0.770965,0.9572,-0.0738,1.4252,0.000,12.770,-176.777,0,0,339,235,95,113
1778107395.986603,57,0.963586,0.725442,0.699026,0.9579,-0.4815,1.5688,0.000,7.433,151.096,0,0,574,157,115,124
1778107396.153425,3,0.959084,0.694926,0.666492,0.8225,0.2646,1.5833,0.000,17.995,-144.726,0,0,119,109,120,133
1778107396.153425,69,0.988484,0.777168,0.768218,0.9572,-0.0722,1.4252,0.000,12.535,-174.977,0,0,339,235,96,113
1778107396.153425,57,0.961263,0.726882,0.698725,0.9594,-0.4798,1.5638,-0.000,7.097,149.217,0,0,573,159,115,124
1778107396.153425,3,0.957662,0.694926,0.665504,0.8225,0.2646,1.5833,0.000,17.989,-144.342,0,0,119,109,120,133
1778107396.153425,69,0.994152,0.777168,0.772623,0.9572,-0.0722,1.4252,-0.000,12.691,-178.183,0,0,340,235,96,113
1778107396.153425,57,0.962925,0.726882,0.699933,0.9594,-0.4798,1.5638,0.000,7.508,149.041,0,0,573,159,115,124
1778107396.253522,3,0.956921,0.694926,0.664989,0.8225,0.2646,1.5833,0.000,17.607,-144.477,0,0,119,109,120,133
1778107396.253522,69,0.987146,0.777136,0.767147,0.9572,-0.0738,1.4252,0.000,12.665,-174.402,0,0,338,235,95,113
1778107396.253522,57,0.962545,0.727397,0.700152,0.9621,-0.4812,1.5651,0.000,7.374,149.220,0,0,573,159,115,124
1778107396.386993,3,0.957855,0.695546,0.666232,0.8252,0.2656,1.5848,-0.000,17.717,-144.634,0,0,119,109,120,133
1778107396.386993,69,0.993128,0.777199,0.771858,0.9572,-0.0705,1.4252,0.000,12.700,-177.313,0,0,339,235,95,113
1778107396.386993,57,0.959023,0.727910,0.698082,0.9649,-0.4825,1.5664,0.000,6.737,148.794,0,0,573,159,114,125
1778107396.453725,3,0.954491,0.695546,0.663892,0.8252,0.2656,1.5848,-0.000,17.521,-143.903,0,0,119,109,120,133
1778107396.453725,69,0.994624,0.776446,0.772272,0.9544,-0.0737,1.4243,0.000,12.646,-178.737,0,0,340,235,96,113
1778107396.453725,57,0.955904,0.730032,0.697841,0.9736,-0.4848,1.5685,0.000,6.230,148.188,0,0,572,160,113,121
1778107396.520464,3,0.956599,0.695958,0.665753,0.8257,0.2656,1.5833,0.000,17.410,-144.507,0,0,119,110,120,132
1778107396.520464,69,0.992927,0.777168,0.771671,0.9572,-0.0722,1.4252,-0.000,11.750,-178.357,0,0,339,235,95,113
1778107396.520464,57,0.954482,0.729525,0.696319,0.9709,-0.4835,1.5673,-0.000,5.712,148.978,0,0,572,160,114,121
1778107396.587202,3,0.950128,0.696044,0.661331,0.8257,0.2641,1.5833,0.000,16.859,-143.417,0,0,120,110,120,133
1778107396.587202,69,0.995080,0.777136,0.773313,0.9572,-0.0738,1.4252,-0.000,12.028,179.740,0,0,340,235,97,114
1778107396.587202,57,0.955944,0.730203,0.698033,0.9736,-0.4831,1.5685,-0.000,6.111,148.743,0,0,571,160,113,121
1778107396.653937,3,0.940923,0.695422,0.654339,0.8230,0.2631,1.5818,0.000,17.071,-141.082,0,0,120,110,120,133
1778107396.653937,69,0.956282,0.730122,0.698203,0.9714,-0.4817,1.5656,0.000,5.809,149.843,0,0,571,161,114,121
1778107396.653937,57,0.995234,0.777594,0.773888,0.9591,-0.0739,1.4258,0.000,12.626,-179.356,0,0,340,235,96,114
1778107396.653937,3,0.941567,0.695422,0.654787,0.8230,0.2631,1.5818,-0.000,16.825,-141.419,0,0,120,110,122,133
1778107396.653937,57,0.996075,0.777594,0.774542,0.9591,-0.0739,1.4258,0.000,12.159,177.866,0,0,341,235,96,115
1778107396.653937,69,0.956450,0.730122,0.698325,0.9714,-0.4817,1.5656,-0.000,5.864,149.751,0,0,570,162,113,120
1778107396.820787,3,0.938205,0.694256,0.651354,0.8177,0.2595,1.5788,0.000,17.093,-140.585,0,0,121,110,120,133
1778107396.820787,69,0.952011,0.733174,0.697990,0.9835,-0.4853,1.5672,-0.000,5.201,148.446,0,0,570,163,113,118
1778107396.820787,57,0.994956,0.777594,0.773672,0.9591,-0.0739,1.4258,0.000,12.455,-179.321,0,0,340,235,96,115
1778107396.820787,3,0.935201,0.694256,0.649269,0.8177,0.2595,1.5788,-0.000,18.271,-139.146,0,0,121,112,120,130
1778107396.820787,57,0.954605,0.733174,0.699891,0.9835,-0.4853,1.5672,0.000,6.124,147.279,0,0,570,162,113,121
1778107396.820787,69,0.994944,0.777594,0.773662,0.9591,-0.0739,1.4258,-0.000,12.568,-179.142,0,0,340,235,96,115
1778107396.987629,3,0.933521,0.693175,0.647093,0.8105,0.2565,1.5714,-0.000,17.997,-138.922,0,0,121,112,122,129
1778107396.987629,57,0.955200,0.732744,0.699917,0.9829,-0.4853,1.5689,-0.000,5.973,148.284,0,0,570,162,114,121
1778107396.987629,69,0.995543,0.777594,0.774129,0.9591,-0.0739,1.4258,0.000,12.892,-179.301,0,0,340,235,96,115
1778107396.987629,3,0.926404,0.693175,0.642160,0.8105,0.2565,1.5714,-0.000,18.208,-137.437,0,0,122,112,122,129
1778107396.987629,57,0.957916,0.732744,0.701908,0.9829,-0.4853,1.5689,-0.000,6.496,148.403,0,0,570,162,114,121
1778107396.987629,69,0.995162,0.777594,0.773832,0.9591,-0.0739,1.4258,0.000,12.037,179.641,0,0,340,235,95,115
1778107397.087737,3,0.917238,0.692832,0.635491,0.8087,0.2543,1.5704,-0.000,17.554,-136.295,0,0,122,113,123,132
1778107397.087737,57,0.955038,0.732744,0.699799,0.9829,-0.4853,1.5689,0.000,6.206,147.520,0,0,570,163,114,121
1778107397.087737,69,0.991015,0.778961,0.771962,0.9649,-0.0742,1.4276,0.000,9.671,178.863,0,0,340,234,95,113
1778107397.221206,3,0.917221,0.692893,0.635537,0.8074,0.2522,1.5680,-0.000,17.726,-136.267,0,0,123,113,122,132
1778107397.221206,69,0.993101,0.778961,0.773587,0.9649,-0.0742,1.4276,0.000,10.523,178.139,0,0,340,235,95,114
1778107397.221206,57,0.955216,0.733848,0.700984,0.9862,-0.4849,1.5685,0.000,6.227,147.469,0,0,569,163,113,121
1778107397.287937,3,0.910580,0.692812,0.630861,0.8074,0.2537,1.5680,0.000,17.774,-135.011,0,0,122,113,124,130
1778107397.287937,69,0.990103,0.778993,0.771283,0.9649,-0.0725,1.4276,0.000,9.946,-178.963,0,0,339,235,95,115
1778107397.287937,57,0.956030,0.734279,0.701992,0.9867,-0.4849,1.5668,0.000,6.160,147.874,0,0,569,164,114,120
1778107397.354675,3,0.912695,0.693239,0.632716,0.8092,0.2543,1.5690,0.000,16.787,-135.954,0,0,122,113,122,129
1778107397.354675,69,0.990080,0.779446,0.771714,0.9668,-0.0726,1.4282,-0.000,9.772,-179.336,0,0,339,235,95,114
1778107397.354675,57,0.953001,0.734779,0.700245,0.9895,-0.4862,1.5680,-0.000,5.726,147.372,0,0,569,164,112,120
1778107397.354675,3,0.921200,0.693239,0.638612,0.8092,0.2543,1.5690,0.000,18.283,-136.534,0,0,122,112,120,132
1778107397.354675,57,0.947604,0.734779,0.696280,0.9895,-0.4862,1.5680,0.000,5.094,146.281,0,0,568,164,113,120
1778107397.354675,69,0.992400,0.779446,0.773523,0.9668,-0.0726,1.4282,0.000,10.176,176.725,0,0,340,235,95,115
1778107397.354675,3,0.928891,0.693258,0.643961,0.8092,0.2543,1.5690,0.000,18.283,-136.534,0,0,121,113,122,130
1778107397.354675,69,0.989527,0.778961,0.770803,0.9895,-0.4862,1.5680,0.000,5.094,146.281,0,0,339,235,96,115
1778107397.354675,57,0.949948,0.734952,0.698166,0.9668,-0.0726,1.4282,0.000,10.176,176.725,0,0,568,165,113,118
1778107397.454791,3,0.929709,0.693583,0.644830,0.8105,0.2550,1.5714,-0.000,18.655,-137.740,0,0,120,110,123,133
1778107397.454791,57,0.950785,0.735384,0.699192,0.9649,-0.0742,1.4276,0.000,10.329,-177.898,0,0,568,164,114,117
1778107397.454791,69,0.992400,0.779446,0.773523,0.9895,-0.4845,1.5680,-0.000,5.561,146.396,0,0,338,235,97,115
1778107397.654968,3,0.925989,0.693685,0.642345,0.8185,0.2632,1.5827,0.000,18.754,-136.938,0,0,119,108,123,135
1778107397.654968,57,0.994700,0.778993,0.774865,0.9649,-0.0725,1.4276,-0.000,12.206,-179.341,0,0,339,235,97,115
1778107397.654968,69,0.948249,0.734120,0.696129,0.9840,-0.4800,1.5655,0.000,5.340,146.252,0,0,567,164,112,118
1778107397.721693,3,0.926799,0.692348,0.641667,0.8132,0.2627,1.5796,0.000,17.709,-137.629,0,0,118,108,123,135
1778107397.721693,69,0.995331,0.778993,0.775356,0.9649,-0.0725,1.4276,0.000,12.663,-179.303,0,0,339,235,97,115
1778107397.721693,57,0.950779,0.731818,0.695797,0.9769,-0.4774,1.5681,0.000,5.930,146.628,0,0,567,161,112,117
1778107397.788417,3,0.937117,0.694343,0.650681,0.8221,0.2676,1.5847,0.000,17.896,-139.431,0,0,117,108,123,135
1778107397.788417,69,0.995671,0.779433,0.776059,0.9654,-0.0742,1.4260,0.000,14.054,-178.139,0,0,340,236,96,114
1778107397.788417,57,0.951716,0.730960,0.695666,0.9759,-0.4774,1.5715,0.000,6.224,146.772,0,0,567,159,112,117
1778107397.788417,3,0.934010,0.694343,0.648523,0.8221,0.2676,1.5847,-0.000,18.955,-138.124,0,0,116,107,123,136
1778107397.788417,57,0.957281,0.730960,0.699734,0.9759,-0.4774,1.5715,0.000,7.134,147.373,0,0,567,156,112,114
1778107397.788417,69,0.994718,0.779433,0.775317,0.9654,-0.0742,1.4260,0.000,13.542,-177.816,0,0,339,236,95,114
1778107397.788417,3,0.938276,0.694464,0.651599,0.8221,0.2676,1.5847,-0.000,18.955,-138.124,0,0,116,107,123,136
1778107397.788417,57,0.958303,0.729674,0.699248,0.9759,-0.4774,1.5715,0.000,7.134,147.373,0,0,567,155,113,113
1778107397.788417,69,0.995553,0.779919,0.776451,0.9654,-0.0742,1.4260,0.000,13.542,-177.816,0,0,339,236,95,114
1778107398.021972,3,0.940381,0.694464,0.653060,0.8243,0.2702,1.5877,0.000,18.848,-139.401,0,0,116,107,122,135
1778107398.021972,57,0.954028,0.728832,0.695326,0.9716,-0.4796,1.5752,0.000,6.756,146.982,0,0,569,156,112,114
1778107398.021972,69,0.994888,0.779919,0.775932,0.9673,-0.0726,1.4266,0.000,12.829,-178.528,0,0,339,236,95,111
1778107398.021972,3,0.942394,0.694464,0.654458,0.8243,0.2702,1.5877,-0.000,18.812,-139.849,0,0,116,107,123,136
1778107398.021972,57,0.957314,0.728832,0.697721,0.9716,-0.4796,1.5752,0.000,7.469,146.934,0,0,569,156,112,114
1778107398.021972,69,0.995808,0.779919,0.776650,0.9673,-0.0726,1.4266,-0.000,13.026,-179.159,0,0,340,236,96,113
1778107398.122078,3,0.944676,0.694464,0.656043,0.8243,0.2702,1.5877,0.000,19.597,-139.837,0,0,116,107,122,135
1778107398.122078,57,0.955753,0.728832,0.696583,0.9716,-0.4796,1.5752,0.000,6.907,147.515,0,0,571,157,112,115
1778107398.122078,69,0.994171,0.779433,0.774890,0.9654,-0.0742,1.4260,-0.000,13.291,-177.629,0,0,339,237,96,114
1778107398.255548,3,0.946700,0.694874,0.657837,0.8261,0.2709,1.5887,0.000,19.342,-140.437,0,0,116,107,123,135
1778107398.255548,57,0.970457,0.729354,0.707807,0.9709,-0.4852,1.5673,0.000,9.749,147.567,0,0,573,160,112,117
1778107398.255548,69,0.993395,0.780597,0.775442,0.9702,-0.0727,1.4274,0.000,12.876,-177.347,0,0,339,236,96,114
1778107398.322286,3,0.944734,0.695285,0.656860,0.8265,0.2709,1.5873,0.000,19.516,-139.868,0,0,116,108,123,133
1778107398.322286,57,0.974718,0.730288,0.711825,0.9742,-0.4866,1.5668,0.000,10.275,148.872,0,0,573,161,112,118
1778107398.322286,69,0.990476,0.780629,0.773195,0.9702,-0.0711,1.4274,0.000,12.288,-175.980,0,0,338,236,97,114
1778107398.389024,3,0.946276,0.695370,0.658012,0.8279,0.2701,1.5897,0.000,18.698,-140.881,0,0,117,107,122,135
1778107398.389024,57,0.979336,0.731223,0.716113,0.9757,-0.4901,1.5618,0.000,12.304,146.806,0,0,575,164,113,122
1778107398.389024,69,0.993903,0.780629,0.775870,0.9702,-0.0711,1.4274,0.000,13.252,-177.269,0,0,338,236,95,113
1778107398.455762,3,0.943400,0.694961,0.655626,0.8261,0.2694,1.5887,0.000,18.378,-140.469,0,0,117,107,122,135
1778107398.455762,57,0.986865,0.732155,0.722539,0.9790,-0.4915,1.5613,-0.000,13.565,149.337,0,0,575,165,114,120
1778107398.455762,69,0.994003,0.781103,0.776419,0.9706,-0.0711,1.4258,0.000,13.224,-177.279,0,0,338,237,94,114
1778107398.455762,3,0.944105,0.694961,0.656116,0.8261,0.2694,1.5887,0.000,18.303,-140.676,0,0,118,108,120,135
1778107398.455762,57,0.993131,0.781103,0.775738,0.9706,-0.0711,1.4258,0.000,12.870,-176.989,0,0,338,237,94,110
1778107398.455762,69,0.987112,0.732155,0.722719,0.9790,-0.4915,1.5613,0.000,15.052,147.124,0,0,577,168,114,122
1778107398.455762,3,0.941632,0.695459,0.654867,0.8261,0.2694,1.5887,0.000,18.303,-140.676,0,0,118,108,122,135
1778107398.455762,69,0.997476,0.782254,0.780280,0.9706,-0.0711,1.4258,0.000,12.870,-176.989,0,0,338,238,95,110
1778107398.455762,57,0.975310,0.737508,0.719299,0.9790,-0.4915,1.5613,0.000,15.052,147.124,0,0,579,178,115,132
1778107398.655923,3,0.945066,0.695958,0.657726,0.8265,0.2678,1.5873,0.000,18.040,-140.390,0,0,119,109,120,133
1778107398.655923,69,0.995011,0.781103,0.777206,0.9740,-0.0712,1.4251,-0.000,13.165,179.185,0,0,338,237,96,110
1778107398.655923,57,0.979051,0.738268,0.722803,0.9886,-0.4999,1.5406,-0.000,17.711,140.253,0,0,578,177,115,122
1778107398.789388,3,0.942178,0.695958,0.655716,0.8270,0.2663,1.5858,0.000,18.087,-140.542,0,0,119,109,122,133
1778107398.789388,69,0.997299,0.781779,0.779668,0.9735,-0.0712,1.4267,-0.000,13.272,179.541,0,0,338,237,96,107
1778107398.789388,57,0.944386,0.737572,0.696552,0.9828,-0.5010,1.5287,0.000,22.157,132.690,0,0,582,183,116,130
1778107398.889491,3,0.940274,0.697279,0.655633,0.8310,0.2662,1.5864,0.000,17.950,-140.297,0,0,120,110,120,133
1778107398.889491,69,0.996225,0.781810,0.778859,0.9735,-0.0695,1.4267,-0.000,12.795,-179.622,0,0,337,237,96,110
1778107398.889491,57,0.959163,0.737056,0.706957,0.9755,-0.4951,1.5219,0.000,22.300,135.837,0,0,581,185,118,126
1778107398.956228,3,0.938069,0.697279,0.654095,0.8310,0.2662,1.5864,0.000,18.113,-139.725,0,0,120,110,120,133
1778107398.956228,69,0.994654,0.781810,0.777631,0.9735,-0.0695,1.4267,0.000,11.851,-179.354,0,0,337,237,97,110
1778107398.956228,57,0.970099,0.736630,0.714605,0.9750,-0.4951,1.5236,0.000,22.713,138.447,0,0,581,184,116,125
1778107399.022952,3,0.939249,0.696130,0.653839,0.8270,0.2633,1.5858,-0.000,18.485,-139.864,0,0,121,109,120,133
1778107399.022952,69,0.994887,0.783210,0.779205,0.9764,-0.0696,1.4241,-0.000,11.619,-179.702,0,0,337,239,97,110
1778107399.022952,57,0.981663,0.735959,0.722464,0.9740,-0.4933,1.5269,0.000,22.461,141.766,0,0,580,182,120,129
1778107399.022952,3,0.943476,0.697865,0.658419,0.8270,0.2633,1.5858,-0.000,18.485,-139.864,0,0,122,111,120,132
1778107399.022952,69,0.995713,0.781779,0.778427,0.9764,-0.0696,1.4241,-0.000,11.619,-179.702,0,0,338,237,96,110
1778107399.022952,57,0.982687,0.735891,0.723150,0.9740,-0.4933,1.5269,0.000,22.461,141.766,0,0,578,181,122,128
1778107399.089687,3,0.942254,0.697865,0.657566,0.8315,0.2631,1.5849,0.000,18.638,-140.692,0,0,122,110,120,133
1778107399.089687,69,0.994639,0.735891,0.731946,0.9735,-0.0712,1.4267,-0.000,12.521,-179.541,0,0,577,181,124,128
1778107399.089687,57,0.994771,0.781779,0.777691,0.9734,-0.4899,1.5286,-0.000,21.209,142.114,0,0,338,237,95,109
1778107399.089687,3,0.943801,0.697040,0.657867,0.8315,0.2631,1.5849,0.000,18.889,-140.270,0,0,122,112,122,132
1778107399.089687,57,0.990917,0.781779,0.774678,0.9734,-0.4899,1.5286,0.000,21.945,147.347,0,0,337,237,96,111
1778107399.089687,69,0.988917,0.735196,0.727049,0.9735,-0.0712,1.4267,0.000,11.786,-179.724,0,0,578,180,122,128
1778107399.323239,3,0.941265,0.697210,0.656260,0.8279,0.2587,1.5829,0.000,17.669,-141.098,0,0,124,111,120,133
1778107399.323239,69,0.987070,0.781810,0.771701,0.9735,-0.0695,1.4267,0.000,11.333,-174.863,0,0,337,237,96,113
1778107399.323239,57,0.983119,0.733916,0.721527,0.9691,-0.4902,1.5324,0.000,18.329,142.491,0,0,579,178,122,126
1778107399.323239,3,0.939896,0.697210,0.655305,0.8279,0.2587,1.5829,0.000,17.757,-140.742,0,0,124,111,120,133
1778107399.323239,69,0.987374,0.733916,0.724650,0.9691,-0.4902,1.5324,-0.000,17.836,144.227,0,0,579,178,120,126
1778107399.323239,57,0.992718,0.781810,0.776117,0.9735,-0.0695,1.4267,0.000,11.908,-177.537,0,0,338,237,96,113
1778107399.490085,3,0.937741,0.697209,0.653801,0.8266,0.2580,1.5804,0.000,17.895,-140.158,0,0,124,112,118,132
1778107399.490085,57,0.949017,0.732719,0.695363,0.9662,-0.4893,1.5349,0.000,15.274,134.944,0,0,579,176,118,128
1778107399.490085,69,0.988094,0.782228,0.772915,0.9754,-0.0713,1.4273,0.000,11.047,-175.724,0,0,338,237,96,111
1778107399.490085,3,0.936304,0.697209,0.652799,0.8266,0.2580,1.5804,0.000,18.650,-139.381,0,0,124,112,120,133
1778107399.490085,57,0.991310,0.782228,0.775431,0.9754,-0.0713,1.4273,-0.000,12.540,-176.162,0,0,338,236,96,113
1778107399.490085,69,0.939111,0.732719,0.688105,0.9662,-0.4893,1.5349,0.000,16.022,132.789,0,0,578,174,118,125
1778107399.590199,3,0.933658,0.697209,0.650954,0.8266,0.2580,1.5804,-0.000,18.836,-138.750,0,0,123,112,118,133
1778107399.590199,69,0.990207,0.781305,0.773653,0.9730,-0.0712,1.4283,0.000,12.843,-175.432,0,0,338,237,98,114
1778107399.590199,57,0.962515,0.732046,0.704605,0.9652,-0.4875,1.5382,0.000,17.697,137.124,0,0,576,173,122,125
1778107399.656926,3,0.936776,0.696500,0.652465,0.8239,0.2586,1.5789,0.000,18.366,-139.547,0,0,124,112,120,133
1778107399.656926,69,0.941926,0.731446,0.688968,0.9619,-0.4827,1.5387,-0.000,16.231,133.526,0,0,575,173,120,125
1778107399.656926,57,0.989746,0.782228,0.774207,0.9754,-0.0713,1.4273,0.000,12.052,-175.703,0,0,338,236,98,113
1778107399.656926,3,0.937404,0.697209,0.653566,0.8239,0.2586,1.5789,0.000,18.366,-139.547,0,0,124,112,120,133
1778107399.656926,57,0.929368,0.732568,0.680825,0.9619,-0.4827,1.5387,-0.000,16.231,133.526,0,0,575,174,120,124
1778107399.656926,69,0.995939,0.781722,0.778547,0.9754,-0.0713,1.4273,0.000,12.052,-175.703,0,0,339,236,97,113
1778107399.790403,3,0.937039,0.696584,0.652726,0.8266,0.2580,1.5804,0.000,17.821,-140.138,0,0,124,112,120,133
1778107399.790403,57,0.921502,0.734567,0.676906,0.9652,-0.4824,1.5382,0.000,14.410,132.032,0,0,572,173,123,128
1778107399.790403,69,0.992769,0.782868,0.777207,0.9749,-0.0730,1.4289,0.000,13.649,-178.597,0,0,339,237,100,114
1778107399.857130,3,0.936035,0.696584,0.652027,0.8239,0.2570,1.5789,-0.000,16.679,-140.672,0,0,124,112,120,133
1778107399.857130,57,0.934898,0.734567,0.686745,0.9749,-0.4821,1.5443,-0.000,17.718,132.188,0,0,571,172,122,125
1778107399.857130,69,0.993465,0.782868,0.777752,0.9783,-0.0731,1.4282,0.000,12.754,-177.414,0,0,339,237,98,114
1778107400.023973,3,0.942066,0.695747,0.655440,0.8203,0.2557,1.5769,0.000,17.297,-141.502,0,0,124,112,120,132
1778107400.023973,57,0.914835,0.735083,0.672480,0.9776,-0.4835,1.5455,0.000,16.252,129.316,0,0,572,173,123,129
1778107400.023973,69,0.994596,0.782868,0.778638,0.9783,-0.0731,1.4282,-0.000,12.775,-178.233,0,0,339,237,98,114
1778107400.090708,3,0.940031,0.696584,0.654811,0.8239,0.2570,1.5789,0.000,17.116,-141.194,0,0,124,112,120,132
1778107400.090708,57,0.928707,0.734400,0.682042,0.9766,-0.4817,1.5488,0.000,16.358,131.607,0,0,571,171,122,130
1778107400.090708,69,0.993415,0.782900,0.777744,0.9783,-0.0714,1.4282,0.000,12.243,-177.781,0,0,338,237,97,115
1778107400.090708,3,0.940836,0.696584,0.655371,0.8239,0.2570,1.5789,0.000,17.338,-141.204,0,0,124,112,120,133
1778107400.090708,57,0.992898,0.782900,0.777340,0.9783,-0.0714,1.4282,-0.000,12.345,-177.306,0,0,338,237,97,114
1778107400.090708,69,0.929865,0.734400,0.682893,0.9766,-0.4817,1.5488,0.000,16.258,131.836,0,0,571,169,118,128
1778107400.090708,3,0.941501,0.697209,0.656422,0.8239,0.2570,1.5789,0.000,17.338,-141.204,0,0,124,112,120,132
1778107400.090708,57,0.924462,0.734565,0.679077,0.9783,-0.0714,1.4282,-0.000,12.345,-177.306,0,0,572,169,118,128
1778107400.090708,69,0.990584,0.782900,0.775528,0.9766,-0.4817,1.5488,0.000,16.258,131.836,0,0,338,237,97,115
1778107400.290888,3,0.940105,0.697624,0.655840,0.8283,0.2587,1.5814,-0.000,17.221,-141.132,0,0,124,112,118,133
1778107400.290888,57,0.992104,0.782900,0.776718,0.9783,-0.0714,1.4282,0.000,9.917,178.822,0,0,340,237,96,111
1778107400.290888,69,0.933133,0.733882,0.684809,0.9783,-0.4848,1.5534,0.000,15.834,132.468,0,0,571,168,118,126
1778107400.424356,3,0.941220,0.698038,0.657007,0.8301,0.2594,1.5824,0.000,17.451,-141.204,0,0,124,112,122,133
1778107400.424356,69,0.995461,0.783311,0.779755,0.9788,-0.0748,1.4266,0.000,11.514,178.204,0,0,340,238,96,114
1778107400.424356,57,0.945921,0.733880,0.694192,0.9800,-0.4827,1.5580,-0.000,16.118,134.934,0,0,570,167,120,125
1778107400.491080,3,0.938793,0.698038,0.655313,0.8301,0.2594,1.5824,-0.000,16.904,-141.087,0,0,124,112,118,133
1778107400.491080,69,0.994767,0.783311,0.779212,0.9788,-0.0748,1.4266,0.000,11.063,177.798,0,0,340,238,95,113
1778107400.491080,57,0.947873,0.733799,0.695549,0.9778,-0.4813,1.5551,0.000,15.350,135.627,0,0,570,168,122,126
1778107400.491080,3,0.940972,0.698038,0.656834,0.8301,0.2594,1.5824,0.000,17.652,-141.006,0,0,124,112,122,133
1778107400.491080,57,0.949930,0.733799,0.697058,0.9778,-0.4813,1.5551,0.000,16.579,135.549,0,0,570,169,122,128
1778107400.491080,69,0.994380,0.783311,0.778909,0.9788,-0.0748,1.4266,0.000,11.989,-178.990,0,0,339,238,97,114
1778107400.657918,3,0.943283,0.698038,0.658447,0.8301,0.2594,1.5824,0.000,18.037,-141.233,0,0,125,112,120,133
1778107400.657918,57,0.897926,0.732944,0.658130,0.9723,-0.4769,1.5526,0.000,10.457,178.701,0,0,340,239,94,113
1778107400.657918,69,0.970936,0.732944,0.711642,0.9723,-0.4769,1.5526,0.000,17.009,140.340,0,0,569,168,123,130
1778107400.724656,3,0.943913,0.698535,0.659356,0.8319,0.2585,1.5835,-0.000,18.216,-141.354,0,0,125,112,120,133
1778107400.724656,69,0.966814,0.733030,0.708704,0.9745,-0.4782,1.5555,0.000,18.118,138.874,0,0,569,167,123,132
1778107400.724656,57,0.995777,0.782664,0.779359,0.9745,-0.0746,1.4235,0.000,11.684,178.587,0,0,340,239,94,111
1778107400.791347,3,0.942519,0.698535,0.658383,0.8319,0.2585,1.5835,-0.000,17.261,-141.738,0,0,125,112,120,133
1778107400.791347,57,0.952196,0.732174,0.697173,0.9718,-0.4804,1.5543,0.000,17.064,135.756,0,0,571,167,122,130
1778107400.791347,69,0.994619,0.782664,0.778453,0.9745,-0.0746,1.4235,0.000,11.001,178.643,0,0,340,239,95,111
1778107400.791347,3,0.944021,0.698535,0.659432,0.8319,0.2585,1.5835,0.000,17.379,-141.984,0,0,125,112,118,132
1778107400.791347,57,0.960149,0.732174,0.702996,0.9718,-0.4804,1.5543,-0.000,15.312,138.249,0,0,570,167,123,129
1778107400.791347,69,0.995738,0.782664,0.779328,0.9745,-0.0746,1.4235,-0.000,11.645,178.519,0,0,340,239,96,111
1778107400.958178,3,0.944747,0.698535,0.659939,0.8319,0.2585,1.5835,0.000,17.225,-142.267,0,0,125,112,118,133
1778107400.958178,57,0.963071,0.734361,0.707242,0.9873,-0.4885,1.5651,-0.000,13.641,140.046,0,0,571,165,117,125
1778107400.958178,69,0.994732,0.783147,0.779021,0.9764,-0.0730,1.4241,0.000,11.041,178.625,0,0,339,239,95,111
1778107401.024917,3,0.946482,0.698206,0.660840,0.8301,0.2563,1.5824,-0.000,17.529,-142.539,0,0,126,112,120,133
1778107401.024917,57,0.967158,0.733757,0.709659,0.9867,-0.4903,1.5668,0.000,13.257,141.429,0,0,572,164,118,126
1778107401.024917,69,0.994990,0.783147,0.779223,0.9764,-0.0730,1.4241,-0.000,11.727,-179.822,0,0,339,239,96,110
1778107401.024917,3,0.944558,0.698206,0.659497,0.8301,0.2563,1.5824,-0.000,17.529,-142.539,0,0,126,113,120,130
1778107401.024917,57,0.962620,0.733757,0.706329,0.9867,-0.4903,1.5668,0.000,13.257,141.429,0,0,572,163,118,125
1778107401.024917,69,0.992787,0.783147,0.777498,0.9764,-0.0730,1.4241,-0.000,11.727,-179.822,0,0,338,238,97,113
1778107401.024917,3,0.944699,0.698621,0.659986,0.8301,0.2563,1.5824,0.000,17.419,-142.183,0,0,126,113,120,132
1778107401.024917,57,0.960080,0.733256,0.703984,0.9867,-0.4903,1.5668,0.000,11.398,141.759,0,0,572,164,118,129
1778107401.024917,69,0.994169,0.782697,0.778133,0.9764,-0.0730,1.4241,0.000,11.013,-178.738,0,0,339,239,95,111
1778107401.225116,3,0.941577,0.698620,0.657804,0.8319,0.2570,1.5835,0.000,17.400,-141.535,0,0,126,112,120,133
1778107401.225116,57,0.990769,0.783179,0.775949,0.9764,-0.0713,1.4241,0.000,9.541,-179.586,0,0,338,239,95,111
1778107401.225116,69,0.959864,0.734255,0.704785,0.9895,-0.4916,1.5680,0.000,11.155,141.186,0,0,572,164,118,128
1778107401.225116,3,0.941637,0.698620,0.657847,0.8319,0.2570,1.5835,0.000,18.462,-140.807,0,0,126,112,120,133
1778107401.225116,69,0.993245,0.783179,0.777888,0.9764,-0.0713,1.4241,0.000,11.034,-179.042,0,0,338,238,95,111
1778107401.225116,57,0.959793,0.734255,0.704733,0.9895,-0.4916,1.5680,0.000,11.612,140.736,0,0,571,164,118,126
1778107401.391930,3,0.943214,0.699032,0.659337,0.8337,0.2576,1.5845,-0.000,18.431,-141.164,0,0,126,112,118,133
1778107401.391930,57,0.961677,0.735466,0.707281,0.9906,-0.4880,1.5646,-0.000,12.766,140.371,0,0,570,166,118,129
1778107401.391930,69,0.996323,0.782729,0.779850,0.9745,-0.0712,1.4235,0.000,12.477,179.932,0,0,338,239,95,110
1778107401.458667,3,0.945681,0.698621,0.660672,0.8306,0.2563,1.5810,0.000,18.470,-141.637,0,0,126,113,118,132
1778107401.458667,57,0.996415,0.781071,0.778271,0.9706,-0.0727,1.4258,0.000,12.230,178.292,0,0,339,237,96,113
1778107401.458667,69,0.891646,0.737225,0.657344,0.9983,-0.4849,1.5700,-0.000,20.556,125.472,0,0,566,165,120,117
1778107401.525405,3,0.948465,0.698705,0.662697,0.8306,0.2548,1.5810,0.000,17.940,-142.750,0,0,127,113,120,132
1778107401.525405,69,0.994799,0.782254,0.778185,0.9740,-0.0712,1.4251,-0.000,11.595,-179.955,0,0,338,238,96,110
1778107401.525405,57,0.899989,0.742414,0.668164,1.0129,-0.4815,1.5667,0.000,17.086,127.877,0,0,561,170,116,122
1778107401.592139,3,0.947808,0.699035,0.662551,0.8324,0.2570,1.5820,0.000,18.266,-142.255,0,0,126,113,118,132
1778107401.592139,69,0.994909,0.781577,0.777598,0.9711,-0.0711,1.4242,-0.000,11.397,179.335,0,0,338,238,96,111
1778107401.592139,57,0.895133,0.742674,0.664792,1.0135,-0.4833,1.5649,-0.000,16.833,127.176,0,0,562,171,116,122
1778107401.592139,3,0.949677,0.699035,0.663857,0.8324,0.2570,1.5820,0.000,18.266,-142.255,0,0,126,114,118,130
1778107401.592139,69,0.995357,0.781577,0.777948,0.9711,-0.0711,1.4242,-0.000,11.397,179.335,0,0,339,238,95,109
1778107401.592139,57,0.922119,0.742674,0.684834,1.0135,-0.4833,1.5649,-0.000,16.833,127.176,0,0,562,169,117,122
1778107401.758985,3,0.952245,0.699036,0.665654,0.8310,0.2563,1.5795,-0.000,17.979,-143.466,0,0,126,115,117,130
1778107401.758985,69,0.995764,0.781134,0.777825,0.9706,-0.0694,1.4258,0.000,12.461,-179.604,0,0,337,237,95,109
1778107401.758985,57,0.947019,0.735436,0.696472,0.9933,-0.4948,1.5658,0.000,13.235,136.301,0,0,573,166,115,128
1778107401.825723,3,0.948393,0.699866,0.663748,0.8333,0.2570,1.5791,0.000,17.729,-142.691,0,0,126,115,117,130
1778107401.825723,57,0.946959,0.735081,0.696091,0.9933,-0.4983,1.5658,0.000,13.108,136.173,0,0,575,166,116,122
1778107401.825723,69,0.995319,0.781134,0.777478,0.9706,-0.0694,1.4258,0.000,12.195,-179.523,0,0,337,237,95,109
1778107401.825723,3,0.949797,0.699866,0.664730,0.8333,0.2570,1.5791,0.000,17.729,-142.691,0,0,126,115,117,130
1778107401.825723,57,0.996104,0.781103,0.778060,0.9933,-0.4983,1.5658,0.000,13.108,136.173,0,0,338,237,96,109
1778107401.825723,69,0.944949,0.732522,0.692196,0.9706,-0.0694,1.4258,0.000,12.195,-179.523,0,0,579,164,114,124
1778107401.892462,3,0.952063,0.699866,0.666316,0.8333,0.2570,1.5791,-0.000,17.856,-142.925,0,0,126,115,118,129
1778107401.892462,69,0.996535,0.781103,0.778397,0.9706,-0.0711,1.4258,0.000,12.420,179.728,0,0,338,237,96,109
1778107401.892462,57,0.947974,0.732343,0.694242,0.9867,-0.5027,1.5668,0.000,11.317,136.628,0,0,580,164,114,126
1778107402.059267,3,0.950653,0.700481,0.665914,0.8373,0.2586,1.5830,0.000,18.242,-142.889,0,0,126,114,117,129
1778107402.059267,69,0.993959,0.781134,0.776415,0.9706,-0.0694,1.4258,-0.000,11.565,-179.093,0,0,337,237,95,109
1778107402.059267,57,0.947766,0.731848,0.693621,0.9840,-0.5031,1.5655,0.000,10.121,138.155,0,0,580,164,115,128
1778107402.125994,3,0.949299,0.699451,0.663988,0.8315,0.2563,1.5781,-0.000,17.855,-142.809,0,0,126,115,117,129
1778107402.125994,69,0.995862,0.781103,0.777871,0.9706,-0.0711,1.4258,0.000,12.101,179.346,0,0,338,237,95,111
1778107402.125994,57,0.937619,0.730673,0.685093,0.9785,-0.5021,1.5630,-0.000,10.040,135.826,0,0,581,164,114,129
1778107402.125994,3,0.948283,0.699451,0.663278,0.8315,0.2563,1.5781,-0.000,17.855,-142.809,0,0,126,115,117,129
1778107402.125994,69,0.995558,0.781103,0.777634,0.9706,-0.0711,1.4258,0.000,12.101,179.346,0,0,338,237,95,110
1778107402.125994,57,0.938523,0.730673,0.685753,0.9785,-0.5021,1.5630,-0.000,10.040,135.826,0,0,581,164,114,128
1778107402.226093,3,0.947221,0.699035,0.662140,0.8297,0.2557,1.5771,0.000,17.340,-142.712,0,0,126,115,118,129
1778107402.226093,69,0.995296,0.780424,0.776753,0.9678,-0.0709,1.4250,0.000,12.005,-179.970,0,0,338,237,97,111
1778107402.226093,57,0.937659,0.729668,0.684180,0.9730,-0.4993,1.5605,-0.000,10.885,135.198,0,0,581,165,114,126
1778107402.292831,3,0.950072,0.697569,0.662741,0.8234,0.2533,1.5736,0.000,17.485,-143.272,0,0,126,115,117,130
1778107402.292831,69,0.994806,0.780424,0.776371,0.9678,-0.0709,1.4250,-0.000,12.123,-179.160,0,0,338,237,97,113
1778107402.292831,57,0.940287,0.729587,0.686021,0.9707,-0.4979,1.5576,0.000,10.518,135.975,0,0,581,165,114,128
1778107402.392954,3,0.949215,0.697989,0.662542,0.8252,0.2540,1.5746,0.000,17.662,-142.933,0,0,126,115,118,130
1778107402.392954,69,0.996364,0.780424,0.777587,0.9678,-0.0709,1.4250,0.000,13.102,-179.430,0,0,338,236,95,113
1778107402.392954,57,0.945835,0.730093,0.690547,0.9735,-0.4993,1.5589,0.000,9.600,137.998,0,0,580,166,114,128
1778107402.459692,3,0.947390,0.697989,0.661268,0.8252,0.2540,1.5746,-0.000,17.514,-142.619,0,0,125,115,117,129
1778107402.459692,69,0.995979,0.779951,0.776814,0.9673,-0.0709,1.4266,0.000,12.768,-179.624,0,0,339,237,96,111
1778107402.459692,57,0.941187,0.731702,0.688668,0.9795,-0.5003,1.5597,0.000,9.987,136.636,0,0,580,165,114,125
1778107402.593139,3,0.948011,0.697486,0.661224,0.8234,0.2549,1.5736,0.000,17.519,-142.651,0,0,125,115,117,129
1778107402.593139,69,0.996652,0.779939,0.777327,0.9659,-0.0725,1.4244,0.000,12.623,179.142,0,0,340,237,96,111
1778107402.593139,57,0.939752,0.731199,0.687145,0.9768,-0.4989,1.5584,0.000,10.122,136.215,0,0,580,166,114,122
1778107402.659871,3,0.951318,0.696302,0.662405,0.8181,0.2514,1.5706,0.000,17.826,-143.310,0,0,126,115,118,130
1778107402.659871,69,0.995338,0.779906,0.776271,0.9659,-0.0742,1.4244,0.000,11.655,178.770,0,0,340,237,97,113
1778107402.659871,57,0.943689,0.731375,0.690191,0.9768,-0.4972,1.5584,-0.000,9.480,137.735,0,0,579,166,113,126
1778107402.659871,3,0.950576,0.696302,0.661888,0.8181,0.2514,1.5706,0.000,17.826,-143.310,0,0,126,115,118,130
1778107402.659871,69,0.997626,0.779906,0.778055,0.9659,-0.0742,1.4244,0.000,11.655,178.770,0,0,340,237,95,111
1778107402.659871,57,0.951725,0.731375,0.696069,0.9768,-0.4972,1.5584,-0.000,9.480,137.735,0,0,580,166,114,128
1778107402.826724,3,0.951486,0.696220,0.662444,0.8181,0.2529,1.5706,0.000,17.712,-143.329,0,0,125,115,117,130
1778107402.826724,69,0.996370,0.779906,0.777075,0.9659,-0.0742,1.4244,0.000,12.409,179.018,0,0,340,237,95,110
1778107402.826724,57,0.954357,0.731624,0.698231,0.9773,-0.4989,1.5567,0.000,10.545,139.251,0,0,580,167,114,126
1778107402.826724,3,0.952220,0.696220,0.662955,0.8181,0.2529,1.5706,0.000,17.712,-143.329,0,0,125,115,117,130
1778107402.826724,69,0.995686,0.779906,0.776542,0.9659,-0.0742,1.4244,0.000,12.409,179.018,0,0,340,236,96,111
1778107402.826724,57,0.955226,0.731624,0.698866,0.9773,-0.4989,1.5567,0.000,10.545,139.251,0,0,580,167,115,128
1778107402.993523,3,0.952521,0.694747,0.661761,0.8132,0.2512,1.5696,0.000,17.325,-143.944,0,0,125,114,118,132
1778107402.993523,69,0.995290,0.779887,0.776214,0.9673,-0.0743,1.4266,0.000,13.201,-178.576,0,0,340,236,96,111
1778107402.993523,57,0.970805,0.732375,0.710994,0.9806,-0.5021,1.5563,0.000,11.177,143.499,0,0,581,168,115,133
1778107402.993523,3,0.952894,0.694747,0.662020,0.8132,0.2512,1.5696,0.000,17.213,-144.132,0,0,124,114,117,130
1778107402.993523,69,0.995513,0.779887,0.776388,0.9673,-0.0743,1.4266,0.000,13.071,-178.918,0,0,340,236,96,113
1778107402.993523,57,0.963475,0.732375,0.705626,0.9806,-0.5021,1.5563,0.000,8.408,144.548,0,0,581,167,115,129
1778107402.993523,3,0.953060,0.693811,0.661244,0.8132,0.2512,1.5696,0.000,17.213,-144.132,0,0,124,114,117,130
1778107402.993523,69,0.995313,0.779919,0.776264,0.9673,-0.0743,1.4266,0.000,13.071,-178.918,0,0,339,236,97,113
1778107402.993523,57,0.970392,0.732876,0.711177,0.9806,-0.5021,1.5563,0.000,8.408,144.548,0,0,581,168,115,124
1778107403.160363,3,0.952176,0.693811,0.660630,0.8096,0.2514,1.5676,0.000,17.286,-143.780,0,0,124,113,118,133
1778107403.160363,69,0.995085,0.779919,0.776086,0.9673,-0.0726,1.4266,0.000,12.711,-178.849,0,0,339,236,98,114
1778107403.160363,57,0.971193,0.732876,0.711765,0.9833,-0.5035,1.5575,0.000,9.720,145.781,0,0,582,168,116,126
1778107403.327205,3,0.953251,0.693403,0.660987,0.8092,0.2514,1.5690,-0.000,17.903,-143.603,0,0,124,113,120,133
1778107403.327205,69,0.992816,0.779951,0.774348,0.9673,-0.0709,1.4266,0.000,12.127,-177.579,0,0,338,236,97,115
1778107403.327205,57,0.971227,0.734480,0.713346,0.9894,-0.5045,1.5583,0.000,9.219,146.716,0,0,580,169,116,122
1778107403.393939,3,0.952338,0.692975,0.659946,0.8074,0.2507,1.5680,-0.000,17.849,-143.419,0,0,124,113,120,133
1778107403.393939,69,0.996384,0.780393,0.777570,0.9678,-0.0726,1.4250,0.000,12.364,178.951,0,0,339,237,97,114
1778107403.393939,57,0.970331,0.734480,0.712688,0.9894,-0.5045,1.5583,-0.000,9.698,145.383,0,0,580,169,117,124
1778107403.494017,3,0.951304,0.692567,0.658842,0.8069,0.2507,1.5694,-0.000,17.524,-143.475,0,0,124,112,120,133
1778107403.494017,69,0.994920,0.779951,0.775988,0.9673,-0.0709,1.4266,0.000,12.816,-178.468,0,0,338,236,97,114
1778107403.494017,57,0.971918,0.735584,0.714928,0.9927,-0.5041,1.5578,0.000,10.641,144.645,0,0,579,170,114,122
1778107403.560708,3,0.954404,0.692138,0.660579,0.8052,0.2500,1.5684,0.000,17.132,-144.599,0,0,124,112,120,133
1778107403.560708,69,0.994498,0.779951,0.775659,0.9673,-0.0709,1.4266,0.000,13.023,-177.901,0,0,338,236,96,113
1778107403.560708,57,0.966909,0.734839,0.710523,0.9894,-0.5009,1.5583,0.000,10.679,142.905,0,0,578,169,114,125
1778107403.560708,3,0.954123,0.692138,0.660385,0.8052,0.2500,1.5684,0.000,17.132,-144.599,0,0,123,111,118,133
1778107403.560708,69,0.993345,0.779951,0.774760,0.9673,-0.0709,1.4266,0.000,13.023,-177.901,0,0,338,238,95,114
1778107403.560708,57,0.969288,0.734839,0.712271,0.9894,-0.5009,1.5583,0.000,10.679,142.905,0,0,578,170,114,122
1778107403.660806,3,0.956621,0.692079,0.662057,0.8065,0.2522,1.5708,0.000,17.923,-144.447,0,0,123,111,118,133
1778107403.660806,69,0.993997,0.780898,0.776210,0.9683,-0.0709,1.4234,0.000,12.812,-177.541,0,0,338,236,98,115
1778107403.660806,57,0.970781,0.735765,0.714266,0.9927,-0.5023,1.5578,-0.000,10.764,144.130,0,0,576,170,116,121
1778107403.760921,3,0.957674,0.692079,0.662787,0.8065,0.2522,1.5708,-0.000,18.089,-144.588,0,0,123,110,122,133
1778107403.760921,69,0.995363,0.779951,0.776334,0.9673,-0.0709,1.4266,0.000,12.708,-179.024,0,0,338,236,97,114
1778107403.760921,57,0.972527,0.737115,0.716864,0.9982,-0.5015,1.5602,-0.000,10.839,144.949,0,0,575,171,115,121
1778107403.760921,3,0.959240,0.692524,0.664296,0.8065,0.2522,1.5708,-0.000,18.089,-144.588,0,0,122,109,122,136
1778107403.760921,69,0.992215,0.779951,0.773879,0.9673,-0.0709,1.4266,0.000,12.708,-179.024,0,0,339,236,98,114
1778107403.760921,57,0.967724,0.737726,0.713915,0.9982,-0.5015,1.5602,-0.000,10.839,144.949,0,0,573,172,115,121
1778107403.994483,3,0.958548,0.691610,0.662941,0.8074,0.2543,1.5747,0.000,19.181,-143.945,0,0,122,109,122,135
1778107403.994483,69,0.993461,0.779919,0.774819,0.9673,-0.0726,1.4266,0.000,12.267,-178.004,0,0,339,236,96,115
1778107403.994483,57,0.972816,0.738948,0.718861,0.9998,-0.4961,1.5551,0.000,12.538,143.213,0,0,573,173,115,122
1778107403.994483,3,0.956916,0.691266,0.661483,0.8074,0.2543,1.5747,0.000,19.181,-143.945,0,0,123,109,120,136
1778107403.994483,69,0.966891,0.739380,0.714900,0.9673,-0.0726,1.4266,0.000,12.267,-178.004,0,0,573,174,114,121
1778107403.994483,57,0.992063,0.780155,0.773963,0.9998,-0.4961,1.5551,0.000,12.538,143.213,0,0,338,235,97,115
1778107404.127941,3,0.959731,0.691627,0.663776,0.8088,0.2550,1.5771,0.000,19.134,-144.341,0,0,122,108,123,136
1778107404.127941,57,0.971495,0.739380,0.718304,1.0003,-0.4961,1.5533,0.000,12.847,142.447,0,0,573,174,115,121
1778107404.127941,69,0.994570,0.779446,0.775214,0.9668,-0.0726,1.4282,0.000,12.556,-178.700,0,0,339,235,98,115
1778107404.127941,3,0.959647,0.691627,0.663718,0.8088,0.2550,1.5771,0.000,19.381,-144.130,0,0,122,108,122,136
1778107404.127941,57,0.996251,0.779446,0.776524,0.9668,-0.0726,1.4282,-0.000,13.412,-179.264,0,0,340,235,98,115
1778107404.127941,69,0.971497,0.739380,0.718305,1.0003,-0.4961,1.5533,0.000,12.913,142.393,0,0,573,174,113,121
1778107404.228055,3,0.960230,0.692050,0.664527,0.8105,0.2557,1.5781,-0.000,19.195,-144.427,0,0,122,108,122,136
1778107404.228055,69,0.993474,0.780091,0.775001,0.9697,-0.0744,1.4291,-0.000,12.018,-178.553,0,0,339,235,97,115
1778107404.228055,57,0.971458,0.739380,0.718276,1.0003,-0.4961,1.5533,0.000,13.491,141.932,0,0,573,174,113,121
1778107404.361532,3,0.960754,0.691203,0.664076,0.8070,0.2543,1.5761,-0.000,19.255,-144.523,0,0,122,108,122,137
1778107404.361532,69,0.996255,0.780091,0.777170,0.9697,-0.0744,1.4291,-0.000,13.299,-179.517,0,0,340,235,98,114
1778107404.361532,57,0.971009,0.739564,0.718123,0.9986,-0.4965,1.5487,0.000,13.458,141.630,0,0,574,176,114,120
1778107404.361532,3,0.959739,0.691203,0.663375,0.8070,0.2543,1.5761,0.000,19.366,-144.166,0,0,122,108,122,137
1778107404.361532,57,0.974498,0.739564,0.720703,0.9986,-0.4965,1.5487,-0.000,13.603,142.613,0,0,573,177,114,118
1778107404.361532,69,0.996552,0.780091,0.777402,0.9697,-0.0744,1.4291,0.000,13.629,-179.427,0,0,339,235,97,114
1778107404.461644,3,0.961045,0.691627,0.664685,0.8088,0.2550,1.5771,0.000,19.360,-144.520,0,0,122,108,122,136
1778107404.461644,69,0.996004,0.779446,0.776331,0.9668,-0.0726,1.4282,0.000,13.110,-179.392,0,0,340,235,98,115
1778107404.461644,57,0.972649,0.740176,0.719931,0.9991,-0.4948,1.5470,-0.000,12.600,142.855,0,0,573,177,113,118
1778107404.595121,3,0.961671,0.692050,0.665524,0.8105,0.2557,1.5781,0.000,19.545,-144.549,0,0,122,108,122,137
1778107404.595121,69,0.972720,0.739171,0.719006,0.9936,-0.4920,1.5446,0.000,12.230,143.204,0,0,573,177,114,120
1778107404.595121,57,0.995872,0.780766,0.777543,0.9725,-0.0746,1.4299,0.000,14.050,-178.381,0,0,340,235,100,115
1778107404.661853,3,0.962177,0.691627,0.665468,0.8088,0.2550,1.5771,-0.000,19.692,-144.577,0,0,122,108,122,136
1778107404.661853,57,0.975664,0.737824,0.719869,0.9853,-0.4862,1.5411,0.000,12.778,143.829,0,0,572,177,114,117
1778107404.661853,69,0.995176,0.781273,0.777504,0.9730,-0.0729,1.4283,-0.000,12.678,-178.981,0,0,339,236,95,113
1778107404.728574,3,0.962795,0.691967,0.666223,0.8105,0.2572,1.5781,0.000,19.716,-144.620,0,0,121,108,122,136
1778107404.728574,57,0.972790,0.739274,0.719158,0.9913,-0.4889,1.5418,0.000,11.879,143.589,0,0,572,178,114,117
1778107404.728574,69,0.995819,0.780597,0.777334,0.9702,-0.0727,1.4274,0.000,13.067,-179.120,0,0,339,236,97,114
1778107404.728574,3,0.964153,0.691967,0.667163,0.8105,0.2572,1.5781,-0.000,19.516,-145.155,0,0,122,108,122,136
1778107404.728574,57,0.974773,0.739274,0.720624,0.9913,-0.4889,1.5418,0.000,12.336,143.852,0,0,572,177,114,117
1778107404.728574,69,0.996945,0.780597,0.778213,0.9702,-0.0727,1.4274,-0.000,13.348,179.947,0,0,340,235,96,113
1778107404.828682,3,0.963015,0.692682,0.667063,0.8132,0.2567,1.5796,-0.000,19.347,-145.076,0,0,121,108,122,136
1778107404.828682,57,0.976866,0.738844,0.721751,0.9908,-0.4889,1.5435,0.000,12.655,144.384,0,0,572,177,114,117
1778107404.828682,69,0.995348,0.780091,0.776462,0.9697,-0.0744,1.4291,0.000,12.580,-179.551,0,0,340,236,96,111
1778107404.828682,3,0.964034,0.692599,0.667689,0.8132,0.2567,1.5796,-0.000,19.347,-145.076,0,0,121,108,122,137
1778107404.828682,57,0.977213,0.740856,0.723974,0.9908,-0.4889,1.5435,0.000,12.655,144.384,0,0,572,177,114,117
1778107404.828682,69,0.993907,0.781240,0.776480,0.9697,-0.0744,1.4291,0.000,12.580,-179.551,0,0,340,236,96,111
1778107405.028877,3,0.964150,0.691967,0.667160,0.8105,0.2572,1.5781,0.000,19.279,-145.344,0,0,120,108,122,135
1778107405.028877,57,0.986275,0.778435,0.767751,0.9658,-0.0760,1.4314,0.000,8.060,178.964,0,0,341,233,96,107
1778107405.028877,69,0.980365,0.740536,0.725995,0.9991,-0.4912,1.5470,0.000,12.861,145.684,0,0,571,177,114,120
1778107405.095591,3,0.965121,0.692516,0.668361,0.8132,0.2597,1.5796,0.000,19.342,-145.466,0,0,120,108,122,136
1778107405.095591,69,0.987189,0.778435,0.768463,0.9658,-0.0760,1.4314,0.000,8.429,179.174,0,0,341,233,93,109
1778107405.095591,57,0.978020,0.740536,0.724259,0.9991,-0.4912,1.5470,0.000,12.823,144.764,0,0,571,177,114,120
1778107405.095591,3,0.962262,0.692516,0.666382,0.8132,0.2597,1.5796,0.000,18.973,-144.947,0,0,120,108,122,135
1778107405.095591,69,0.985767,0.778435,0.767356,0.9658,-0.0760,1.4314,0.000,7.919,179.163,0,0,341,236,95,113
1778107405.095591,57,0.982080,0.740536,0.727265,0.9991,-0.4912,1.5470,-0.000,13.254,146.020,0,0,570,177,115,118
1778107405.095591,3,0.962670,0.691885,0.666056,0.8132,0.2597,1.5796,0.000,18.973,-144.947,0,0,120,108,122,137
1778107405.095591,69,0.978779,0.741715,0.725975,0.9658,-0.0760,1.4314,0.000,7.919,179.163,0,0,570,177,115,120
1778107405.095591,57,0.991782,0.780532,0.774117,0.9991,-0.4912,1.5470,-0.000,13.254,146.020,0,0,341,238,95,113
1778107405.262447,3,0.962139,0.691885,0.665689,0.8105,0.2587,1.5781,0.000,18.096,-145.683,0,0,120,108,120,135
1778107405.262447,57,0.981651,0.741715,0.728105,1.0047,-0.4921,1.5494,0.000,13.018,146.184,0,0,570,177,115,120
1778107405.262447,69,0.993190,0.781480,0.776158,0.9711,-0.0761,1.4242,0.000,10.367,178.671,0,0,342,239,95,115
1778107405.362531,3,0.964437,0.691885,0.667279,0.8105,0.2587,1.5781,-0.000,18.969,-145.579,0,0,120,108,120,135
1778107405.362531,57,0.979805,0.740715,0.725756,0.9991,-0.4894,1.5470,-0.000,13.496,144.929,0,0,571,177,114,118
1778107405.362531,69,0.990098,0.781240,0.773504,0.9688,-0.0776,1.4218,0.000,9.583,-179.183,0,0,341,238,95,114
1778107405.362531,3,0.963134,0.692209,0.666690,0.8105,0.2587,1.5781,-0.000,18.969,-145.579,0,0,119,109,122,133
1778107405.362531,57,0.991261,0.780293,0.773474,0.9991,-0.4894,1.5470,-0.000,13.496,144.929,0,0,342,237,95,113
1778107405.362531,69,0.980328,0.740033,0.725475,0.9688,-0.0776,1.4218,0.000,9.583,-179.183,0,0,571,177,114,120
1778107405.496008,3,0.965074,0.691801,0.667640,0.8110,0.2602,1.5767,0.000,18.425,-145.502,0,0,119,108,120,135
1778107405.496008,69,0.990362,0.780278,0.772758,0.9678,-0.0776,1.4250,0.000,10.066,-179.749,0,0,343,238,96,115
1778107405.496008,57,0.980595,0.740282,0.725917,0.9964,-0.4898,1.5458,0.000,13.109,145.410,0,0,570,176,115,120
1778107405.562750,3,0.963096,0.691801,0.666271,0.8105,0.2602,1.5781,0.000,18.094,-145.860,0,0,118,108,122,133
1778107405.562750,69,0.987335,0.780278,0.770396,0.9664,-0.0792,1.4228,-0.000,9.040,-178.230,0,0,341,238,97,115
1778107405.562750,57,0.978966,0.740282,0.724711,0.9986,-0.4894,1.5487,-0.000,12.474,145.695,0,0,571,175,114,121
1778107405.562750,3,0.966725,0.692766,0.669714,0.8105,0.2602,1.5781,0.000,18.094,-145.860,0,0,118,109,120,133
1778107405.562750,69,0.990391,0.780801,0.773298,0.9664,-0.0792,1.4228,-0.000,9.040,-178.230,0,0,342,237,95,113
1778107405.562750,57,0.979422,0.739170,0.723960,0.9986,-0.4894,1.5487,-0.000,12.474,145.695,0,0,571,175,114,120
1778107405.796315,3,0.969038,0.692766,0.671317,0.8150,0.2634,1.5807,0.000,18.947,-146.810,0,0,118,108,120,135
1778107405.796315,69,0.990309,0.780293,0.772732,0.9678,-0.0776,1.4250,-0.000,9.925,-179.093,0,0,342,237,97,114
1778107405.796315,57,0.978806,0.738738,0.723081,0.9948,-0.4898,1.5509,0.000,12.143,146.096,0,0,571,174,114,121
1778107405.863054,3,0.970290,0.693184,0.672589,0.8168,0.2641,1.5817,-0.000,18.990,-147.189,0,0,118,108,120,133
1778107405.863054,69,0.985888,0.779805,0.768800,0.9659,-0.0792,1.4244,-0.000,7.413,177.962,0,0,343,237,98,115
1778107405.863054,57,0.979234,0.738738,0.723398,0.9948,-0.4898,1.5509,0.000,11.823,146.728,0,0,571,174,114,120
1778107405.929778,3,0.970622,0.693924,0.673537,0.8190,0.2663,1.5812,-0.000,18.414,-147.706,0,0,117,109,118,133
1778107405.929778,69,0.985870,0.779805,0.768786,0.9659,-0.0792,1.4244,-0.000,7.362,177.147,0,0,343,237,96,115
1778107405.929778,57,0.972563,0.738808,0.718537,0.9970,-0.4912,1.5539,0.000,10.913,145.091,0,0,571,173,113,118
1778107405.929778,3,0.968924,0.693098,0.671560,0.8190,0.2663,1.5812,-0.000,18.414,-147.706,0,0,117,108,118,135
1778107405.929778,69,0.985528,0.780293,0.769001,0.9659,-0.0792,1.4244,-0.000,7.362,177.147,0,0,342,237,97,114
1778107405.929778,57,0.970879,0.738376,0.716874,0.9970,-0.4912,1.5539,0.000,10.913,145.091,0,0,571,172,113,117
1778107405.996507,3,0.970510,0.693098,0.672659,0.8168,0.2656,1.5817,0.000,18.485,-147.668,0,0,117,108,118,135
1778107405.996507,57,0.969212,0.738376,0.715643,0.9965,-0.4912,1.5556,0.000,9.356,146.045,0,0,571,170,114,117
1778107405.996507,69,0.986607,0.780293,0.769843,0.9678,-0.0776,1.4250,-0.000,8.045,179.982,0,0,342,237,96,114
1778107406.096604,3,0.971046,0.693514,0.673434,0.8185,0.2663,1.5827,0.000,18.852,-147.475,0,0,117,108,118,135
1778107406.096604,69,0.985515,0.779840,0.768544,0.9659,-0.0775,1.4244,0.000,7.591,179.762,0,0,342,237,97,114
1778107406.096604,57,0.963512,0.738011,0.711082,0.9982,-0.4925,1.5602,0.000,8.516,145.236,0,0,571,170,114,117
1778107406.096604,3,0.970524,0.693184,0.672751,0.8185,0.2663,1.5827,0.000,18.852,-147.475,0,0,118,108,120,135
1778107406.096604,69,0.985601,0.779840,0.768611,0.9659,-0.0775,1.4244,0.000,7.591,179.762,0,0,342,237,96,115
1778107406.096604,57,0.961492,0.738074,0.709652,0.9982,-0.4925,1.5602,0.000,8.516,145.236,0,0,571,169,114,117
1778107406.296798,3,0.969553,0.693184,0.672078,0.8168,0.2641,1.5817,0.000,18.599,-147.327,0,0,118,108,120,135
1778107406.296798,69,0.989861,0.779367,0.771465,0.9654,-0.0775,1.4260,0.000,9.247,179.391,0,0,342,236,96,113
1778107406.296798,57,0.964202,0.738135,0.711711,1.0027,-0.4952,1.5661,0.000,7.941,146.909,0,0,571,168,114,117
1778107406.296798,3,0.970632,0.693184,0.672826,0.8168,0.2641,1.5817,-0.000,18.738,-147.559,0,0,118,109,120,133
1778107406.296798,69,0.989091,0.779367,0.770865,0.9654,-0.0775,1.4260,0.000,9.351,-179.385,0,0,342,237,96,114
1778107406.296798,57,0.959665,0.738135,0.708362,1.0027,-0.4952,1.5661,0.000,7.011,146.648,0,0,571,168,114,117
1778107406.396899,3,0.970150,0.694010,0.673294,0.8190,0.2647,1.5812,0.000,18.192,-147.892,0,0,118,109,120,133
1778107406.396899,69,0.990707,0.779840,0.772593,0.9659,-0.0775,1.4244,0.000,9.529,179.460,0,0,342,236,97,113
1778107406.396899,57,0.952056,0.737148,0.701806,0.9971,-0.4925,1.5636,-0.000,5.411,146.593,0,0,571,167,113,117
1778107406.463628,3,0.968462,0.694010,0.672122,0.8190,0.2647,1.5812,-0.000,17.947,-147.562,0,0,118,109,120,133
1778107406.463628,69,0.995798,0.779367,0.776092,0.9654,-0.0775,1.4260,0.000,11.887,177.737,0,0,342,236,95,110
1778107406.463628,57,0.953449,0.737702,0.703362,1.0021,-0.4952,1.5678,0.000,5.184,148.187,0,0,571,166,113,117
1778107406.563745,3,0.970136,0.694425,0.673687,0.8208,0.2654,1.5823,0.000,17.690,-148.466,0,0,118,110,120,133
1778107406.563745,69,0.992892,0.778684,0.773149,0.9625,-0.0774,1.4251,0.000,10.601,179.273,0,0,341,235,97,110
1778107406.563745,57,0.948952,0.737270,0.699634,1.0016,-0.4952,1.5695,-0.000,4.538,147.734,0,0,571,166,112,117
1778107406.663844,3,0.969443,0.695246,0.674001,0.8217,0.2654,1.5794,0.000,17.485,-148.271,0,0,118,111,120,132
1778107406.663844,69,0.991002,0.778941,0.771932,0.9663,-0.0743,1.4298,0.000,9.918,179.509,0,0,340,234,97,111
1778107406.663844,57,0.941282,0.738460,0.695099,1.0102,-0.4997,1.5754,0.000,2.955,148.624,0,0,571,165,112,115
1778107406.730559,3,0.973390,0.694743,0.676256,0.8199,0.2663,1.5784,0.000,18.124,-148.909,0,0,117,111,118,132
1778107406.730559,69,0.992876,0.778435,0.772890,0.9658,-0.0760,1.4314,-0.000,10.682,178.505,0,0,341,233,97,113
1778107406.730559,57,0.936792,0.737543,0.690924,1.0070,-0.4984,1.5759,0.000,2.520,147.705,0,0,571,164,112,115
1778107406.797291,3,0.972812,0.695246,0.676344,0.8217,0.2654,1.5794,0.000,18.132,-148.787,0,0,118,111,118,132
1778107406.797291,69,0.991826,0.777983,0.771624,0.9639,-0.0759,1.4308,0.000,10.332,179.183,0,0,341,233,98,111
1778107406.797291,57,0.936871,0.737543,0.690983,1.0070,-0.4984,1.5759,-0.000,2.654,147.318,0,0,571,164,112,115
1778107406.797291,3,0.974769,0.694829,0.677298,0.8217,0.2654,1.5794,0.000,18.132,-148.787,0,0,118,111,120,132
1778107406.797291,69,0.980788,0.777302,0.762369,0.9639,-0.0759,1.4308,0.000,10.332,179.183,0,0,341,233,95,111
1778107406.797291,57,0.928856,0.737594,0.685118,1.0070,-0.4984,1.5759,-0.000,2.654,147.318,0,0,571,163,112,115
1778107406.930768,3,0.971658,0.695153,0.675451,0.8203,0.2663,1.5769,0.000,18.190,-148.086,0,0,117,112,118,130
1778107406.930768,69,0.989626,0.777302,0.769238,0.9610,-0.0757,1.4299,0.000,9.357,175.317,0,0,341,233,95,110
1778107406.930768,57,0.911138,0.736067,0.670659,1.0053,-0.5002,1.5811,0.000,-0.772,145.987,0,0,572,161,108,117
1778107406.930768,3,0.972223,0.695153,0.675844,0.8203,0.2663,1.5769,0.000,18.192,-148.293,0,0,117,111,118,132
1778107406.930768,69,0.985759,0.777302,0.766233,0.9610,-0.0757,1.4299,0.000,8.528,173.254,0,0,342,232,95,113
1778107406.930768,57,0.917804,0.736067,0.675565,1.0053,-0.5002,1.5811,0.000,-0.096,147.010,0,0,572,161,110,118
1778107407.030846,3,0.972396,0.694743,0.675566,0.8199,0.2663,1.5784,0.000,17.980,-148.689,0,0,118,112,118,130
1778107407.030846,69,0.980370,0.776115,0.760880,0.9577,-0.0773,1.4306,0.000,6.335,174.942,0,0,342,232,96,113
1778107407.030846,57,0.911419,0.736067,0.670865,1.0053,-0.5002,1.5811,0.000,-0.955,146.722,0,0,572,160,110,117
1778107407.030846,3,0.971681,0.695657,0.675956,0.8199,0.2663,1.5784,0.000,17.980,-148.689,0,0,118,112,118,130
1778107407.030846,69,0.988157,0.776115,0.766923,0.9577,-0.0773,1.4306,0.000,6.335,174.942,0,0,340,232,97,113
1778107407.030846,57,0.897434,0.736116,0.660616,1.0053,-0.5002,1.5811,0.000,-0.955,146.722,0,0,572,159,110,113
1778107407.197692,3,0.970578,0.695657,0.675190,0.8221,0.2654,1.5779,0.000,18.166,-147.836,0,0,118,112,118,130
1778107407.197692,69,0.989975,0.776863,0.769075,0.9605,-0.0741,1.4315,0.000,9.419,178.006,0,0,340,232,96,113
1778107407.197692,57,0.891455,0.735202,0.655400,1.0043,-0.5002,1.5846,0.000,-3.804,147.911,0,0,571,160,108,114
1778107407.264439,3,0.970064,0.695240,0.674427,0.8203,0.2647,1.5769,-0.000,18.235,-147.582,0,0,118,112,118,130
1778107407.264439,69,0.990753,0.776863,0.769680,0.9605,-0.0741,1.4315,0.000,9.714,177.413,0,0,341,232,100,114
1778107407.264439,57,0.890182,0.735812,0.655006,1.0048,-0.4984,1.5829,0.000,-4.145,148.521,0,0,572,159,110,114
1778107407.397916,3,0.971519,0.695240,0.675439,0.8203,0.2647,1.5769,0.000,17.998,-148.362,0,0,118,112,118,130
1778107407.397916,69,0.990431,0.776180,0.768753,0.9577,-0.0739,1.4306,0.000,9.604,177.980,0,0,340,232,98,114
1778107407.397916,57,0.881477,0.736341,0.649068,1.0098,-0.5011,1.5871,0.000,-5.418,150.261,0,0,571,159,112,111
1778107407.464625,3,0.969465,0.695240,0.674011,0.8203,0.2647,1.5769,0.000,17.740,-147.901,0,0,118,112,118,132
1778107407.464625,69,0.990725,0.776863,0.769658,0.9605,-0.0741,1.4315,0.000,9.774,176.218,0,0,340,232,98,113
1778107407.464625,57,0.884774,0.736386,0.651535,1.0120,-0.5024,1.5902,-0.000,-4.911,150.152,0,0,571,158,112,113
1778107407.531363,3,0.970029,0.695240,0.674403,0.8203,0.2647,1.5769,-0.000,17.970,-147.850,0,0,118,112,118,130
1778107407.531363,69,0.990472,0.778016,0.770603,0.9639,-0.0742,1.4308,0.000,9.913,174.704,0,0,340,233,97,110
1778107407.531363,57,0.874702,0.735908,0.643700,1.0092,-0.5011,1.5889,0.000,-6.170,150.453,0,0,571,158,110,110
1778107407.531363,3,0.971046,0.695240,0.675110,0.8203,0.2647,1.5769,-0.000,18.003,-148.182,0,0,118,112,118,130
1778107407.531363,69,0.986025,0.778016,0.767143,0.9639,-0.0742,1.4308,-0.000,9.378,171.926,0,0,341,232,97,113
1778107407.531363,57,0.864654,0.735908,0.636306,1.0092,-0.5011,1.5889,0.000,-7.272,149.845,0,0,570,157,112,111
1778107407.531363,3,0.969538,0.695240,0.674061,0.8203,0.2647,1.5769,-0.000,18.003,-148.182,0,0,118,112,118,130
1778107407.531363,69,0.987214,0.776148,0.766224,0.9639,-0.0742,1.4308,-0.000,9.378,171.926,0,0,342,232,96,109
1778107407.531363,57,0.877936,0.736130,0.646275,1.0092,-0.5011,1.5889,0.000,-7.272,149.845,0,0,570,157,112,113
1778107407.764931,3,0.970428,0.695657,0.675085,0.8221,0.2654,1.5779,0.000,17.812,-148.169,0,0,116,112,117,129
1778107407.764931,69,0.989414,0.776115,0.767899,0.9577,-0.0773,1.4306,-0.000,10.211,172.933,0,0,342,232,96,113
1778107407.764931,57,0.878513,0.736308,0.646856,1.0114,-0.4987,1.5919,-0.000,-5.621,150.877,0,0,569,157,113,114
1778107407.764931,3,0.973412,0.695067,0.676587,0.8221,0.2654,1.5779,0.000,17.812,-148.169,0,0,117,112,118,129
1778107407.764931,69,0.990339,0.775658,0.768164,0.9577,-0.0773,1.4306,-0.000,10.211,172.933,0,0,342,233,97,114
1778107407.764931,57,0.884384,0.736308,0.651179,1.0114,-0.4987,1.5919,-0.000,-5.621,150.877,0,0,570,159,112,111
1778107407.898389,3,0.971977,0.694649,0.675183,0.8185,0.2671,1.5759,0.000,17.437,-148.982,0,0,116,112,117,129
1778107407.898389,69,0.988947,0.776129,0.767550,0.9563,-0.0772,1.4284,-0.000,9.826,173.089,0,0,342,233,97,115
1778107407.898389,57,0.893313,0.737176,0.658528,1.0125,-0.4987,1.5884,0.000,-4.089,152.416,0,0,569,159,114,110
1778107407.898389,3,0.970534,0.694657,0.674188,0.8185,0.2671,1.5759,0.000,17.437,-148.982,0,0,116,111,116,133
1778107407.898389,69,0.993350,0.775407,0.770250,0.9563,-0.0772,1.4284,-0.000,9.826,173.089,0,0,343,233,98,117
1778107407.898389,57,0.863774,0.736349,0.636039,1.0125,-0.4987,1.5884,0.000,-4.089,152.416,0,0,569,156,112,110
1778107407.965105,3,0.969311,0.694657,0.673339,0.8199,0.2678,1.5784,0.000,17.462,-148.479,0,0,115,110,117,133
1778107407.965105,69,0.992951,0.775407,0.769941,0.9534,-0.0787,1.4275,-0.000,10.999,175.318,0,0,344,234,98,114
1778107407.965105,57,0.847716,0.736349,0.624215,1.0136,-0.5001,1.5950,-0.000,-7.262,150.874,0,0,569,156,108,106
1778107407.965105,3,0.970715,0.694160,0.673832,0.8199,0.2678,1.5784,0.000,18.043,-147.371,0,0,115,111,117,133
1778107407.965105,69,0.993917,0.774688,0.769976,0.9534,-0.0787,1.4275,0.000,11.922,172.832,0,0,343,234,98,115
1778107407.965105,57,0.870806,0.736349,0.641218,1.0136,-0.5001,1.5950,0.000,-9.144,152.151,0,0,570,156,110,110
1778107408.131951,3,0.968708,0.694570,0.672835,0.8199,0.2693,1.5784,0.000,17.430,-147.722,0,0,115,111,117,132
1778107408.131951,69,0.992723,0.774723,0.769086,0.9491,-0.0784,1.4244,0.000,10.656,175.044,0,0,343,234,98,114
1778107408.131951,57,0.872662,0.735696,0.642014,1.0109,-0.5006,1.5937,0.000,-6.175,150.156,0,0,570,156,110,111
1778107408.265399,3,0.969904,0.694570,0.673666,0.8199,0.2693,1.5784,0.000,18.448,-147.046,0,0,114,110,117,133
1778107408.265399,69,0.992164,0.774723,0.768652,0.9491,-0.0784,1.4244,-0.000,10.132,176.752,0,0,342,234,97,114
1778107408.265399,57,0.861371,0.735696,0.633707,1.0109,-0.5006,1.5937,-0.000,-7.516,150.445,0,0,570,156,112,111
1778107408.332166,3,0.970317,0.694073,0.673471,0.8194,0.2708,1.5798,0.000,18.384,-147.214,0,0,114,110,118,133
1778107408.332166,69,0.992402,0.776162,0.770264,0.9563,-0.0755,1.4284,0.000,10.358,177.709,0,0,341,233,96,113
1778107408.332166,57,0.863676,0.736349,0.635967,1.0136,-0.5001,1.5950,0.000,-7.307,151.238,0,0,569,156,112,110
1778107408.398905,3,0.972172,0.693991,0.674679,0.8208,0.2730,1.5823,0.000,18.843,-147.361,0,0,113,109,117,133
1778107408.398905,69,0.994870,0.774750,0.770775,0.9505,-0.0769,1.4266,0.000,11.835,175.422,0,0,342,233,98,113
1778107408.398905,57,0.860862,0.735042,0.632770,1.0081,-0.5011,1.5924,0.000,-7.526,149.819,0,0,571,156,110,111
1778107408.398905,3,0.972885,0.693991,0.675173,0.8208,0.2730,1.5823,0.000,18.999,-147.460,0,0,113,109,117,133
1778107408.398905,69,0.994246,0.774750,0.770292,0.9505,-0.0769,1.4266,-0.000,11.296,176.399,0,0,342,233,100,114
1778107408.398905,57,0.854835,0.735042,0.628340,1.0081,-0.5011,1.5924,0.000,-8.285,150.552,0,0,570,156,112,111
1778107408.532333,3,0.972729,0.693985,0.675060,0.8194,0.2723,1.5798,0.000,18.669,-147.669,0,0,113,110,117,133
1778107408.532333,69,0.994963,0.774750,0.770847,0.9505,-0.0769,1.4266,-0.000,11.846,175.583,0,0,342,233,100,114
1778107408.532333,57,0.848105,0.736349,0.624501,1.0136,-0.5001,1.5950,0.000,-9.130,152.748,0,0,569,156,110,107
1778107408.532333,3,0.971496,0.693985,0.674204,0.8194,0.2723,1.5798,-0.000,18.306,-147.606,0,0,112,110,117,133
1778107408.532333,69,0.995056,0.774750,0.770920,0.9505,-0.0769,1.4266,-0.000,11.813,175.980,0,0,341,233,97,114
1778107408.532333,57,0.852570,0.736349,0.627789,1.0136,-0.5001,1.5950,-0.000,-8.617,155.790,0,0,568,155,112,107
1778107408.699155,3,0.970386,0.694312,0.673750,0.8212,0.2745,1.5808,0.000,17.645,-147.831,0,0,112,110,118,133
1778107408.699155,69,0.994907,0.774750,0.770804,0.9505,-0.0769,1.4266,0.000,11.997,174.989,0,0,342,233,100,114
1778107408.699155,57,0.871191,0.736526,0.641655,1.0136,-0.4982,1.5950,0.000,-6.542,153.573,0,0,568,156,113,111
1778107408.699155,3,0.971904,0.694312,0.674804,0.8212,0.2745,1.5808,0.000,17.645,-147.831,0,0,112,110,117,132
1778107408.699155,69,0.995938,0.774750,0.771603,0.9505,-0.0769,1.4266,0.000,11.997,174.989,0,0,341,233,102,114
1778107408.699155,57,0.854839,0.736526,0.629612,1.0136,-0.4982,1.5950,0.000,-6.542,153.573,0,0,568,156,113,110
1778107408.699155,3,0.971575,0.693902,0.674178,0.8212,0.2745,1.5808,0.000,17.892,-148.115,0,0,112,109,118,133
1778107408.699155,69,0.996225,0.776162,0.773232,0.9505,-0.0769,1.4266,-0.000,12.294,176.347,0,0,341,233,98,114
1778107408.699155,57,0.851568,0.735915,0.626681,1.0136,-0.4982,1.5950,0.000,-8.401,154.221,0,0,569,155,110,105
1778107408.932740,3,0.972332,0.693897,0.674699,0.8194,0.2738,1.5798,-0.000,18.374,-147.727,0,0,112,110,118,132
1778107408.932740,69,0.996182,0.775474,0.772513,0.9534,-0.0754,1.4275,0.000,12.666,175.547,0,0,341,233,100,113
1778107408.932740,57,0.841153,0.736526,0.619532,1.0136,-0.4982,1.5950,0.000,-9.869,154.970,0,0,568,156,113,107
1778107408.932740,3,0.972687,0.694312,0.675348,0.8194,0.2738,1.5798,-0.000,18.374,-147.727,0,0,112,110,118,132
1778107408.932740,69,0.994980,0.776194,0.772298,0.9534,-0.0754,1.4275,0.000,12.666,175.547,0,0,340,233,98,114
1778107408.932740,57,0.836182,0.735915,0.615359,1.0136,-0.4982,1.5950,0.000,-9.869,154.970,0,0,569,155,110,107
1778107408.999474,3,0.970936,0.694312,0.674132,0.8212,0.2745,1.5808,0.000,17.871,-147.772,0,0,112,109,118,133
1778107408.999474,69,0.994711,0.776194,0.772089,0.9563,-0.0738,1.4284,-0.000,13.497,172.742,0,0,340,232,97,113
1778107408.999474,57,0.849759,0.735915,0.625350,1.0131,-0.5001,1.5967,0.000,-8.883,153.677,0,0,569,156,110,106
1778107409.166281,3,0.971887,0.693902,0.674395,0.8208,0.2745,1.5823,0.000,17.876,-148.218,0,0,112,109,117,133
1778107409.166281,69,0.997244,0.775724,0.773586,0.9558,-0.0738,1.4300,0.000,13.590,175.600,0,0,340,232,98,113
1778107409.166281,57,0.862929,0.737851,0.636713,1.0184,-0.5019,1.5931,-0.000,-7.670,152.856,0,0,569,158,114,110
1778107409.232991,3,0.973580,0.694315,0.675972,0.8225,0.2752,1.5833,0.000,17.885,-148.893,0,0,112,109,117,132
1778107409.232991,69,0.997213,0.775691,0.773529,0.9558,-0.0755,1.4300,0.000,13.970,174.712,0,0,341,232,100,113
1778107409.232991,57,0.862738,0.737218,0.636026,1.0147,-0.5001,1.5914,0.000,-7.712,154.257,0,0,569,158,114,110
1778107409.232991,3,0.971048,0.694315,0.674213,0.8225,0.2752,1.5833,0.000,17.885,-148.893,0,0,112,109,117,132
1778107409.232991,69,0.996686,0.775691,0.773121,0.9558,-0.0755,1.4300,0.000,13.970,174.712,0,0,341,232,100,113
1778107409.232991,57,0.872585,0.737218,0.643286,1.0147,-0.5001,1.5914,0.000,-7.712,154.257,0,0,569,158,113,110
1778107409.333093,3,0.971028,0.694315,0.674200,0.8225,0.2752,1.5833,-0.000,17.437,-148.430,0,0,112,109,117,132
1778107409.333093,69,0.995679,0.775004,0.771655,0.9529,-0.0754,1.4291,0.000,12.451,175.477,0,0,340,232,98,113
1778107409.333093,57,0.869582,0.737851,0.641622,1.0184,-0.5019,1.5931,0.000,-6.926,154.379,0,0,569,159,115,110
1778107409.466570,3,0.970394,0.695342,0.674755,0.8270,0.2770,1.5858,0.000,17.634,-147.936,0,0,112,109,117,133
1778107409.466570,69,0.996473,0.775036,0.772303,0.9529,-0.0737,1.4291,0.000,12.777,176.413,0,0,340,232,98,114
1778107409.466570,57,0.871065,0.738721,0.643474,1.0195,-0.5019,1.5896,0.000,-6.922,153.157,0,0,569,160,115,110
1778107409.466570,3,0.970914,0.694404,0.674206,0.8270,0.2770,1.5858,0.000,17.634,-147.936,0,0,113,109,118,132
1778107409.466570,69,0.997245,0.775004,0.772869,0.9529,-0.0737,1.4291,0.000,12.777,176.413,0,0,341,232,102,114
1778107409.466570,57,0.876249,0.737237,0.646004,1.0195,-0.5019,1.5896,0.000,-6.922,153.157,0,0,570,157,112,113
1778107409.600027,3,0.971197,0.693991,0.674002,0.8208,0.2730,1.5823,0.000,17.573,-148.440,0,0,113,109,118,133
1778107409.600027,69,0.996879,0.775004,0.772585,0.9529,-0.0754,1.4291,-0.000,13.206,175.749,0,0,341,232,102,113
1778107409.600027,57,0.881093,0.737672,0.649957,1.0184,-0.5037,1.5931,-0.000,-5.532,152.260,0,0,570,158,113,109
1778107409.600027,3,0.971946,0.693991,0.674521,0.8208,0.2730,1.5823,0.000,17.829,-148.415,0,0,113,109,117,133
1778107409.600027,69,0.997141,0.775004,0.772788,0.9529,-0.0754,1.4291,0.000,13.198,176.757,0,0,341,233,102,114
1778107409.600027,57,0.876484,0.737672,0.646557,1.0184,-0.5037,1.5931,0.000,-6.053,151.745,0,0,570,158,113,113
1778107409.766866,3,0.971723,0.695431,0.675766,0.8270,0.2755,1.5858,0.000,18.081,-148.026,0,1,113,109,117,133
1778107409.766866,69,0.996410,0.774971,0.772188,0.9529,-0.0770,1.4291,0.000,12.760,176.048,0,1,342,232,100,113
1778107409.766866,57,0.885782,0.738107,0.653801,1.0189,-0.5037,1.5914,-0.000,-5.059,152.494,1,1,570,159,113,110
1778107409.766866,3,0.973278,0.693997,0.675452,0.8270,0.2755,1.5858,0.000,18.081,-148.026,0,0,68,100,124,133
1778107409.766866,71,0.974887,0.840356,0.819252,0.9529,-0.0770,1.4291,0.000,12.760,176.048,0,0,526,178,105,115
1778107413.804199,72,0.972434,0.693445,0.674329,0.8529,0.3543,1.6156,0.000,17.570,-144.857,0,0,71,102,122,132
1778107413.804199,3,0.974643,0.835695,0.814504,1.7204,-0.7080,1.8516,0.000,8.709,160.235,0,0,528,179,105,115
1778107413.870938,3,0.969220,0.694602,0.673222,0.8538,0.3495,1.6126,0.000,17.390,-143.982,0,0,73,101,124,135
1778107413.870938,73,0.976491,0.835638,0.815993,1.7213,-0.7143,1.8485,0.000,9.040,159.824,0,0,530,179,105,114
1778107413.937660,3,0.970521,0.694793,0.674311,0.8535,0.3508,1.6152,0.000,17.572,-144.308,0,0,80,103,124,133
1778107413.937660,74,0.975455,0.835066,0.814569,1.7244,-0.7132,1.8485,0.000,9.005,161.195,0,0,538,178,106,117
1778107413.937660,75,0.972773,0.694793,0.675876,0.8535,0.3508,1.6152,0.000,17.402,-145.453,0,0,87,105,122,133
1778107413.937660,3,0.976506,0.835066,0.815447,1.7244,-0.7132,1.8485,-0.000,8.952,159.413,0,0,545,177,107,118
1778107414.104461,3,0.968934,0.690629,0.669174,0.8208,0.3085,1.5891,0.000,17.726,-145.120,0,0,90,105,120,133
1778107414.104461,3,0.969489,0.690629,0.669558,0.8208,0.3085,1.5891,0.000,17.585,-145.486,0,0,92,106,122,133
1778107414.171199,3,0.969823,0.692638,0.671736,0.8274,0.3082,1.5912,-0.000,16.998,-146.488,0,0,101,109,118,128
1778107414.171199,77,0.973998,0.755486,0.735842,1.0652,-0.4833,1.5772,-0.000,9.380,161.545,0,0,561,175,110,117
1778107414.237937,3,0.968877,0.695138,0.673504,0.8306,0.2952,1.5878,0.000,17.676,-146.077,0,0,103,109,117,132
1778107414.338047,3,0.966687,0.697031,0.673811,0.8355,0.2894,1.5889,-0.000,17.088,-146.457,0,0,106,110,118,132
1778107414.338047,3,0.967062,0.697621,0.674643,0.8355,0.2894,1.5889,-0.000,17.088,-146.457,0,0,108,110,118,132
1778107414.338047,77,0.972906,0.742199,0.722090,nan,nan,nan,nan,nan,nan,0,0,568,175,112,115
1778107414.404786,3,0.970325,0.697621,0.676919,0.8372,0.2871,1.5899,-0.000,17.440,-147.592,0,0,113,111,116,132
1778107414.404786,77,0.970993,0.742199,0.720670,1.0092,-0.4911,1.5552,0.000,8.641,160.444,0,0,572,174,113,114
1778107414.404786,3,0.970124,0.698091,0.677235,0.8372,0.2871,1.5899,-0.000,17.440,-147.592,0,0,115,112,116,129
1778107414.404786,77,0.978118,0.740056,0.723862,1.0092,-0.4911,1.5552,0.000,8.641,160.444,0,0,576,174,112,114
1778107414.538259,3,0.968104,0.698686,0.676400,0.8364,0.2756,1.5860,0.000,16.852,-148.105,0,0,118,112,116,132
1778107414.538259,77,0.971125,0.738837,0.717503,1.0003,-0.5015,1.5533,-0.000,8.806,160.060,0,0,579,173,114,115
1778107414.538259,3,0.968620,0.698756,0.676829,0.8364,0.2756,1.5860,0.000,16.852,-148.105,0,0,118,113,115,130
1778107414.538259,77,0.970190,0.735872,0.713936,1.0003,-0.5015,1.5533,-0.000,8.806,160.060,0,0,579,173,114,115
1778107414.671700,3,0.967009,0.698756,0.675703,0.8341,0.2699,1.5830,0.000,16.761,-148.071,0,0,118,113,116,130
1778107414.671700,77,0.973574,0.735872,0.716426,0.9887,-0.5013,1.5503,0.000,9.522,159.781,0,0,578,173,113,117
1778107414.738438,3,0.966831,0.698756,0.675579,0.8341,0.2699,1.5830,0.000,16.420,-148.433,0,0,118,112,115,129
1778107414.738438,77,0.970033,0.736553,0.714481,0.9915,-0.5009,1.5515,-0.000,8.616,159.956,0,0,579,174,114,115
1778107414.838546,3,0.966952,0.699369,0.676257,0.8368,0.2710,1.5845,0.000,16.530,-148.338,0,0,118,113,116,130
1778107414.838546,77,0.973521,0.736553,0.717049,0.9915,-0.5009,1.5515,-0.000,9.306,159.429,0,0,578,173,113,117
1778107414.838546,3,0.965535,0.699369,0.675265,0.8368,0.2710,1.5845,0.000,16.530,-148.338,0,0,118,113,116,130
1778107414.838546,77,0.971601,0.737052,0.716120,0.9915,-0.5009,1.5515,-0.000,9.306,159.429,0,0,578,173,113,117
1778107414.905282,3,0.968646,0.699369,0.677442,0.8368,0.2710,1.5845,0.000,16.873,-148.535,0,0,118,112,116,132
1778107414.905282,77,0.970807,0.737052,0.715535,0.9943,-0.5023,1.5527,0.000,8.843,160.001,0,0,578,174,113,117
1778107414.905282,3,0.968026,0.699361,0.677000,0.8368,0.2710,1.5845,0.000,16.873,-148.535,0,0,118,112,116,132
1778107414.905282,77,0.971152,0.736982,0.715721,0.9943,-0.5023,1.5527,0.000,8.843,160.001,0,0,578,174,112,117
1778107415.038743,3,0.967254,0.699361,0.676460,0.8382,0.2716,1.5870,0.000,16.645,-148.399,0,0,118,112,116,132
1778107415.038743,77,0.973042,0.737481,0.717600,0.9948,-0.5023,1.5509,-0.000,8.790,158.756,0,0,577,174,113,115
1778107415.105463,3,0.967930,0.698954,0.676539,0.8364,0.2710,1.5860,0.000,16.862,-148.378,0,0,118,112,116,132
1778107415.105463,77,0.972755,0.738655,0.718530,1.0003,-0.5033,1.5533,-0.000,8.741,158.875,0,0,577,174,113,117
1778107415.238932,3,0.966478,0.698954,0.675524,0.8364,0.2710,1.5860,0.000,16.335,-148.511,0,0,118,112,116,132
1778107415.238932,77,0.971014,0.737481,0.716104,0.9948,-0.5023,1.5509,-0.000,8.502,159.352,0,0,578,174,114,117
1778107415.238932,3,0.968359,0.698954,0.676838,0.8364,0.2710,1.5860,0.000,16.689,-148.761,0,0,117,112,115,132
1778107415.238932,77,0.972796,0.737481,0.717418,0.9948,-0.5023,1.5509,0.000,10.477,161.927,0,0,578,174,112,120
1778107415.305682,3,0.970032,0.698865,0.677922,0.8364,0.2725,1.5860,0.000,17.117,-148.738,0,0,117,112,116,132
1778107415.305682,77,0.974617,0.736982,0.718275,0.9920,-0.5009,1.5498,-0.000,9.937,160.234,0,0,578,174,113,117
1778107415.372409,3,0.970221,0.698865,0.678054,0.8364,0.2725,1.5860,-0.000,16.798,-149.235,0,0,117,113,116,130
1778107415.372409,77,0.974474,0.737481,0.718656,0.9948,-0.5023,1.5509,0.000,9.958,160.345,0,0,578,174,113,120
1778107415.472526,3,0.969689,0.698667,0.677490,0.8341,0.2715,1.5830,0.000,16.751,-148.980,0,0,117,113,116,130
1778107415.472526,77,0.975805,0.736480,0.718662,0.9892,-0.4996,1.5486,0.000,10.017,159.733,0,0,578,174,113,117
1778107415.472526,3,0.969705,0.698667,0.677501,0.8341,0.2715,1.5830,0.000,16.888,-148.806,0,0,117,113,116,130
1778107415.472526,77,0.975655,0.736480,0.718551,0.9892,-0.4996,1.5486,0.000,10.124,160.015,0,0,579,174,112,122
1778107415.539264,3,0.970687,0.698667,0.678187,0.8341,0.2715,1.5830,0.000,17.238,-148.743,0,0,117,113,116,130
1778107415.539264,77,0.977388,0.736801,0.720140,0.9920,-0.5027,1.5498,0.000,10.293,159.285,0,0,579,174,113,121
1778107415.605994,3,0.968426,0.698667,0.676607,0.8341,0.2715,1.5830,0.000,17.271,-147.862,0,0,116,112,116,133
1778107415.605994,77,0.973560,0.736801,0.717320,0.9920,-0.5027,1.5498,-0.000,9.730,160.352,0,0,579,174,113,124
1778107415.672718,3,0.967361,0.698164,0.675377,0.8337,0.2730,1.5845,-0.000,16.613,-148.247,0,0,116,112,116,132
1778107415.672718,77,0.977063,0.736801,0.719900,0.9920,-0.5027,1.5498,0.000,10.443,159.757,0,0,580,174,110,122
1778107415.739411,3,0.966573,0.697755,0.674431,0.8319,0.2723,1.5835,0.000,16.500,-148.099,0,0,116,112,116,133
1778107415.739411,77,0.977974,0.736619,0.720394,0.9920,-0.5045,1.5498,-0.000,10.438,159.159,0,0,580,173,112,121
1778107415.806128,3,0.966119,0.698776,0.675100,0.8364,0.2740,1.5860,0.000,16.441,-148.008,0,0,116,112,116,133
1778107415.806128,77,0.977199,0.736191,0.719405,0.9915,-0.5045,1.5515,0.000,10.406,159.375,0,0,579,173,113,120
1778107415.806128,3,0.965979,0.697755,0.674016,0.8364,0.2740,1.5860,0.000,16.441,-148.008,0,0,116,112,116,133
1778107415.806128,77,0.975031,0.736372,0.717986,0.9915,-0.5045,1.5515,0.000,10.406,159.375,0,0,579,173,113,121
1778107415.972996,3,0.969211,0.698164,0.676669,0.8337,0.2730,1.5845,0.000,16.935,-148.536,0,0,116,112,115,132
1778107415.972996,77,0.976304,0.735370,0.717944,0.9859,-0.4999,1.5491,0.000,10.163,159.487,0,0,579,173,113,121
1778107416.039734,3,0.967281,0.698578,0.675721,0.8341,0.2730,1.5830,0.000,16.600,-148.137,0,0,116,113,116,130
1778107416.039734,77,0.980664,0.734686,0.720480,0.9832,-0.5003,1.5479,0.000,10.762,157.821,0,0,580,173,112,121
1778107416.039734,3,0.968025,0.698578,0.676241,0.8341,0.2730,1.5830,0.000,16.600,-148.137,0,0,116,112,116,133
1778107416.039734,77,0.978582,0.734686,0.718950,0.9832,-0.5003,1.5479,0.000,10.762,157.821,0,0,580,173,114,121
1778107416.139801,3,0.967201,0.697755,0.674869,0.8319,0.2723,1.5835,0.000,16.426,-148.430,0,0,116,112,116,133
1778107416.139801,77,0.980463,0.735617,0.721245,0.9865,-0.5017,1.5474,-0.000,11.139,158.976,0,0,580,174,113,121
1778107416.139801,3,0.967412,0.697755,0.675016,0.8319,0.2723,1.5835,0.000,16.881,-147.931,0,0,116,112,116,132
1778107416.139801,77,0.981827,0.735617,0.722249,0.9865,-0.5017,1.5474,-0.000,11.294,158.381,0,0,580,174,113,122
1778107416.239904,3,0.968538,0.697755,0.675802,0.8319,0.2723,1.5835,-0.000,16.978,-148.227,0,0,116,112,116,132
1778107416.239904,77,0.977545,0.736119,0.719590,0.9892,-0.5031,1.5486,0.000,11.460,161.039,0,0,581,175,114,122
1778107416.340010,3,0.965512,0.697755,0.673691,0.8319,0.2723,1.5835,0.000,16.420,-147.815,0,0,116,112,116,133
1778107416.340010,77,0.980964,0.736437,0.722418,0.9920,-0.5063,1.5498,-0.000,11.633,159.486,0,0,581,174,114,121
1778107416.340010,3,0.965873,0.697755,0.673942,0.8319,0.2723,1.5835,-0.000,16.434,-147.927,0,0,116,112,116,133
1778107416.340010,77,0.978454,0.736437,0.720570,0.9920,-0.5063,1.5498,-0.000,11.232,160.202,0,0,581,174,114,120
1778107416.340010,3,0.964100,0.697755,0.672705,0.8319,0.2723,1.5835,-0.000,16.434,-147.927,0,0,116,112,116,132
1778107416.340010,77,0.979490,0.736934,0.721820,0.9920,-0.5063,1.5498,-0.000,11.232,160.202,0,0,581,174,114,120
1778107416.540226,3,0.965712,0.697344,0.673434,0.8301,0.2716,1.5824,0.000,16.331,-148.000,0,0,116,112,116,133
1778107416.540226,77,0.978509,0.737179,0.721336,0.9953,-0.5095,1.5492,-0.000,11.048,159.973,0,0,582,175,114,120
1778107416.606951,3,0.965883,0.696933,0.673156,0.8283,0.2709,1.5814,0.000,16.641,-147.675,0,0,116,112,116,133
1778107416.606951,77,0.973813,0.737607,0.718291,0.9958,-0.5095,1.5475,-0.000,9.810,160.497,0,0,582,176,114,120
1778107416.673666,3,0.967247,0.697755,0.674901,0.8319,0.2723,1.5835,0.000,16.640,-148.171,0,0,116,112,116,132
1778107416.673666,77,0.979424,0.738035,0.722849,0.9964,-0.5095,1.5458,0.000,10.470,158.767,0,0,582,177,114,118
1778107416.740404,3,0.967650,0.697755,0.675182,0.8319,0.2723,1.5835,0.000,16.640,-148.320,0,0,116,112,116,132
1778107416.740404,77,0.980353,0.738035,0.723535,0.9964,-0.5095,1.5458,-0.000,10.807,158.836,0,0,582,177,113,121
1778107416.807141,3,0.969139,0.698578,0.677019,0.8341,0.2730,1.5830,0.000,17.052,-148.267,0,0,116,113,116,130
1778107416.807141,77,0.978711,0.739882,0.724131,1.0030,-0.5123,1.5448,0.000,10.408,159.433,0,0,582,179,113,122
1778107416.807141,3,0.968352,0.698578,0.676470,0.8341,0.2730,1.5830,0.000,16.743,-148.356,0,0,116,113,116,130
1778107416.807141,77,0.979886,0.739882,0.725000,1.0030,-0.5123,1.5448,0.000,10.654,159.188,0,0,582,179,113,121
1778107416.873864,3,0.970523,0.698578,0.677986,0.8341,0.2730,1.5830,0.000,17.022,-148.836,0,0,116,113,116,130
1778107416.873864,77,0.977671,0.739882,0.723361,1.0030,-0.5123,1.5448,0.000,10.280,159.787,0,0,582,179,114,120
1778107416.940608,3,0.966953,0.698168,0.675096,0.8324,0.2723,1.5820,0.000,16.664,-147.938,0,0,116,112,116,132
1778107416.940608,77,0.981240,0.739882,0.726002,1.0030,-0.5123,1.5448,0.000,10.980,158.958,0,0,581,180,113,120
1778107417.040711,3,0.970684,0.698164,0.677697,0.8337,0.2730,1.5845,0.000,17.288,-148.659,0,0,116,113,116,130
1778107417.040711,77,0.980196,0.740498,0.725833,1.0035,-0.5105,1.5430,0.000,10.798,159.487,0,0,581,180,113,120
1778107417.174181,3,0.970148,0.697344,0.676527,0.8301,0.2716,1.5824,0.000,17.176,-148.592,0,0,116,112,116,132
1778107417.174181,77,0.978562,0.740432,0.724559,1.0013,-0.5091,1.5402,0.000,10.800,160.505,0,0,581,181,114,120
1778107417.174181,3,0.968648,0.697344,0.675481,0.8301,0.2716,1.5824,0.000,17.176,-148.592,0,0,116,113,116,130
1778107417.174181,77,0.979937,0.740432,0.725577,1.0013,-0.5091,1.5402,0.000,10.800,160.505,0,0,581,182,114,120
1778107417.174181,3,0.968320,0.697345,0.675254,0.8301,0.2716,1.5824,0.000,16.734,-148.579,0,0,116,113,116,130
1778107417.174181,77,0.980859,0.740861,0.726680,1.0013,-0.5091,1.5402,0.000,11.125,160.287,0,0,580,183,113,118
1778107417.307625,3,0.973223,0.697345,0.678672,0.8288,0.2709,1.5800,-0.000,17.227,-149.678,0,0,116,113,117,130
1778107417.307625,77,0.977722,0.740978,0.724470,0.9995,-0.5059,1.5356,0.000,10.526,160.862,0,0,580,183,113,118
1778107417.307625,3,0.971254,0.697345,0.677300,0.8288,0.2709,1.5800,-0.000,17.227,-149.678,0,0,116,113,116,130
1778107417.307625,77,0.981749,0.742900,0.729342,0.9995,-0.5059,1.5356,0.000,10.526,160.862,0,0,580,184,113,118
1778107417.474471,3,0.970495,0.697345,0.676770,0.8288,0.2709,1.5800,0.000,17.350,-148.416,0,0,116,112,116,132
1778107417.474471,77,0.980943,0.743393,0.729227,1.0112,-0.5115,1.5385,0.000,10.847,159.836,0,0,580,184,112,117
1778107417.474471,3,0.971306,0.696520,0.676534,0.8266,0.2702,1.5804,-0.000,17.460,-148.687,0,0,116,113,116,130
1778107417.474471,77,0.979227,0.743393,0.727951,1.0112,-0.5115,1.5385,0.000,10.485,160.195,0,0,579,185,113,118
1778107417.541203,3,0.970791,0.696932,0.676575,0.8270,0.2702,1.5790,0.000,17.180,-148.740,0,0,116,112,116,132
1778107417.541203,77,0.979040,0.744013,0.728419,1.0117,-0.5097,1.5367,0.000,10.470,160.479,0,0,579,185,112,118
1778107417.607927,3,0.969483,0.696520,0.675265,0.8266,0.2702,1.5804,0.000,17.135,-148.388,0,0,115,112,117,129
1778107417.607927,77,0.980242,0.743518,0.728828,1.0089,-0.5083,1.5356,0.000,10.725,160.241,0,0,579,184,114,117
1778107417.607927,3,0.968146,0.696432,0.674248,0.8266,0.2702,1.5804,0.000,17.135,-148.388,0,0,115,112,117,132
1778107417.607927,77,0.977963,0.743581,0.727195,1.0089,-0.5083,1.5356,0.000,10.725,160.241,0,0,578,184,113,117
1778107417.674661,3,0.968480,0.696432,0.674480,0.8266,0.2717,1.5804,0.000,16.889,-148.076,0,0,115,112,117,130
1778107417.674661,77,0.980051,0.743769,0.728932,1.0112,-0.5097,1.5385,0.000,10.402,160.774,0,0,578,184,114,117
1778107417.741391,3,0.966363,0.695811,0.672406,0.8266,0.2717,1.5804,0.000,17.008,-148.052,0,0,115,112,117,130
1778107417.741391,77,0.980366,0.743769,0.729166,1.0112,-0.5079,1.5385,-0.000,10.404,159.738,0,0,578,184,113,117
1778107417.908194,3,0.968016,0.695811,0.673556,0.8239,0.2707,1.5789,-0.000,16.586,-148.413,0,0,115,112,117,132
1778107417.908194,77,0.980072,0.743769,0.728947,1.0112,-0.5079,1.5385,0.000,10.390,159.703,0,0,578,184,113,117
1778107417.908194,3,0.968127,0.695811,0.673634,0.8239,0.2707,1.5789,0.000,16.568,-148.479,0,0,115,112,117,130
1778107417.908194,77,0.981057,0.743769,0.729680,1.0112,-0.5079,1.5385,0.000,10.910,160.003,0,0,578,184,113,117
1778107417.974930,3,0.968598,0.695811,0.673961,0.8239,0.2707,1.5789,0.000,16.879,-148.257,0,0,115,112,116,130
1778107417.974930,77,0.975915,0.743769,0.725855,1.0112,-0.5079,1.5385,-0.000,9.915,161.106,0,0,579,184,112,120
1778107418.075032,3,0.970513,0.694980,0.674487,0.8203,0.2693,1.5769,0.000,17.354,-148.395,0,0,115,112,116,130
1778107418.075032,77,0.977513,0.743581,0.726861,1.0112,-0.5097,1.5385,0.000,10.548,161.192,0,0,579,184,112,118
1778107418.075032,3,0.968893,0.694980,0.673361,0.8203,0.2693,1.5769,0.000,17.472,-147.655,0,0,115,111,116,130
1778107418.075032,77,0.979915,0.743581,0.728647,1.0112,-0.5097,1.5385,0.000,11.015,160.688,0,0,579,184,112,118
1778107418.141771,3,0.970007,0.695400,0.674543,0.8234,0.2707,1.5804,-0.000,17.521,-148.092,0,0,115,111,116,129
1778107418.141771,77,0.977725,0.743581,0.727018,1.0112,-0.5097,1.5385,0.000,10.254,160.672,0,0,579,184,112,118
1778107418.208509,3,0.968422,0.695400,0.673441,0.8234,0.2707,1.5804,0.000,17.674,-147.345,0,0,114,110,117,132
1778107418.208509,77,0.980882,0.743087,0.728881,1.0084,-0.5083,1.5373,-0.000,10.563,159.466,0,0,579,183,112,118
1778107418.308612,3,0.965055,0.695521,0.671216,0.8257,0.2732,1.5833,0.000,16.476,-147.538,0,0,114,110,117,130
1778107418.308612,77,0.978646,0.743769,0.727886,1.0112,-0.5079,1.5385,-0.000,10.906,161.216,0,0,578,184,113,118
1778107418.375351,3,0.968588,0.694576,0.672758,0.8212,0.2700,1.5808,-0.000,17.443,-147.751,0,0,115,110,116,132
1778107418.375351,77,0.979734,0.743581,0.728512,1.0112,-0.5097,1.5385,0.000,10.296,159.672,0,0,579,184,112,118
1778107418.375351,3,0.967596,0.694576,0.672069,0.8212,0.2700,1.5808,-0.000,17.075,-147.830,0,0,115,110,118,132
1778107418.375351,77,0.979274,0.743581,0.728170,1.0112,-0.5097,1.5385,-0.000,11.024,161.010,0,0,578,183,112,117
1778107418.442079,3,0.967324,0.694160,0.671478,0.8194,0.2693,1.5798,-0.000,17.278,-147.491,0,0,115,110,118,130
1778107418.442079,77,0.981043,0.743337,0.729246,1.0107,-0.5079,1.5402,-0.000,11.578,160.829,0,0,578,183,112,120
1778107418.442079,3,0.966457,0.694576,0.671278,0.8194,0.2693,1.5798,-0.000,17.278,-147.491,0,0,114,110,117,130
1778107418.442079,77,0.980462,0.743829,0.729297,1.0107,-0.5079,1.5402,-0.000,11.578,160.829,0,0,578,183,112,120
1778107418.575540,3,0.963903,0.695521,0.670415,0.8257,0.2732,1.5833,0.000,16.534,-147.066,0,0,114,109,117,132
1778107418.575540,77,0.980239,0.743337,0.728648,1.0107,-0.5079,1.5402,0.000,10.683,159.939,0,0,578,183,113,118
1778107418.642255,3,0.967553,0.695520,0.672952,0.8270,0.2739,1.5858,0.000,17.416,-147.383,0,0,114,109,117,132
1778107418.642255,77,0.981611,0.743829,0.730151,1.0135,-0.5093,1.5413,0.000,10.718,159.187,0,0,578,183,113,118
1778107418.742361,3,0.970476,0.695109,0.674587,0.8265,0.2739,1.5873,0.000,17.822,-148.063,0,0,114,108,117,133
1778107418.742361,77,0.983151,0.743092,0.730571,1.0101,-0.5061,1.5419,0.000,10.886,158.333,0,0,577,182,113,120
1778107418.809101,3,0.969468,0.695109,0.673886,0.8265,0.2739,1.5873,0.000,17.227,-148.418,0,0,114,108,117,133
1778107418.809101,77,0.985966,0.743092,0.732664,1.0101,-0.5061,1.5419,-0.000,11.758,158.012,0,0,577,182,113,120
1778107418.809101,3,0.970374,0.695109,0.674516,0.8265,0.2739,1.5873,0.000,17.268,-148.725,0,0,114,108,117,132
1778107418.809101,77,0.986636,0.743092,0.733162,1.0101,-0.5061,1.5419,0.000,11.225,155.672,0,0,578,182,114,120
1778107418.809101,3,0.972658,0.695926,0.676898,0.8265,0.2739,1.5873,0.000,17.268,-148.725,0,0,114,108,117,132
1778107418.809101,77,0.986108,0.742906,0.732585,1.0101,-0.5061,1.5419,0.000,11.225,155.672,0,0,578,182,112,118
1778107418.942531,3,0.970184,0.695926,0.675176,0.8301,0.2754,1.5893,0.000,17.357,-148.531,0,0,114,108,117,133
1778107418.942531,77,0.985580,0.742906,0.732193,1.0101,-0.5079,1.5419,-0.000,10.688,152.470,0,0,578,182,112,118
1778107418.942531,3,0.973892,0.695926,0.677757,0.8301,0.2754,1.5893,0.000,17.357,-148.531,0,0,114,108,117,133
1778107418.942531,77,0.987113,0.741981,0.732419,1.0101,-0.5079,1.5419,-0.000,10.688,152.470,0,0,578,181,113,120
1778107419.042639,3,0.976300,0.695926,0.679432,0.8301,0.2754,1.5893,0.000,18.123,-150.116,0,0,114,108,117,133
1778107419.042639,77,0.986057,0.741981,0.731635,1.0068,-0.5065,1.5425,-0.000,11.610,149.712,0,0,579,181,112,120
1778107419.109382,3,0.976095,0.696940,0.680280,0.8345,0.2771,1.5918,-0.000,17.856,-150.414,0,0,114,108,117,133
1778107419.109382,77,0.985060,0.741795,0.730712,1.0068,-0.5083,1.5425,-0.000,11.497,148.991,0,0,579,181,112,120
1778107419.209490,3,0.975233,0.697344,0.680073,0.8363,0.2778,1.5929,0.000,17.642,-150.324,0,0,114,108,117,133
1778107419.209490,77,0.983680,0.741795,0.729688,1.0068,-0.5083,1.5425,0.000,11.338,148.287,0,0,579,181,112,120
1778107419.276228,3,0.974149,0.698263,0.680212,0.8372,0.2763,1.5899,-0.000,16.978,-150.722,0,0,115,110,117,130
1778107419.276228,77,0.982497,0.742288,0.729295,1.0096,-0.5097,1.5436,-0.000,11.299,147.586,0,0,579,181,112,120
1778107419.276228,3,0.976665,0.698263,0.681969,0.8372,0.2763,1.5899,-0.000,17.459,-151.208,0,0,115,110,117,132
1778107419.276228,77,0.980966,0.742288,0.728159,1.0096,-0.5097,1.5436,0.000,11.010,147.166,0,0,580,180,110,121
1778107419.376330,3,0.976520,0.699271,0.682852,0.8417,0.2780,1.5924,0.000,17.780,-150.618,0,0,116,110,116,132
1778107419.376330,77,0.979329,0.741178,0.725857,1.0063,-0.5101,1.5442,0.000,10.682,146.813,0,0,580,180,112,120
1778107419.376330,3,0.974102,0.698757,0.680661,0.8417,0.2780,1.5924,0.000,17.780,-150.618,0,0,116,110,116,132
1778107419.376330,77,0.975507,0.741178,0.723024,1.0063,-0.5101,1.5442,0.000,10.682,146.813,0,0,581,180,110,120
1778107419.543147,3,0.972487,0.699362,0.680120,0.8417,0.2765,1.5924,0.000,16.877,-150.211,0,0,116,110,116,132
1778107419.543147,77,0.979337,0.740498,0.725197,1.0035,-0.5105,1.5430,-0.000,10.988,146.230,0,0,581,180,110,120
1778107419.543147,0,0.975006,0.699362,0.681882,0.8417,0.2765,1.5924,-0.000,17.077,-151.113,0,0,116,111,115,130
1778107419.543147,1,0.980972,0.740498,0.726407,1.0035,-0.5105,1.5430,-0.000,11.095,146.942,0,0,581,180,112,120
1778107419.643241,3,0.975670,0.699172,0.682162,0.8395,0.2754,1.5895,0.000,16.797,-151.831,0,0,116,110,115,129
1778107419.643241,77,0.982830,0.740498,0.727784,1.0035,-0.5105,1.5430,0.000,11.254,147.800,0,0,581,180,112,121
1778107419.643241,78,0.642422,0.777033,0.499183,0.9765,-0.0750,1.4544,0.000,-9.301,135.148,0,0,339,223,98,105
1778107419.643241,3,0.973108,0.698847,0.680053,0.8395,0.2754,1.5895,0.000,16.797,-151.831,0,0,117,110,116,132
1778107419.643241,79,0.983947,0.740991,0.729096,1.0035,-0.5105,1.5430,0.000,11.254,147.800,0,0,581,180,113,120
1778107419.810101,3,0.970721,0.699763,0.679274,0.8435,0.2772,1.5935,0.000,16.299,-150.319,0,0,116,110,115,130
1778107419.810101,80,0.984003,0.740068,0.728229,1.0030,-0.5105,1.5448,0.000,11.074,149.263,0,0,581,179,113,121
1778107419.876840,3,0.973372,0.699452,0.680826,0.8417,0.2749,1.5924,0.000,16.918,-150.686,0,0,117,110,116,129
1778107419.876840,81,0.982931,0.739573,0.726949,1.0002,-0.5091,1.5436,-0.000,10.839,148.931,0,0,581,179,113,121
1778107419.876840,3,0.970552,0.699452,0.678854,0.8417,0.2749,1.5924,-0.000,16.181,-150.561,0,0,117,110,116,129
1778107419.876840,82,0.982200,0.739573,0.726409,1.0002,-0.5091,1.5436,-0.000,10.668,148.752,0,0,582,180,112,120
1778107419.943555,3,0.970289,0.699452,0.678670,0.8417,0.2749,1.5924,0.000,16.019,-150.715,0,0,117,110,115,129
1778107419.943555,83,0.979764,0.740312,0.725331,1.0035,-0.5123,1.5430,0.000,10.512,147.133,0,0,583,179,112,121
1778107420.010288,0,0.972254,0.699452,0.680045,0.8417,0.2749,1.5924,0.000,16.326,-151.145,0,0,117,111,115,128
1778107420.010288,1,0.979384,0.739696,0.724446,1.0030,-0.5141,1.5448,-0.000,10.550,146.874,0,0,583,179,112,121
1778107420.143765,3,0.970452,0.699262,0.678600,0.8395,0.2739,1.5895,0.000,15.830,-150.988,0,0,117,111,115,129
1778107420.143765,83,0.980204,0.738706,0.724082,0.9974,-0.5113,1.5424,0.000,10.522,147.421,0,0,583,179,112,121
1778107420.143765,78,0.659860,0.777502,0.513042,0.9784,-0.0734,1.4550,-0.000,-9.728,137.176,0,0,339,222,98,109
1778107420.143765,0,0.971220,0.699262,0.679137,0.8395,0.2739,1.5895,0.000,16.193,-150.723,0,0,117,111,115,130
1778107420.143765,1,0.980992,0.738706,0.724665,0.9974,-0.5113,1.5424,0.000,11.215,146.670,0,0,584,179,112,124
1778107420.210503,3,0.972431,0.699262,0.679984,0.8395,0.2739,1.5895,0.000,16.157,-151.396,0,0,117,111,115,130
1778107420.210503,84,0.984551,0.738520,0.727111,0.9974,-0.5130,1.5424,0.000,11.632,148.082,0,0,584,179,112,124
1778107420.277283,3,0.972124,0.699262,0.679770,0.8395,0.2739,1.5895,0.000,16.355,-150.885,0,0,117,111,115,130
1778107420.277283,85,0.984017,0.739015,0.727204,1.0002,-0.5145,1.5436,-0.000,10.950,149.237,0,0,584,180,112,122
1778107420.344018,3,0.972962,0.698857,0.679961,0.8377,0.2732,1.5884,-0.000,16.148,-151.698,0,0,117,111,115,129
1778107420.344018,85,0.984047,0.738948,0.727160,0.9979,-0.5130,1.5407,-0.000,10.668,149.876,0,0,584,179,112,124
1778107420.477454,3,0.973826,0.698857,0.680565,0.8377,0.2732,1.5884,-0.000,16.320,-151.840,0,0,117,111,114,130
1778107420.477454,85,0.983017,0.739509,0.726949,1.0030,-0.5159,1.5448,0.000,10.271,150.433,0,0,584,179,112,124
1778107420.477454,78,0.686887,0.778086,0.534457,0.9733,-0.0748,1.4444,-0.000,-6.857,137.357,0,0,340,227,94,102
1778107420.544194,3,0.972943,0.698757,0.679851,0.8390,0.2754,1.5909,0.000,16.508,-151.044,0,0,116,110,115,129
1778107420.544194,86,0.982741,0.739015,0.726261,1.0002,-0.5145,1.5436,0.000,10.337,149.827,0,0,584,179,112,122
1778107420.610878,3,0.973642,0.698757,0.680339,0.8390,0.2754,1.5909,0.000,16.429,-151.559,0,0,116,111,115,130
1778107420.610878,87,0.982074,0.739080,0.725831,1.0024,-0.5159,1.5465,0.000,10.460,149.034,0,0,584,178,111,124
1778107420.677617,0,0.971235,0.699082,0.678973,0.8395,0.2770,1.5895,-0.000,15.737,-151.313,0,0,115,111,115,130
1778107420.677617,1,0.710397,0.777106,0.552053,0.9723,-0.0765,1.4476,0.000,-7.980,140.454,0,0,341,225,90,103
1778107420.677617,2,0.982216,0.738334,0.725203,0.9974,-0.5148,1.5424,0.000,10.294,149.280,0,0,585,179,110,126
1778107420.744355,3,0.969650,0.698263,0.677070,0.8372,0.2763,1.5899,-0.000,15.200,-151.721,0,0,115,110,115,129
1778107420.744355,78,0.675000,0.777546,0.524844,0.9728,-0.0782,1.4460,0.000,-8.197,136.969,0,0,342,226,93,103
1778107420.744355,87,0.983716,0.738334,0.726311,0.9974,-0.5148,1.5424,-0.000,10.711,149.515,0,0,585,179,110,126
1778107420.811092,0,0.970452,0.698677,0.678033,0.8377,0.2763,1.5884,0.000,15.945,-150.533,0,0,115,111,115,128
1778107420.811092,1,0.985406,0.738334,0.727559,0.9974,-0.5148,1.5424,0.000,11.232,149.707,0,0,585,179,110,130
1778107420.877813,0,0.971247,0.698667,0.678578,0.8390,0.2770,1.5909,-0.000,16.359,-150.343,0,0,115,110,115,129
1778107420.877813,1,0.985002,0.737410,0.726350,0.9941,-0.5134,1.5429,0.000,11.008,150.310,0,0,585,178,109,128
1778107420.877813,2,0.739801,0.776529,0.574477,0.9718,-0.0816,1.4492,0.000,-6.843,142.424,0,0,344,224,98,103
1778107420.877813,3,0.970204,0.698667,0.677850,0.8390,0.2770,1.5909,-0.000,16.075,-150.330,0,0,115,110,115,129
1778107420.877813,87,0.984930,0.737410,0.726297,0.9941,-0.5134,1.5429,0.000,11.051,150.049,0,0,585,178,109,126
1778107420.877813,78,0.761193,0.776529,0.591088,0.9718,-0.0816,1.4492,-0.000,-6.108,144.208,0,0,342,226,93,100
1778107421.044660,3,0.972227,0.697857,0.678476,0.8355,0.2756,1.5889,0.000,16.323,-150.886,0,0,115,110,116,129
1778107421.044660,87,0.984937,0.736300,0.725210,0.9908,-0.5138,1.5435,0.000,11.219,149.633,0,0,586,177,108,125
1778107421.044660,78,0.778349,0.777794,0.605396,0.9709,-0.0797,1.4418,0.000,-6.878,146.636,0,0,343,228,92,100
1778107421.111381,0,0.971967,0.698272,0.678697,0.8359,0.2756,1.5874,0.000,16.379,-150.519,0,0,115,111,116,130
1778107421.111381,1,0.986110,0.737224,0.726984,0.9941,-0.5152,1.5429,-0.000,11.342,150.381,0,0,586,178,107,126
1778107421.211483,3,0.969221,0.697857,0.676378,0.8355,0.2756,1.5889,0.000,16.064,-149.896,0,0,115,110,116,129
1778107421.211483,87,0.982666,0.736300,0.723537,0.9908,-0.5138,1.5435,-0.000,10.549,149.336,0,0,586,177,107,125
1778107421.211483,78,0.792147,0.776304,0.614947,0.9694,-0.0831,1.4467,-0.000,-4.429,146.304,0,0,345,225,96,103
1778107421.211483,3,0.969671,0.697857,0.676692,0.8355,0.2756,1.5889,0.000,15.803,-150.549,0,0,115,111,116,129
1778107421.211483,78,0.808712,0.776304,0.627806,0.9694,-0.0831,1.4467,-0.000,-3.605,147.674,0,0,345,229,98,105
1778107421.211483,87,0.983546,0.736300,0.724185,0.9908,-0.5138,1.5435,-0.000,10.631,150.068,0,0,586,177,107,128
1778107421.378337,3,0.971545,0.698677,0.678796,0.8377,0.2763,1.5884,0.000,16.099,-150.796,0,0,115,111,115,128
1778107421.378337,78,0.848486,0.778188,0.660282,0.9700,-0.0847,1.4380,0.000,-1.357,150.639,0,0,346,230,98,105
1778107421.378337,87,0.984320,0.736300,0.724755,0.9908,-0.5138,1.5435,0.000,10.698,150.970,0,0,586,177,107,126
1778107421.445067,3,0.971270,0.698677,0.678604,0.8377,0.2763,1.5884,0.000,15.869,-151.079,0,0,115,111,115,130
1778107421.445067,78,0.820238,0.777045,0.637362,0.9667,-0.0845,1.4387,0.000,-3.013,148.272,0,0,346,229,100,105
1778107421.445067,87,0.984152,0.735616,0.723958,0.9880,-0.5141,1.5423,0.000,10.535,151.587,0,0,587,177,106,126
1778107421.445067,3,0.973205,0.698677,0.679956,0.8377,0.2763,1.5884,0.000,16.122,-151.628,0,0,115,111,115,128
1778107421.445067,78,0.817865,0.777045,0.635518,0.9667,-0.0845,1.4387,0.000,-3.577,148.412,0,0,346,229,100,106
1778107421.445067,87,0.985056,0.735616,0.724623,0.9880,-0.5141,1.5423,0.000,10.816,151.766,0,0,587,177,106,126
1778107421.545167,3,0.969609,0.699082,0.677836,0.8395,0.2770,1.5895,0.000,15.861,-150.278,0,0,115,111,115,128
1778107421.545167,78,0.828825,0.777045,0.644034,0.9667,-0.0845,1.4387,0.000,-3.534,149.806,0,0,346,229,100,107
1778107421.545167,87,0.985325,0.735616,0.724821,0.9880,-0.5141,1.5423,-0.000,10.900,151.846,0,0,586,177,107,126
1778107421.678641,3,0.971418,0.699082,0.679101,0.8395,0.2770,1.5895,0.000,15.855,-151.180,0,0,115,111,115,128
1778107421.678641,78,0.858969,0.777715,0.668033,0.9695,-0.0847,1.4396,0.000,-0.738,151.690,0,0,346,230,98,105
1778107421.678641,87,0.984827,0.735115,0.723961,0.9853,-0.5127,1.5411,0.000,10.710,152.234,0,0,587,177,106,126
1778107421.745353,3,0.972891,0.698677,0.679737,0.8377,0.2763,1.5884,0.000,16.390,-150.959,0,0,115,111,115,129
1778107421.745353,78,0.894330,0.778733,0.696444,0.9663,-0.0843,1.4298,0.000,-0.377,156.536,0,0,346,234,95,95
1778107421.745353,87,0.986887,0.735115,0.725475,0.9853,-0.5127,1.5411,0.000,11.444,151.807,0,0,587,177,106,126
1778107421.812087,3,0.973156,0.699082,0.680315,0.8395,0.2770,1.5895,0.000,16.405,-151.067,0,0,115,111,116,130
1778107421.812087,78,0.825783,0.777752,0.642254,0.9695,-0.0830,1.4396,0.000,-2.241,148.494,0,0,345,229,98,109
1778107421.812087,87,0.986171,0.734690,0.724530,0.9847,-0.5127,1.5428,-0.000,11.310,151.506,0,0,587,176,106,126
1778107421.812087,3,0.972243,0.699082,0.679678,0.8395,0.2770,1.5895,0.000,16.271,-150.841,0,0,115,111,116,130
1778107421.812087,78,0.814507,0.777752,0.633484,0.9695,-0.0830,1.4396,0.000,-3.308,147.885,0,0,344,229,97,106
1778107421.812087,87,0.986954,0.734690,0.725105,0.9847,-0.5127,1.5428,0.000,11.534,152.118,0,0,587,176,106,125
1778107421.812087,3,0.972639,0.699687,0.680543,0.8395,0.2770,1.5895,0.000,16.271,-150.841,0,0,115,110,116,129
1778107421.812087,78,0.810288,0.777787,0.630232,0.9695,-0.0830,1.4396,0.000,-3.308,147.885,0,0,344,229,97,105
1778107421.812087,87,0.987990,0.734690,0.725866,0.9847,-0.5127,1.5428,0.000,11.534,152.118,0,0,587,176,106,126
1778107422.045661,3,0.973564,0.699271,0.680785,0.8417,0.2780,1.5924,-0.000,16.905,-150.554,0,0,115,110,115,129
1778107422.045661,78,0.798355,0.777279,0.620545,0.9690,-0.0830,1.4412,0.000,-2.893,145.696,0,0,345,228,96,103
1778107422.045661,87,0.987586,0.734690,0.725570,0.9847,-0.5127,1.5428,0.000,11.756,152.231,0,0,587,176,106,126
1778107422.045661,3,0.971219,0.699271,0.679145,0.8417,0.2780,1.5924,0.000,15.837,-151.269,0,0,116,110,116,129
1778107422.045661,78,0.805157,0.777279,0.625832,0.9690,-0.0830,1.4412,0.000,-2.498,146.216,0,0,344,228,97,103
1778107422.045661,87,0.987647,0.734690,0.725615,0.9847,-0.5127,1.5428,-0.000,11.776,152.293,0,0,587,175,106,125
1778107422.145761,3,0.970504,0.697947,0.677360,0.8355,0.2740,1.5889,0.000,15.615,-151.455,0,0,116,110,116,129
1778107422.145761,78,0.808462,0.776644,0.627888,0.9662,-0.0811,1.4403,0.000,-2.586,146.780,0,0,344,228,98,105
1778107422.145761,87,0.987842,0.733763,0.724842,0.9814,-0.5112,1.5433,0.000,11.998,151.501,0,0,587,175,106,128
1778107422.279207,3,0.965185,0.699452,0.675100,0.8417,0.2749,1.5924,0.000,15.079,-149.997,0,0,117,110,116,129
1778107422.279207,78,0.807539,0.777787,0.628093,0.9695,-0.0813,1.4396,-0.000,-1.966,146.172,0,0,344,229,98,106
1778107422.279207,87,0.985967,0.734265,0.723962,0.9842,-0.5127,1.5445,-0.000,11.270,152.271,0,0,587,175,106,128
1778107422.345913,3,0.967233,0.699854,0.676922,0.8435,0.2756,1.5935,-0.000,15.454,-150.267,0,0,117,110,116,129
1778107422.345913,78,0.816877,0.777589,0.635195,0.9672,-0.0811,1.4371,-0.000,-4.167,148.901,0,0,344,230,100,106
1778107422.345913,87,0.988328,0.733339,0.724779,0.9809,-0.5112,1.5450,0.000,12.216,152.066,0,0,587,174,106,129
1778107422.345913,3,0.968197,0.699854,0.677596,0.8435,0.2756,1.5935,-0.000,15.222,-151.157,0,0,117,110,115,129
1778107422.345913,78,0.805547,0.777589,0.626385,0.9672,-0.0811,1.4371,0.000,-3.401,146.897,0,0,344,228,100,106
1778107422.345913,87,0.986257,0.733339,0.723261,0.9809,-0.5112,1.5450,0.000,11.526,153.887,0,0,587,175,105,126
1778107422.446019,3,0.964476,0.699854,0.674992,0.8435,0.2756,1.5935,0.000,15.175,-149.531,0,0,117,110,115,129
1778107422.446019,78,0.789752,0.777314,0.613885,0.9690,-0.0813,1.4412,0.000,-3.730,145.404,0,0,344,228,100,106
1778107422.446019,87,0.985203,0.734265,0.723401,0.9842,-0.5127,1.5445,0.000,11.112,154.180,0,0,587,174,106,129
1778107422.579496,3,0.963829,0.700654,0.675311,0.8470,0.2770,1.5955,0.000,14.749,-149.976,0,0,117,110,115,129
1778107422.579496,78,0.791277,0.777383,0.615126,0.9690,-0.0779,1.4412,0.000,-2.840,145.162,0,0,342,228,97,106
1778107422.579496,87,0.985498,0.734265,0.723617,0.9842,-0.5127,1.5445,0.000,11.213,154.181,0,0,587,175,105,126
1778107422.579496,3,0.963909,0.700345,0.675068,0.8470,0.2770,1.5955,0.000,14.749,-149.976,0,0,118,110,115,129
1778107422.579496,78,0.813321,0.778268,0.632981,0.9690,-0.0779,1.4412,0.000,-2.840,145.162,0,0,343,229,100,106
1778107422.579496,87,0.986541,0.733657,0.723783,0.9842,-0.5127,1.5445,0.000,11.213,154.181,0,0,588,174,104,122
1778107422.712977,3,0.963353,0.700852,0.675168,0.8457,0.2732,1.5930,0.000,14.759,-149.862,0,0,119,111,114,130
1778107422.712977,78,0.801817,0.777794,0.623649,0.9709,-0.0797,1.4418,0.000,-0.849,144.937,0,0,343,228,98,106
1778107422.712977,87,0.984472,0.733233,0.721847,0.9832,-0.5144,1.5479,-0.000,10.932,152.162,0,0,588,173,104,121
1778107422.712977,3,0.963064,0.700852,0.674965,0.8457,0.2732,1.5930,0.000,14.759,-149.862,0,0,118,110,115,129
1778107422.712977,78,0.800998,0.777794,0.623012,0.9709,-0.0797,1.4418,0.000,-0.849,144.937,0,0,343,228,100,109
1778107422.712977,87,0.985721,0.733233,0.722763,0.9832,-0.5144,1.5479,-0.000,10.932,152.162,0,0,588,173,104,121
1778107422.879823,3,0.970344,0.700852,0.680067,0.8457,0.2732,1.5930,-0.000,15.980,-150.917,0,0,119,111,115,129
1778107422.879823,78,0.856245,0.778233,0.666358,0.9714,-0.0814,1.4402,0.000,-0.264,151.155,0,0,344,229,100,107
1778107422.879823,87,0.983960,0.733233,0.721471,0.9832,-0.5144,1.5479,0.000,10.947,154.584,0,0,588,173,104,124
1778107422.979927,3,0.969914,0.700852,0.679766,0.8457,0.2732,1.5930,-0.000,15.711,-151.189,0,0,120,112,116,128
1778107422.979927,78,0.815906,0.777787,0.634601,0.9695,-0.0813,1.4396,0.000,-1.240,146.672,0,0,344,229,102,107
1778107422.979927,87,0.982502,0.732809,0.719986,0.9827,-0.5144,1.5495,0.000,11.185,156.760,0,0,588,172,104,125
1778107423.046666,3,0.970307,0.700464,0.679665,0.8426,0.2718,1.5895,0.000,15.856,-150.975,0,0,119,112,115,128
1778107423.046666,78,0.808999,0.778233,0.629589,0.9714,-0.0814,1.4402,-0.000,-3.187,147.221,0,0,344,229,98,106
1778107423.046666,87,0.983028,0.732308,0.719879,0.9799,-0.5130,1.5483,0.000,10.964,155.575,0,0,588,172,104,125
1778107423.046666,3,0.971384,0.700464,0.680419,0.8426,0.2718,1.5895,0.000,15.677,-151.859,0,0,120,111,114,129
1778107423.046666,78,0.803747,0.778233,0.625503,0.9714,-0.0814,1.4402,0.000,-3.279,146.656,0,0,344,229,98,106
1778107423.046666,87,0.982747,0.732308,0.719674,0.9799,-0.5130,1.5483,0.000,11.062,156.199,0,0,588,173,104,126
1778107423.146771,3,0.973002,0.700539,0.681626,0.8439,0.2709,1.5920,0.000,16.347,-151.723,0,0,119,112,115,126
1778107423.146771,78,0.854888,0.778233,0.665302,0.9714,-0.0814,1.4402,0.000,0.372,150.506,0,0,345,230,100,107
1778107423.146771,87,0.984056,0.732229,0.720554,0.9776,-0.5116,1.5455,0.000,11.139,155.309,0,0,588,173,103,126
1778107423.280205,3,0.973381,0.700957,0.682298,0.8444,0.2709,1.5905,-0.000,15.804,-152.882,0,0,120,112,116,128
1778107423.280205,78,0.844487,0.778899,0.657770,0.9743,-0.0816,1.4411,0.000,-2.234,151.072,0,0,344,229,98,109
1778107423.280205,87,0.981990,0.731624,0.718447,0.9771,-0.5133,1.5471,0.000,11.169,157.088,0,0,589,172,102,125
1778107423.346930,3,0.973737,0.700867,0.682460,0.8444,0.2725,1.5905,0.000,16.065,-152.397,0,0,119,112,115,128
1778107423.346930,78,0.849822,0.778707,0.661762,0.9719,-0.0814,1.4386,0.000,-0.257,150.211,0,0,344,230,97,107
1778107423.346930,87,0.981524,0.731624,0.718106,0.9771,-0.5133,1.5471,0.000,10.649,156.094,0,0,589,172,102,122
1778107423.346930,3,0.971109,0.700867,0.680619,0.8444,0.2725,1.5905,0.000,15.505,-152.060,0,0,119,111,115,129
1778107423.346930,78,0.835892,0.778707,0.650915,0.9719,-0.0814,1.4386,-0.000,-1.581,149.341,0,0,344,229,97,107
1778107423.346930,87,0.981428,0.731624,0.718036,0.9771,-0.5133,1.5471,0.000,11.330,157.836,0,0,589,172,102,122
1778107423.447015,3,0.969271,0.700450,0.678926,0.8439,0.2725,1.5920,-0.000,15.252,-151.749,0,0,119,111,115,129
1778107423.447015,78,0.810880,0.778899,0.631594,0.9743,-0.0816,1.4411,0.000,-2.562,146.991,0,0,344,229,97,106
1778107423.447015,87,0.981806,0.732125,0.718805,0.9799,-0.5148,1.5483,-0.000,10.848,156.419,0,0,589,172,102,121
1778107423.580494,3,0.971013,0.700047,0.679755,0.8421,0.2718,1.5910,0.000,15.428,-152.349,0,0,119,111,115,129
1778107423.580494,78,0.819891,0.778899,0.638612,0.9743,-0.0816,1.4411,0.000,-2.851,148.317,0,0,344,229,97,106
1778107423.580494,87,0.981764,0.732625,0.719265,0.9827,-0.5162,1.5495,-0.000,11.089,157.074,0,0,589,172,102,121
1778107423.647238,3,0.969534,0.700450,0.679110,0.8439,0.2725,1.5920,0.000,15.430,-151.530,0,0,119,111,115,129
1778107423.647238,78,0.839005,0.778934,0.653530,0.9743,-0.0799,1.4411,0.000,-1.540,149.891,0,0,343,229,95,107
1778107423.647238,87,0.980987,0.733049,0.719111,0.9832,-0.5162,1.5479,-0.000,10.928,157.498,0,0,589,173,102,122
1778107423.713971,3,0.969965,0.700450,0.679412,0.8439,0.2725,1.5920,0.000,15.415,-151.788,0,0,119,111,114,129
1778107423.713971,78,0.814244,0.779088,0.634368,0.9766,-0.0817,1.4437,0.000,-2.563,147.465,0,0,344,228,97,107
1778107423.713971,87,0.984116,0.732549,0.720913,0.9804,-0.5148,1.5467,0.000,11.590,156.587,0,0,589,173,102,122
1778107423.713971,3,0.972800,0.700450,0.681398,0.8439,0.2725,1.5920,0.000,16.565,-151.106,0,0,118,112,115,130
1778107423.713971,78,0.821245,0.779088,0.639822,0.9766,-0.0817,1.4437,-0.000,-2.076,147.972,0,0,344,229,97,107
1778107423.713971,87,0.983605,0.732549,0.720538,0.9804,-0.5148,1.5467,0.000,12.245,158.274,0,0,588,173,103,126
1778107423.847417,3,0.972003,0.699767,0.680176,0.8399,0.2723,1.5880,0.000,16.430,-150.687,0,0,118,112,114,130
1778107423.847417,78,0.829543,0.779337,0.646494,0.9748,-0.0833,1.4395,0.000,-1.311,148.227,0,0,345,230,98,107
1778107423.847417,87,0.981379,0.732549,0.718908,0.9804,-0.5148,1.5467,0.000,11.314,158.020,0,0,589,173,102,124
1778107423.847417,3,0.973716,0.699767,0.681374,0.8399,0.2723,1.5880,0.000,16.855,-150.815,0,0,118,112,116,130
1778107423.847417,78,0.789335,0.779337,0.615158,0.9748,-0.0833,1.4395,0.000,-4.739,145.866,0,0,343,228,93,102
1778107423.847417,87,0.979284,0.732549,0.717373,0.9804,-0.5148,1.5467,-0.000,11.453,159.455,0,0,589,173,102,125
1778107424.014235,3,0.973815,0.700374,0.682035,0.8426,0.2734,1.5895,0.000,16.834,-150.898,0,0,117,112,115,128
1778107424.014235,78,0.801348,0.780223,0.625231,0.9800,-0.0819,1.4430,0.000,-5.243,147.897,0,0,344,229,92,103
1778107424.014235,87,0.977679,0.733971,0.717589,0.9865,-0.5176,1.5474,-0.000,10.204,158.359,0,0,589,174,102,124
1778107424.080973,3,0.972744,0.699678,0.680607,0.8399,0.2739,1.5880,0.000,15.788,-152.138,0,0,117,112,115,130
1778107424.080973,78,0.882152,0.780724,0.688718,0.9763,-0.0850,1.4347,0.000,0.153,154.150,0,0,346,233,96,103
1778107424.080973,87,0.979497,0.732549,0.717529,0.9804,-0.5148,1.5467,-0.000,11.406,159.272,0,0,589,173,102,125
1778107424.080973,3,0.972624,0.699678,0.680524,0.8399,0.2739,1.5880,0.000,15.788,-152.138,0,0,117,112,115,130
1778107424.080973,78,0.836649,0.780476,0.652985,0.9763,-0.0850,1.4347,0.000,0.153,154.150,0,0,345,231,98,106
1778107424.080973,87,0.980301,0.734468,0.719999,0.9804,-0.5148,1.5467,-0.000,11.406,159.272,0,0,589,174,102,126
1778107424.147712,3,0.974255,0.699678,0.681665,0.8399,0.2739,1.5880,-0.000,16.090,-152.393,0,1,116,112,115,130
1778107424.147712,78,0.857892,0.780476,0.669564,0.9782,-0.0834,1.4388,-0.000,-2.352,152.828,1,1,345,230,98,105
1778107424.147712,87,0.984055,0.734468,0.722756,0.9892,-0.5191,1.5486,0.000,12.745,158.919,0,1,588,174,103,130
1778107428.285150,3,0.970860,0.695596,0.675327,0.8310,0.2745,1.5933,0.000,16.286,-150.850,0,0,115,106,116,130
1778107428.285150,88,0.972450,0.732763,0.712575,0.9792,-0.5186,1.5404,-0.000,12.032,163.011,0,0,592,176,95,124
1778107428.351878,3,0.969019,0.695701,0.674147,0.8332,0.2771,1.5963,-0.000,16.220,-150.089,0,0,114,105,117,132
1778107428.351878,78,0.806551,0.778364,0.627790,0.9700,-0.0762,1.4380,0.000,-3.393,147.331,0,0,341,230,97,102
1778107428.351878,88,0.968625,0.731837,0.708875,0.9759,-0.5171,1.5409,0.000,12.212,164.293,0,0,592,175,96,125
1778107428.351878,3,0.969928,0.695701,0.674780,0.8332,0.2771,1.5963,-0.000,16.220,-150.089,0,0,115,106,116,130
1778107428.351878,78,0.840092,0.778364,0.653897,0.9700,-0.0762,1.4380,0.000,-3.393,147.331,0,0,345,230,102,109
1778107428.351878,88,0.972386,0.731837,0.711628,0.9759,-0.5171,1.5409,0.000,12.212,164.293,0,0,591,175,98,128
1778107428.518721,3,0.971995,0.695790,0.676305,0.8332,0.2756,1.5963,0.000,16.732,-150.760,0,0,115,105,117,132
1778107428.518721,78,0.859167,0.778662,0.669000,0.9705,-0.0847,1.4364,0.000,-2.558,153.094,0,0,346,231,100,107
1778107428.518721,88,0.973101,0.731093,0.711428,0.9726,-0.5139,1.5414,0.000,14.012,164.264,0,0,591,174,98,129
1778107428.585464,3,0.968273,0.695790,0.673715,0.8332,0.2756,1.5963,0.000,16.091,-150.090,0,0,115,105,116,132
1778107428.585464,78,0.888798,0.779812,0.693095,0.9753,-0.0833,1.4379,0.000,-1.186,156.711,0,0,345,231,98,109
1778107428.585464,88,0.973159,0.730585,0.710975,0.9698,-0.5125,1.5402,0.000,13.911,164.179,0,0,591,174,98,129
1778107428.652202,3,0.971832,0.696606,0.676984,0.8354,0.2763,1.5958,0.000,16.563,-150.836,0,0,115,106,117,130
1778107428.652202,78,0.920006,0.778624,0.716339,0.9705,-0.0864,1.4364,0.000,0.537,160.786,0,0,347,231,96,109
1778107428.652202,88,0.974740,0.730585,0.712131,0.9698,-0.5125,1.5402,0.000,13.490,163.374,0,0,591,174,97,128
1778107428.752293,3,0.967287,0.696292,0.673514,0.8336,0.2740,1.5948,-0.000,15.450,-150.767,0,0,116,106,116,132
1778107428.752293,78,0.976638,0.780018,0.761796,0.9734,-0.0865,1.4338,0.000,5.015,175.777,0,0,347,233,88,107
1778107428.752293,88,0.980285,0.730585,0.716182,0.9698,-0.5125,1.5402,0.000,13.601,161.475,0,0,591,174,97,124
1778107428.819016,3,0.966080,0.697098,0.673452,0.8372,0.2754,1.5968,0.000,15.315,-150.439,0,0,116,106,116,132
1778107428.819016,78,0.978418,0.780454,0.763610,0.9739,-0.0882,1.4321,0.000,5.471,178.046,0,0,348,234,90,109
1778107428.819016,88,0.979604,0.730585,0.715684,0.9698,-0.5125,1.5402,0.000,12.915,161.095,0,0,591,174,98,126
1778107428.919113,3,0.965469,0.696292,0.672248,0.8336,0.2740,1.5948,0.000,15.182,-150.399,0,0,116,106,116,132
1778107428.919113,78,0.984310,0.780480,0.768234,0.9725,-0.0881,1.4299,0.000,7.315,178.914,0,0,348,235,90,107
1778107428.919113,88,0.984109,0.730585,0.718975,0.9698,-0.5125,1.5402,0.000,13.699,159.916,0,0,591,174,98,128
1778107428.985828,3,0.965898,0.695685,0.671960,0.8310,0.2730,1.5933,-0.000,15.226,-150.521,0,0,116,106,116,132
1778107428.985828,78,0.987030,0.780954,0.770825,0.9730,-0.0881,1.4283,-0.000,8.362,179.571,0,0,348,236,90,107
1778107428.985828,88,0.987190,0.729313,0.719970,0.9647,-0.5100,1.5399,-0.000,14.122,158.685,0,0,591,173,98,129
1778107429.085936,3,0.967198,0.697109,0.674243,0.8359,0.2747,1.5943,0.000,15.744,-150.043,0,0,116,107,116,130
1778107429.085936,78,0.981108,0.781941,0.767168,0.9740,-0.0864,1.4251,0.000,8.587,-175.772,0,0,347,238,92,110
1778107429.085936,88,0.990726,0.729219,0.722457,0.9625,-0.5086,1.5370,0.000,14.911,157.571,0,0,591,174,98,128
1778107429.085936,3,0.966538,0.697109,0.673782,0.8359,0.2747,1.5943,0.000,15.744,-150.043,0,0,116,107,115,129
1778107429.085936,78,0.975210,0.781941,0.762556,0.9740,-0.0864,1.4251,0.000,8.587,-175.772,0,0,346,237,92,107
1778107429.085936,88,0.992296,0.729219,0.723602,0.9625,-0.5086,1.5370,0.000,14.911,157.571,0,0,591,174,97,124
1778107429.252770,3,0.966488,0.697512,0.674138,0.8376,0.2754,1.5954,0.000,15.421,-150.286,0,0,116,108,115,129
1778107429.252770,78,0.979279,0.781504,0.765310,0.9735,-0.0847,1.4267,0.000,7.934,-175.748,0,0,345,238,93,109
1778107429.252770,88,0.987885,0.730154,0.721308,0.9657,-0.5100,1.5365,0.000,15.886,144.470,0,0,591,175,98,124
1778107429.319520,3,0.967743,0.697208,0.674718,0.8345,0.2725,1.5918,0.000,15.449,-150.811,0,0,117,108,116,128
1778107429.319520,78,0.979611,0.781339,0.765409,0.9711,-0.0828,1.4242,0.000,7.333,-176.500,0,0,345,238,93,109
1778107429.319520,88,0.981562,0.729639,0.716186,0.9630,-0.5086,1.5354,0.000,14.485,142.843,0,0,591,175,98,124
1778107429.319520,3,0.968006,0.697208,0.674902,0.8345,0.2725,1.5918,0.000,15.375,-151.083,0,0,117,108,115,129
1778107429.319520,78,0.982382,0.781339,0.767573,0.9711,-0.0828,1.4242,0.000,8.319,-176.522,0,0,345,238,93,109
1778107429.319520,88,0.984790,0.729639,0.718542,0.9630,-0.5086,1.5354,0.000,15.748,143.225,0,0,590,174,99,125
1778107429.319520,3,0.964181,0.697208,0.672235,0.8345,0.2725,1.5918,0.000,15.375,-151.083,0,0,117,108,116,130
1778107429.319520,78,0.987242,0.780624,0.770665,0.9711,-0.0828,1.4242,0.000,8.319,-176.522,0,0,346,238,92,109
1778107429.319520,88,0.982437,0.728883,0.716081,0.9630,-0.5086,1.5354,0.000,15.748,143.225,0,0,590,174,99,125
1778107429.553056,3,0.965385,0.697208,0.673074,0.8345,0.2725,1.5918,-0.000,14.996,-150.531,0,0,117,108,116,130
1778107429.553056,78,0.984284,0.780624,0.768356,0.9683,-0.0843,1.4234,0.000,8.704,-177.120,0,0,346,238,92,110
1778107429.553056,88,0.989294,0.728883,0.721079,0.9597,-0.5054,1.5358,0.000,17.148,144.456,0,0,590,174,99,125
1778107429.553056,3,0.965387,0.697208,0.673075,0.8345,0.2725,1.5918,0.000,14.840,-150.831,0,0,118,108,116,130
1778107429.553056,78,0.982291,0.780624,0.766800,0.9683,-0.0843,1.4234,-0.000,7.845,-177.272,0,0,346,238,94,110
1778107429.553056,88,0.988816,0.728883,0.720731,0.9597,-0.5054,1.5358,0.000,18.077,143.802,0,0,591,175,98,124
1778107429.719896,3,0.966336,0.697296,0.673823,0.8345,0.2710,1.5918,0.000,14.902,-151.312,0,0,118,108,116,129
1778107429.719896,78,0.984408,0.780624,0.768453,0.9683,-0.0843,1.4234,0.000,7.797,-178.745,0,0,346,238,93,110
1778107429.719896,88,0.992642,0.729123,0.723758,0.9602,-0.5071,1.5342,0.000,18.557,145.329,0,0,591,175,98,122
1778107429.719896,3,0.963956,0.696686,0.671575,0.8345,0.2710,1.5918,0.000,14.902,-151.312,0,0,118,108,116,129
1778107429.719896,78,0.983201,0.779015,0.765928,0.9683,-0.0843,1.4234,0.000,7.797,-178.745,0,0,346,237,93,111
1778107429.719896,88,0.997802,0.728703,0.727102,0.9602,-0.5071,1.5342,0.000,18.557,145.329,0,0,591,174,98,124
1778107429.886708,3,0.963540,0.697701,0.672263,0.8363,0.2716,1.5929,0.000,14.697,-150.361,0,0,118,108,115,132
1778107429.886708,78,0.979084,0.777312,0.761054,0.9591,-0.0872,1.4258,0.000,5.889,179.703,0,0,348,235,88,109
1778107429.886708,88,0.999221,0.729639,0.729071,0.9630,-0.5086,1.5354,-0.000,19.646,150.252,0,0,591,175,98,124
1778107429.886708,3,0.966865,0.697701,0.674583,0.8363,0.2716,1.5929,-0.000,15.536,-150.363,0,0,118,109,115,130
1778107429.886708,78,0.974538,0.777312,0.757521,0.9591,-0.0872,1.4258,0.000,4.727,-179.926,0,0,348,235,88,107
1778107429.886708,88,0.999077,0.729639,0.728966,0.9630,-0.5086,1.5354,-0.000,20.742,149.686,0,0,591,175,98,124
1778107430.053537,3,0.963798,0.697789,0.672528,0.8363,0.2701,1.5929,0.000,14.636,-150.723,0,0,119,108,116,132
1778107430.053537,78,0.984000,0.778254,0.765802,0.9601,-0.0872,1.4226,0.000,8.501,-177.605,0,0,348,237,90,107
1778107430.053537,88,0.983487,0.732302,0.720210,0.9736,-0.5104,1.5381,0.000,20.345,141.372,0,0,589,176,101,126
1778107430.053537,3,0.965677,0.698194,0.674230,0.8363,0.2701,1.5929,0.000,14.636,-150.723,0,0,119,108,116,132
1778107430.053537,78,0.985096,0.777796,0.766204,0.9601,-0.0872,1.4226,0.000,8.501,-177.605,0,0,348,237,90,107
1778107430.053537,88,0.984548,0.731880,0.720571,0.9736,-0.5104,1.5381,0.000,20.345,141.372,0,0,589,175,101,128
1778107430.120277,3,0.961410,0.698194,0.671250,0.8381,0.2708,1.5939,0.000,15.086,-150.753,0,0,119,109,116,130
1778107430.120277,78,0.984842,0.777796,0.766006,0.9582,-0.0871,1.4220,0.000,9.413,-176.965,0,0,348,237,88,107
1778107430.120277,88,0.986585,0.731880,0.722061,0.9731,-0.5104,1.5397,0.000,18.603,142.039,0,0,588,175,103,125
1778107430.287123,3,0.964628,0.698609,0.673898,0.8386,0.2708,1.5924,-0.000,14.834,-150.582,0,0,118,108,115,129
1778107430.287123,78,0.985401,0.777796,0.766441,0.9582,-0.0871,1.4220,0.000,9.639,-176.853,0,0,348,237,90,106
1778107430.287123,88,0.981096,0.731974,0.718137,0.9709,-0.5072,1.5369,-0.000,22.147,140.686,0,0,588,176,103,124
1778107430.287123,3,0.964804,0.698105,0.673535,0.8386,0.2708,1.5924,-0.000,14.834,-150.582,0,0,118,108,115,130
1778107430.287123,78,0.990529,0.776598,0.769243,0.9582,-0.0871,1.4220,0.000,9.639,-176.853,0,0,349,236,92,107
1778107430.287123,88,0.982958,0.731974,0.719499,0.9709,-0.5072,1.5369,-0.000,22.147,140.686,0,0,588,176,103,125
1778107430.420573,3,0.965807,0.699110,0.675206,0.8426,0.2741,1.5964,-0.000,14.551,-151.788,0,0,118,108,116,129
1778107430.420573,78,0.992410,0.777068,0.771170,0.9553,-0.0886,1.4212,0.000,10.415,179.027,0,0,349,237,92,110
1778107430.420573,88,0.982590,0.731539,0.718803,0.9668,-0.5048,1.5332,0.000,21.988,141.188,0,0,588,177,103,124
1778107430.420573,3,0.965666,0.699110,0.675107,0.8426,0.2741,1.5964,0.000,14.742,-151.298,0,0,118,108,114,129
1778107430.420573,78,0.994713,0.777068,0.772960,0.9553,-0.0886,1.4212,0.000,11.959,179.546,0,0,349,236,92,111
1778107430.420573,88,0.977830,0.731539,0.715321,0.9668,-0.5048,1.5332,0.000,21.955,139.693,0,0,588,177,103,124
1778107430.587406,3,0.967785,0.699021,0.676502,0.8426,0.2756,1.5964,0.000,15.079,-151.572,0,0,117,108,115,129
1778107430.587406,78,0.993036,0.777538,0.772123,0.9558,-0.0886,1.4196,0.000,10.887,179.591,0,0,349,238,92,110
1778107430.587406,88,0.993482,0.730323,0.725563,0.9612,-0.5037,1.5309,-0.000,20.828,145.517,0,0,589,177,102,122
1778107430.587406,3,0.967698,0.699021,0.676441,0.8426,0.2756,1.5964,-0.000,14.959,-151.787,0,0,118,108,116,130
1778107430.587406,78,0.996780,0.777538,0.775034,0.9558,-0.0886,1.4196,0.000,13.315,179.374,0,0,349,237,95,113
1778107430.587406,88,0.992105,0.730323,0.724557,0.9612,-0.5037,1.5309,-0.000,22.815,145.110,0,0,589,176,101,125
1778107430.754249,3,0.969082,0.699021,0.677408,0.8426,0.2756,1.5964,0.000,15.117,-152.221,0,0,117,108,115,130
1778107430.754249,78,0.994473,0.777538,0.773241,0.9558,-0.0886,1.4196,0.000,12.129,-179.805,0,0,349,238,92,113
1778107430.754249,88,0.998283,0.727912,0.726662,0.9528,-0.5015,1.5310,0.000,22.844,149.509,0,0,590,175,100,124
1778107430.754249,3,0.971277,0.699021,0.678943,0.8426,0.2756,1.5964,0.000,15.501,-152.655,0,0,118,108,116,129
1778107430.754249,78,0.990885,0.777538,0.770451,0.9558,-0.0886,1.4196,-0.000,9.154,176.526,0,0,351,238,94,114
1778107430.754249,88,0.995242,0.727912,0.724449,0.9528,-0.5015,1.5310,0.000,21.217,146.426,0,0,591,171,98,133
1778107430.754249,3,0.969902,0.699837,0.678774,0.8426,0.2756,1.5964,0.000,15.501,-152.655,0,0,117,109,115,128
1778107430.754249,78,0.992998,0.776845,0.771406,0.9558,-0.0886,1.4196,-0.000,9.154,176.526,0,0,349,238,95,114
1778107430.754249,88,0.997385,0.724069,0.722175,0.9528,-0.5015,1.5310,0.000,21.217,146.426,0,0,591,170,98,132
1778107431.021171,3,0.970234,0.699837,0.679006,0.8448,0.2763,1.5960,-0.000,15.401,-152.060,0,0,118,109,115,129
1778107431.021171,78,0.997177,0.776381,0.774189,0.9511,-0.0883,1.4181,0.000,13.822,179.512,0,0,349,238,93,111
1778107431.021171,88,0.998910,0.721939,0.721153,0.9359,-0.4965,1.5383,0.000,18.855,151.999,0,0,591,167,98,128
1778107431.087900,3,0.972278,0.699527,0.680135,0.8430,0.2741,1.5949,-0.000,16.251,-151.575,0,0,118,109,115,129
1778107431.087900,78,0.998876,0.777314,0.776441,0.9535,-0.0884,1.4171,0.000,14.752,178.246,0,0,349,239,94,111
1778107431.087900,88,0.996767,0.721395,0.719062,0.9372,-0.4962,1.5444,0.000,17.779,149.868,0,0,590,164,99,124
1778107431.154637,3,0.970817,0.700033,0.679604,0.8435,0.2725,1.5935,-0.000,15.638,-151.966,0,0,119,110,114,130
1778107431.154637,78,0.998945,0.776811,0.775991,0.9515,-0.0899,1.4165,-0.000,14.160,176.352,0,0,350,239,94,113
1778107431.154637,88,0.997260,0.721151,0.719174,0.9367,-0.4945,1.5460,-0.000,17.665,152.240,0,0,589,163,101,128
1778107431.254744,3,0.969936,0.700033,0.678987,0.8435,0.2725,1.5935,-0.000,15.815,-151.159,0,0,119,110,115,130
1778107431.254744,78,0.998855,0.778988,0.778096,0.9573,-0.0869,1.4148,0.000,14.507,178.336,0,0,348,241,95,114
1778107431.254744,88,0.998369,0.719261,0.718088,0.9302,-0.4917,1.5467,0.000,18.901,151.489,0,0,589,161,102,128
1778107431.321479,3,0.970015,0.699630,0.678652,0.8417,0.2718,1.5924,0.000,15.804,-151.218,0,0,119,110,115,130
1778107431.321479,78,0.998871,0.777281,0.776403,0.9520,-0.0899,1.4150,-0.000,14.221,175.094,0,0,350,240,94,113
1778107431.321479,88,0.995490,0.718661,0.715420,0.9278,-0.4890,1.5474,0.000,18.034,148.628,0,0,588,160,103,129
1778107431.321479,3,0.971194,0.699630,0.679477,0.8417,0.2718,1.5924,0.000,15.804,-151.218,0,0,119,110,115,129
1778107431.321479,78,0.999322,0.778949,0.778421,0.9520,-0.0899,1.4150,-0.000,14.221,175.094,0,0,349,241,94,114
1778107431.321479,88,0.993639,0.717959,0.713392,0.9278,-0.4890,1.5474,0.000,18.034,148.628,0,0,589,160,102,128
1778107431.521649,3,0.972059,0.699113,0.679579,0.8390,0.2692,1.5909,-0.000,16.464,-151.177,0,0,120,110,115,129
1778107431.521649,78,0.998656,0.778517,0.777471,0.9568,-0.0869,1.4164,0.000,14.107,174.978,0,0,348,240,95,113
1778107431.521649,88,0.981553,0.718167,0.704919,0.9268,-0.4857,1.5506,0.000,14.997,143.888,0,0,586,158,108,129
1778107431.588386,3,0.971563,0.698707,0.678838,0.8372,0.2686,1.5899,0.000,16.068,-151.645,0,0,120,110,115,129
1778107431.588386,78,0.998976,0.778517,0.777720,0.9568,-0.0869,1.4164,0.000,14.146,176.986,0,0,348,240,96,113
1778107431.588386,88,0.985445,0.718937,0.708473,0.9292,-0.4866,1.5499,0.000,14.915,145.760,0,0,586,159,108,130
1778107431.688493,3,0.971249,0.699113,0.679013,0.8390,0.2692,1.5909,0.000,16.378,-150.931,0,0,120,110,115,129
1778107431.688493,78,0.999219,0.778555,0.777947,0.9568,-0.0853,1.4164,0.000,14.437,176.443,0,0,347,240,96,113
1778107431.688493,88,0.980748,0.720685,0.706811,0.9365,-0.4871,1.5533,-0.000,14.633,144.041,0,0,584,159,112,133
1778107431.688493,3,0.967582,0.699113,0.676449,0.8390,0.2692,1.5909,-0.000,15.406,-150.890,0,0,121,110,115,132
1778107431.688493,78,0.999538,0.778555,0.778195,0.9568,-0.0853,1.4164,-0.000,14.967,176.383,0,0,346,241,95,114
1778107431.688493,88,0.980832,0.720685,0.706872,0.9365,-0.4871,1.5533,0.000,13.179,145.866,0,0,583,158,113,133
1778107431.688493,3,0.967618,0.699201,0.676559,0.8390,0.2692,1.5909,-0.000,15.406,-150.890,0,0,121,110,114,129
1778107431.688493,78,0.999522,0.778555,0.778183,0.9568,-0.0853,1.4164,-0.000,14.967,176.383,0,0,347,240,96,115
1778107431.688493,88,0.983220,0.722427,0.710305,0.9365,-0.4871,1.5533,0.000,13.179,145.866,0,0,583,159,113,132
1778107431.855343,3,0.968595,0.699201,0.677242,0.8390,0.2677,1.5909,0.000,15.725,-150.475,0,0,121,111,115,130
1778107431.855343,78,0.998736,0.778555,0.777571,0.9568,-0.0853,1.4164,0.000,15.509,175.228,0,0,347,240,98,114
1778107431.855343,88,0.988413,0.722427,0.714057,0.9447,-0.4896,1.5571,0.000,13.356,147.082,0,0,579,160,115,126
1778107432.022186,3,0.968651,0.699210,0.677291,0.8377,0.2670,1.5884,0.000,15.580,-151.062,0,0,121,111,115,130
1778107432.022186,78,0.998688,0.779284,0.778262,0.9597,-0.0838,1.4173,0.000,14.284,174.969,0,0,346,240,97,114
1778107432.022186,88,0.988194,0.725082,0.716521,0.9526,-0.4848,1.5588,-0.000,13.543,152.772,0,0,578,160,117,126
1778107432.022186,3,0.969170,0.699210,0.677653,0.8377,0.2670,1.5884,0.000,15.827,-150.875,0,0,121,110,114,129
1778107432.022186,78,0.999590,0.779284,0.778964,0.9597,-0.0838,1.4173,0.000,15.096,176.332,0,0,345,240,97,114
1778107432.022186,88,0.986877,0.725082,0.715567,0.9526,-0.4848,1.5588,0.000,13.124,154.458,0,0,577,161,116,126
1778107432.022186,3,0.968832,0.698707,0.676930,0.8377,0.2670,1.5884,0.000,15.827,-150.875,0,0,120,110,115,129
1778107432.022186,78,0.998763,0.779284,0.778320,0.9597,-0.0838,1.4173,0.000,15.096,176.332,0,0,346,240,97,114
1778107432.022186,88,0.989578,0.726699,0.719125,0.9526,-0.4848,1.5588,0.000,13.124,154.458,0,0,574,161,117,121
1778107432.189003,3,0.969822,0.698707,0.677621,0.8372,0.2686,1.5899,0.000,15.684,-150.984,0,0,120,110,115,129
1778107432.189003,78,0.988150,0.727130,0.718513,0.9597,-0.0838,1.4173,0.000,14.765,174.525,0,0,572,160,115,125
1778107432.189003,88,0.999008,0.778813,0.778040,0.9558,-0.4793,1.5584,0.000,14.074,154.419,0,0,346,239,97,115
1778107432.255719,3,0.970751,0.698707,0.678271,0.8372,0.2686,1.5899,0.000,16.049,-151.264,0,0,120,110,115,129
1778107432.255719,88,0.989236,0.727130,0.719303,0.9581,-0.4772,1.5613,-0.000,14.069,154.700,0,0,572,161,115,122
1778107432.255719,78,0.998256,0.778813,0.777455,0.9592,-0.0838,1.4189,0.000,14.349,174.274,0,0,346,239,97,115
1778107432.422548,3,0.972354,0.698517,0.679206,0.8337,0.2668,1.5845,-0.000,15.589,-152.736,0,0,120,112,114,128
1778107432.422548,88,0.987925,0.726610,0.717837,0.9553,-0.4758,1.5601,-0.000,13.837,156.236,0,0,572,160,116,122
1778107432.422548,78,0.997249,0.778776,0.776633,0.9592,-0.0855,1.4189,-0.000,14.151,173.141,0,0,347,239,96,114
1778107432.522655,3,0.971281,0.698628,0.678563,0.8359,0.2694,1.5874,0.000,15.705,-151.915,0,0,119,111,115,129
1778107432.522655,88,0.986616,0.724554,0.714857,0.9488,-0.4748,1.5608,0.000,13.294,154.927,0,0,573,158,116,124
1778107432.522655,78,0.997809,0.779247,0.777539,0.9597,-0.0855,1.4173,-0.000,15.072,173.031,0,0,347,240,96,114
1778107432.589342,3,0.968616,0.698015,0.676108,0.8332,0.2684,1.5859,-0.000,15.297,-151.320,0,0,119,111,115,128
1778107432.589342,88,0.989603,0.723608,0.716084,0.9456,-0.4735,1.5612,0.000,14.566,155.275,0,0,573,157,117,124
1778107432.589342,78,0.997690,0.779247,0.777447,0.9597,-0.0855,1.4173,-0.000,14.440,173.300,0,0,347,240,96,114
1778107432.656081,3,0.969568,0.698015,0.676773,0.8332,0.2684,1.5859,-0.000,15.613,-151.199,0,0,119,111,115,128
1778107432.656081,88,0.998822,0.778813,0.777895,0.9592,-0.0838,1.4189,-0.000,14.789,174.700,0,0,346,239,97,114
1778107432.656081,78,0.988214,0.718873,0.710400,0.9294,-0.4729,1.5592,0.000,14.224,154.877,0,0,577,154,118,125
1778107432.756186,3,0.967317,0.698015,0.675202,0.8332,0.2684,1.5859,0.000,15.026,-151.194,0,0,119,110,115,129
1778107432.756186,78,0.999449,0.778813,0.778384,0.9592,-0.0838,1.4189,0.000,14.908,176.491,0,0,346,240,96,114
1778107432.756186,88,0.989108,0.717760,0.709942,0.9262,-0.4732,1.5595,0.000,14.519,153.703,0,0,578,153,116,121
1778107432.756186,3,0.967638,0.698213,0.675617,0.8355,0.2694,1.5889,-0.000,15.337,-150.917,0,0,119,110,114,129
1778107432.756186,78,0.998832,0.779284,0.778373,0.9597,-0.0838,1.4173,-0.000,14.180,175.504,0,0,346,240,96,111
1778107432.756186,88,0.988155,0.717760,0.709258,0.9262,-0.4732,1.5595,0.000,14.143,153.408,0,0,581,152,118,125
1778107432.923033,3,0.966526,0.697105,0.673769,0.8310,0.2692,1.5864,-0.000,14.877,-151.124,0,0,118,110,115,129
1778107432.923033,78,0.998691,0.779284,0.778264,0.9597,-0.0838,1.4173,-0.000,14.258,175.015,0,0,346,240,97,114
1778107432.923033,88,0.987232,0.716856,0.707704,0.9257,-0.4782,1.5611,-0.000,13.843,152.931,0,0,581,152,117,125
1778107433.023140,3,0.965904,0.697105,0.673336,0.8310,0.2692,1.5864,0.000,14.724,-151.120,0,0,118,110,115,129
1778107433.023140,78,0.997200,0.779284,0.777102,0.9597,-0.0838,1.4173,-0.000,14.002,173.242,0,0,346,240,97,113
1778107433.023140,88,0.987571,0.716856,0.707946,0.9257,-0.4782,1.5611,0.000,14.096,151.253,0,0,582,152,115,126
1778107433.023140,3,0.966411,0.696608,0.673210,0.8310,0.2692,1.5864,0.000,14.724,-151.120,0,0,117,111,115,128
1778107433.023140,78,0.997625,0.779284,0.777433,0.9597,-0.0838,1.4173,-0.000,14.002,173.242,0,0,346,240,95,113
1778107433.023140,88,0.985256,0.716807,0.706238,0.9257,-0.4782,1.5611,0.000,14.096,151.253,0,0,582,151,116,126
1778107433.156602,3,0.968557,0.696607,0.674703,0.8292,0.2701,1.5854,0.000,15.393,-151.009,0,0,117,110,115,128
1778107433.156602,78,0.997334,0.779063,0.776986,0.9573,-0.0836,1.4148,0.000,14.922,172.717,0,0,346,241,97,114
1778107433.156602,88,0.984627,0.717714,0.706680,0.9284,-0.4763,1.5624,0.000,13.436,149.896,0,0,579,152,117,128
1778107433.156602,3,0.967135,0.696607,0.673713,0.8292,0.2701,1.5854,0.000,15.393,-151.009,0,0,117,110,116,130
1778107433.156602,78,0.997858,0.779792,0.778122,0.9573,-0.0836,1.4148,0.000,14.922,172.717,0,0,345,241,97,114
1778107433.156602,88,0.986431,0.717876,0.708136,0.9284,-0.4763,1.5624,0.000,13.436,149.896,0,0,578,152,118,128
1778107433.323405,3,0.970427,0.696519,0.675921,0.8292,0.2716,1.5854,-0.000,15.916,-150.840,0,0,116,110,115,132
1778107433.323405,88,0.983757,0.719367,0.707682,0.9370,-0.4712,1.5720,-0.000,13.391,150.806,0,0,573,149,117,128
1778107433.323405,78,0.999338,0.779321,0.778805,0.9597,-0.0821,1.4173,0.000,15.022,175.520,0,0,345,240,97,114
1778107433.323405,3,0.969264,0.696519,0.675111,0.8292,0.2716,1.5854,-0.000,15.916,-150.840,0,0,116,110,116,129
1778107433.323405,88,0.981056,0.719367,0.705739,0.9370,-0.4712,1.5720,-0.000,13.391,150.806,0,0,571,148,117,128
1778107433.323405,78,0.996237,0.778592,0.775662,0.9597,-0.0821,1.4173,0.000,15.022,175.520,0,0,346,240,100,115
1778107433.423537,3,0.969064,0.696108,0.674574,0.8274,0.2709,1.5844,0.000,15.710,-150.547,0,0,115,110,115,129
1778107433.423537,88,0.980934,0.720141,0.706411,0.9410,-0.4700,1.5759,0.000,13.556,148.293,0,0,571,148,117,129
1778107433.423537,78,0.996496,0.778592,0.775864,0.9568,-0.0836,1.4164,0.000,12.575,174.165,0,0,346,240,100,115
1778107433.557014,3,0.970426,0.696431,0.675834,0.8292,0.2731,1.5854,0.000,15.889,-150.765,0,0,115,110,114,130
1778107433.557014,88,0.980708,0.721665,0.707742,0.9465,-0.4676,1.5785,-0.000,13.186,149.343,0,0,568,148,117,128
1778107433.557014,78,0.997151,0.778592,0.776374,0.9568,-0.0836,1.4164,0.000,13.589,173.583,0,0,346,240,100,117
1778107433.557014,3,0.974182,0.696431,0.678450,0.8292,0.2731,1.5854,0.000,15.889,-150.765,0,0,114,110,115,130
1778107433.557014,88,0.986217,0.721665,0.711718,0.9465,-0.4676,1.5785,-0.000,13.186,149.343,0,0,566,147,118,129
1778107433.557014,78,0.998246,0.779828,0.778460,0.9568,-0.0836,1.4164,0.000,13.589,173.583,0,0,344,241,97,115
1778107433.657122,3,0.972782,0.695930,0.676988,0.8292,0.2731,1.5854,0.000,16.640,-151.329,0,0,114,109,115,132
1778107433.657122,88,0.984413,0.721200,0.709959,0.9465,-0.4676,1.5785,-0.000,14.099,152.935,0,0,565,147,117,130
1778107433.657122,78,0.996937,0.779356,0.776969,0.9602,-0.0805,1.4157,0.000,13.505,175.472,0,0,344,240,102,117
1778107433.790607,3,0.969864,0.695926,0.674954,0.8301,0.2754,1.5893,0.000,15.676,-151.063,0,0,114,108,116,132
1778107433.790607,88,0.982788,0.720797,0.708391,0.9387,-0.4538,1.5766,0.000,13.193,153.101,0,0,562,147,117,124
1778107433.790607,78,0.997383,0.779391,0.777351,0.9597,-0.0788,1.4173,0.000,13.877,173.869,0,0,343,240,97,117
1778107433.790607,3,0.968796,0.695926,0.674210,0.8301,0.2754,1.5893,0.000,15.558,-150.744,0,0,114,108,116,130
1778107433.790607,88,0.980658,0.720797,0.706856,0.9387,-0.4538,1.5766,0.000,12.524,153.323,0,0,563,147,116,124
1778107433.790607,78,0.998032,0.779391,0.777858,0.9597,-0.0788,1.4173,0.000,13.921,174.653,0,0,343,240,97,117
1778107433.957362,3,0.968292,0.696527,0.674441,0.8341,0.2771,1.5933,0.000,15.841,-150.129,0,0,114,107,116,132
1778107433.957362,88,0.982038,0.721517,0.708557,0.9432,-0.4577,1.5788,-0.000,12.938,153.077,0,0,563,147,116,121
1778107433.957362,78,0.997195,0.779863,0.777675,0.9602,-0.0788,1.4157,0.000,14.409,173.186,0,0,343,241,97,115
1778107433.957362,3,0.965128,0.696527,0.672238,0.8341,0.2771,1.5933,0.000,15.841,-150.129,0,0,113,107,116,132
1778107433.957362,88,0.982278,0.721517,0.708730,0.9432,-0.4577,1.5788,-0.000,12.938,153.077,0,0,564,148,116,120
1778107433.957362,78,0.997882,0.779863,0.778211,0.9602,-0.0788,1.4157,0.000,14.409,173.186,0,0,343,240,97,117
1778107434.057470,3,0.965841,0.696437,0.672647,0.8341,0.2786,1.5933,0.000,15.189,-150.030,0,0,114,107,116,132
1778107434.057470,88,0.980279,0.722825,0.708570,0.9492,-0.4620,1.5799,0.000,12.558,151.499,0,0,564,148,116,120
1778107434.057470,78,0.997938,0.779851,0.778243,0.9616,-0.0789,1.4179,0.000,14.038,174.381,0,0,343,241,98,115
1778107434.224300,3,0.964859,0.696850,0.672362,0.8345,0.2786,1.5918,-0.000,14.983,-149.806,0,0,113,108,117,130
1778107434.224300,88,0.981817,0.724041,0.710876,0.9565,-0.4672,1.5834,0.000,12.877,152.040,0,0,565,148,116,120
1778107434.224300,78,0.998172,0.780323,0.778897,0.9621,-0.0789,1.4163,0.000,13.765,174.955,0,0,343,241,96,117
1778107434.224300,3,0.964721,0.696940,0.672353,0.8345,0.2786,1.5918,-0.000,14.983,-149.806,0,0,114,108,116,130
1778107434.224300,88,0.981827,0.724041,0.710883,0.9565,-0.4672,1.5834,0.000,12.877,152.040,0,0,565,148,116,118
1778107434.224300,78,0.997527,0.779851,0.777923,0.9621,-0.0789,1.4163,0.000,13.765,174.955,0,0,343,240,98,117
1778107434.357771,3,0.964410,0.696850,0.672049,0.8345,0.2786,1.5918,0.000,14.734,-150.058,0,0,113,108,117,130
1778107434.357771,88,0.982422,0.724553,0.711816,0.9592,-0.4686,1.5847,-0.000,13.125,151.736,0,0,565,148,115,120
1778107434.357771,78,0.998098,0.779851,0.778368,0.9616,-0.0789,1.4179,-0.000,14.778,173.935,0,0,343,240,97,117
1778107434.357771,3,0.966728,0.696850,0.673665,0.8345,0.2786,1.5918,0.000,15.205,-150.269,0,0,114,108,116,130
1778107434.357771,88,0.984846,0.724553,0.713573,0.9592,-0.4686,1.5847,0.000,14.117,150.984,0,0,565,148,115,120
1778107434.357771,78,0.998471,0.779851,0.778659,0.9616,-0.0789,1.4179,0.000,13.683,176.019,0,0,342,241,97,115
1778107434.524591,3,0.966295,0.696940,0.673450,0.8345,0.2771,1.5918,-0.000,14.895,-150.787,0,0,114,108,116,130
1778107434.524591,88,0.982240,0.724041,0.711182,0.9565,-0.4672,1.5834,0.000,13.450,150.352,0,0,565,148,115,118
1778107434.524591,78,0.997929,0.780358,0.778741,0.9621,-0.0773,1.4163,-0.000,13.259,175.513,0,0,342,241,97,115
1778107434.524591,3,0.967087,0.696940,0.674002,0.8345,0.2771,1.5918,0.000,15.231,-150.520,0,0,114,108,116,130
1778107434.524591,88,0.984648,0.724041,0.712925,0.9565,-0.4672,1.5834,-0.000,13.847,151.746,0,0,565,148,116,118
1778107434.524591,78,0.996686,0.780358,0.777772,0.9621,-0.0773,1.4163,-0.000,13.684,173.350,0,0,343,240,97,117
1778107434.691451,3,0.968139,0.697242,0.675027,0.8376,0.2801,1.5954,0.000,15.413,-150.724,0,0,113,107,117,132
1778107434.691451,88,0.984082,0.724553,0.713019,0.9592,-0.4686,1.5847,0.000,13.666,151.709,0,0,565,148,116,118
1778107434.691451,78,0.997612,0.779851,0.777989,0.9616,-0.0789,1.4179,0.000,13.521,174.572,0,0,343,240,98,117
1778107434.691451,3,0.969788,0.697242,0.676177,0.8376,0.2801,1.5954,0.000,15.135,-152.272,0,0,114,108,116,130
1778107434.691451,88,0.984028,0.724553,0.712980,0.9592,-0.4686,1.5847,0.000,13.980,150.538,0,0,565,148,116,118
1778107434.691451,78,0.994128,0.779851,0.775272,0.9616,-0.0789,1.4179,-0.000,11.792,173.088,0,0,344,240,96,115
1778107434.858297,3,0.969357,0.697344,0.675975,0.8363,0.2778,1.5929,0.000,14.819,-152.732,0,0,114,108,116,130
1778107434.858297,88,0.984138,0.725063,0.713562,0.9619,-0.4699,1.5860,0.000,14.044,150.462,0,0,565,148,115,118
1778107434.858297,78,0.995527,0.778885,0.775401,0.9592,-0.0805,1.4189,0.000,12.244,173.874,0,0,344,239,96,117
1778107434.925050,3,0.973040,0.698349,0.679522,0.8408,0.2796,1.5954,0.000,15.425,-153.704,0,0,114,108,116,130
1778107434.925050,88,0.984312,0.725063,0.713688,0.9619,-0.4699,1.5860,0.000,13.852,151.271,0,0,565,148,115,118
1778107434.925050,78,0.996461,0.778378,0.775624,0.9587,-0.0821,1.4204,0.000,13.866,172.914,0,0,345,238,100,117
1778107435.025143,3,0.974201,0.698349,0.680332,0.8408,0.2796,1.5954,0.000,15.649,-153.965,0,0,114,108,116,130
1778107435.025143,88,0.983849,0.725570,0.713852,0.9647,-0.4712,1.5874,0.000,13.514,152.073,0,0,565,148,115,118
1778107435.025143,78,0.998525,0.777687,0.776541,0.9558,-0.0820,1.4196,0.000,14.920,174.305,0,0,345,238,100,115
1778107435.025143,3,0.974240,0.698349,0.680359,0.8408,0.2796,1.5954,-0.000,15.395,-154.936,0,0,114,108,115,129
1778107435.025143,88,0.979467,0.725570,0.710672,0.9647,-0.4712,1.5874,0.000,12.139,152.277,0,0,566,147,116,121
1778107435.025143,78,0.994657,0.777687,0.773532,0.9558,-0.0820,1.4196,-0.000,13.899,171.501,0,0,345,237,97,117
1778107435.191982,3,0.973397,0.697747,0.679185,0.8381,0.2785,1.5939,0.000,15.185,-154.900,0,0,114,108,115,129
1778107435.191982,88,0.980360,0.724980,0.710741,0.9642,-0.4730,1.5890,-0.000,12.605,151.462,0,0,566,147,116,122
1778107435.191982,78,0.994763,0.777907,0.773834,0.9582,-0.0821,1.4220,-0.000,13.580,171.858,0,0,345,237,97,117
1778107435.191982,3,0.972302,0.697747,0.678421,0.8381,0.2785,1.5939,0.000,15.185,-154.900,0,0,114,108,115,129
1778107435.191982,88,0.981102,0.724473,0.710782,0.9642,-0.4730,1.5890,-0.000,12.605,151.462,0,0,566,147,116,122
1778107435.191982,78,0.994200,0.777217,0.772709,0.9582,-0.0821,1.4220,-0.000,13.580,171.858,0,0,345,237,97,115
1778107435.292089,3,0.972365,0.698840,0.679528,0.8381,0.2785,1.5939,-0.000,14.871,-155.056,0,0,115,108,116,129
1778107435.292089,88,0.993820,0.777436,0.772632,0.9614,-0.4716,1.5877,0.000,12.696,152.151,0,0,345,236,97,117
1778107435.292089,78,0.980138,0.724047,0.709667,0.9553,-0.0820,1.4212,0.000,13.870,171.278,0,0,566,146,116,124
1778107435.358822,3,0.974450,0.698840,0.680985,0.8426,0.2787,1.5964,0.000,15.256,-156.077,0,0,114,108,115,129
1778107435.358822,78,0.993689,0.777436,0.772530,0.9577,-0.0821,1.4236,-0.000,12.809,171.826,0,0,346,236,94,115
1778107435.358822,88,0.978617,0.724047,0.708565,0.9609,-0.4716,1.5894,0.000,12.053,152.204,0,0,566,146,116,122
1778107435.525630,3,0.972723,0.699546,0.680465,0.8461,0.2817,1.5985,0.000,14.866,-155.605,0,0,114,108,115,129
1778107435.525630,78,0.994728,0.776459,0.772365,0.9567,-0.0838,1.4268,-0.000,13.296,172.216,0,0,346,234,96,117
1778107435.525630,88,0.977182,0.724047,0.707526,0.9609,-0.4716,1.5894,0.000,11.657,152.195,0,0,566,146,115,122
1778107435.592367,3,0.973563,0.700558,0.682038,0.8492,0.2827,1.5985,0.000,14.883,-156.249,0,0,114,109,115,130
1778107435.592367,78,0.992328,0.775771,0.769819,0.9539,-0.0836,1.4259,-0.000,12.947,170.875,0,0,346,234,96,117
1778107435.592367,88,0.974367,0.723621,0.705073,0.9604,-0.4716,1.5911,0.000,10.984,152.316,0,0,566,145,115,122
1778107435.592367,3,0.973361,0.700558,0.681896,0.8492,0.2827,1.5985,0.000,14.896,-155.845,0,0,115,108,114,129
1778107435.592367,88,0.972142,0.723621,0.703462,0.9604,-0.4716,1.5911,0.000,10.539,151.541,0,0,566,144,115,122
1778107435.592367,78,0.991667,0.775771,0.769306,0.9539,-0.0836,1.4259,0.000,12.002,171.345,0,0,345,234,95,115
1778107435.759212,3,0.973307,0.702032,0.683293,0.8555,0.2836,1.6020,-0.000,14.960,-155.603,0,0,115,109,114,130
1778107435.759212,88,0.991056,0.776495,0.769550,0.9567,-0.0821,1.4268,0.000,12.195,170.876,0,0,345,234,95,115
1778107435.759212,78,0.969476,0.723701,0.701610,0.9626,-0.4730,1.5941,-0.000,9.961,151.652,0,0,566,144,115,122
1778107435.759212,3,0.972010,0.702032,0.682382,0.8555,0.2836,1.6020,-0.000,14.960,-155.603,0,0,115,108,114,129
1778107435.759212,78,0.969133,0.723701,0.701362,0.9567,-0.0821,1.4268,0.000,12.195,170.876,0,0,567,143,114,121
1778107435.759212,88,0.993317,0.776495,0.771305,0.9626,-0.4730,1.5941,-0.000,9.961,151.652,0,0,345,234,94,115
1778107435.859319,3,0.974697,0.699638,0.681935,0.8461,0.2801,1.5985,0.000,15.491,-155.206,0,0,115,108,114,129
1778107435.859319,88,0.961819,0.723112,0.695503,0.9621,-0.4747,1.5958,0.000,8.238,152.257,0,0,567,142,116,120
1778107435.859319,78,0.986176,0.775116,0.764400,0.9510,-0.0818,1.4250,0.000,10.572,169.826,0,0,346,233,93,110
1778107435.992749,3,0.973732,0.703947,0.685456,0.8657,0.2878,1.6097,0.000,15.265,-155.092,0,0,115,108,114,129
1778107435.992749,88,0.960754,0.723687,0.695285,0.9670,-0.4774,1.6001,-0.000,8.123,152.062,0,0,567,142,115,120
1778107435.992749,78,0.996098,0.773709,0.770689,0.9496,-0.0818,1.4297,-0.000,13.488,173.726,0,0,345,231,95,109
1778107436.059487,3,0.973487,0.703273,0.684627,0.8630,0.2884,1.6081,-0.000,15.082,-155.486,0,0,114,108,115,129
1778107436.059487,88,0.955569,0.723687,0.691533,0.9670,-0.4774,1.6001,0.000,7.028,152.633,0,0,567,142,115,118
1778107436.059487,78,0.988925,0.774144,0.765570,0.9543,-0.0821,1.4347,-0.000,9.736,173.914,0,0,345,229,95,113
1778107436.159561,3,0.974067,0.703273,0.685035,0.8630,0.2884,1.6081,0.000,15.212,-155.583,0,0,113,108,115,132
1778107436.159561,78,0.981628,0.774144,0.759921,0.9543,-0.0821,1.4347,0.000,7.808,172.070,0,0,346,228,95,109
1778107436.159561,88,0.955174,0.723260,0.690839,0.9665,-0.4774,1.6018,0.000,6.993,154.146,0,0,567,141,117,122
1778107436.226307,3,0.976602,0.702236,0.685805,0.8573,0.2875,1.6031,0.000,15.721,-155.798,0,0,113,109,114,130
1778107436.226307,78,0.983087,0.771583,0.758534,0.9438,-0.0832,1.4313,-0.000,7.696,173.562,0,0,346,229,96,110
1778107436.226307,88,0.951141,0.723260,0.687923,0.9665,-0.4774,1.6018,0.000,6.233,154.421,0,0,567,141,115,122
1778107436.226307,3,0.975041,0.702236,0.684710,0.8573,0.2875,1.6031,0.000,15.134,-157.139,0,0,112,108,115,130
1778107436.226307,78,0.976038,0.771583,0.753094,0.9438,-0.0832,1.4313,0.000,5.280,175.581,0,0,345,228,95,109
1778107436.226307,88,0.948086,0.723260,0.685713,0.9665,-0.4774,1.6018,-0.000,5.670,154.117,0,0,567,140,115,122
1778107436.226307,3,0.974521,0.701532,0.683658,0.8573,0.2875,1.6031,0.000,15.134,-157.139,0,0,110,108,116,129
1778107436.226307,78,0.944057,0.722807,0.682371,0.9438,-0.0832,1.4313,0.000,5.280,175.581,0,0,568,138,114,124
1778107436.226307,88,0.973399,0.772719,0.752164,0.9665,-0.4774,1.6018,-0.000,5.670,154.117,0,0,345,225,95,110
1778107436.459883,3,0.972565,0.700364,0.681149,0.8523,0.2936,1.6020,0.000,15.083,-162.177,0,0,108,108,115,130
1778107436.459883,88,0.940325,0.723233,0.680075,0.9709,-0.4818,1.6079,-0.000,4.492,154.565,0,0,568,139,114,122
1778107436.459883,78,0.974915,0.771761,0.752402,0.9518,-0.0838,1.4426,-0.000,5.757,173.779,0,0,346,224,94,109
1778107436.559971,3,0.941555,0.699586,0.658699,0.8506,0.2991,1.6010,0.000,15.386,-173.903,0,0,104,108,115,125
1778107436.559971,88,0.936889,0.722971,0.677343,0.9704,-0.4800,1.6096,0.000,4.015,154.109,0,0,567,138,115,120
1778107436.559971,78,0.959057,0.772927,0.741281,0.9566,-0.0824,1.4442,0.000,1.867,176.090,0,0,345,224,95,110
1778107436.626709,3,0.921864,0.698584,0.643999,0.8483,0.3015,1.6015,0.000,15.819,-178.158,0,0,102,107,114,125
1778107436.626709,88,0.934288,0.722870,0.675369,0.9725,-0.4831,1.6127,0.000,3.683,154.747,0,0,568,137,114,121
1778107436.626709,78,0.954496,0.772421,0.737273,0.9561,-0.0841,1.4458,0.000,1.450,172.908,0,0,346,223,94,107
1778107436.626709,3,0.900800,0.697897,0.628666,0.8483,0.3015,1.6015,0.000,15.819,-178.158,0,0,101,107,115,128
1778107436.626709,88,0.929228,0.723462,0.672261,0.9725,-0.4831,1.6127,0.000,3.683,154.747,0,0,567,138,115,122
1778107436.626709,78,0.948267,0.770787,0.730913,0.9561,-0.0841,1.4458,0.000,1.450,172.908,0,0,347,222,94,109
1778107436.793549,3,0.846978,0.697602,0.590853,0.8456,0.3067,1.6000,0.000,17.379,170.095,0,0,98,107,114,128
1778107436.793549,88,0.923396,0.722443,0.667102,0.9720,-0.4831,1.6144,0.000,2.068,153.726,0,0,568,136,114,117
1778107436.793549,78,0.923840,0.769850,0.711219,0.9499,-0.0855,1.4490,0.000,-3.409,172.300,0,0,347,220,94,105
1778107436.793549,3,0.828161,0.697602,0.577727,0.8456,0.3067,1.6000,0.000,15.614,168.701,0,0,96,107,116,125
1778107436.793549,88,0.917741,0.722443,0.663016,0.9720,-0.4831,1.6144,0.000,1.240,153.514,0,0,568,136,114,117
1778107436.793549,78,0.919902,0.769850,0.708187,0.9499,-0.0855,1.4490,0.000,-4.155,173.253,0,0,346,219,93,105
1778107436.960376,3,0.802651,0.697302,0.559691,0.8456,0.3114,1.6000,0.000,14.158,166.809,0,0,95,107,116,121
1778107436.960376,88,0.907748,0.722279,0.655647,0.9720,-0.4849,1.6144,0.000,-0.076,151.377,0,0,569,136,114,115
1778107436.960376,78,0.914235,0.769418,0.703429,0.9494,-0.0838,1.4506,0.000,-4.914,173.656,0,0,346,219,94,105
1778107437.027089,3,0.798958,0.696810,0.556722,0.8439,0.3121,1.5989,0.000,15.000,166.043,0,0,94,107,115,122
1778107437.027089,88,0.904849,0.722279,0.653553,0.9720,-0.4849,1.6144,0.000,-0.478,151.465,0,0,569,136,114,115
1778107437.027089,78,0.908119,0.769869,0.699132,0.9513,-0.0839,1.4512,0.000,-5.646,172.743,0,0,346,219,94,102
1778107437.027089,3,0.788726,0.696756,0.549550,0.8439,0.3121,1.5989,0.000,15.000,166.043,0,0,92,105,115,125
1778107437.027089,88,0.906467,0.722339,0.654776,0.9720,-0.4849,1.6144,0.000,-0.478,151.465,0,0,569,135,114,117
1778107437.027089,78,0.906293,0.769869,0.697727,0.9513,-0.0839,1.4512,0.000,-5.646,172.743,0,0,346,219,95,102
1778107437.127193,3,0.789757,0.696586,0.550133,0.8474,0.3172,1.6045,0.000,15.437,164.955,0,0,92,106,115,124
1778107437.127193,88,0.909568,0.722174,0.656866,0.9742,-0.4862,1.6175,0.000,-0.266,153.500,0,0,570,135,114,120
1778107437.127193,78,0.897619,0.770073,0.691232,0.9513,-0.0839,1.4512,-0.000,-5.678,171.519,0,0,346,218,94,101
1778107437.193932,3,0.783785,0.696586,0.545973,0.8452,0.3160,1.6014,0.000,15.336,164.446,0,0,92,105,115,125
1778107437.193932,88,0.911391,0.722174,0.658183,0.9742,-0.4880,1.6175,0.000,0.429,152.271,0,0,570,135,113,122
1778107437.193932,78,0.899475,0.770073,0.692662,0.9536,-0.0841,1.4538,0.000,-6.670,172.441,0,0,345,218,93,102
1778107437.360778,3,0.785691,0.696756,0.547435,0.8474,0.3172,1.6045,0.000,15.080,164.810,0,0,92,105,117,125
1778107437.360778,88,0.904313,0.721522,0.652482,0.9715,-0.4885,1.6161,0.000,-0.517,151.543,0,0,571,135,114,121
1778107437.360778,78,0.893170,0.776865,0.693872,0.9844,-0.0842,1.4661,0.000,-7.517,173.436,0,0,345,217,94,101
1778107437.427516,3,0.793946,0.697100,0.553460,0.8456,0.3145,1.6000,-0.000,14.400,165.897,0,0,93,107,114,124
1778107437.427516,78,0.857601,0.777542,0.666821,0.9872,-0.0826,1.4671,0.000,-11.936,177.536,0,0,344,217,94,99
1778107437.427516,88,0.904891,0.721097,0.652514,0.9710,-0.4885,1.6178,-0.000,-0.351,151.532,0,0,571,134,115,120
1778107437.427516,3,0.788238,0.697100,0.549481,0.8456,0.3145,1.6000,0.000,13.434,165.797,0,0,93,107,115,122
1778107437.427516,78,0.872520,0.777542,0.678421,0.9872,-0.0826,1.4671,0.000,-10.104,174.028,0,0,345,218,94,98
1778107437.427516,88,0.902719,0.721097,0.650948,0.9710,-0.4885,1.6178,0.000,-0.705,152.787,0,0,571,133,114,121
1778107437.527624,3,0.790461,0.697100,0.551030,0.8456,0.3145,1.6000,0.000,13.004,166.279,0,0,93,107,115,121
1778107437.527624,78,0.859394,0.776050,0.666933,0.9792,-0.0838,1.4625,-0.000,-11.731,174.092,0,0,345,217,93,97
1778107437.527624,88,0.886124,0.720671,0.638604,0.9704,-0.4885,1.6195,-0.000,-2.754,153.588,0,0,572,134,114,124
1778107437.661085,3,0.801183,0.697100,0.558505,0.8456,0.3145,1.6000,-0.000,14.322,166.737,0,0,95,107,116,124
1778107437.661085,78,0.814711,0.776660,0.632754,0.9820,-0.0857,1.4635,0.000,-5.854,150.923,0,0,573,133,114,120
1778107437.661085,88,0.842467,0.776660,0.654311,0.9820,-0.0857,1.4635,0.000,-13.565,173.723,0,0,346,218,94,98
1778107437.727822,3,0.801681,0.697302,0.559014,0.8456,0.3114,1.6000,0.000,13.761,166.919,0,0,95,107,116,122
1778107437.727822,88,0.855248,0.720081,0.615847,0.9699,-0.4903,1.6212,0.000,-6.271,154.394,0,0,572,132,114,121
1778107437.727822,78,0.848844,0.767769,0.651716,0.9456,-0.0853,1.4527,0.000,-12.755,173.362,0,0,347,217,92,97
1778107437.727822,3,0.801798,0.697302,0.559096,0.8456,0.3114,1.6000,0.000,13.761,166.919,0,0,95,106,117,125
1778107437.727822,88,0.863681,0.720081,0.621920,0.9699,-0.4903,1.6212,0.000,-6.271,154.394,0,0,573,133,114,117
1778107437.727822,78,0.829377,0.767769,0.636769,0.9456,-0.0853,1.4527,0.000,-12.755,173.362,0,0,348,218,92,95
1778107437.894658,3,0.803149,0.696889,0.559706,0.8452,0.3114,1.6014,0.000,14.929,166.489,0,0,95,106,115,125
1778107437.894658,88,0.852921,0.719430,0.613617,0.9672,-0.4907,1.6198,-0.000,-6.546,152.367,0,0,573,132,114,117
1778107437.894658,78,0.830100,0.768896,0.638260,0.9503,-0.0856,1.4544,0.000,-14.743,173.367,0,0,347,217,92,95
1778107437.994756,3,0.797046,0.697574,0.555999,0.8479,0.3109,1.6030,-0.000,15.092,165.637,0,0,96,106,116,126
1778107437.994756,88,0.846226,0.718943,0.608388,0.9645,-0.4893,1.6184,-0.000,-7.198,150.859,0,0,573,132,114,117
1778107437.994756,78,0.840290,0.767804,0.645178,0.9456,-0.0836,1.4527,0.000,-13.536,172.255,0,0,346,217,93,97
1778107438.061484,3,0.798081,0.696989,0.556254,0.8452,0.3098,1.6014,0.000,14.549,166.036,0,0,96,106,116,125
1778107438.061484,88,0.848176,0.719532,0.610289,0.9650,-0.4875,1.6167,-0.000,-7.147,153.227,0,0,572,133,113,117
1778107438.061484,78,0.859720,0.768896,0.661035,0.9503,-0.0856,1.4544,0.000,-11.435,172.379,0,0,347,217,88,95
1778107438.161574,3,0.796356,0.696989,0.555051,0.8452,0.3098,1.6014,0.000,15.619,165.293,0,0,96,106,116,124
1778107438.161574,78,0.859130,0.768896,0.660581,0.9503,-0.0856,1.4544,-0.000,-11.473,172.168,0,0,347,217,92,95
1778107438.161574,88,0.808689,0.768896,0.621797,0.9503,-0.0856,1.4544,0.000,-7.281,151.546,0,0,573,132,113,117
1778107438.161574,3,0.788128,0.697261,0.549530,0.8452,0.3098,1.6014,0.000,15.619,165.293,0,0,97,105,116,125
1778107438.161574,78,0.850562,0.769364,0.654392,0.9503,-0.0856,1.4544,-0.000,-11.473,172.168,0,0,347,218,94,94
1778107438.161574,88,0.841143,0.718454,0.604322,0.9503,-0.0856,1.4544,0.000,-7.281,151.546,0,0,573,132,112,117
1778107438.228293,3,0.793014,0.697261,0.552937,0.8474,0.3094,1.6045,0.000,14.456,164.942,0,0,97,106,118,121
1778107438.228293,78,0.845826,0.769364,0.650749,0.9508,-0.0856,1.4528,-0.000,-12.654,173.221,0,0,346,218,95,94
1778107438.228293,88,0.847742,0.718454,0.609064,0.9618,-0.4880,1.6170,0.000,-7.813,152.239,0,0,573,133,112,111
1778107438.395129,3,0.793589,0.697674,0.553667,0.8479,0.3094,1.6030,0.000,14.998,165.216,0,0,97,106,117,124
1778107438.395129,78,0.876162,0.770507,0.675089,0.9541,-0.0857,1.4522,0.000,-9.883,173.763,0,0,347,219,94,95
1778107438.395129,88,0.851051,0.719465,0.612302,0.9628,-0.4862,1.6136,0.000,-6.409,159.271,0,0,572,134,114,114
1778107438.461867,3,0.794514,0.697774,0.554392,0.8479,0.3078,1.6030,0.000,15.122,165.162,0,0,98,106,116,124
1778107438.461867,78,0.838138,0.770109,0.645458,0.9536,-0.0824,1.4538,-0.000,-14.128,175.558,0,0,345,218,95,97
1778107438.461867,88,0.861918,0.720445,0.620964,0.9683,-0.4889,1.6164,0.000,-5.240,158.955,0,0,572,134,112,115
1778107438.561966,3,0.779137,0.697774,0.543662,0.8479,0.3078,1.6030,0.000,13.904,164.147,0,0,99,105,116,125
1778107438.561966,78,0.850090,0.770073,0.654631,0.9536,-0.0841,1.4538,0.000,-12.727,173.566,0,0,346,218,95,97
1778107438.561966,88,0.865243,0.718878,0.622004,0.9623,-0.4880,1.6153,0.000,-5.155,156.014,0,0,573,133,112,113
1778107438.628679,3,0.790527,0.697774,0.551609,0.8479,0.3078,1.6030,0.000,14.108,165.262,0,0,98,106,117,124
1778107438.628679,88,0.872629,0.718878,0.627313,0.9623,-0.4880,1.6153,0.000,-4.410,152.896,0,0,573,133,113,114
1778107438.628679,78,0.830852,0.776865,0.645460,0.9844,-0.0842,1.4661,0.000,-14.799,176.026,0,0,345,217,94,97
1778107438.695412,3,0.794367,0.698163,0.554598,0.8496,0.3086,1.6040,0.000,14.585,165.426,0,0,98,106,116,124
1778107438.695412,88,0.814469,0.776292,0.632266,0.9815,-0.0806,1.4651,-0.000,-16.450,177.529,0,0,343,217,93,97
1778107438.695412,78,0.888013,0.718152,0.637728,0.9574,-0.4870,1.6108,0.000,-2.616,154.831,0,0,574,134,114,113
1778107438.828876,3,0.794178,0.698163,0.554466,0.8496,0.3086,1.6040,0.000,14.678,165.356,0,0,98,106,117,124
1778107438.828876,88,0.876985,0.718152,0.629808,0.9574,-0.4870,1.6108,0.000,-3.869,156.108,0,0,574,133,112,113
1778107438.828876,78,0.826662,0.777577,0.642794,0.9872,-0.0809,1.4671,0.000,-15.222,177.838,0,0,343,217,93,95
1778107438.895612,3,0.781044,0.697774,0.544992,0.8479,0.3078,1.6030,0.000,14.155,164.216,0,0,98,106,115,126
1778107438.895612,88,0.892769,0.717743,0.640778,0.9525,-0.4825,1.6064,0.000,-1.791,157.744,0,0,573,135,115,113
1778107438.895612,78,0.801700,0.777612,0.623411,0.9872,-0.0791,1.4671,0.000,-17.695,176.982,0,0,342,217,93,94
1778107438.895612,3,0.788505,0.697774,0.550198,0.8479,0.3078,1.6030,-0.000,14.401,164.886,0,0,99,106,116,124
1778107438.895612,88,0.875302,0.717743,0.628241,0.9525,-0.4825,1.6064,0.000,-4.229,151.678,0,0,574,133,114,113
1778107438.895612,78,0.793577,0.777612,0.617095,0.9872,-0.0791,1.4671,0.000,-18.456,178.004,0,0,342,217,92,94
1778107439.062451,3,0.776907,0.698263,0.542486,0.8496,0.3070,1.6040,0.000,13.054,164.285,0,0,98,106,115,126
1778107439.062451,88,0.872961,0.714897,0.624077,0.9416,-0.4793,1.6046,0.000,-4.319,151.136,0,0,574,133,114,117
1778107439.062451,78,0.792931,0.778038,0.616930,0.9891,-0.0792,1.4678,0.000,-18.502,178.489,0,0,342,217,92,94
1778107439.062451,3,0.782635,0.698163,0.546407,0.8496,0.3070,1.6040,0.000,13.054,164.285,0,0,98,106,116,125
1778107439.062451,88,0.887121,0.718478,0.637377,0.9416,-0.4793,1.6046,0.000,-4.319,151.136,0,0,572,134,115,117
1778107439.062451,78,0.801041,0.778198,0.623369,0.9891,-0.0792,1.4678,0.000,-18.502,178.489,0,0,342,216,93,93
1778107439.195928,3,0.784519,0.697674,0.547339,0.8479,0.3094,1.6030,-0.000,14.326,164.588,0,0,97,106,115,125
1778107439.195928,88,0.861176,0.719041,0.619221,0.9623,-0.4862,1.6153,0.000,-5.672,151.794,0,0,572,133,113,118
1778107439.195928,78,0.805611,0.777595,0.626438,0.9886,-0.0775,1.4694,-0.000,-17.211,177.819,0,0,341,216,93,93
1778107439.296001,3,0.781197,0.697674,0.545021,0.8479,0.3094,1.6030,-0.000,13.736,164.549,0,0,97,107,117,124
1778107439.296001,88,0.869273,0.719041,0.625043,0.9623,-0.4862,1.6153,0.000,-4.757,152.031,0,0,572,132,114,120
1778107439.296001,78,0.796842,0.778038,0.619973,0.9891,-0.0792,1.4678,0.000,-18.155,176.585,0,0,342,217,93,90
1778107439.362740,3,0.794507,0.698089,0.554637,0.8483,0.3094,1.6015,0.000,13.552,166.057,0,0,97,107,116,124
1778107439.362740,88,0.876106,0.720245,0.631011,0.9699,-0.4885,1.6212,-0.000,-3.861,152.424,0,0,571,132,114,121
1778107439.362740,78,0.809841,0.779153,0.630990,0.9924,-0.0794,1.4671,0.000,-16.997,177.994,0,0,342,218,92,91
1778107439.362740,3,0.788454,0.698089,0.550411,0.8483,0.3094,1.6015,0.000,13.048,165.675,0,0,96,107,116,121
1778107439.362740,88,0.875872,0.720245,0.630843,0.9699,-0.4885,1.6212,0.000,-3.898,152.709,0,0,569,133,115,120
1778107439.362740,78,0.800712,0.779153,0.623877,0.9924,-0.0794,1.4671,0.000,-17.889,176.870,0,0,342,218,96,94
1778107439.529559,3,0.786916,0.698377,0.549564,0.8501,0.3117,1.6025,0.000,13.486,165.354,0,0,95,107,115,124
1778107439.529559,88,0.869973,0.721000,0.627250,0.9704,-0.4849,1.6195,0.000,-4.655,153.608,0,0,569,133,115,122
1778107439.529559,78,0.819946,0.771327,0.632446,0.9584,-0.0776,1.4554,0.000,-16.004,177.666,0,0,342,218,94,97
1778107439.596305,3,0.780548,0.698301,0.545058,0.8488,0.3125,1.6000,-0.000,13.526,164.702,0,1,95,108,115,122
1778107439.596305,88,0.870428,0.722024,0.628469,0.9780,-0.4889,1.6254,0.000,-4.509,154.235,1,1,569,132,115,121
1778107439.596305,78,0.823874,0.779908,0.642546,0.9976,-0.0814,1.4707,-0.000,-15.465,175.080,0,1,343,217,92,97
1778107443.633629,3,0.978134,0.840253,0.821880,1.7318,-0.6770,1.8813,0.000,13.585,167.691,0,0,57,120,114,135
1778107443.633629,3,0.978606,0.840253,0.822277,1.7318,-0.6770,1.8813,-0.000,13.456,167.340,0,0,57,118,115,133
1778107443.800481,3,0.782762,0.698198,0.546523,0.8551,0.3685,1.5850,0.000,13.411,167.731,0,0,59,117,118,132
1778107443.800481,90,0.845573,0.835519,0.706493,1.7269,-0.6607,1.8956,-0.000,-9.410,157.078,0,0,509,166,105,117
1778107443.800481,0,0.776235,0.698031,0.541836,0.8536,0.3675,1.5865,0.000,12.741,167.400,0,0,60,116,121,130
1778107443.800481,1,0.903071,0.835504,0.754519,1.7286,-0.6562,1.8956,0.000,-2.652,158.956,0,0,512,167,105,115
1778107443.900575,3,0.783137,0.696751,0.545652,0.8518,0.3628,1.5925,0.000,13.668,167.538,0,0,62,113,122,133
1778107443.900575,78,0.866294,0.832456,0.721152,1.7330,-0.6757,1.9151,0.000,-6.778,158.078,0,0,514,161,106,113
1778107443.900575,3,0.791930,0.696752,0.551779,0.8511,0.3642,1.5925,0.000,14.904,167.972,0,0,70,105,118,133
1778107443.900575,78,0.874207,0.832446,0.727730,1.7342,-0.6727,1.9151,0.000,-5.812,157.220,0,0,523,149,106,106
1778107444.000683,3,0.796867,0.692102,0.551513,0.8367,0.3466,1.5983,0.000,15.306,167.868,0,0,71,105,117,130
1778107444.100790,3,0.804952,0.689676,0.555156,0.8274,0.3350,1.5981,-0.000,16.243,167.951,0,0,75,102,117,132
1778107444.100790,78,0.836734,0.787046,0.658548,1.0219,-0.0307,1.4734,0.000,-14.334,177.015,0,0,314,220,93,93
1778107444.167509,3,0.796981,0.689204,0.549282,0.8238,0.3288,1.5960,-0.000,15.692,167.078,0,0,78,102,117,133
1778107444.267599,0,0.807208,0.690222,0.557153,0.8243,0.3197,1.5945,-0.000,16.044,167.466,0,0,84,103,115,132
1778107444.267599,1,0.846155,0.785822,0.664927,1.0121,-0.0501,1.4645,-0.000,-6.271,157.937,0,0,540,140,107,110
1778107444.267599,3,0.795439,0.691327,0.549909,0.8243,0.3197,1.5945,-0.000,16.044,167.466,0,0,87,104,117,130
1778107444.267599,78,0.838790,0.735191,0.616670,1.0121,-0.0501,1.4645,-0.000,-6.271,157.937,0,0,544,139,110,115
1778107444.267599,93,0.825392,0.786278,0.648988,nan,nan,nan,nan,nan,nan,0,0,323,220,90,94
1778107444.334320,3,0.804615,0.691327,0.556252,0.8265,0.3159,1.5941,-0.000,14.675,167.580,0,0,95,106,117,125
1778107444.334320,78,0.891167,0.735191,0.655178,1.0161,-0.4593,1.6308,0.000,-2.202,157.050,0,0,553,141,114,111
1778107444.334320,93,0.875119,0.786278,0.688087,1.0190,-0.0467,1.4724,-0.000,-10.167,177.515,0,0,334,223,90,94
1778107444.467779,0,0.800783,0.696010,0.557352,0.8399,0.3044,1.5984,-0.000,15.455,165.680,0,0,98,106,116,126
1778107444.467779,1,0.882764,0.730405,0.644775,0.9877,-0.4650,1.6045,0.000,-2.133,165.383,0,0,555,145,116,111
1778107444.534513,3,0.808807,0.698209,0.564717,0.8443,0.2966,1.5974,0.000,14.456,166.486,0,0,104,108,114,126
1778107444.534513,94,0.883218,0.726015,0.641229,0.9817,-0.4781,1.6134,-0.000,-3.511,154.250,0,0,563,139,114,115
1778107444.534513,0,0.806607,0.698209,0.563180,0.8443,0.2966,1.5974,0.000,15.034,165.928,0,0,105,108,115,126
1778107444.534513,1,0.861679,0.726015,0.625592,0.9817,-0.4781,1.6134,0.000,-6.022,155.321,0,0,563,137,113,114
1778107444.701353,3,0.814755,0.694694,0.566006,0.8296,0.2891,1.5908,-0.000,15.342,166.636,0,0,105,107,114,128
1778107444.701353,94,0.849559,0.724725,0.615696,0.9802,-0.4781,1.6186,0.000,-7.014,156.848,0,0,563,136,113,111
1778107444.701353,93,0.844086,0.780109,0.658480,0.9935,-0.0794,1.4638,0.000,-13.162,171.040,0,0,342,220,92,95
1778107444.768078,3,0.813763,0.694601,0.565241,0.8296,0.2907,1.5908,-0.000,15.030,166.779,0,0,104,107,115,128
1778107444.768078,94,0.860979,0.724561,0.623832,0.9802,-0.4799,1.6186,0.000,-5.797,156.300,0,0,564,136,112,114
1778107444.768078,93,0.816668,0.781894,0.638547,0.9997,-0.0779,1.4640,0.000,-16.221,171.721,0,0,341,221,88,94
1778107444.768078,3,0.814761,0.694601,0.565934,0.8296,0.2907,1.5908,-0.000,15.030,166.779,0,0,104,108,115,126
1778107444.768078,94,0.844583,0.724561,0.611952,0.9802,-0.4799,1.6186,0.000,-5.797,156.300,0,0,563,135,113,113
1778107444.768078,93,0.823844,0.781894,0.644158,0.9997,-0.0779,1.4640,0.000,-16.221,171.721,0,0,341,219,88,93
1778107444.934919,3,0.822182,0.695011,0.571425,0.8301,0.2907,1.5893,-0.000,15.353,167.548,0,0,104,108,114,126
1778107444.934919,94,0.844802,0.724295,0.611886,0.9796,-0.4781,1.6203,0.000,-7.308,158.195,0,0,563,136,113,110
1778107444.934919,93,0.788204,0.782324,0.616631,1.0043,-0.0712,1.4693,-0.000,-19.139,178.995,0,0,337,219,86,95
1778107444.934919,3,0.826883,0.694910,0.574609,0.8301,0.2907,1.5893,-0.000,15.353,167.548,0,0,103,107,114,125
1778107444.934919,95,0.852753,0.724075,0.617457,0.9796,-0.4781,1.6203,0.000,-7.308,158.195,0,0,564,136,110,114
1778107445.001656,3,0.833236,0.694910,0.579024,0.8314,0.2929,1.5918,0.000,16.217,168.537,0,0,102,106,115,129
1778107445.001656,96,0.860037,0.724075,0.622731,0.9774,-0.4786,1.6172,0.000,-5.822,157.293,0,0,564,136,112,114
1778107445.068399,3,0.830525,0.694003,0.576387,0.8292,0.2937,1.5922,-0.000,15.984,168.460,0,0,102,106,115,129
1778107445.068399,97,0.860307,0.723587,0.622507,0.9747,-0.4773,1.6158,0.000,-5.830,156.873,0,0,564,136,112,114
1778107445.135134,3,0.831892,0.693600,0.577000,0.8274,0.2930,1.5912,0.000,15.989,168.622,0,0,102,106,115,129
1778107445.135134,98,0.866843,0.723587,0.627236,0.9747,-0.4773,1.6158,0.000,-5.159,155.785,0,0,564,135,112,117
1778107445.201872,0,0.876206,0.693600,0.607737,0.8274,0.2930,1.5912,0.000,16.124,174.312,0,0,103,107,114,130
1778107445.201872,1,0.861012,0.723158,0.622648,0.9742,-0.4773,1.6175,0.000,-5.637,157.137,0,0,563,136,113,114
1778107445.201872,3,0.935254,0.694910,0.649917,0.8274,0.2930,1.5912,0.000,16.124,174.312,0,0,105,108,116,128
1778107445.201872,98,0.856291,0.723259,0.619320,0.9742,-0.4773,1.6175,0.000,-5.637,157.137,0,0,564,136,114,115
1778107445.201872,93,0.799663,0.778739,0.622729,nan,nan,nan,nan,nan,nan,0,0,340,223,93,94
1778107445.435436,3,0.952098,0.696513,0.663149,0.8363,0.2917,1.5929,0.000,17.816,-173.542,0,0,105,108,115,130
1778107445.435436,98,0.867086,0.722669,0.626616,0.9715,-0.4760,1.6161,0.000,-5.033,155.929,0,0,564,135,113,117
1778107445.435436,93,0.825923,0.778354,0.642860,0.9794,-0.0786,1.4518,0.000,-15.984,175.804,0,0,342,224,94,95
1778107445.435436,3,0.971796,0.696513,0.676869,0.8363,0.2917,1.5929,-0.000,18.318,-168.162,0,0,107,109,116,130
1778107445.435436,98,0.860371,0.722669,0.621763,0.9715,-0.4760,1.6161,0.000,-5.762,156.495,0,0,564,136,112,118
1778107445.435436,93,0.828671,0.778354,0.644999,0.9794,-0.0786,1.4518,0.000,-15.701,175.728,0,0,340,221,95,97
1778107445.602261,3,0.985134,0.696485,0.686131,0.8345,0.2848,1.5918,0.000,18.267,-160.205,0,0,109,108,116,133
1778107445.602261,98,0.864210,0.722830,0.624677,0.9715,-0.4742,1.6161,0.000,-5.316,156.496,0,0,563,135,113,117
1778107445.602261,93,0.824021,0.776376,0.639750,0.9736,-0.0749,1.4534,0.000,-15.950,179.124,0,0,340,222,98,97
1778107445.702374,3,0.986292,0.696485,0.686937,0.8345,0.2848,1.5918,-0.000,18.466,-157.191,0,0,110,109,118,133
1778107445.702374,98,0.874809,0.722604,0.632140,0.9693,-0.4747,1.6130,-0.000,-4.225,155.852,0,0,564,136,114,117
1778107445.702374,93,0.814558,0.776851,0.632790,0.9741,-0.0749,1.4518,-0.000,-17.042,177.426,0,0,340,223,93,97
1778107445.769097,3,0.988493,0.696990,0.688969,0.8350,0.2833,1.5904,0.000,19.478,-155.525,0,0,110,109,117,133
1778107445.769097,98,0.869374,0.722766,0.628354,0.9693,-0.4729,1.6130,0.000,-4.820,156.376,0,0,563,136,113,117
1778107445.769097,93,0.825050,0.776883,0.640967,0.9741,-0.0732,1.4518,0.000,-15.895,-179.984,0,0,339,223,96,95
1778107445.835813,0,0.988005,0.696990,0.688629,0.8350,0.2833,1.5904,0.000,19.600,-154.493,0,0,111,110,117,133
1778107445.835813,1,0.872308,0.722604,0.630334,0.9693,-0.4747,1.6130,0.000,-4.321,158.056,0,0,564,136,110,115
1778107445.835813,3,0.986162,0.697495,0.687843,0.8355,0.2817,1.5889,0.000,20.055,-152.042,0,0,112,111,117,133
1778107445.835813,99,0.880661,0.722604,0.636370,0.9693,-0.4747,1.6130,-0.000,-3.492,156.355,0,0,563,136,114,117
1778107445.835813,3,0.985694,0.698808,0.688811,0.8355,0.2817,1.5889,0.000,20.055,-152.042,0,0,113,111,118,133
1778107445.835813,99,0.886970,0.722271,0.640633,0.9693,-0.4747,1.6130,-0.000,-3.492,156.355,0,0,563,136,114,117
1778107445.835813,93,0.833969,0.775495,0.646739,nan,nan,nan,nan,nan,nan,0,0,341,223,94,98
1778107446.069376,3,0.985377,0.699315,0.689089,0.8399,0.2801,1.5880,0.000,20.061,-151.564,0,0,113,112,117,133
1778107446.069376,99,0.886235,0.721774,0.639662,0.9639,-0.4703,1.6103,-0.000,-2.777,156.631,0,0,563,136,112,117
1778107446.069376,93,0.841873,0.773473,0.651166,0.9627,-0.0744,1.4515,0.000,-14.041,176.642,0,0,340,221,87,99
1778107446.069376,3,0.985168,0.699315,0.688943,0.8399,0.2801,1.5880,0.000,20.387,-151.030,0,0,114,112,117,133
1778107446.069376,99,0.887133,0.721774,0.640310,0.9639,-0.4703,1.6103,-0.000,-2.682,156.426,0,0,562,137,115,117
1778107446.069376,93,0.888175,0.773473,0.686980,0.9627,-0.0744,1.4515,0.000,-8.722,176.282,0,0,340,225,93,106
1778107446.236222,3,0.984667,0.699406,0.688683,0.8399,0.2785,1.5880,0.000,20.352,-150.920,0,0,114,112,117,133
1778107446.236222,99,0.887565,0.721627,0.640490,0.9595,-0.4677,1.6041,0.000,-2.791,156.648,0,0,563,138,114,114
1778107446.236222,93,0.900891,0.775361,0.698516,0.9647,-0.0744,1.4451,-0.000,-7.496,176.401,0,0,340,225,92,105
1778107446.236222,3,0.984274,0.699406,0.688408,0.8399,0.2785,1.5880,0.000,20.347,-150.723,0,0,114,112,117,133
1778107446.236222,99,0.882491,0.721627,0.636830,0.9595,-0.4677,1.6041,-0.000,-3.452,156.153,0,0,563,138,114,114
1778107446.236222,93,0.902125,0.775361,0.699473,0.9647,-0.0744,1.4451,-0.000,-7.341,177.898,0,0,340,225,92,105
1778107446.403020,3,0.984338,0.700012,0.689048,0.8426,0.2796,1.5895,0.000,20.277,-150.838,0,0,114,113,117,133
1778107446.403020,99,0.882778,0.722129,0.637479,0.9622,-0.4690,1.6055,-0.000,-3.290,157.607,0,0,562,138,113,111
1778107446.403020,93,0.936020,0.776811,0.727110,0.9662,-0.0727,1.4403,0.000,-2.597,179.427,0,0,339,228,88,107
1778107446.403020,3,0.984519,0.699507,0.688678,0.8426,0.2796,1.5895,0.000,20.277,-150.838,0,0,115,113,116,133
1778107446.403020,99,0.878606,0.721786,0.634166,0.9622,-0.4690,1.6055,-0.000,-3.290,157.607,0,0,562,138,113,111
1778107446.403020,93,0.939567,0.775216,0.728367,0.9662,-0.0727,1.4403,0.000,-2.597,179.427,0,0,339,227,93,109
1778107446.536497,3,0.983685,0.699832,0.688414,0.8391,0.2778,1.5840,0.000,19.922,-150.743,0,0,114,114,115,132
1778107446.536497,99,0.896903,0.721627,0.647229,0.9595,-0.4677,1.6041,0.000,-1.438,158.110,0,0,563,138,114,117
1778107446.536497,93,0.955009,0.776138,0.741219,0.9633,-0.0726,1.4394,0.000,0.662,177.271,0,0,339,228,93,107
1778107446.536497,3,0.985366,0.699832,0.689590,0.8391,0.2778,1.5840,-0.000,20.397,-151.056,0,0,115,114,116,132
1778107446.536497,99,0.897145,0.721627,0.647404,0.9595,-0.4677,1.6041,0.000,-1.439,157.868,0,0,563,139,114,114
1778107446.536497,93,0.954765,0.776138,0.741029,0.9633,-0.0726,1.4394,0.000,0.618,177.068,0,0,339,228,92,107
1778107446.703338,3,0.984849,0.700745,0.690128,0.8413,0.2770,1.5835,0.000,20.303,-150.921,0,0,115,115,116,132
1778107446.703338,99,0.897124,0.722053,0.647771,0.9600,-0.4677,1.6025,0.000,-1.530,157.889,0,0,563,139,114,114
1778107446.703338,93,0.949870,0.775010,0.736158,0.9586,-0.0724,1.4378,0.000,-0.226,179.144,0,0,339,228,92,107
1778107446.703338,3,0.985851,0.700745,0.690830,0.8413,0.2770,1.5835,0.000,20.440,-151.292,0,0,115,114,116,133
1778107446.703338,99,0.892859,0.722053,0.644692,0.9600,-0.4677,1.6025,0.000,-1.959,158.750,0,0,562,140,113,114
1778107446.703338,93,0.949392,0.775010,0.735788,0.9586,-0.0724,1.4378,0.000,-0.388,177.822,0,0,339,229,93,107
1778107446.870167,3,0.986093,0.700338,0.690599,0.8395,0.2763,1.5825,0.000,20.808,-151.009,0,0,115,115,116,132
1778107446.870167,99,0.894924,0.722639,0.646707,0.9605,-0.4659,1.6008,0.000,-1.733,159.044,0,0,562,140,113,114
1778107446.870167,93,0.953440,0.774831,0.738754,0.9562,-0.0706,1.4353,0.000,0.301,178.709,0,0,338,229,93,109
1778107446.870167,3,0.983359,0.700329,0.688675,0.8395,0.2763,1.5825,0.000,20.808,-151.009,0,0,115,114,116,133
1778107446.870167,93,0.960256,0.774800,0.744006,0.9605,-0.4659,1.6008,0.000,-1.733,159.044,0,0,339,229,94,109
1778107446.870167,99,0.910754,0.722480,0.658001,0.9562,-0.0706,1.4353,0.000,0.301,178.709,0,0,563,140,114,115
1778107446.936873,3,0.982194,0.700329,0.687859,0.8408,0.2770,1.5850,0.000,20.036,-150.008,0,0,115,115,116,132
1778107446.936873,93,0.969864,0.774800,0.751450,0.9562,-0.0723,1.4353,-0.000,3.728,178.115,0,0,338,230,95,109
1778107446.936873,99,0.909240,0.722480,0.656907,0.9605,-0.4677,1.6008,0.000,0.350,159.810,0,0,562,141,115,115
1778107447.103698,3,0.981471,0.700745,0.687761,0.8413,0.2770,1.5835,0.000,19.310,-150.407,0,0,115,115,116,132
1778107447.103698,93,0.967970,0.775301,0.750469,0.9567,-0.0706,1.4337,0.000,3.174,177.601,0,0,338,230,93,109
1778107447.103698,99,0.916231,0.722906,0.662349,0.9610,-0.4677,1.5991,0.000,1.093,158.990,0,0,563,141,114,115
1778107447.170436,3,0.983046,0.700745,0.688864,0.8413,0.2770,1.5835,0.000,19.605,-150.825,0,0,115,115,116,132
1778107447.170436,93,0.968154,0.775772,0.751067,0.9572,-0.0706,1.4321,0.000,3.194,179.061,0,0,338,231,94,109
1778107447.170436,99,0.913325,0.723409,0.660708,0.9638,-0.4690,1.6005,-0.000,0.703,159.144,0,0,563,141,114,115
1778107447.237175,3,0.983202,0.700654,0.688884,0.8413,0.2785,1.5835,0.000,20.005,-150.322,0,0,114,115,115,132
1778107447.237175,93,0.981766,0.776926,0.762760,0.9605,-0.0707,1.4315,-0.000,6.720,179.469,0,0,338,232,92,107
1778107447.237175,99,0.924274,0.723837,0.669023,0.9643,-0.4690,1.5988,-0.000,2.358,159.722,0,0,563,142,114,114
1778107447.237175,3,0.984577,0.700654,0.689847,0.8413,0.2785,1.5835,0.000,20.127,-150.869,0,0,114,114,116,133
1778107447.237175,93,0.988205,0.776926,0.767763,0.9605,-0.0707,1.4315,0.000,8.730,178.213,0,0,338,234,94,111
1778107447.237175,99,0.923316,0.723837,0.668330,0.9643,-0.4690,1.5988,0.000,2.290,160.058,0,0,563,142,114,115
1778107447.404022,3,0.984016,0.700844,0.689642,0.8435,0.2796,1.5865,0.000,19.977,-150.847,0,0,114,114,116,133
1778107447.404022,93,0.989115,0.778552,0.770077,0.9644,-0.0709,1.4292,-0.000,9.434,-179.297,0,0,338,234,94,111
1778107447.404022,99,0.927447,0.723493,0.671001,0.9616,-0.4659,1.5974,-0.000,2.907,159.977,0,0,562,142,113,115
1778107447.470761,3,0.984314,0.700844,0.689851,0.8435,0.2796,1.5865,0.000,20.367,-150.549,0,0,114,114,116,132
1778107447.470761,93,0.987293,0.779024,0.769125,0.9649,-0.0709,1.4276,-0.000,8.201,179.121,0,0,338,235,94,110
1778107447.470761,99,0.925648,0.724425,0.670563,0.9648,-0.4672,1.5971,0.000,2.789,160.954,0,0,562,143,114,115
1778107447.470761,3,0.985132,0.700844,0.690424,0.8435,0.2796,1.5865,0.000,20.410,-150.918,0,0,114,114,116,133
1778107447.470761,93,0.983950,0.779024,0.766521,0.9649,-0.0709,1.4276,0.000,7.377,-179.410,0,0,338,235,92,111
1778107447.470761,99,0.928871,0.724425,0.672898,0.9648,-0.4672,1.5971,-0.000,3.216,160.650,0,0,562,142,114,117
1778107447.570839,3,0.984424,0.699832,0.688931,0.8391,0.2778,1.5840,0.000,20.317,-150.660,0,0,114,114,116,133
1778107447.570839,93,0.990049,0.779024,0.771272,0.9649,-0.0709,1.4276,0.000,9.207,178.725,0,0,338,236,93,111
1778107447.570839,99,0.929621,0.723998,0.673043,0.9643,-0.4672,1.5988,-0.000,3.293,160.140,0,0,562,143,114,117
1778107447.737674,3,0.984269,0.701247,0.690216,0.8453,0.2803,1.5875,0.000,20.214,-150.698,0,0,114,114,116,133
1778107447.737674,93,0.991066,0.779970,0.773002,0.9659,-0.0709,1.4244,0.000,9.513,179.165,0,0,338,237,94,113
1778107447.737674,99,0.935977,0.724425,0.678045,0.9648,-0.4672,1.5971,-0.000,4.360,160.556,0,0,562,143,114,117
1778107447.737674,3,0.983669,0.701247,0.689795,0.8453,0.2803,1.5875,0.000,20.076,-150.555,0,0,114,114,116,133
1778107447.737674,93,0.990306,0.779970,0.772409,0.9659,-0.0709,1.4244,0.000,9.722,-179.116,0,0,337,237,95,114
1778107447.737674,99,0.941407,0.724425,0.681979,0.9648,-0.4672,1.5971,-0.000,5.246,160.369,0,0,562,144,114,115
1778107447.737674,3,0.983672,0.700238,0.688804,0.8453,0.2803,1.5875,0.000,20.076,-150.555,0,0,114,114,115,133
1778107447.737674,93,0.988467,0.780455,0.771454,0.9659,-0.0709,1.4244,0.000,9.722,-179.116,0,0,337,237,95,114
1778107447.737674,99,0.940801,0.725014,0.682094,0.9648,-0.4672,1.5971,-0.000,5.246,160.369,0,0,561,144,113,117
1778107447.971249,3,0.982420,0.701353,0.689023,0.8440,0.2780,1.5850,0.000,19.387,-150.778,0,0,115,115,116,132
1778107447.971249,93,0.989314,0.779970,0.771635,0.9659,-0.0709,1.4244,0.000,8.767,179.092,0,0,338,237,94,115
1778107447.971249,99,0.944175,0.725947,0.685421,0.9686,-0.4668,1.5951,0.000,5.629,160.646,0,0,561,145,113,115
1778107447.971249,3,0.980556,0.701353,0.687715,0.8440,0.2780,1.5850,0.000,19.553,-149.708,0,0,115,115,116,132
1778107447.971249,93,0.991861,0.779970,0.773622,0.9659,-0.0709,1.4244,0.000,9.717,178.095,0,0,338,238,95,114
1778107447.971249,99,0.943086,0.725947,0.684630,0.9686,-0.4668,1.5951,0.000,5.303,160.201,0,0,561,146,113,114
1778107448.138075,3,0.980311,0.700836,0.687037,0.8413,0.2754,1.5835,-0.000,19.375,-149.910,0,0,116,115,116,133
1778107448.138075,93,0.992315,0.780898,0.774896,0.9683,-0.0709,1.4234,0.000,9.804,177.459,0,0,338,238,95,114
1778107448.138075,99,0.942420,0.726449,0.684620,0.9713,-0.4681,1.5964,0.000,5.332,160.710,0,0,561,145,114,117
1778107448.138075,3,0.979869,0.700836,0.686728,0.8413,0.2754,1.5835,0.000,19.451,-149.632,0,0,116,115,116,132
1778107448.138075,93,0.992928,0.780898,0.775375,0.9683,-0.0709,1.4234,0.000,10.107,177.080,0,0,338,238,95,114
1778107448.138075,99,0.941221,0.726449,0.683749,0.9713,-0.4681,1.5964,0.000,5.353,161.440,0,0,560,146,114,117
1778107448.238182,3,0.979330,0.700836,0.686350,0.8413,0.2754,1.5835,0.000,19.356,-149.501,0,0,116,115,116,132
1778107448.238182,93,0.992477,0.780443,0.774572,0.9664,-0.0709,1.4228,-0.000,10.771,174.001,0,0,340,238,94,113
1778107448.238182,99,0.942701,0.727542,0.685854,0.9745,-0.4676,1.5961,0.000,5.400,161.101,0,0,560,146,113,117
1778107448.371660,3,0.979896,0.701444,0.687343,0.8440,0.2765,1.5850,-0.000,19.513,-149.576,0,0,116,115,116,132
1778107448.371660,93,0.991560,0.780379,0.773793,0.9664,-0.0742,1.4228,-0.000,10.973,172.685,0,0,340,238,94,111
1778107448.371660,99,0.942744,0.727041,0.685413,0.9718,-0.4663,1.5947,0.000,5.671,161.870,0,0,560,146,113,117
1778107448.438398,3,0.976921,0.700329,0.684166,0.8408,0.2770,1.5850,0.000,19.052,-148.794,0,0,115,114,116,133
1778107448.438398,93,0.994277,0.780834,0.776365,0.9683,-0.0743,1.4234,-0.000,11.647,174.073,0,0,340,238,94,111
1778107448.438398,99,0.946852,0.727041,0.688400,0.9718,-0.4663,1.5947,0.000,6.215,161.252,0,0,560,146,113,117
1778107448.438398,3,0.978278,0.700329,0.685117,0.8408,0.2770,1.5850,0.000,19.052,-148.794,0,0,115,114,116,133
1778107448.438398,93,0.995363,0.780834,0.777213,0.9683,-0.0743,1.4234,-0.000,11.647,174.073,0,0,339,237,96,113
1778107448.438398,99,0.945838,0.727041,0.687663,0.9718,-0.4663,1.5947,0.000,6.215,161.252,0,0,560,147,113,117
1778107448.605203,3,0.980419,0.700329,0.686616,0.8408,0.2770,1.5850,0.000,19.643,-149.632,0,0,115,114,115,133
1778107448.605203,93,0.995316,0.780393,0.776737,0.9678,-0.0726,1.4250,0.000,11.464,177.296,0,0,339,237,96,111
1778107448.605203,99,0.946710,0.727470,0.688703,0.9723,-0.4663,1.5930,-0.000,6.214,161.588,0,0,560,147,113,117
1778107448.605203,3,0.979869,0.700329,0.686230,0.8408,0.2770,1.5850,0.000,18.899,-150.245,0,0,115,114,116,133
1778107448.605203,93,0.996881,0.780393,0.777959,0.9678,-0.0726,1.4250,0.000,12.539,176.704,0,0,339,237,95,111
1778107448.605203,99,0.939560,0.727470,0.683502,0.9723,-0.4663,1.5930,-0.000,5.088,162.103,0,0,560,147,114,117
1778107448.772013,3,0.981531,0.700238,0.687305,0.8408,0.2785,1.5850,0.000,19.581,-150.091,0,0,114,114,115,133
1778107448.772013,93,0.995821,0.780379,0.777118,0.9664,-0.0742,1.4228,-0.000,11.840,175.953,0,0,340,238,96,111
1778107448.772013,99,0.947910,0.729066,0.691089,0.9783,-0.4671,1.5940,0.000,6.212,161.248,0,0,559,148,113,117
1778107448.772013,3,0.981289,0.700654,0.687544,0.8408,0.2785,1.5850,0.000,19.581,-150.091,0,0,114,115,115,130
1778107448.772013,93,0.997993,0.780412,0.778845,0.9664,-0.0742,1.4228,-0.000,11.840,175.953,0,0,339,238,95,110
1778107448.772013,99,0.945389,0.729498,0.689659,0.9783,-0.4671,1.5940,0.000,6.212,161.248,0,0,559,149,113,118
1778107448.838752,3,0.981759,0.700654,0.687873,0.8413,0.2785,1.5835,0.000,19.469,-150.241,0,0,114,114,115,133
1778107448.838752,93,0.998395,0.780412,0.779159,0.9664,-0.0725,1.4228,0.000,13.745,178.180,0,0,339,237,95,109
1778107448.838752,99,0.943325,0.729498,0.688153,0.9789,-0.4671,1.5923,0.000,5.436,161.744,0,0,559,148,113,117
1778107449.005591,3,0.979045,0.699832,0.685167,0.8391,0.2778,1.5840,0.000,19.040,-149.586,0,0,114,115,116,130
1778107449.005591,93,0.944564,0.729066,0.688650,0.9783,-0.4671,1.5940,0.000,5.926,162.199,0,0,559,148,113,117
1778107449.005591,99,0.998318,0.779939,0.778627,0.9659,-0.0725,1.4244,0.000,14.075,179.045,0,0,340,237,94,110
1778107449.005591,3,0.980468,0.700238,0.686561,0.8391,0.2778,1.5840,0.000,19.040,-149.586,0,0,114,114,116,132
1778107449.005591,99,0.947156,0.730196,0.691610,0.9783,-0.4671,1.5940,0.000,5.926,162.199,0,0,560,151,112,114
1778107449.005591,93,0.997611,0.779223,0.777361,0.9659,-0.0725,1.4244,0.000,14.075,179.045,0,0,340,237,95,113
1778107449.139046,3,0.980943,0.700752,0.687398,0.8435,0.2811,1.5865,-0.000,19.585,-149.702,0,0,113,114,115,132
1778107449.139046,99,0.944828,0.730196,0.689910,0.9799,-0.4689,1.5889,-0.000,5.628,161.973,0,0,560,151,110,115
1778107449.139046,93,0.998816,0.780379,0.779455,0.9664,-0.0742,1.4228,-0.000,14.258,178.224,0,0,340,238,94,113
1778107449.139046,3,0.979648,0.700752,0.686490,0.8435,0.2811,1.5865,0.000,19.190,-149.565,0,0,114,114,116,132
1778107449.139046,99,0.947484,0.730196,0.691850,0.9799,-0.4689,1.5889,-0.000,5.847,161.186,0,0,559,152,113,115
1778107449.139046,93,0.995466,0.780379,0.776841,0.9664,-0.0742,1.4228,0.000,11.837,175.241,0,0,341,238,95,113
1778107449.239133,3,0.980971,0.700238,0.686913,0.8408,0.2785,1.5850,0.000,19.383,-150.059,0,0,114,114,116,132
1778107449.239133,99,0.950286,0.731293,0.694938,0.9832,-0.4684,1.5885,0.000,6.263,161.149,0,0,559,152,113,115
1778107449.239133,93,0.995395,0.779662,0.776072,0.9635,-0.0757,1.4219,0.000,11.578,175.811,0,0,341,238,95,114
1778107449.239133,3,0.981651,0.700752,0.687894,0.8408,0.2785,1.5850,0.000,19.383,-150.059,0,0,113,114,117,132
1778107449.239133,99,0.948029,0.730628,0.692657,0.9832,-0.4684,1.5885,0.000,6.263,161.149,0,0,560,152,112,115
1778107449.239133,93,0.995192,0.779448,0.775700,0.9635,-0.0757,1.4219,0.000,11.578,175.811,0,0,341,239,95,114
1778107449.405978,3,0.979590,0.700752,0.686450,0.8435,0.2811,1.5865,0.000,18.832,-149.966,0,0,113,114,116,132
1778107449.405978,99,0.947888,0.730628,0.692553,0.9804,-0.4689,1.5872,0.000,5.693,160.768,0,0,560,151,112,114
1778107449.405978,93,0.993049,0.779448,0.774030,0.9611,-0.0756,1.4194,0.000,10.189,175.805,0,0,342,238,96,113
1778107449.506041,3,0.980295,0.701155,0.687338,0.8453,0.2818,1.5875,0.000,18.838,-150.292,0,0,113,114,116,132
1778107449.506041,99,0.950712,0.730196,0.694206,0.9799,-0.4689,1.5889,-0.000,6.387,160.952,0,0,559,150,113,117
1778107449.506041,93,0.995127,0.778942,0.775147,0.9606,-0.0773,1.4210,0.000,11.316,176.211,0,0,342,239,96,114
1778107449.639518,3,0.979398,0.701155,0.686710,0.8453,0.2818,1.5875,0.000,19.107,-149.550,0,0,113,114,116,132
1778107449.639518,99,0.946859,0.730926,0.692084,0.9848,-0.4697,1.5932,0.000,5.889,161.428,0,0,559,150,113,117
1778107449.639518,93,0.993677,0.778942,0.774017,0.9606,-0.0773,1.4210,-0.000,10.976,174.507,0,0,342,238,96,114
1778107449.706255,3,0.979333,0.701155,0.686664,0.8453,0.2818,1.5875,0.000,18.639,-150.090,0,0,113,114,116,130
1778107449.706255,99,0.949602,0.730761,0.693932,0.9848,-0.4715,1.5932,-0.000,6.558,161.771,0,0,560,150,112,117
1778107449.706255,93,0.994126,0.778942,0.774367,0.9606,-0.0773,1.4210,-0.000,11.247,174.469,0,0,342,238,95,111
1778107449.772994,3,0.979240,0.700752,0.686204,0.8435,0.2811,1.5865,0.000,18.723,-149.939,0,0,113,114,116,132
1778107449.772994,93,0.995181,0.778976,0.775222,0.9606,-0.0756,1.4210,0.000,11.341,176.367,0,0,341,238,94,113
1778107449.772994,99,0.949165,0.730329,0.693203,0.9843,-0.4715,1.5949,-0.000,6.891,162.570,0,0,560,149,112,117
1778107449.772994,3,0.980708,0.700752,0.687233,0.8435,0.2811,1.5865,0.000,19.139,-150.112,0,0,113,113,116,133
1778107449.772994,93,0.994467,0.778976,0.774666,0.9606,-0.0756,1.4210,0.000,11.209,175.187,0,0,341,238,95,113
1778107449.772994,99,0.950718,0.730329,0.694337,0.9843,-0.4715,1.5949,0.000,7.188,162.538,0,0,560,149,112,117
1778107449.939837,3,0.981762,0.701155,0.688367,0.8453,0.2818,1.5875,-0.000,19.283,-150.444,0,0,113,114,116,132
1778107449.939837,93,0.994493,0.779448,0.775155,0.9611,-0.0756,1.4194,-0.000,11.245,174.859,0,0,341,239,95,111
1778107449.939837,99,0.949525,0.730761,0.693876,0.9848,-0.4715,1.5932,0.000,7.111,163.107,0,0,560,150,112,117
1778107450.006576,3,0.981930,0.700752,0.688090,0.8435,0.2811,1.5865,0.000,19.204,-150.628,0,0,113,114,115,130
1778107450.006576,93,0.996660,0.779695,0.777091,0.9635,-0.0741,1.4219,0.000,12.225,177.274,0,0,340,238,95,113
1778107450.006576,99,0.950385,0.730264,0.694032,0.9821,-0.4702,1.5919,0.000,7.463,163.473,0,0,560,150,112,117
1778107450.006576,3,0.982822,0.700752,0.688715,0.8435,0.2811,1.5865,-0.000,19.567,-150.621,0,0,114,114,116,132
1778107450.006576,93,0.996374,0.779695,0.776868,0.9635,-0.0741,1.4219,0.000,12.267,175.764,0,0,341,239,95,114
1778107450.006576,99,0.953139,0.730264,0.696043,0.9821,-0.4702,1.5919,0.000,7.562,162.474,0,0,560,151,113,115
1778107450.173433,3,0.981316,0.700238,0.687154,0.8408,0.2785,1.5850,0.000,19.320,-150.297,0,0,114,114,115,132
1778107450.173433,93,0.996287,0.779662,0.776767,0.9635,-0.0757,1.4219,-0.000,12.129,175.929,0,0,341,238,95,113
1778107450.173433,99,0.949788,0.730595,0.693911,0.9848,-0.4733,1.5932,0.000,7.381,163.495,0,0,561,150,112,115
1778107450.240170,3,0.980199,0.700936,0.687057,0.8435,0.2780,1.5865,0.000,18.965,-150.318,0,0,115,114,116,132
1778107450.240170,93,0.997706,0.778976,0.777189,0.9606,-0.0756,1.4210,0.000,13.042,176.856,0,0,341,238,94,113
1778107450.240170,99,0.947936,0.730595,0.692558,0.9848,-0.4733,1.5932,0.000,6.845,163.163,0,0,561,150,112,113
1778107450.240170,3,0.979351,0.700745,0.686275,0.8435,0.2780,1.5865,0.000,18.965,-150.318,0,0,115,115,116,130
1778107450.240170,93,0.997035,0.779695,0.777384,0.9606,-0.0756,1.4210,0.000,13.042,176.856,0,0,340,238,95,113
1778107450.240170,99,0.954653,0.731027,0.697878,0.9848,-0.4733,1.5932,0.000,6.845,163.163,0,0,561,151,112,114
1778107450.306920,3,0.979197,0.700745,0.686167,0.8413,0.2770,1.5835,0.000,18.842,-149.981,0,0,115,115,116,132
1778107450.306920,93,0.996114,0.779448,0.776419,0.9635,-0.0741,1.4219,0.000,12.888,179.208,0,0,341,239,96,114
1778107450.306920,99,0.947058,0.730264,0.691602,0.9854,-0.4733,1.5915,0.000,7.941,162.752,0,0,560,150,113,113
1778107450.473756,3,0.977580,0.700745,0.685034,0.8413,0.2770,1.5835,0.000,18.203,-149.975,0,0,115,115,115,132
1778107450.473756,93,0.998223,0.779448,0.778063,0.9611,-0.0756,1.4194,0.000,13.428,176.700,0,0,341,239,94,114
1778107450.473756,99,0.955656,0.730031,0.697659,0.9799,-0.4707,1.5889,0.000,8.030,162.486,0,0,561,151,112,111
1778107450.473756,3,0.977525,0.700745,0.684996,0.8413,0.2770,1.5835,0.000,18.621,-149.439,0,0,115,115,115,132
1778107450.473756,93,0.996857,0.779448,0.776998,0.9611,-0.0756,1.4194,0.000,12.289,177.725,0,0,340,239,95,114
1778107450.473756,99,0.957825,0.730031,0.699243,0.9799,-0.4707,1.5889,0.000,7.986,161.299,0,0,561,151,110,111
1778107450.640574,3,0.977870,0.701353,0.685832,0.8440,0.2780,1.5850,0.000,18.311,-149.968,0,0,115,115,115,132
1778107450.640574,93,0.993804,0.778976,0.774149,0.9606,-0.0756,1.4210,0.000,11.040,174.632,0,0,341,238,95,113
1778107450.640574,99,0.958104,0.732182,0.701507,0.9908,-0.4740,1.5941,-0.000,8.084,161.448,0,0,560,151,112,113
1778107450.707296,3,0.978356,0.700745,0.685578,0.8413,0.2770,1.5835,0.000,18.572,-149.861,0,0,115,115,115,132
1778107450.707296,93,0.996490,0.780200,0.777461,0.9640,-0.0724,1.4203,-0.000,13.043,-179.486,0,0,339,239,95,114
1778107450.707296,99,0.954797,0.732616,0.699500,0.9914,-0.4740,1.5924,0.000,7.587,162.171,0,0,560,152,112,111
1778107450.774026,3,0.977755,0.701353,0.685751,0.8440,0.2780,1.5850,0.000,18.359,-149.856,0,0,115,115,115,132
1778107450.774026,93,0.996095,0.780200,0.777153,0.9640,-0.0724,1.4203,-0.000,12.542,-179.748,0,0,339,239,95,115
1778107450.774026,99,0.955059,0.731689,0.698806,0.9881,-0.4728,1.5928,0.000,7.960,162.668,0,0,560,151,110,113
1778107450.774026,3,0.980232,0.701353,0.687489,0.8440,0.2780,1.5850,0.000,18.359,-149.856,0,0,114,115,115,130
1778107450.774026,93,0.996390,0.780200,0.777384,0.9640,-0.0724,1.4203,-0.000,12.542,-179.748,0,0,339,239,94,114
1778107450.774026,99,0.950290,0.732555,0.696140,0.9881,-0.4728,1.5928,0.000,7.960,162.668,0,0,560,153,110,110
1778107450.874115,3,0.980690,0.701261,0.687720,0.8440,0.2780,1.5850,0.000,19.071,-150.111,0,0,114,115,115,132
1778107450.874115,93,0.999076,0.780200,0.779479,0.9640,-0.0724,1.4203,0.000,14.652,-178.033,0,0,340,239,95,114
1778107450.874115,99,0.946740,0.732555,0.693539,0.9892,-0.4728,1.5894,-0.000,7.007,163.156,0,0,560,153,112,109
1778107451.040955,3,0.980596,0.701261,0.687654,0.8440,0.2796,1.5850,0.000,18.965,-150.295,0,0,114,115,116,130
1778107451.040955,93,0.996880,0.780168,0.777734,0.9640,-0.0741,1.4203,0.000,12.440,178.557,0,0,340,239,93,115
1778107451.040955,99,0.951786,0.734410,0.699001,0.9957,-0.4753,1.5885,-0.000,6.902,162.675,0,0,560,155,110,106
1778107451.040955,3,0.980577,0.701261,0.687640,0.8440,0.2796,1.5850,-0.000,19.176,-150.030,0,0,113,114,116,132
1778107451.040955,93,0.997287,0.780168,0.778051,0.9640,-0.0741,1.4203,0.000,12.995,175.451,0,0,341,239,95,114
1778107451.040955,99,0.950795,0.734410,0.698273,0.9957,-0.4753,1.5885,-0.000,6.936,163.186,0,0,559,154,108,110
1778107451.207790,3,0.981281,0.700659,0.687543,0.8435,0.2827,1.5865,0.000,19.232,-150.157,0,0,112,114,115,132
1778107451.207790,93,0.996832,0.779448,0.776978,0.9611,-0.0756,1.4194,0.000,12.576,175.458,0,0,341,239,93,111
1778107451.207790,99,0.952492,0.733155,0.698324,0.9897,-0.4710,1.5877,0.000,7.333,163.144,0,0,559,154,108,113
1778107451.274526,3,0.980708,0.700659,0.687142,0.8435,0.2827,1.5865,0.000,19.072,-150.079,0,0,112,114,115,132
1778107451.274526,93,0.996848,0.779448,0.776991,0.9611,-0.0756,1.4194,0.000,12.273,176.823,0,0,341,239,95,111
1778107451.274526,99,0.952712,0.733421,0.698740,0.9902,-0.4728,1.5860,0.000,7.155,162.810,0,0,560,155,110,114
1778107451.274526,3,0.978985,0.700659,0.685935,0.8435,0.2827,1.5865,0.000,19.072,-150.079,0,0,112,115,114,130
1778107451.274526,93,0.996134,0.779448,0.776434,0.9611,-0.0756,1.4194,0.000,12.273,176.823,0,0,341,238,95,113
1778107451.274526,99,0.953297,0.733421,0.699169,0.9902,-0.4728,1.5860,0.000,7.155,162.810,0,0,561,156,110,111
1778107451.441359,3,0.979327,0.701062,0.686568,0.8453,0.2834,1.5875,0.000,18.507,-150.142,0,0,112,114,116,132
1778107451.441359,93,0.997733,0.780135,0.778366,0.9640,-0.0757,1.4203,0.000,12.958,176.933,0,0,341,239,95,111
1778107451.441359,99,0.949476,0.734120,0.697029,0.9913,-0.4745,1.5825,-0.000,7.041,164.227,0,0,561,157,110,111
1778107451.541454,3,0.978219,0.701463,0.686184,0.8471,0.2841,1.5885,0.000,18.605,-149.506,0,0,112,114,116,132
1778107451.541454,93,0.997532,0.779662,0.777738,0.9635,-0.0757,1.4219,0.000,12.901,177.631,0,0,341,238,95,113
1778107451.541454,99,0.946731,0.734615,0.695483,0.9940,-0.4758,1.5838,0.000,6.587,164.430,0,0,561,157,110,113
1778107451.541454,3,0.978149,0.701463,0.686135,0.8471,0.2841,1.5885,0.000,18.525,-149.573,0,0,112,114,116,132
1778107451.541454,93,0.997390,0.779662,0.777627,0.9635,-0.0757,1.4219,-0.000,12.781,176.869,0,0,341,238,95,113
1778107451.541454,99,0.947853,0.734615,0.696308,0.9940,-0.4758,1.5838,0.000,7.051,164.841,0,0,561,157,108,113
1778107451.541454,3,0.977544,0.702880,0.687096,0.8471,0.2841,1.5885,0.000,18.525,-149.573,0,0,112,115,115,130
1778107451.541454,93,0.998057,0.780135,0.778619,0.9635,-0.0757,1.4219,-0.000,12.781,176.869,0,0,341,239,94,111
1778107451.541454,99,0.953030,0.734879,0.700362,0.9940,-0.4758,1.5838,0.000,7.051,164.841,0,0,562,158,108,110
1778107451.708300,3,0.977602,0.702880,0.687137,0.8520,0.2859,1.5895,0.000,18.238,-149.591,0,0,112,115,115,130
1778107451.708300,93,0.997125,0.780135,0.777892,0.9640,-0.0757,1.4203,0.000,13.751,-179.575,0,0,340,239,95,111
1778107451.708300,99,0.951255,0.734879,0.699058,0.9946,-0.4776,1.5821,-0.000,7.339,164.194,0,0,563,158,110,113
1778107451.875131,3,0.976109,0.702880,0.686087,0.8520,0.2859,1.5895,-0.000,17.555,-149.819,0,0,112,115,115,130
1778107451.875131,93,0.955805,0.734477,0.702017,0.9924,-0.4799,1.5791,0.000,8.141,163.883,0,0,564,159,108,115
1778107451.875131,99,0.997878,0.780819,0.779162,0.9669,-0.0759,1.4212,0.000,13.076,177.345,0,0,341,239,95,113
1778107451.941865,3,0.975471,0.701974,0.684755,0.8476,0.2825,1.5870,0.000,17.268,-150.049,0,0,113,115,116,130
1778107451.941865,99,0.959259,0.735233,0.705278,0.9956,-0.4831,1.5786,0.000,8.394,163.045,0,0,565,160,110,114
1778107451.941865,93,0.997467,0.780135,0.778159,0.9640,-0.0757,1.4203,0.000,12.751,176.776,0,0,341,239,95,113
1778107452.041955,3,0.977526,0.701974,0.686197,0.8476,0.2825,1.5870,-0.000,17.673,-150.439,0,0,113,115,115,130
1778107452.041955,93,0.996295,0.779414,0.776526,0.9611,-0.0773,1.4194,0.000,12.590,174.465,0,0,342,239,97,114
1778107452.041955,99,0.955103,0.737126,0.704032,1.0053,-0.4893,1.5811,0.000,7.828,163.815,0,0,566,161,108,111
1778107452.108691,3,0.977742,0.702468,0.686832,0.8493,0.2817,1.5880,-0.000,18.104,-150.062,0,0,114,115,115,130
1778107452.108691,93,0.958937,0.736042,0.705818,1.0011,-0.4875,1.5812,0.000,8.303,162.952,0,0,566,160,108,117
1778107452.108691,99,0.997497,0.779414,0.777463,0.9611,-0.0773,1.4194,0.000,13.164,175.269,0,0,342,239,95,113
1778107452.208787,3,0.979891,0.702468,0.688342,0.8493,0.2817,1.5880,-0.000,18.214,-150.958,0,0,114,115,115,130
1778107452.208787,99,0.960872,0.735811,0.707020,0.9989,-0.4880,1.5782,-0.000,8.642,162.851,0,0,567,161,110,115
1778107452.208787,93,0.996394,0.780101,0.777288,0.9640,-0.0774,1.4203,0.000,12.337,175.123,0,0,342,239,97,113
1778107452.275521,3,0.980953,0.702159,0.688785,0.8476,0.2794,1.5870,-0.000,18.782,-150.822,0,0,115,115,115,132
1778107452.275521,99,0.994600,0.779380,0.775171,0.9611,-0.0789,1.4194,-0.000,12.318,172.962,0,0,343,239,98,115
1778107452.275521,93,0.962830,0.735811,0.708461,0.9989,-0.4880,1.5782,0.000,8.751,162.199,0,0,567,161,110,117
1778107452.342255,3,0.978554,0.702159,0.687101,0.8476,0.2794,1.5870,0.000,18.331,-150.257,0,0,115,115,116,132
1778107452.342255,99,0.962110,0.735319,0.707458,0.9962,-0.4867,1.5769,0.000,8.324,161.697,0,0,567,161,108,117
1778107452.342255,93,0.994313,0.779380,0.774947,0.9611,-0.0789,1.4194,0.000,12.809,172.224,0,0,343,239,96,114
1778107452.442316,3,0.978444,0.702159,0.687024,0.8476,0.2794,1.5870,0.000,18.196,-150.385,0,0,115,115,115,132
1778107452.442316,99,0.970133,0.735319,0.713358,0.9962,-0.4867,1.5769,0.000,9.436,159.782,0,0,567,163,110,114
1778107452.442316,93,0.997551,0.779380,0.777471,0.9611,-0.0789,1.4194,0.000,13.423,174.777,0,0,342,239,97,114
1778107452.509054,3,0.978364,0.701848,0.686663,0.8458,0.2772,1.5860,-0.000,18.242,-150.403,0,0,116,115,115,132
1778107452.509054,99,0.972419,0.735625,0.715336,0.9923,-0.4840,1.5693,0.000,9.318,158.578,0,0,567,164,110,114
1778107452.509054,93,0.997327,0.780574,0.778487,0.9645,-0.0774,1.4187,-0.000,12.841,175.443,0,0,342,240,97,114
1778107452.609140,3,0.977451,0.702357,0.686520,0.8462,0.2756,1.5845,0.000,18.222,-150.028,0,0,117,116,115,130
1778107452.609140,99,0.996804,0.781046,0.778550,0.9650,-0.0774,1.4171,0.000,12.063,176.499,0,0,342,241,97,114
1778107452.609140,93,0.973378,0.736296,0.716694,0.9950,-0.4835,1.5705,0.000,9.491,158.367,0,0,566,164,108,115
1778107452.609140,3,0.979825,0.702357,0.688187,0.8462,0.2756,1.5845,0.000,18.496,-150.776,0,0,118,116,114,132
1778107452.609140,93,0.996637,0.781046,0.778420,0.9650,-0.0774,1.4171,0.000,12.123,175.658,0,0,342,240,97,115
1778107452.609140,99,0.972505,0.736296,0.716051,0.9950,-0.4835,1.5705,0.000,9.157,157.965,0,0,565,164,107,114
1778107452.776019,3,0.978134,0.702030,0.686680,0.8458,0.2741,1.5860,0.000,18.267,-150.497,0,0,118,115,114,133
1778107452.776019,93,0.995234,0.779851,0.776135,0.9616,-0.0789,1.4179,-0.000,11.607,174.629,0,0,343,240,98,115
1778107452.776019,99,0.973460,0.736296,0.716754,0.9950,-0.4835,1.5705,0.000,9.269,157.409,0,0,566,164,108,113
1778107452.776019,3,0.978653,0.702030,0.687044,0.8458,0.2741,1.5860,0.000,18.267,-150.497,0,0,117,116,115,132
1778107452.776019,93,0.973051,0.736296,0.716453,0.9616,-0.0789,1.4179,-0.000,11.607,174.629,0,0,566,164,108,113
1778107452.776019,99,0.994367,0.779851,0.775458,0.9950,-0.4835,1.5705,0.000,9.269,157.409,0,0,343,240,98,114
1778107452.942835,3,0.980561,0.702357,0.688705,0.8462,0.2756,1.5845,0.000,18.708,-150.857,0,0,117,116,115,132
1778107452.942835,93,0.998479,0.779886,0.778699,0.9616,-0.0773,1.4179,-0.000,13.605,176.481,0,0,342,240,98,114
1778107452.942835,99,0.970551,0.733707,0.712100,0.9790,-0.4756,1.5613,-0.000,8.735,158.555,0,0,566,165,107,113
1778107452.942835,3,0.979720,0.702357,0.688113,0.8462,0.2756,1.5845,0.000,18.745,-150.407,0,0,117,116,115,130
1778107452.942835,99,0.970188,0.733707,0.711834,0.9790,-0.4756,1.5613,0.000,8.523,158.106,0,0,566,165,107,113
1778107452.942835,93,0.998201,0.779886,0.778483,0.9616,-0.0773,1.4179,0.000,13.466,175.926,0,0,341,239,95,113
1778107453.076298,3,0.979718,0.702357,0.688112,0.8462,0.2756,1.5845,-0.000,18.382,-150.877,0,0,117,116,114,132
1778107453.076298,93,0.998813,0.780135,0.779209,0.9640,-0.0757,1.4203,0.000,14.032,177.542,0,0,341,239,94,114
1778107453.076298,99,0.969929,0.733196,0.711148,0.9762,-0.4743,1.5601,0.000,8.540,158.410,0,0,567,166,108,111
1778107453.209776,3,0.979385,0.701953,0.687482,0.8444,0.2749,1.5836,-0.000,18.493,-150.569,0,0,116,116,115,132
1778107453.209776,93,0.998184,0.780135,0.778718,0.9640,-0.0757,1.4203,0.000,13.815,179.010,0,0,340,239,95,115
1778107453.209776,99,0.969523,0.733371,0.711021,0.9745,-0.4747,1.5555,0.000,8.345,158.687,0,0,567,167,108,114
1778107453.209776,3,0.979361,0.701861,0.687376,0.8444,0.2765,1.5836,0.000,18.500,-150.432,0,0,116,115,115,133
1778107453.209776,93,0.969274,0.733371,0.710837,0.9745,-0.4747,1.5555,0.000,8.622,159.693,0,0,567,167,108,114
1778107453.209776,99,0.997921,0.780852,0.779229,0.9669,-0.0742,1.4212,-0.000,13.635,179.289,0,0,340,239,95,114
1778107453.376621,3,0.981150,0.701953,0.688721,0.8444,0.2749,1.5836,0.000,18.872,-150.933,0,0,117,116,114,132
1778107453.376621,99,0.973463,0.732338,0.712903,0.9690,-0.4720,1.5531,0.000,9.541,159.258,0,0,567,167,108,114
1778107453.376621,93,0.997326,0.780885,0.778797,0.9669,-0.0725,1.4212,0.000,13.659,-179.704,0,0,339,239,95,114
1778107453.376621,3,0.979442,0.701953,0.687522,0.8444,0.2749,1.5836,0.000,18.687,-150.350,0,0,116,116,114,130
1778107453.376621,93,0.995731,0.780885,0.777551,0.9669,-0.0725,1.4212,0.000,13.413,-178.360,0,0,339,239,98,114
1778107453.376621,99,0.971660,0.732338,0.711583,0.9690,-0.4720,1.5531,-0.000,9.785,160.937,0,0,566,167,107,114
1778107453.376621,3,0.981138,0.701161,0.687936,0.8444,0.2749,1.5836,0.000,18.687,-150.350,0,0,115,116,115,130
1778107453.376621,93,0.994223,0.780929,0.776417,0.9669,-0.0725,1.4212,0.000,13.413,-178.360,0,0,337,238,97,115
1778107453.376621,99,0.970253,0.731390,0.709634,0.9690,-0.4720,1.5531,-0.000,9.785,160.937,0,0,567,166,108,115
1778107453.610207,3,0.980652,0.701161,0.687595,0.8418,0.2770,1.5821,0.000,18.860,-150.472,0,0,115,116,115,130
1778107453.610207,93,0.995614,0.780443,0.777020,0.9664,-0.0709,1.4228,-0.000,14.407,-177.534,0,0,338,238,100,115
1778107453.610207,99,0.974933,0.731390,0.713056,0.9657,-0.4707,1.5535,0.000,10.745,160.825,0,0,567,166,108,115
1778107453.610207,3,0.979249,0.701161,0.686611,0.8418,0.2770,1.5821,0.000,18.635,-150.094,0,0,115,116,115,130
1778107453.610207,93,0.996798,0.780443,0.777945,0.9664,-0.0709,1.4228,0.000,12.963,179.949,0,0,338,238,97,115
1778107453.610207,99,0.974028,0.731390,0.712394,0.9657,-0.4707,1.5535,0.000,10.554,160.960,0,0,567,166,108,115
1778107453.777006,3,0.979347,0.700247,0.685785,0.8395,0.2778,1.5825,0.000,18.734,-149.996,0,0,114,115,115,132
1778107453.777006,93,0.994431,0.780929,0.776580,0.9683,-0.0693,1.4234,0.000,14.309,-176.691,0,0,337,238,98,115
1778107453.777006,99,0.973433,0.731482,0.712049,0.9680,-0.4720,1.5564,0.000,10.293,160.594,0,0,567,165,108,117
1778107453.843735,3,0.979797,0.700247,0.686101,0.8395,0.2778,1.5825,-0.000,18.953,-149.936,0,0,114,115,115,132
1778107453.843735,93,0.993676,0.780898,0.775959,0.9683,-0.0709,1.4234,0.000,13.405,-176.859,0,0,338,238,100,117
1778107453.843735,99,0.977739,0.731482,0.715198,0.9680,-0.4720,1.5564,0.000,11.546,160.561,0,0,567,165,108,117
1778107453.843735,3,0.977382,0.700247,0.684409,0.8395,0.2778,1.5825,-0.000,18.523,-149.378,0,0,113,115,115,130
1778107453.843735,93,0.981446,0.731482,0.717910,0.9680,-0.4720,1.5564,0.000,12.639,160.336,0,0,568,165,110,118
1778107453.843735,99,0.993175,0.780898,0.775568,0.9683,-0.0709,1.4234,0.000,12.246,-177.499,0,0,339,239,96,114
1778107454.010559,3,0.978638,0.700146,0.685189,0.8408,0.2801,1.5850,0.000,18.790,-149.584,0,0,113,114,115,132
1778107454.010559,99,0.978870,0.732344,0.716869,0.9735,-0.4765,1.5589,-0.000,11.873,160.441,0,0,568,165,112,118
1778107454.010559,93,0.992911,0.780898,0.775362,0.9683,-0.0709,1.4234,-0.000,12.841,-176.794,0,0,338,238,96,114
1778107454.010559,3,0.977621,0.700146,0.684478,0.8408,0.2801,1.5850,0.000,18.790,-149.584,0,0,113,114,115,132
1778107454.010559,99,0.980692,0.732344,0.718204,0.9735,-0.4765,1.5589,-0.000,11.873,160.441,0,0,569,165,110,118
1778107454.010559,93,0.992514,0.780898,0.775052,0.9683,-0.0709,1.4234,-0.000,12.841,-176.794,0,0,338,239,95,114
1778107454.010559,3,0.976571,0.700146,0.683743,0.8408,0.2801,1.5850,0.000,18.683,-149.267,0,0,113,114,116,132
1778107454.010559,99,0.979794,0.731830,0.717042,0.9735,-0.4765,1.5589,0.000,12.090,159.730,0,0,568,165,112,118
1778107454.010559,93,0.998529,0.780379,0.779231,0.9683,-0.0709,1.4234,-0.000,12.381,-176.927,0,0,340,238,96,113
1778107454.244128,3,0.978849,0.700659,0.685839,0.8435,0.2827,1.5865,-0.000,18.792,-149.561,0,0,112,114,115,132
1778107454.244128,99,0.975569,0.730548,0.712700,0.9675,-0.4773,1.5581,0.000,13.167,163.461,0,0,570,164,112,121
1778107454.244128,93,0.997994,0.780379,0.778814,0.9664,-0.0742,1.4228,0.000,13.864,179.373,0,0,340,238,96,115
1778107454.244128,3,0.979136,0.700659,0.686041,0.8435,0.2827,1.5865,0.000,18.869,-149.597,0,0,112,114,115,132
1778107454.244128,99,0.977812,0.730548,0.714339,0.9675,-0.4773,1.5581,0.000,13.311,162.717,0,0,571,164,112,121
1778107454.244128,93,0.997183,0.780379,0.778181,0.9664,-0.0742,1.4228,0.000,13.538,-179.905,0,0,340,237,97,117
1778107454.344236,3,0.979587,0.701062,0.686751,0.8453,0.2834,1.5875,0.000,18.797,-149.893,0,0,112,114,115,132
1778107454.344236,99,0.977316,0.729862,0.713306,0.9647,-0.4777,1.5568,-0.000,13.379,162.926,0,0,571,164,113,121
1778107454.344236,93,0.996530,0.779906,0.777200,0.9659,-0.0742,1.4244,0.000,13.715,-179.093,0,0,340,238,98,117
1778107454.477713,3,0.978359,0.700659,0.685496,0.8435,0.2827,1.5865,0.000,18.958,-149.152,0,0,112,114,115,132
1778107454.477713,99,0.979132,0.729006,0.713793,0.9620,-0.4798,1.5556,0.000,13.911,162.604,0,0,573,164,112,121
1778107454.477713,93,0.996702,0.780135,0.777562,0.9640,-0.0757,1.4203,-0.000,12.286,178.364,0,0,341,239,97,115
1778107454.544429,3,0.978530,0.699740,0.684717,0.8391,0.2794,1.5840,0.000,19.000,-149.292,0,0,113,114,116,132
1778107454.544429,99,0.974136,0.728915,0.710062,0.9606,-0.4806,1.5531,0.000,12.480,163.077,0,0,574,165,112,120
1778107454.544429,93,0.996328,0.780135,0.777271,0.9640,-0.0757,1.4203,-0.000,12.144,178.814,0,0,341,239,98,115
1778107454.544429,3,0.978111,0.699334,0.684026,0.8391,0.2794,1.5840,0.000,19.000,-149.292,0,0,113,114,116,132
1778107454.544429,99,0.976057,0.728745,0.711296,0.9606,-0.4806,1.5531,0.000,12.480,163.077,0,0,575,165,113,118
1778107454.544429,93,0.991129,0.779816,0.772898,0.9640,-0.0757,1.4203,-0.000,12.144,178.814,0,0,344,240,95,114
1778107454.611148,3,0.978645,0.699334,0.684399,0.8373,0.2786,1.5830,0.000,18.956,-149.392,0,0,113,114,116,132
1778107454.611148,99,0.978769,0.728745,0.713272,0.9606,-0.4824,1.5531,0.000,13.898,162.692,0,0,577,165,112,120
1778107454.611148,93,0.996394,0.779816,0.777004,0.9616,-0.0806,1.4179,0.000,12.449,179.356,0,0,342,240,95,113
1778107454.711245,3,0.977991,0.700146,0.684737,0.8408,0.2801,1.5850,0.000,18.517,-149.628,0,0,113,114,115,132
1778107454.711245,99,0.977267,0.728747,0.712181,0.9625,-0.4867,1.5539,0.000,13.606,162.846,0,0,577,164,112,121
1778107454.711245,93,0.993312,0.779886,0.774670,0.9616,-0.0773,1.4179,0.000,11.626,-178.485,0,0,341,241,97,115
1778107454.878072,3,0.977656,0.699740,0.684105,0.8391,0.2794,1.5840,-0.000,18.719,-149.240,0,0,113,114,115,132
1778107454.878072,93,0.997170,0.779391,0.777186,0.9597,-0.0788,1.4173,0.000,12.495,177.980,0,0,343,240,98,115
1778107454.878072,99,0.976306,0.728747,0.711480,0.9625,-0.4867,1.5539,0.000,13.708,163.308,0,0,577,165,112,120
1778107454.878072,3,0.979756,0.700146,0.685972,0.8408,0.2801,1.5850,0.000,19.078,-149.744,0,0,113,114,115,132
1778107454.878072,93,0.996123,0.779391,0.776370,0.9597,-0.0788,1.4173,0.000,11.685,177.568,0,0,343,240,98,115
1778107454.878072,99,0.974195,0.728747,0.709942,0.9625,-0.4867,1.5539,0.000,13.189,163.580,0,0,577,165,112,120
