stamp,person_id,A_h,A_r,A_m,pos_x,pos_y,pos_z,roll,pitch,yaw,is_target,ptu_blind,bbox_u,bbox_v,bbox_w,bbox_h
1778106780.219898,1,0.977633,0.628522,0.614464,0.8455,-0.3412,1.5655,0.000,17.926,167.682,0,0,522,63,120,127
1778106780.219898,2,0.991392,0.664108,0.658391,0.8254,-0.0477,1.4172,0.000,19.835,-173.223,0,0,327,153,108,126
1778106780.219898,0,0.998540,0.685908,0.684907,1.0034,0.2332,1.5868,0.000,21.956,-162.129,0,0,165,95,106,121
1778106780.353374,1,0.977396,0.629703,0.615469,0.8485,-0.3407,1.5655,0.000,17.999,168.037,0,0,521,64,122,128
1778106780.353374,2,0.992252,0.663073,0.657936,0.8233,-0.0491,1.4179,0.000,19.628,-173.740,0,0,327,152,112,128
1778106780.353374,0,0.998914,0.685448,0.684704,1.0030,0.2332,1.5885,0.000,22.027,-163.000,0,0,165,95,106,121
1778106780.353374,1,0.976855,0.628619,0.614070,0.8485,-0.3407,1.5655,0.000,17.999,168.037,0,0,521,63,122,127
1778106780.353374,2,0.997434,0.663480,0.661778,0.8233,-0.0491,1.4179,0.000,19.628,-173.740,0,0,328,153,112,126
1778106780.353374,0,0.999135,0.685369,0.684776,1.0030,0.2332,1.5885,0.000,22.027,-163.000,0,0,164,95,106,121
1778106780.420114,1,0.977868,0.629010,0.615089,0.8455,-0.3397,1.5655,0.000,17.789,167.930,0,0,521,64,122,128
1778106780.420114,2,0.998133,0.663480,0.662241,0.8235,-0.0505,1.4165,-0.000,20.743,-177.211,0,0,328,153,108,128
1778106780.420114,0,0.999292,0.685369,0.684883,1.0030,0.2350,1.5885,0.000,22.644,-162.441,0,0,164,95,106,121
1778106780.553577,1,0.977291,0.628059,0.613797,0.8436,-0.3404,1.5645,0.000,18.629,168.546,0,0,522,63,120,127
1778106780.553577,2,0.982859,0.664847,0.653451,0.8267,-0.0463,1.4162,-0.000,22.539,-170.182,0,0,325,154,110,122
1778106780.553577,0,0.999543,0.684675,0.684363,1.0002,0.2359,1.5872,0.000,22.681,-163.881,0,0,163,95,106,121
1778106780.620316,1,0.976710,0.628619,0.613979,0.8455,-0.3397,1.5655,-0.000,18.372,168.602,0,0,521,63,120,127
1778106780.620316,2,0.998452,0.663963,0.662935,0.8261,-0.0491,1.4189,0.000,20.464,-178.012,0,0,327,152,112,124
1778106780.620316,0,0.996019,0.683522,0.680801,0.9971,0.2369,1.5876,0.000,22.253,-168.992,0,0,162,94,106,121
1778106780.620316,1,0.976690,0.628156,0.613514,0.8455,-0.3397,1.5655,-0.000,18.372,168.602,0,0,521,63,122,127
1778106780.620316,2,0.999687,0.663649,0.663442,0.8261,-0.0491,1.4189,0.000,20.464,-178.012,0,0,328,152,110,124
1778106780.620316,0,0.988237,0.682206,0.674181,0.9971,0.2369,1.5876,0.000,22.253,-168.992,0,0,161,94,105,120
1778106780.753804,1,0.975947,0.628156,0.613048,0.8436,-0.3389,1.5645,0.000,18.623,169.128,0,0,521,63,122,127
1778106780.753804,2,0.995460,0.663571,0.660558,0.8258,-0.0463,1.4203,0.000,20.072,-175.303,0,0,325,151,107,121
1778106780.753804,0,0.963058,0.682046,0.656849,0.9915,0.2406,1.5850,0.000,19.951,-179.851,0,0,159,94,104,120
1778106780.753804,1,0.977220,0.628156,0.613847,0.8436,-0.3389,1.5645,0.000,18.623,169.128,0,0,521,63,120,126
1778106780.753804,2,0.991973,0.664161,0.658830,0.8258,-0.0463,1.4203,0.000,20.072,-175.303,0,0,325,151,110,121
1778106780.753804,0,0.950830,0.681509,0.647999,0.9915,0.2406,1.5850,0.000,19.951,-179.851,0,0,158,93,106,124
1778106780.887264,1,0.977695,0.628156,0.614145,0.8436,-0.3389,1.5645,0.000,18.372,168.215,0,0,521,63,122,127
1778106780.887264,2,0.990828,0.664587,0.658491,0.8280,-0.0464,1.4196,-0.000,20.960,-172.927,0,0,325,152,110,120
1778106780.887264,0,0.947156,0.681588,0.645570,0.9936,0.2449,1.5897,0.000,19.528,177.079,0,0,157,92,105,124
1778106780.887264,1,0.977168,0.628156,0.613814,0.8436,-0.3389,1.5645,0.000,18.372,168.215,0,0,521,63,120,127
1778106780.887264,2,0.986146,0.664618,0.655410,0.8280,-0.0464,1.4196,-0.000,20.960,-172.927,0,0,323,152,113,122
1778106780.887264,0,0.943994,0.681427,0.643263,0.9936,0.2449,1.5897,0.000,19.528,177.079,0,0,157,93,105,122
1778106781.020750,1,0.979138,0.628156,0.615051,0.8436,-0.3389,1.5645,0.000,18.031,167.231,0,0,521,63,122,127
1778106781.020750,2,0.987428,0.664618,0.656263,0.8280,-0.0435,1.4196,0.000,21.693,-171.398,0,0,323,152,113,122
1778106781.020750,0,0.938120,0.679652,0.637595,0.9852,0.2441,1.5857,0.000,19.119,175.584,0,0,156,92,104,121
1778106781.087454,1,0.978543,0.627692,0.614224,0.8418,-0.3382,1.5635,0.000,17.884,167.321,0,0,521,63,122,127
1778106781.087454,2,0.986142,0.664618,0.655408,0.8280,-0.0435,1.4196,0.000,22.205,-171.013,0,0,323,152,113,122
1778106781.087454,0,0.934621,0.679570,0.635141,0.9852,0.2459,1.5857,0.000,19.176,175.020,0,0,155,92,105,121
1778106781.087454,1,0.976787,0.627692,0.613121,0.8418,-0.3382,1.5635,0.000,17.884,167.321,0,0,521,63,123,127
1778106781.087454,2,0.983033,0.663602,0.652342,0.8280,-0.0435,1.4196,0.000,22.205,-171.013,0,0,323,151,114,124
1778106781.087454,0,0.942181,0.680644,0.641290,0.9852,0.2459,1.5857,0.000,19.176,175.020,0,0,155,93,104,120
1778106781.154193,2,0.987063,0.664618,0.656020,0.8418,-0.3382,1.5635,0.000,17.534,167.665,0,0,323,152,113,124
1778106781.154193,1,0.977958,0.627692,0.613857,0.8258,-0.0435,1.4203,-0.000,21.886,-169.797,0,0,521,63,122,127
1778106781.154193,0,0.939875,0.681263,0.640302,0.9884,0.2467,1.5854,-0.000,19.519,176.275,0,0,155,93,104,118
1778106781.220928,2,0.985541,0.664027,0.654426,0.8280,-0.0435,1.4196,-0.000,21.575,-171.231,0,0,323,152,113,124
1778106781.220928,1,0.975518,0.628156,0.612778,0.8418,-0.3382,1.5635,0.000,18.007,167.714,0,0,521,63,123,127
1778106781.220928,0,0.947007,0.679570,0.643558,0.9912,0.2476,1.5867,0.000,18.987,176.032,0,0,155,92,105,122
1778106781.354403,2,0.991339,0.663571,0.657824,0.8258,-0.0463,1.4203,-0.000,21.837,-173.321,0,0,325,151,112,121
1778106781.354403,1,0.975646,0.627130,0.611857,0.8400,-0.3390,1.5625,-0.000,18.394,168.944,0,0,522,63,124,127
1778106781.354403,0,0.979642,0.680435,0.666582,0.9880,0.2415,1.5871,0.000,21.356,-175.643,0,0,158,92,106,121
1778106781.421136,2,0.988839,0.663571,0.656165,0.8258,-0.0463,1.4203,-0.000,21.953,-172.219,0,0,324,151,113,124
1778106781.421136,1,0.974617,0.627595,0.611665,0.8418,-0.3397,1.5635,0.000,18.244,169.178,0,0,522,63,123,127
1778106781.421136,0,0.989535,0.680889,0.673764,0.9884,0.2415,1.5854,0.000,21.635,-172.027,0,0,158,93,105,122
1778106781.421136,2,0.994513,0.664177,0.660532,0.8258,-0.0463,1.4203,-0.000,21.953,-172.219,0,0,326,152,114,122
1778106781.421136,1,0.974422,0.627595,0.611543,0.8418,-0.3397,1.5635,0.000,18.244,169.178,0,0,522,63,123,127
1778106781.421136,0,0.999852,0.681425,0.681324,0.9884,0.2415,1.5854,0.000,21.635,-172.027,0,0,159,94,107,120
1778106781.487880,1,0.973433,0.627130,0.610469,0.8277,-0.0450,1.4210,0.000,21.632,-174.874,0,0,523,63,123,126
1778106781.487880,2,0.997706,0.663979,0.662456,0.8418,-0.3397,1.5635,0.000,18.463,169.449,0,0,327,152,110,124
1778106781.487880,0,0.999902,0.681425,0.681358,0.9887,0.2397,1.5837,0.000,23.470,-163.789,0,0,160,94,108,121
1778106781.554613,1,0.971735,0.627498,0.609762,0.8418,-0.3412,1.5635,0.000,18.442,170.261,0,0,523,63,123,126
1778106781.554613,2,0.991582,0.664554,0.658959,0.8280,-0.0492,1.4196,0.000,21.822,-173.679,0,0,325,152,113,125
1778106781.554613,0,0.999795,0.680256,0.680117,0.9831,0.2364,1.5810,-0.000,23.412,-164.320,0,0,160,94,107,120
1778106781.554613,1,0.972708,0.627962,0.610824,0.8418,-0.3412,1.5635,0.000,18.442,170.261,0,0,523,63,123,126
1778106781.554613,2,0.984270,0.664587,0.654133,0.8280,-0.0492,1.4196,0.000,21.822,-173.679,0,0,324,152,113,122
1778106781.554613,0,0.999097,0.680882,0.680267,0.9831,0.2364,1.5810,-0.000,23.412,-164.320,0,0,161,93,108,121
1778106781.688090,1,0.974566,0.627498,0.611539,0.8418,-0.3412,1.5635,0.000,18.263,169.133,0,0,523,62,123,125
1778106781.688090,2,0.994764,0.665192,0.661710,0.8299,-0.0450,1.4203,0.000,21.418,-174.998,0,0,326,152,112,124
1778106781.688090,0,0.999062,0.680506,0.679868,0.9856,0.2354,1.5840,0.000,22.537,-162.311,0,0,161,93,107,121
1778106781.788172,1,0.974072,0.627962,0.611680,0.8436,-0.3419,1.5645,0.000,18.478,169.504,0,0,523,63,123,126
1778106781.788172,2,0.992758,0.664571,0.659758,0.8280,-0.0478,1.4196,0.000,21.773,-174.161,0,0,326,152,112,124
1778106781.788172,0,0.997513,0.681208,0.679514,0.9884,0.2345,1.5854,0.000,24.396,-159.535,0,0,162,93,108,122
1778106781.788172,1,0.973100,0.627962,0.611069,0.8436,-0.3419,1.5645,0.000,18.163,169.559,0,0,524,62,123,125
1778106781.788172,2,0.987935,0.664571,0.656553,0.8280,-0.0478,1.4196,0.000,20.929,-171.796,0,0,325,152,112,124
1778106781.788172,0,0.996185,0.681208,0.678610,0.9884,0.2345,1.5854,0.000,23.403,-158.644,0,0,162,93,108,122
1778106781.921644,1,0.972670,0.627475,0.610325,0.8433,-0.3434,1.5659,0.000,18.180,169.561,0,0,524,62,123,125
1778106781.921644,2,0.995354,0.664554,0.661466,0.8280,-0.0492,1.4196,-0.000,20.329,-175.471,0,0,327,152,112,126
1778106781.921644,0,0.997165,0.681208,0.679277,0.9884,0.2345,1.5854,0.000,23.985,-159.282,0,0,162,93,108,122
1778106781.921644,1,0.992989,0.664554,0.659895,0.8280,-0.0492,1.4196,-0.000,20.888,-174.184,0,0,326,151,112,125
1778106781.921644,2,0.974693,0.627475,0.611595,0.8433,-0.3434,1.5659,-0.000,18.117,168.782,0,0,524,63,123,126
1778106781.921644,0,0.996963,0.681208,0.679139,0.9884,0.2345,1.5854,-0.000,23.360,-159.268,0,0,163,93,108,122
1778106782.021724,2,0.995073,0.664145,0.660873,0.8277,-0.0478,1.4210,0.000,19.933,-175.164,0,0,327,152,110,124
1778106782.021724,1,0.975887,0.627864,0.612724,0.8436,-0.3434,1.5645,0.000,17.897,168.196,0,0,525,63,124,126
1778106782.021724,0,0.996339,0.681908,0.679411,0.9912,0.2336,1.5867,-0.000,22.757,-159.102,0,0,163,92,108,121
1778106782.021724,2,0.973096,0.627766,0.610877,0.8277,-0.0478,1.4210,0.000,19.933,-175.164,0,0,525,63,124,126
1778106782.021724,1,0.991314,0.664554,0.658781,0.8436,-0.3434,1.5645,0.000,17.897,168.196,0,0,326,152,110,124
1778106782.021724,0,0.996548,0.680831,0.678481,0.9912,0.2336,1.5867,-0.000,22.757,-159.102,0,0,164,92,108,121
1778106782.155184,1,0.973850,0.628228,0.611800,0.8455,-0.3456,1.5655,-0.000,17.713,168.698,0,0,525,62,123,125
1778106782.155184,2,0.987033,0.664571,0.655953,0.8280,-0.0478,1.4196,0.000,22.210,-171.679,0,0,325,153,110,124
1778106782.155184,0,0.996371,0.680909,0.678438,0.9880,0.2310,1.5871,0.000,23.009,-159.152,0,0,165,92,107,122
1778106782.155184,1,0.974421,0.628527,0.612450,0.8455,-0.3456,1.5655,-0.000,17.713,168.698,0,0,525,63,123,126
1778106782.155184,2,0.998065,0.665013,0.663726,0.8280,-0.0478,1.4196,0.000,22.210,-171.679,0,0,327,151,108,125
1778106782.155184,0,0.995368,0.680986,0.677831,0.9880,0.2310,1.5871,0.000,23.009,-159.152,0,0,166,92,108,122
1778106782.288686,1,0.972409,0.628228,0.610894,0.8455,-0.3456,1.5655,0.000,17.722,169.223,0,0,525,63,124,126
1778106782.288686,2,0.994372,0.664128,0.660390,0.8277,-0.0492,1.4210,-0.000,22.566,-175.488,0,0,326,151,108,120
1778106782.288686,0,0.994884,0.680438,0.676957,0.9852,0.2267,1.5857,0.000,22.517,-158.507,0,0,166,92,108,121
1778106782.355425,2,0.993010,0.664145,0.659502,0.8277,-0.0478,1.4210,0.000,21.411,-174.168,0,0,325,151,107,121
1778106782.355425,1,0.975868,0.628228,0.613068,0.8455,-0.3456,1.5655,0.000,18.552,168.765,0,0,525,63,124,126
1778106782.355425,0,0.997240,0.680438,0.678561,0.9852,0.2267,1.5857,-0.000,21.883,-160.898,0,0,168,92,108,121
1778106782.355425,2,0.991242,0.664161,0.658345,0.8277,-0.0478,1.4210,0.000,21.411,-174.168,0,0,325,151,108,121
1778106782.355425,1,0.974776,0.627766,0.611931,0.8455,-0.3456,1.5655,0.000,18.552,168.765,0,0,524,63,123,126
1778106782.355425,0,0.996987,0.679543,0.677495,0.9852,0.2267,1.5857,-0.000,21.883,-160.898,0,0,168,92,110,121
1778106782.488877,2,0.996063,0.664161,0.661546,0.8277,-0.0464,1.4210,0.000,21.611,-176.010,0,0,326,151,106,120
1778106782.488877,1,0.974142,0.628326,0.612079,0.8455,-0.3441,1.5655,0.000,18.291,169.229,0,0,524,63,123,126
1778106782.488877,0,0.996247,0.679543,0.676992,0.9806,0.2220,1.5835,0.000,22.418,-159.771,0,0,168,92,108,121
1778106782.588978,2,0.993759,0.664161,0.660016,0.8277,-0.0464,1.4210,-0.000,20.817,-174.358,0,0,325,151,108,125
1778106782.588978,1,0.971292,0.629017,0.610959,0.8482,-0.3452,1.5670,0.000,17.937,169.886,0,0,524,63,124,127
1778106782.588978,0,0.992982,0.679058,0.674293,0.9778,0.2178,1.5822,0.000,22.058,-157.971,0,0,170,92,110,122
1778106782.588978,2,0.996485,0.664161,0.661827,0.8277,-0.0464,1.4210,-0.000,20.817,-174.358,0,0,326,151,108,125
1778106782.588978,1,0.973038,0.629017,0.612057,0.8482,-0.3452,1.5670,0.000,17.937,169.886,0,0,524,63,124,127
1778106782.588978,0,0.992951,0.679058,0.674272,0.9778,0.2178,1.5822,0.000,22.058,-157.971,0,0,170,92,108,121
1778106782.588978,2,0.998773,0.663554,0.662740,0.8277,-0.0464,1.4210,0.000,20.542,-176.044,0,0,326,151,107,124
1778106782.588978,1,0.972942,0.629017,0.611997,0.8482,-0.3452,1.5670,0.000,18.181,169.514,0,0,524,63,124,126
1778106782.588978,0,0.990522,0.678424,0.671994,0.9778,0.2178,1.5822,-0.000,22.863,-157.618,0,0,171,92,110,122
1778106782.755830,2,0.998542,0.664145,0.663176,0.8277,-0.0478,1.4210,-0.000,21.095,-178.195,0,0,327,152,106,122
1778106782.755830,1,0.971249,0.627864,0.609813,0.8436,-0.3434,1.5645,-0.000,18.325,170.238,0,0,523,63,123,127
1778106782.755830,0,0.991612,0.679131,0.673434,0.9778,0.2160,1.5822,0.000,22.331,-157.211,0,0,171,92,108,121
1778106782.822572,1,0.970065,0.629115,0.610283,0.8482,-0.3437,1.5670,-0.000,17.529,170.001,0,0,523,63,123,127
1778106782.822572,2,0.996069,0.663963,0.661353,0.8261,-0.0491,1.4189,0.000,20.399,-175.955,0,0,326,152,112,124
1778106782.822572,0,0.991460,0.679131,0.673331,0.9778,0.2160,1.5822,0.000,22.467,-157.080,0,0,171,92,108,121
1778106782.822572,2,0.996997,0.663963,0.661969,0.8482,-0.3437,1.5670,-0.000,17.529,170.001,0,0,327,152,110,122
1778106782.822572,1,0.971086,0.629115,0.610925,0.8261,-0.0491,1.4189,0.000,20.399,-175.955,0,0,523,63,123,127
1778106782.822572,0,0.991092,0.679131,0.673081,0.9778,0.2160,1.5822,0.000,22.467,-157.080,0,0,171,92,108,122
1778106782.989424,2,0.969092,0.629213,0.609765,0.8482,-0.3422,1.5670,0.000,17.218,170.108,0,0,522,63,123,127
1778106782.989424,1,0.997013,0.664571,0.662586,0.8280,-0.0478,1.4196,0.000,19.946,-176.510,0,0,326,152,108,124
1778106782.989424,0,0.990946,0.678496,0.672353,0.9750,0.2153,1.5809,0.000,22.917,-156.675,0,0,171,92,108,121
1778106782.989424,1,0.994700,0.664145,0.660625,0.8482,-0.3422,1.5670,0.000,17.218,170.108,0,0,326,151,112,121
1778106782.989424,2,0.972107,0.629673,0.612110,0.8280,-0.0478,1.4196,0.000,19.946,-176.510,0,0,522,63,123,127
1778106782.989424,0,0.991982,0.679131,0.673685,0.9750,0.2153,1.5809,0.000,22.917,-156.675,0,0,171,92,108,122
1778106783.056159,2,0.989856,0.665177,0.658429,0.8277,-0.0478,1.4210,0.000,22.709,-175.679,0,0,325,152,110,122
1778106783.056159,1,0.973055,0.629771,0.612802,0.8501,-0.3430,1.5679,0.000,17.064,168.898,0,0,521,63,123,127
1778106783.056159,0,0.990567,0.677408,0.671018,0.9778,0.2160,1.5822,0.000,22.843,-157.213,0,0,171,91,108,121
1778106783.122898,2,0.984104,0.665353,0.654777,0.8299,-0.0464,1.4203,0.000,22.277,-172.789,0,0,324,151,110,121
1778106783.122898,1,0.973571,0.630230,0.613573,0.8501,-0.3415,1.5679,0.000,17.621,169.216,0,0,521,63,123,127
1778106783.122898,0,0.990773,0.676769,0.670525,0.9719,0.2145,1.5812,-0.000,22.788,-156.552,0,0,171,91,107,121
1778106783.256340,2,0.985234,0.666367,0.656527,0.8337,-0.0451,1.4217,-0.000,21.158,-170.588,0,0,324,152,110,122
1778106783.256340,1,0.971494,0.630230,0.612264,0.8519,-0.3422,1.5689,0.000,16.780,168.889,0,0,521,63,123,127
1778106783.256340,0,0.990238,0.677479,0.670866,0.9719,0.2128,1.5812,0.000,22.841,-156.485,0,0,172,91,110,122
1778106783.256340,2,0.993981,0.664750,0.660749,0.8337,-0.0451,1.4217,-0.000,21.158,-170.588,0,0,325,151,112,125
1778106783.256340,1,0.974675,0.630230,0.614269,0.8519,-0.3422,1.5689,0.000,16.780,168.889,0,0,521,63,122,126
1778106783.256340,0,0.989808,0.676840,0.669942,0.9719,0.2128,1.5812,0.000,22.841,-156.485,0,0,172,91,108,124
1778106783.389819,2,0.988371,0.666383,0.658634,0.8337,-0.0436,1.4217,0.000,21.287,-171.704,0,0,323,152,112,124
1778106783.389819,1,0.976747,0.630230,0.615575,0.8519,-0.3422,1.5689,0.000,18.636,168.842,0,0,521,63,122,127
1778106783.389819,0,0.990120,0.677549,0.670855,0.9719,0.2111,1.5812,0.000,23.092,-156.458,0,0,173,91,110,122
1778106783.389819,2,0.978920,0.666383,0.652335,0.8337,-0.0436,1.4217,0.000,21.287,-171.704,0,0,323,152,110,122
1778106783.389819,1,0.976623,0.630230,0.615497,0.8519,-0.3422,1.5689,0.000,18.636,168.842,0,0,521,63,120,127
1778106783.389819,0,0.989099,0.677549,0.670164,0.9719,0.2111,1.5812,0.000,23.092,-156.458,0,0,173,91,110,122
1778106783.523296,2,0.988230,0.665939,0.658101,0.8334,-0.0451,1.4230,0.000,20.578,-171.658,0,0,324,151,110,124
1778106783.523296,1,0.978178,0.630785,0.617020,0.8538,-0.3414,1.5699,0.000,18.856,168.581,0,0,520,63,122,127
1778106783.523296,0,0.989276,0.677733,0.670466,0.9743,0.2118,1.5842,-0.000,22.795,-156.184,0,0,173,90,110,124
1778106783.523296,2,0.992056,0.665955,0.660664,0.8334,-0.0451,1.4230,0.000,20.578,-171.658,0,0,323,151,113,124
1778106783.523296,1,0.977294,0.631242,0.616908,0.8538,-0.3414,1.5699,0.000,18.856,168.581,0,0,520,63,122,127
1778106783.523296,0,0.989351,0.676459,0.669255,0.9743,0.2118,1.5842,-0.000,22.795,-156.184,0,0,173,90,110,122
1778106783.590034,2,0.977982,0.631242,0.617343,0.8556,-0.3421,1.5709,-0.000,18.892,168.691,0,0,520,63,122,127
1778106783.590034,1,0.992377,0.665955,0.660878,0.8334,-0.0436,1.4230,0.000,19.640,-173.379,0,0,323,152,114,126
1778106783.590034,0,0.989326,0.676459,0.669239,0.9687,0.2103,1.5815,0.000,22.634,-156.260,0,0,173,89,110,124
1778106783.723511,1,0.976854,0.631242,0.616631,0.8556,-0.3421,1.5709,0.000,18.714,168.956,0,0,520,63,122,127
1778106783.723511,2,0.994085,0.665939,0.662000,0.8334,-0.0451,1.4230,0.000,19.400,-174.400,0,0,324,151,114,125
1778106783.723511,0,0.990616,0.676389,0.670042,0.9687,0.2121,1.5815,0.000,21.770,-157.133,0,0,172,90,108,122
1778106783.723511,1,0.987556,0.665939,0.657652,0.8334,-0.0451,1.4230,-0.000,20.208,-171.380,0,0,323,151,114,125
1778106783.723511,2,0.977986,0.631242,0.617346,0.8556,-0.3421,1.5709,0.000,18.622,168.431,0,0,521,63,120,127
1778106783.723511,0,0.989214,0.676389,0.669094,0.9687,0.2121,1.5815,-0.000,22.262,-156.246,0,0,172,89,112,124
1778106783.823592,2,0.993989,0.665955,0.661951,0.8334,-0.0436,1.4230,0.000,19.436,-174.238,0,0,323,152,113,126
1778106783.823592,1,0.976548,0.631143,0.616341,0.8556,-0.3436,1.5709,0.000,18.899,169.156,0,0,521,63,120,127
1778106783.823592,0,0.989357,0.675939,0.668744,0.9684,0.2121,1.5832,0.000,22.240,-156.346,0,0,172,89,110,122
1778106783.890326,2,0.976721,0.631143,0.616451,0.8556,-0.3436,1.5709,0.000,18.920,169.111,0,0,521,63,120,127
1778106783.890326,1,0.987154,0.666968,0.658400,0.8356,-0.0437,1.4223,0.000,20.045,-171.124,0,0,323,153,114,126
1778106783.890326,0,0.991315,0.675939,0.670068,0.9684,0.2121,1.5832,-0.000,23.028,-156.977,0,0,172,88,112,125
1778106783.957069,1,0.977542,0.631143,0.616969,0.8556,-0.3436,1.5709,0.000,18.929,168.812,0,0,521,63,122,127
1778106783.957069,2,0.989702,0.667397,0.660524,0.8359,-0.0437,1.4209,-0.000,20.530,-172.184,0,0,323,152,113,125
1778106783.957069,0,0.990268,0.676125,0.669544,0.9708,0.2128,1.5862,-0.000,22.438,-156.715,0,0,172,88,112,125
1778106783.957069,1,0.977159,0.630687,0.616281,0.8556,-0.3436,1.5709,0.000,18.929,168.812,0,0,521,63,122,127
1778106783.957069,2,0.980781,0.666383,0.653576,0.8359,-0.0437,1.4209,-0.000,20.530,-172.184,0,0,322,152,115,128
1778106783.957069,0,0.991438,0.676125,0.670336,0.9708,0.2128,1.5862,-0.000,22.438,-156.715,0,0,172,88,110,122
1778106784.023807,1,0.977488,0.630687,0.616489,0.8538,-0.3429,1.5699,0.000,18.684,168.730,0,0,521,63,120,127
1778106784.023807,2,0.983176,0.666398,0.655186,0.8337,-0.0436,1.4217,0.000,19.655,-168.945,0,0,322,152,115,125
1778106784.023807,0,0.991192,0.676759,0.670798,0.9708,0.2128,1.5862,0.000,22.567,-157.239,0,0,173,88,110,124
1778106784.157280,1,0.976705,0.631143,0.616440,0.8556,-0.3436,1.5709,0.000,18.417,168.648,0,0,521,63,122,127
1778106784.157280,2,0.987536,0.666398,0.658092,0.8337,-0.0422,1.4217,0.000,20.194,-171.168,0,0,323,153,113,124
1778106784.157280,0,0.990469,0.676195,0.669750,0.9708,0.2111,1.5862,0.000,23.064,-156.679,0,0,172,88,110,121
1778106784.157280,1,0.975775,0.632278,0.616961,0.8556,-0.3436,1.5709,0.000,18.417,168.648,0,0,522,63,120,127
1778106784.157280,2,0.986189,0.667397,0.658179,0.8337,-0.0422,1.4217,0.000,20.194,-171.168,0,0,323,153,113,125
1778106784.157280,0,0.990914,0.676125,0.669981,0.9708,0.2111,1.5862,0.000,23.064,-156.679,0,0,172,88,110,124
1778106784.324139,1,0.976921,0.632179,0.617589,0.8602,-0.3470,1.5734,0.000,18.682,168.738,0,0,522,63,120,127
1778106784.324139,2,0.993239,0.667381,0.662869,0.8359,-0.0451,1.4209,0.000,20.353,-173.948,0,0,324,153,114,126
1778106784.324139,0,0.990498,0.676576,0.670147,0.9712,0.2128,1.5846,-0.000,23.055,-156.574,0,0,172,89,110,122
1778106784.324139,1,0.976179,0.631598,0.616553,0.8602,-0.3470,1.5734,0.000,18.682,168.738,0,0,521,63,122,127
1778106784.324139,2,0.988377,0.667397,0.659640,0.8359,-0.0451,1.4209,0.000,20.353,-173.948,0,0,323,153,114,126
1778106784.324139,0,0.990081,0.677211,0.670494,0.9712,0.2128,1.5846,-0.000,23.055,-156.574,0,0,172,89,110,122
1778106784.457577,1,0.976432,0.632574,0.617665,0.8605,-0.3470,1.5719,0.000,18.404,168.743,0,0,522,64,122,128
1778106784.457577,2,0.985342,0.666811,0.657037,0.8340,-0.0436,1.4203,-0.000,20.302,-170.468,0,0,323,153,114,126
1778106784.457577,0,0.987583,0.676759,0.668355,0.9736,0.2136,1.5876,0.000,21.712,-155.828,0,0,172,88,110,125
1778106784.524314,1,0.977354,0.632179,0.617863,0.8602,-0.3470,1.5734,0.000,18.597,168.491,0,0,522,63,122,127
1778106784.524314,2,0.985806,0.667412,0.657938,0.8359,-0.0422,1.4209,0.000,20.057,-170.523,0,0,322,153,113,126
1778106784.524314,0,0.988155,0.677211,0.669189,0.9740,0.2136,1.5859,0.000,21.028,-156.408,0,0,172,89,110,124
1778106784.524314,1,0.976326,0.632179,0.617212,0.8602,-0.3470,1.5734,0.000,18.597,168.491,0,0,522,63,122,127
1778106784.524314,2,0.981498,0.667412,0.655063,0.8359,-0.0422,1.4209,0.000,20.057,-170.523,0,0,322,153,114,126
1778106784.524314,0,0.986085,0.676576,0.667161,0.9740,0.2136,1.5859,0.000,21.028,-156.408,0,0,172,89,110,124
1778106784.657773,1,0.976616,0.632179,0.617395,0.8602,-0.3470,1.5734,-0.000,18.797,168.957,0,0,522,63,122,127
1778106784.657773,2,0.987658,0.666811,0.658581,0.8340,-0.0436,1.4203,-0.000,19.942,-171.324,0,0,323,153,113,125
1778106784.657773,0,0.984079,0.677281,0.666498,0.9740,0.2118,1.5859,0.000,22.252,-154.300,0,0,173,89,110,124
1778106784.724510,1,0.982215,0.666811,0.654952,0.8340,-0.0436,1.4203,0.000,20.751,-169.424,0,0,322,153,113,125
1778106784.724510,2,0.976758,0.631793,0.617109,0.8577,-0.3474,1.5704,0.000,18.185,168.323,0,0,523,64,120,128
1778106784.724510,0,0.980414,0.677281,0.664016,0.9740,0.2118,1.5859,0.000,21.229,-153.417,0,0,173,89,110,124
1778106784.791247,2,0.987864,0.666811,0.658719,0.8340,-0.0436,1.4203,-0.000,20.008,-171.405,0,0,323,153,113,128
1778106784.791247,1,0.974803,0.631339,0.615431,0.8559,-0.3467,1.5694,0.000,17.877,168.758,0,0,523,64,120,128
1778106784.791247,0,0.981664,0.676008,0.663613,0.9684,0.2103,1.5832,0.000,21.128,-153.891,0,0,173,89,110,124
1778106784.857971,2,0.989834,0.667397,0.660612,0.8359,-0.0437,1.4209,0.000,20.865,-172.278,0,0,323,153,113,126
1778106784.857971,1,0.975410,0.631339,0.615814,0.8559,-0.3467,1.5694,-0.000,17.952,168.607,0,0,523,64,120,128
1778106784.857971,0,0.981241,0.676646,0.663953,0.9712,0.2111,1.5846,0.000,21.397,-153.626,0,0,173,89,110,124
1778106784.924704,2,0.984354,0.667397,0.656955,0.8359,-0.0437,1.4209,0.000,20.697,-170.141,0,0,323,153,112,125
1778106784.924704,1,0.976613,0.631339,0.616573,0.8559,-0.3467,1.5694,0.000,18.061,168.254,0,0,523,64,120,128
1778106784.924704,0,0.980863,0.676646,0.663697,0.9712,0.2111,1.5846,0.000,21.445,-153.477,0,0,173,89,110,124
1778106784.924704,2,0.987649,0.666811,0.658575,0.8359,-0.0437,1.4209,0.000,20.697,-170.141,0,0,323,153,113,125
1778106784.924704,1,0.975862,0.631339,0.616099,0.8559,-0.3467,1.5694,0.000,18.061,168.254,0,0,523,64,120,129
1778106784.924704,0,0.980261,0.676646,0.663289,0.9712,0.2111,1.5846,0.000,21.445,-153.477,0,0,173,89,112,124
1778106785.058165,1,0.975469,0.630882,0.615406,0.8541,-0.3459,1.5684,-0.000,18.297,168.919,0,0,523,64,120,128
1778106785.058165,2,0.988109,0.666811,0.658882,0.8340,-0.0436,1.4203,-0.000,20.822,-171.553,0,0,323,153,113,125
1778106785.058165,0,0.980664,0.676646,0.663563,0.9712,0.2111,1.5846,0.000,21.466,-153.402,0,0,173,89,112,124
1778106785.058165,1,0.975779,0.631793,0.616491,0.8541,-0.3459,1.5684,-0.000,18.297,168.919,0,0,523,64,120,129
1778106785.058165,2,0.982496,0.666826,0.655154,0.8340,-0.0436,1.4203,-0.000,20.822,-171.553,0,0,322,153,115,125
1778106785.058165,0,0.980965,0.676008,0.663141,0.9712,0.2111,1.5846,0.000,21.466,-153.402,0,0,173,89,112,124
1778106785.124903,1,0.989256,0.667397,0.660226,0.8577,-0.3474,1.5704,0.000,18.326,168.831,0,0,323,153,113,126
1778106785.124903,2,0.976815,0.631793,0.617146,0.8340,-0.0422,1.4203,-0.000,20.259,-169.386,0,0,523,64,120,129
1778106785.124903,0,0.979205,0.676008,0.661951,0.9684,0.2103,1.5832,-0.000,21.440,-153.514,0,0,173,89,112,124
1778106785.258361,2,0.975872,0.631793,0.616549,0.8577,-0.3474,1.5704,0.000,18.286,168.760,0,0,523,64,120,129
1778106785.258361,1,0.987248,0.666811,0.658308,0.8340,-0.0436,1.4203,0.000,20.928,-171.226,0,0,323,153,113,124
1778106785.258361,0,0.978171,0.676646,0.661876,0.9712,0.2111,1.5846,0.000,21.272,-152.668,0,0,173,89,110,124
1778106785.258361,1,0.975033,0.631339,0.615576,0.8577,-0.3474,1.5704,0.000,18.286,168.760,0,0,523,64,120,128
1778106785.258361,2,0.984071,0.667412,0.656781,0.8340,-0.0436,1.4203,0.000,20.928,-171.226,0,0,322,153,113,125
1778106785.258361,0,0.978126,0.674941,0.660177,0.9712,0.2111,1.5846,0.000,21.272,-152.668,0,0,173,89,112,124
1778106785.391838,1,0.988403,0.666811,0.659078,0.8340,-0.0436,1.4203,0.000,17.426,-171.986,0,0,323,153,112,125
1778106785.391838,2,0.973835,0.631893,0.615360,0.8577,-0.3459,1.5704,0.000,17.611,168.929,0,0,522,64,122,128
1778106785.391838,0,0.979673,0.675582,0.661850,0.9665,0.2099,1.5823,0.000,21.659,-152.998,0,0,173,89,112,124
1778106785.391838,2,0.987628,0.666811,0.658562,0.8340,-0.0436,1.4203,0.000,16.920,-171.837,0,0,323,153,112,125
1778106785.391838,1,0.974573,0.631893,0.615826,0.8577,-0.3459,1.5704,-0.000,18.356,169.378,0,0,522,64,120,129
1778106785.391838,0,0.979231,0.675582,0.661551,0.9665,0.2099,1.5823,0.000,22.165,-152.677,0,0,174,89,110,124
1778106785.525317,2,0.975654,0.631893,0.616509,0.8577,-0.3459,1.5704,0.000,18.278,168.914,0,0,522,64,120,129
1778106785.525317,1,0.883707,0.632574,0.559010,0.8605,-0.3470,1.5719,-0.000,17.836,-172.821,0,0,324,153,110,125
1778106785.525317,0,0.979843,0.675009,0.661403,0.9638,0.2074,1.5810,0.000,22.296,-152.935,0,0,174,89,110,124
1778106785.525317,2,0.992974,0.666796,0.662111,0.8340,-0.0451,1.4203,-0.000,19.158,-173.816,0,0,323,153,113,126
1778106785.525317,1,0.975140,0.632574,0.616848,0.8605,-0.3470,1.5719,0.000,17.706,168.538,0,0,522,64,120,129
1778106785.525317,0,0.980456,0.675009,0.661817,0.9638,0.2074,1.5810,0.000,22.633,-153.032,0,0,174,89,110,124
1778106785.592055,1,0.975239,0.631438,0.615803,0.8559,-0.3452,1.5694,0.000,17.690,168.482,0,0,521,64,122,128
1778106785.592055,2,0.989566,0.666811,0.659854,0.8340,-0.0436,1.4203,-0.000,19.808,-172.097,0,0,323,153,113,126
1778106785.592055,0,0.979359,0.675009,0.661076,0.9638,0.2074,1.5810,0.000,21.758,-152.963,0,0,173,89,108,124
1778106785.658794,1,0.976100,0.631993,0.616888,0.8577,-0.3444,1.5704,0.000,17.978,168.530,0,0,522,64,120,128
1778106785.658794,0,0.978140,0.675582,0.660814,0.9665,0.2099,1.5823,-0.000,21.699,-152.493,0,0,174,89,110,124
1778106785.658794,2,0.985872,0.666811,0.657390,0.8340,-0.0436,1.4203,-0.000,19.502,-170.663,0,0,323,152,114,128
1778106785.792286,1,0.974978,0.631993,0.616179,0.8577,-0.3444,1.5704,0.000,17.717,168.691,0,0,521,64,122,128
1778106785.792286,0,0.982327,0.674365,0.662447,0.9610,0.2067,1.5796,0.000,22.422,-153.724,0,0,174,89,110,124
1778106785.792286,2,0.989515,0.666811,0.659819,0.8340,-0.0436,1.4203,-0.000,19.460,-172.086,0,0,323,153,113,126
1778106785.792286,1,0.975684,0.631993,0.616625,0.8577,-0.3444,1.5704,0.000,17.717,168.691,0,0,521,64,122,128
1778106785.792286,0,0.981053,0.674365,0.661588,0.9610,0.2067,1.5796,0.000,22.422,-153.724,0,0,174,89,110,124
1778106785.792286,2,0.991362,0.666811,0.661051,0.8340,-0.0436,1.4203,-0.000,19.460,-172.086,0,0,324,153,114,126
1778106785.859035,1,0.975688,0.631993,0.616628,0.8577,-0.3444,1.5704,0.000,18.112,168.822,0,0,522,63,120,127
1778106785.859035,2,0.989280,0.666796,0.659648,0.8340,-0.0451,1.4203,-0.000,20.018,-172.084,0,0,323,153,113,124
1778106785.859035,0,0.985406,0.675009,0.665158,0.9638,0.2074,1.5810,-0.000,23.049,-154.648,0,0,174,88,112,125
1778106785.925783,1,0.974870,0.631499,0.615629,0.8574,-0.3459,1.5719,-0.000,17.975,168.824,0,0,522,63,120,127
1778106785.925783,2,0.992274,0.666811,0.661659,0.8340,-0.0436,1.4203,0.000,19.449,-173.337,0,0,324,153,114,125
1778106785.925783,0,0.986465,0.673917,0.664795,0.9606,0.2067,1.5813,0.000,22.566,-155.223,0,0,174,88,112,125
1778106786.025890,1,0.974024,0.631044,0.614652,0.8556,-0.3452,1.5709,0.000,18.067,169.224,0,0,522,63,120,127
1778106786.025890,2,0.989716,0.666796,0.659938,0.8340,-0.0451,1.4203,-0.000,19.906,-172.266,0,0,324,153,112,124
1778106786.025890,0,0.983857,0.675201,0.664302,0.9662,0.2081,1.5840,0.000,22.775,-154.169,0,0,174,88,112,125
1778106786.092629,1,0.976117,0.631598,0.616514,0.8574,-0.3444,1.5719,-0.000,17.674,168.102,0,0,521,63,122,127
1778106786.092629,2,0.985685,0.666811,0.657266,0.8340,-0.0436,1.4203,-0.000,20.044,-170.585,0,0,323,153,112,124
1778106786.092629,0,0.983303,0.675201,0.663927,0.9662,0.2081,1.5840,0.000,22.610,-154.022,0,0,174,88,110,125
1778106786.159367,1,0.974332,0.631598,0.615386,0.8574,-0.3444,1.5719,0.000,16.774,167.766,0,0,521,63,122,126
1778106786.159367,2,0.988557,0.666192,0.658569,0.8321,-0.0464,1.4196,-0.000,21.492,-172.052,0,0,325,153,110,124
1778106786.159367,0,0.980706,0.675201,0.662174,0.9662,0.2081,1.5840,0.000,22.215,-153.260,0,0,174,88,110,124
1778106786.159367,1,0.976688,0.631499,0.616777,0.8574,-0.3444,1.5719,0.000,16.774,167.766,0,0,522,63,120,126
1778106786.159367,2,0.991279,0.666780,0.660965,0.8321,-0.0464,1.4196,-0.000,21.492,-172.052,0,0,325,153,112,125
1778106786.159367,0,0.982175,0.675627,0.663584,0.9662,0.2081,1.5840,0.000,22.215,-153.260,0,0,174,88,110,124
1778106786.292856,1,0.974697,0.631598,0.615617,0.8574,-0.3444,1.5719,0.000,16.893,167.763,0,0,521,63,122,126
1778106786.292856,2,0.990511,0.666620,0.660295,0.8324,-0.0464,1.4182,0.000,20.722,-172.787,0,0,325,154,110,122
1778106786.292856,0,0.980807,0.676195,0.663217,0.9708,0.2111,1.5862,-0.000,22.228,-153.186,0,0,173,88,112,125
1778106786.359596,1,0.973278,0.631143,0.614278,0.8556,-0.3436,1.5709,-0.000,16.632,168.022,0,0,521,63,122,126
1778106786.359596,2,0.996605,0.665570,0.663311,0.8302,-0.0492,1.4189,0.000,20.542,-176.382,0,0,327,153,110,125
1778106786.359596,0,0.979517,0.675558,0.661721,0.9681,0.2103,1.5849,0.000,22.299,-152.741,0,0,173,88,112,124
1778106786.359596,1,0.973535,0.631143,0.614440,0.8556,-0.3436,1.5709,-0.000,16.778,168.097,0,0,521,63,122,126
1778106786.359596,2,0.995478,0.665570,0.662561,0.8302,-0.0492,1.4189,-0.000,21.540,-175.860,0,0,326,153,108,124
1778106786.359596,0,0.980876,0.675558,0.662639,0.9681,0.2103,1.5849,0.000,22.045,-153.273,0,0,173,88,112,125
1778106786.359596,1,0.972386,0.631143,0.613715,0.8556,-0.3436,1.5709,-0.000,16.778,168.097,0,0,521,63,122,126
1778106786.359596,2,0.992729,0.665587,0.660747,0.8302,-0.0492,1.4189,-0.000,21.540,-175.860,0,0,326,153,110,124
1778106786.359596,0,0.981525,0.675558,0.663077,0.9681,0.2103,1.5849,0.000,22.045,-153.273,0,0,173,88,112,124
1778106786.526440,1,0.972950,0.631598,0.614513,0.8574,-0.3444,1.5719,0.000,16.422,167.890,0,0,521,63,120,126
1778106786.526440,2,0.992969,0.665587,0.660907,0.8302,-0.0478,1.4189,0.000,20.813,-174.076,0,0,326,153,108,124
1778106786.526440,0,0.983457,0.675132,0.663963,0.9662,0.2099,1.5840,0.000,22.583,-153.982,0,0,174,88,110,124
1778106786.526440,1,0.970179,0.631697,0.612859,0.8574,-0.3444,1.5719,0.000,16.422,167.890,0,0,520,63,122,126
1778106786.526440,2,0.994541,0.665587,0.661954,0.8302,-0.0478,1.4189,0.000,20.813,-174.076,0,0,326,153,108,124
1778106786.526440,0,0.984406,0.674491,0.663973,0.9662,0.2099,1.5840,0.000,22.583,-153.982,0,0,173,88,108,124
1778106786.626545,1,0.971581,0.631697,0.613744,0.8574,-0.3429,1.5719,-0.000,15.873,168.370,0,0,520,63,120,126
1778106786.626545,2,0.992732,0.665160,0.660326,0.8302,-0.0478,1.4189,0.000,20.933,-174.977,0,0,326,152,110,125
1778106786.626545,0,0.984167,0.675201,0.664511,0.9634,0.2091,1.5826,0.000,22.594,-154.322,0,0,174,88,110,124
1778106786.693286,1,0.998324,0.664536,0.663422,0.8574,-0.3429,1.5719,0.000,16.097,168.103,0,0,328,152,110,125
1778106786.693286,2,0.971661,0.631401,0.613508,0.8299,-0.0478,1.4203,0.000,21.313,-174.025,0,0,519,62,122,125
1778106786.693286,0,0.984599,0.672698,0.662338,0.9662,0.2081,1.5840,0.000,22.869,-154.253,0,0,173,84,107,124
1778106786.826761,2,0.995788,0.664554,0.661754,0.8280,-0.0492,1.4196,0.000,20.603,-175.790,0,0,327,152,112,125
1778106786.826761,1,0.972352,0.631401,0.613944,0.8571,-0.3413,1.5734,0.000,15.913,167.478,0,0,519,62,122,125
1778106786.826761,0,0.980368,0.673828,0.660600,0.9667,0.2086,1.5916,-0.000,19.275,-154.843,0,0,174,84,108,122
1778106786.826761,2,0.981484,0.673336,0.660869,0.8280,-0.0492,1.4196,0.000,20.603,-175.790,0,0,173,84,107,122
1778106786.826761,1,0.996003,0.665143,0.662485,0.8571,-0.3413,1.5734,0.000,15.913,167.478,0,0,327,152,112,125
1778106786.826761,0,0.971137,0.631401,0.613176,0.9667,0.2086,1.5916,-0.000,19.275,-154.843,0,0,519,62,122,125
1778106786.960190,0,0.972617,0.632081,0.614773,0.8599,-0.3424,1.5749,0.000,15.792,167.182,0,0,519,62,120,125
1778106786.960190,2,0.993179,0.664554,0.660021,0.8280,-0.0492,1.4196,0.000,20.058,-174.206,0,0,327,152,110,125
1778106786.960190,1,0.978488,0.673715,0.659223,0.9652,0.2116,1.5890,-0.000,19.640,-153.649,0,0,172,85,107,121
1778106787.026932,1,0.979667,0.673785,0.660085,0.9652,0.2099,1.5890,-0.000,19.312,-154.394,0,0,173,85,108,121
1778106787.026932,2,0.971800,0.631043,0.613248,0.8553,-0.3391,1.5724,-0.000,16.149,168.117,0,0,518,62,118,125
1778106787.026932,0,0.994919,0.664554,0.661177,0.8280,-0.0492,1.4196,0.000,20.423,-175.210,0,0,327,152,112,124
1778106787.093657,1,0.971897,0.631043,0.613309,0.8553,-0.3391,1.5724,0.000,16.062,167.958,0,0,518,62,122,125
1778106787.093657,2,0.991157,0.664554,0.658677,0.8280,-0.0492,1.4196,0.000,18.949,-173.281,0,0,327,152,110,128
1778106787.093657,0,0.980273,0.674233,0.660933,0.9655,0.2099,1.5873,0.000,20.194,-153.994,0,0,173,86,108,122
1778106787.160396,1,0.975769,0.631340,0.616042,0.8556,-0.3406,1.5709,0.000,16.934,167.510,0,0,519,63,120,126
1778106787.160396,2,0.997056,0.664536,0.662580,0.8280,-0.0506,1.4196,0.000,21.996,-177.385,0,0,328,152,108,122
1778106787.160396,0,0.981053,0.674233,0.661459,0.9655,0.2099,1.5873,0.000,20.378,-154.164,0,0,173,86,108,124
1778106787.227146,1,0.974510,0.631401,0.615306,0.8571,-0.3413,1.5734,0.000,16.707,167.642,0,0,519,62,120,125
1778106787.227146,2,0.982757,0.674658,0.663025,0.9674,0.2103,1.5882,0.000,20.373,-154.796,0,0,173,86,108,124
1778106787.227146,0,0.998019,0.664699,0.663382,0.8296,-0.0506,1.4217,0.000,20.333,-177.621,0,0,328,151,110,125
1778106787.227146,1,0.975821,0.631340,0.616075,0.8571,-0.3413,1.5734,0.000,16.707,167.642,0,0,519,63,120,126
1778106787.227146,0,0.997255,0.664554,0.662730,0.9674,0.2103,1.5882,0.000,20.373,-154.796,0,0,327,152,112,126
1778106787.227146,2,0.983123,0.675038,0.663645,0.8296,-0.0506,1.4217,0.000,20.333,-177.621,0,0,172,87,107,122
1778106787.360605,1,0.975959,0.631796,0.616607,0.8574,-0.3413,1.5719,0.000,16.973,167.478,0,0,519,63,120,126
1778106787.360605,2,0.998693,0.665126,0.664256,0.8299,-0.0506,1.4203,0.000,20.010,-178.323,0,0,328,152,110,124
1778106787.360605,0,0.986119,0.674613,0.665249,0.9659,0.2116,1.5857,0.000,20.475,-155.940,0,0,172,87,107,122
1778106787.360605,1,0.976358,0.630883,0.615968,0.8574,-0.3413,1.5719,0.000,16.973,167.478,0,0,519,63,120,126
1778106787.360605,2,0.996835,0.665143,0.663038,0.8299,-0.0506,1.4203,0.000,20.010,-178.323,0,0,327,152,108,124
1778106787.360605,0,0.984636,0.673974,0.663618,0.9659,0.2116,1.5857,0.000,20.475,-155.940,0,0,172,87,107,122
1778106787.494082,1,0.976555,0.631340,0.616538,0.8556,-0.3406,1.5709,0.000,16.866,167.067,0,0,519,63,120,126
1778106787.494082,2,0.997634,0.665126,0.663552,0.8299,-0.0506,1.4203,0.000,21.214,-177.522,0,0,328,152,110,124
1778106787.494082,0,0.985931,0.675038,0.665541,0.9677,0.2121,1.5866,0.000,20.474,-155.860,0,0,172,87,107,122
1778106787.494082,1,0.976870,0.630883,0.616291,0.8556,-0.3406,1.5709,0.000,16.866,167.067,0,0,519,63,120,126
1778106787.494082,2,0.999117,0.664699,0.664113,0.8299,-0.0506,1.4203,0.000,21.214,-177.522,0,0,328,151,108,125
1778106787.494082,0,0.985843,0.674613,0.665063,0.9677,0.2121,1.5866,0.000,20.474,-155.860,0,0,172,87,107,124
1778106787.560815,1,0.978138,0.631796,0.617983,0.8538,-0.3399,1.5699,0.000,17.226,167.403,0,0,519,63,120,126
1778106787.560815,2,0.996090,0.664717,0.662118,0.8296,-0.0506,1.4217,0.000,20.084,-178.878,0,0,327,151,112,125
1778106787.560815,0,0.985166,0.675674,0.665651,0.9659,0.2116,1.5857,0.000,20.254,-155.968,0,0,172,87,108,122
1778106787.627553,1,0.976936,0.631796,0.617224,0.8574,-0.3413,1.5719,0.000,17.160,166.730,0,0,519,63,120,126
1778106787.627553,2,0.993951,0.664717,0.660696,0.8296,-0.0492,1.4217,0.000,20.250,-175.943,0,0,326,151,108,124
1778106787.627553,0,0.983264,0.675674,0.664366,0.9705,0.2128,1.5879,0.000,20.647,-155.430,0,0,172,87,107,124
1778106787.761030,1,0.976257,0.631340,0.616350,0.8556,-0.3406,1.5709,0.000,17.292,167.753,0,0,519,63,120,126
1778106787.761030,2,0.997723,0.665126,0.663611,0.8299,-0.0506,1.4203,0.000,20.804,-177.461,0,0,328,152,108,122
1778106787.761030,0,0.983649,0.675038,0.664001,0.9677,0.2121,1.5866,-0.000,19.808,-155.359,0,0,172,87,107,124
1778106787.761030,1,0.974052,0.631796,0.615402,0.8556,-0.3406,1.5709,0.000,17.292,167.753,0,0,519,63,120,126
1778106787.761030,2,0.997688,0.664519,0.662982,0.8299,-0.0506,1.4203,0.000,20.804,-177.461,0,0,329,152,110,126
1778106787.761030,0,0.981533,0.675108,0.662641,0.9677,0.2121,1.5866,-0.000,19.808,-155.359,0,0,173,87,110,122
1778106787.827769,1,0.975187,0.631796,0.616119,0.8574,-0.3413,1.5719,-0.000,16.473,167.645,0,0,519,63,120,126
1778106787.827769,2,0.998477,0.664519,0.663507,0.8280,-0.0520,1.4196,0.000,20.678,-177.500,0,0,329,152,108,126
1778106787.827769,0,0.981476,0.675108,0.662602,0.9677,0.2103,1.5866,0.000,19.782,-154.662,0,0,173,87,110,124
1778106787.927895,1,0.974185,0.631796,0.615486,0.8574,-0.3413,1.5719,-0.000,16.467,167.580,0,0,519,62,120,125
1778106787.927895,2,0.996886,0.664519,0.662449,0.8280,-0.0520,1.4196,0.000,20.648,-176.809,0,0,329,151,110,125
1778106787.927895,0,0.984037,0.675108,0.664331,0.9677,0.2103,1.5866,0.000,20.369,-155.252,0,0,173,87,108,124
1778106788.027992,1,0.974579,0.631796,0.615735,0.8574,-0.3413,1.5719,0.000,16.752,167.787,0,0,519,63,120,126
1778106788.027992,2,0.998770,0.664093,0.663276,0.8277,-0.0520,1.4210,0.000,20.969,-178.749,0,0,329,151,108,124
1778106788.027992,0,0.984009,0.675108,0.664313,0.9677,0.2103,1.5866,-0.000,20.051,-155.446,0,0,173,87,108,124
1778106788.094730,1,0.974514,0.631796,0.615694,0.8574,-0.3413,1.5719,0.000,16.362,167.291,0,0,519,63,122,126
1778106788.094730,2,0.993548,0.664699,0.660411,0.8296,-0.0506,1.4217,0.000,20.574,-174.530,0,0,328,151,108,124
1778106788.094730,0,0.982270,0.675744,0.663763,0.9705,0.2111,1.5879,0.000,20.666,-154.405,0,0,173,87,108,125
1778106788.094730,1,0.974543,0.631401,0.615327,0.8574,-0.3413,1.5719,0.000,16.362,167.291,0,0,519,62,120,125
1778106788.094730,2,0.995961,0.664519,0.661835,0.8296,-0.0506,1.4217,0.000,20.574,-174.530,0,0,329,152,110,126
1778106788.094730,0,0.982851,0.676899,0.665291,0.9705,0.2111,1.5879,0.000,20.666,-154.405,0,0,174,88,110,124
1778106788.228188,1,0.972545,0.631401,0.614065,0.8571,-0.3413,1.5734,-0.000,16.411,168.080,0,0,519,62,122,125
1778106788.228188,2,0.988702,0.664128,0.656624,0.8277,-0.0492,1.4210,-0.000,19.770,-172.156,0,0,327,151,112,124
1778106788.228188,0,0.982523,0.676264,0.664445,0.9708,0.2094,1.5862,0.000,20.981,-154.403,0,0,174,88,110,124
1778106788.228188,1,0.972469,0.631796,0.614401,0.8571,-0.3413,1.5734,-0.000,16.411,168.080,0,0,519,63,122,126
1778106788.228188,2,0.990071,0.664717,0.658117,0.8277,-0.0492,1.4210,-0.000,19.770,-172.156,0,0,327,151,112,122
1778106788.228188,0,0.983124,0.675627,0.664225,0.9708,0.2094,1.5862,0.000,20.981,-154.403,0,0,174,88,110,124
1778106788.361665,1,0.975021,0.632477,0.616678,0.8602,-0.3424,1.5734,0.000,16.975,167.884,0,0,519,63,122,126
1778106788.361665,2,0.976736,0.664734,0.649269,0.8296,-0.0478,1.4217,0.000,20.086,-168.039,0,0,326,151,112,124
1778106788.361665,0,0.982726,0.676899,0.665206,0.9736,0.2101,1.5876,0.000,21.389,-154.283,0,0,174,88,108,124
1778106788.361665,1,0.973121,0.631340,0.614370,0.8602,-0.3424,1.5734,0.000,16.975,167.884,0,0,519,63,122,126
1778106788.361665,2,0.988704,0.665304,0.657789,0.8296,-0.0478,1.4217,0.000,20.086,-168.039,0,0,327,151,112,124
1778106788.361665,0,0.984218,0.676264,0.665592,0.9736,0.2101,1.5876,0.000,21.389,-154.283,0,0,174,88,108,122
1778106788.495142,1,0.969807,0.631401,0.612337,0.8571,-0.3413,1.5734,0.000,15.936,168.559,0,0,519,62,122,125
1778106788.495142,0,0.982139,0.676899,0.664809,0.9736,0.2101,1.5876,-0.000,21.541,-154.008,0,0,174,88,108,122
1778106788.495142,2,0.982640,0.665321,0.653771,0.8315,-0.0479,1.4224,-0.000,19.236,-169.886,0,0,326,151,113,124
1778106788.495142,1,0.969784,0.631401,0.612322,0.8571,-0.3413,1.5734,0.000,15.936,168.559,0,0,519,62,122,125
1778106788.495142,0,0.981512,0.676447,0.663941,0.9736,0.2101,1.5876,-0.000,21.541,-154.008,0,0,174,87,108,124
1778106788.495142,2,0.984325,0.664734,0.654314,0.8315,-0.0479,1.4224,-0.000,19.236,-169.886,0,0,326,151,112,126
1778106788.628619,1,0.971091,0.631401,0.613147,0.8571,-0.3413,1.5734,0.000,16.350,168.584,0,0,519,62,122,125
1778106788.628619,2,0.990781,0.665714,0.659577,0.8318,-0.0507,1.4210,0.000,19.066,-173.201,0,0,328,152,110,126
1778106788.628619,0,0.983010,0.676899,0.665398,0.9736,0.2101,1.5876,0.000,21.697,-154.252,0,0,174,88,108,124
1778106788.628619,1,0.971033,0.631697,0.613399,0.8571,-0.3413,1.5734,0.000,16.350,168.584,0,0,520,63,120,126
1778106788.628619,2,0.981925,0.664734,0.652719,0.8318,-0.0507,1.4210,0.000,19.066,-173.201,0,0,326,151,112,124
1778106788.628619,0,0.982127,0.677531,0.665422,0.9736,0.2101,1.5876,0.000,21.697,-154.252,0,0,174,88,108,124
1778106788.695291,1,0.971434,0.631697,0.613652,0.8574,-0.3429,1.5719,-0.000,16.329,168.612,0,0,520,63,120,126
1778106788.695291,2,0.980821,0.678161,0.665155,0.8296,-0.0478,1.4217,0.000,19.485,-169.633,0,0,174,88,108,125
1778106788.695291,0,0.984044,0.665748,0.655125,0.9764,0.2109,1.5890,0.000,21.493,-154.024,0,0,326,152,113,126
1778106788.828768,1,0.970101,0.632477,0.613566,0.8602,-0.3424,1.5734,-0.000,16.300,169.008,0,0,519,63,122,126
1778106788.828768,0,0.990462,0.665304,0.658959,0.8315,-0.0493,1.4224,0.000,19.467,-172.919,0,0,327,151,108,124
1778106788.828768,2,0.981312,0.677531,0.664870,0.9764,0.2109,1.5890,0.000,21.517,-153.730,0,0,174,88,108,125
1778106788.828768,1,0.968648,0.631982,0.612168,0.8602,-0.3424,1.5734,-0.000,16.300,169.008,0,0,520,62,120,125
1778106788.828768,2,0.994457,0.665714,0.662024,0.8315,-0.0493,1.4224,0.000,19.467,-172.919,0,0,328,152,112,126
1778106788.828768,0,0.981604,0.679034,0.666543,0.9764,0.2109,1.5890,0.000,21.517,-153.730,0,0,174,89,110,124
1778106788.895507,1,0.971639,0.631982,0.614059,0.8599,-0.3439,1.5749,-0.000,16.119,169.145,0,0,520,62,122,125
1778106788.895507,2,0.980941,0.678544,0.665612,0.8318,-0.0507,1.4210,0.000,19.477,-175.024,0,0,173,89,108,124
1778106788.895507,0,0.995806,0.664682,0.661894,0.9814,0.2121,1.5895,-0.000,21.621,-153.763,0,0,329,151,110,125
1778106789.029018,1,0.971191,0.631982,0.613775,0.8599,-0.3439,1.5749,0.000,16.236,168.324,0,0,520,62,122,125
1778106789.029018,2,0.991221,0.665714,0.659870,0.8318,-0.0507,1.4210,0.000,19.420,-173.368,0,0,328,152,110,126
1778106789.029018,0,0.980274,0.679417,0.666015,0.9818,0.2138,1.5878,0.000,21.836,-153.109,0,0,173,90,108,124
1778106789.029018,1,0.971491,0.631982,0.613965,0.8599,-0.3439,1.5749,0.000,16.134,168.071,0,0,520,63,122,126
1778106789.029018,2,0.991390,0.665714,0.659982,0.8318,-0.0507,1.4210,0.000,19.246,-173.460,0,0,327,152,112,126
1778106789.029018,0,0.980340,0.679417,0.666060,0.9818,0.2138,1.5878,0.000,21.492,-153.260,0,0,173,90,108,124
1778106789.095757,1,0.970628,0.632378,0.613803,0.8602,-0.3439,1.5734,-0.000,15.948,168.289,0,0,521,63,120,126
1778106789.095757,2,0.996105,0.665731,0.663138,0.8318,-0.0493,1.4210,0.000,20.312,-175.969,0,0,328,152,112,126
1778106789.095757,0,0.980416,0.679417,0.666112,0.9818,0.2138,1.5878,0.000,21.515,-153.276,0,0,173,90,108,124
1778106789.229234,2,0.996649,0.665714,0.663483,0.8318,-0.0507,1.4210,0.000,20.726,-176.536,0,0,328,152,113,126
1778106789.229234,1,0.972988,0.631598,0.614538,0.8574,-0.3444,1.5719,-0.000,16.031,167.347,0,0,521,63,122,126
1778106789.229234,0,0.980643,0.680045,0.666881,0.9845,0.2146,1.5892,0.000,21.923,-153.200,0,0,173,90,108,124
1778106789.295973,1,0.970996,0.631598,0.613280,0.8574,-0.3444,1.5719,0.000,15.722,167.761,0,0,521,63,122,126
1778106789.295973,2,0.995044,0.666300,0.662998,0.8337,-0.0507,1.4217,-0.000,20.625,-175.418,0,0,328,152,112,126
1778106789.295973,0,0.982640,0.680500,0.668687,0.9849,0.2146,1.5875,0.000,21.882,-153.877,0,0,173,91,108,122
1778106789.362692,1,0.970623,0.631783,0.613223,0.8599,-0.3470,1.5749,0.000,15.591,167.534,0,0,522,62,120,125
1778106789.362692,2,0.993340,0.666318,0.661880,0.8337,-0.0493,1.4217,0.000,19.871,-174.288,0,0,327,152,112,125
1778106789.362692,0,0.981751,0.679872,0.667465,0.9821,0.2138,1.5861,0.000,22.133,-153.484,0,0,173,91,108,124
1778106789.362692,1,0.970163,0.631783,0.612933,0.8599,-0.3470,1.5749,0.000,15.591,167.534,0,0,522,63,120,126
1778106789.362692,2,0.997133,0.666318,0.664407,0.8337,-0.0493,1.4217,0.000,19.871,-174.288,0,0,328,152,113,128
1778106789.362692,0,0.985808,0.679872,0.670224,0.9821,0.2138,1.5861,0.000,22.133,-153.484,0,0,173,91,108,124
1778106789.362692,1,0.970146,0.632179,0.613305,0.8599,-0.3470,1.5749,-0.000,15.706,167.885,0,0,522,63,120,126
1778106789.362692,2,0.996361,0.666300,0.663876,0.8337,-0.0493,1.4217,0.000,19.853,-176.708,0,0,328,152,112,125
1778106789.362692,0,0.982974,0.681749,0.670142,0.9821,0.2138,1.5861,0.000,22.520,-154.824,0,0,173,91,108,124
1778106789.496178,1,0.972278,0.632179,0.614653,0.8602,-0.3470,1.5734,-0.000,15.680,167.976,0,0,522,63,122,126
1778106789.496178,2,0.994948,0.666300,0.662934,0.8337,-0.0507,1.4217,0.000,20.321,-176.257,0,0,328,152,112,126
1778106789.496178,0,0.982888,0.682370,0.670693,0.9905,0.2161,1.5901,-0.000,21.954,-153.969,0,0,173,91,108,124
1778106789.562904,2,0.993457,0.666318,0.661958,0.8602,-0.3470,1.5734,0.000,16.374,168.024,0,0,327,152,113,126
1778106789.562904,1,0.970728,0.632179,0.613673,0.8337,-0.0507,1.4217,-0.000,19.892,-175.303,0,0,522,63,122,126
1778106789.562904,0,0.983617,0.682206,0.671030,0.9933,0.2168,1.5915,-0.000,22.507,-153.760,0,0,173,92,108,122
1778106789.696368,2,0.969460,0.632179,0.612872,0.8602,-0.3470,1.5734,0.000,16.024,168.682,0,0,522,63,122,126
1778106789.696368,1,0.991885,0.666318,0.660910,0.8337,-0.0493,1.4217,0.000,19.571,-173.565,0,0,327,152,114,128
1778106789.696368,0,0.984316,0.683374,0.672656,0.9964,0.2193,1.5911,0.000,22.241,-154.233,0,0,172,92,107,122
1778106789.696368,1,0.970583,0.632179,0.613582,0.8602,-0.3470,1.5734,0.000,16.024,168.682,0,0,523,63,120,126
1778106789.696368,2,0.992007,0.666318,0.660992,0.8337,-0.0493,1.4217,0.000,19.571,-173.565,0,0,328,153,112,126
1778106789.696368,0,0.986380,0.683374,0.674066,0.9964,0.2193,1.5911,0.000,22.241,-154.233,0,0,172,92,107,122
1778106789.696368,1,0.969653,0.632179,0.612994,0.8602,-0.3470,1.5734,-0.000,16.325,168.623,0,0,522,63,122,126
1778106789.696368,2,0.987702,0.666318,0.658123,0.8337,-0.0493,1.4217,0.000,19.400,-173.634,0,0,327,152,112,125
1778106789.696368,0,0.986113,0.683374,0.673883,0.9964,0.2193,1.5911,0.000,21.703,-155.218,0,0,172,92,107,121
1778106789.896583,1,0.970875,0.632179,0.613766,0.8602,-0.3470,1.5734,0.000,16.750,169.004,0,0,522,63,122,126
1778106789.896583,0,0.986586,0.683833,0.674660,0.9967,0.2193,1.5894,0.000,21.696,-155.279,0,0,172,93,107,122
1778106789.896583,2,0.991649,0.666300,0.660736,0.8337,-0.0507,1.4217,-0.000,19.776,-173.551,0,0,328,152,110,125
1778106789.896583,1,0.968363,0.632078,0.612082,0.8602,-0.3470,1.5734,0.000,16.750,169.004,0,0,523,63,120,126
1778106789.896583,0,0.992382,0.666746,0.661667,0.9967,0.2193,1.5894,0.000,21.696,-155.279,0,0,327,153,113,126
1778106789.896583,2,0.984054,0.683833,0.672928,0.8337,-0.0507,1.4217,-0.000,19.776,-173.551,0,0,172,93,107,122
1778106790.030060,1,0.968950,0.631684,0.612070,0.8599,-0.3485,1.5749,0.000,16.803,169.568,0,0,523,62,120,125
1778106790.030060,2,0.988095,0.666318,0.658385,0.8337,-0.0493,1.4217,-0.000,19.066,-171.963,0,0,327,152,114,128
1778106790.030060,0,0.985810,0.683833,0.674129,0.9967,0.2193,1.5894,0.000,21.388,-155.097,0,0,172,93,107,122
1778106790.030060,1,0.969108,0.632078,0.612552,0.8599,-0.3485,1.5749,0.000,16.803,169.568,0,0,523,63,120,126
1778106790.030060,2,0.989476,0.666746,0.659729,0.8337,-0.0493,1.4217,-0.000,19.066,-171.963,0,0,327,153,114,126
1778106790.030060,0,0.984863,0.684450,0.674089,0.9967,0.2193,1.5894,0.000,21.388,-155.097,0,0,172,93,107,122
1778106790.163537,1,0.968972,0.631684,0.612084,0.8599,-0.3485,1.5749,0.000,16.356,169.070,0,0,523,62,120,125
1778106790.163537,2,0.992108,0.666300,0.661042,0.8337,-0.0507,1.4217,0.000,18.868,-173.849,0,0,328,152,114,128
1778106790.163537,0,0.984896,0.684375,0.674039,0.9995,0.2218,1.5907,-0.000,20.391,-155.118,0,0,171,93,107,121
1778106790.230279,1,0.968500,0.632630,0.612703,0.8620,-0.3477,1.5744,0.000,16.318,169.372,0,0,522,63,122,126
1778106790.230279,2,0.993024,0.666318,0.661669,0.8337,-0.0493,1.4217,0.000,19.645,-174.127,0,0,327,152,115,129
1778106790.230279,0,0.984204,0.684375,0.673565,0.9995,0.2218,1.5907,-0.000,21.092,-154.504,0,0,171,93,107,121
1778106790.230279,1,0.969342,0.632630,0.613235,0.8620,-0.3477,1.5744,0.000,16.318,169.372,0,0,523,62,120,125
1778106790.230279,2,0.992440,0.666318,0.661280,0.8337,-0.0493,1.4217,0.000,19.645,-174.127,0,0,327,152,115,128
1778106790.230279,0,0.984519,0.684375,0.673781,0.9995,0.2218,1.5907,-0.000,21.092,-154.504,0,0,171,93,107,121
1778106790.230279,1,0.971719,0.632134,0.614257,0.8620,-0.3477,1.5744,0.000,16.483,169.259,0,0,522,63,120,126
1778106790.230279,2,0.992018,0.666318,0.660999,0.8337,-0.0493,1.4217,0.000,19.253,-173.858,0,0,327,152,114,129
1778106790.230279,0,0.984717,0.684835,0.674369,0.9995,0.2218,1.5907,0.000,22.214,-154.197,0,0,171,94,107,120
1778106790.363730,1,0.972804,0.633530,0.616301,0.8657,-0.3492,1.5764,-0.000,16.959,168.519,0,0,522,63,120,126
1778106790.363730,0,0.984796,0.684835,0.674423,0.9999,0.2218,1.5890,0.000,21.466,-154.544,0,0,172,94,106,120
1778106790.363730,2,0.991880,0.666318,0.660907,0.8337,-0.0493,1.4217,0.000,18.645,-173.670,0,0,327,152,114,129
1778106790.363730,1,0.973884,0.633081,0.616547,0.8657,-0.3492,1.5764,-0.000,16.959,168.519,0,0,522,62,120,125
1778106790.363730,2,0.994762,0.666318,0.662828,0.9999,0.2218,1.5890,0.000,21.466,-154.544,0,0,327,152,115,129
1778106790.363730,0,0.983783,0.684910,0.673803,0.8337,-0.0493,1.4217,0.000,18.645,-173.670,0,0,171,94,107,121
1778106790.430468,1,0.975895,0.632685,0.617434,0.8639,-0.3484,1.5754,0.000,17.133,168.300,0,0,522,62,118,125
1778106790.430468,2,0.988022,0.666318,0.658337,0.8337,-0.0493,1.4217,0.000,19.644,-175.089,0,0,326,152,116,129
1778106790.430468,0,0.985104,0.685451,0.675240,0.9999,0.2201,1.5890,0.000,20.995,-154.466,0,0,171,95,107,120
1778106790.497207,2,0.989272,0.666335,0.659186,0.8636,-0.3484,1.5769,0.000,17.407,167.705,0,0,326,153,116,128
1778106790.497207,1,0.974631,0.632685,0.616634,0.8337,-0.0493,1.4217,-0.000,18.592,-172.000,0,0,522,63,118,126
1778106790.497207,0,0.985202,0.685295,0.675155,1.0027,0.2226,1.5903,0.000,20.726,-154.990,0,0,171,95,107,120
1778106790.630684,2,0.974032,0.633530,0.617079,0.8657,-0.3492,1.5764,0.000,17.215,168.335,0,0,522,62,118,125
1778106790.630684,1,0.988880,0.666763,0.659349,0.8340,-0.0479,1.4203,-0.000,19.740,-172.129,0,0,326,153,114,126
1778106790.630684,0,0.985664,0.686526,0.676683,1.0058,0.2233,1.5899,0.000,20.053,-155.539,0,0,171,95,107,120
1778106790.630684,1,0.974375,0.632980,0.616760,0.8657,-0.3492,1.5764,0.000,17.215,168.335,0,0,523,63,120,126
1778106790.630684,2,0.992832,0.666318,0.661542,0.8340,-0.0479,1.4203,-0.000,19.740,-172.129,0,0,327,152,112,125
1778106790.630684,0,0.986942,0.686448,0.677485,1.0058,0.2233,1.5899,0.000,20.053,-155.539,0,0,172,96,106,120
1778106790.797530,1,0.990027,0.666763,0.660113,0.8340,-0.0479,1.4203,0.000,20.089,-172.615,0,0,326,153,112,126
1778106790.797530,2,0.973260,0.633877,0.616927,0.8676,-0.3514,1.5773,0.000,16.861,168.151,0,0,523,63,120,126
1778106790.797530,0,0.987544,0.685756,0.677214,1.0006,0.2218,1.5855,0.000,21.235,-155.682,0,0,171,96,107,120
1778106790.797530,2,0.993685,0.666763,0.662552,0.8340,-0.0479,1.4203,-0.000,21.212,-174.545,0,0,327,152,112,125
1778106790.797530,1,0.972717,0.633877,0.616583,0.8676,-0.3514,1.5773,-0.000,17.016,168.538,0,0,523,63,120,126
1778106790.797530,0,0.985819,0.685756,0.676031,1.0006,0.2218,1.5855,0.000,21.625,-154.831,0,0,171,96,107,120
1778106790.797530,2,0.968629,0.633429,0.613558,0.8340,-0.0479,1.4203,-0.000,21.212,-174.545,0,0,523,62,120,125
1778106790.797530,1,0.999445,0.666318,0.665948,0.8676,-0.3514,1.5773,-0.000,17.016,168.538,0,0,328,153,113,124
1778106790.797530,0,0.984821,0.685756,0.675347,1.0006,0.2218,1.5855,0.000,21.625,-154.831,0,0,171,97,105,118
1778106790.964361,1,0.970300,0.632584,0.613796,0.8636,-0.3500,1.5769,0.000,16.614,168.884,0,0,524,63,120,126
1778106790.964361,2,0.996055,0.666142,0.663514,0.8321,-0.0507,1.4196,0.000,20.946,-176.178,0,0,327,152,112,125
1778106790.964361,0,0.984052,0.686217,0.675273,1.0009,0.2218,1.5838,0.000,21.255,-154.280,0,0,171,97,105,118
1778106790.964361,1,0.964544,0.632879,0.610440,0.8636,-0.3500,1.5769,0.000,16.614,168.884,0,0,524,63,118,126
1778106790.964361,2,0.996314,0.666318,0.663862,0.8321,-0.0507,1.4196,0.000,20.946,-176.178,0,0,327,153,112,122
1778106790.964361,0,0.985486,0.686217,0.676257,1.0009,0.2218,1.5838,0.000,21.255,-154.280,0,0,172,97,106,118
1778106791.097838,1,0.965006,0.632879,0.610732,0.8639,-0.3515,1.5754,0.000,15.089,168.995,0,0,524,63,118,126
1778106791.097838,2,0.995856,0.666746,0.663983,0.8340,-0.0493,1.4203,0.000,19.738,-175.778,0,0,327,153,112,124
1778106791.097838,0,0.986329,0.686292,0.676909,1.0009,0.2201,1.5838,-0.000,22.111,-154.953,0,0,172,97,106,118
1778106791.097838,2,0.997926,0.666746,0.665363,0.8639,-0.3515,1.5754,0.000,15.089,168.995,0,0,328,153,108,124
1778106791.097838,1,0.967269,0.633775,0.613031,0.8340,-0.0493,1.4203,0.000,19.738,-175.778,0,0,525,63,120,126
1778106791.097838,0,0.985908,0.686292,0.676621,1.0009,0.2201,1.5838,-0.000,22.111,-154.953,0,0,171,97,105,118
1778106791.164577,1,0.966545,0.633673,0.612473,0.8340,-0.0493,1.4203,0.000,20.775,-177.576,0,0,525,63,120,126
1778106791.164577,2,0.995853,0.665553,0.662793,0.8676,-0.3530,1.5773,-0.000,15.789,169.043,0,0,328,153,110,125
1778106791.164577,0,0.985244,0.685597,0.675480,1.0009,0.2201,1.5838,0.000,21.980,-154.830,0,0,171,97,105,118
1778106791.298049,1,0.967608,0.633673,0.613147,0.8676,-0.3545,1.5773,0.000,16.197,169.313,0,0,525,63,118,126
1778106791.298049,2,0.996116,0.665553,0.662968,0.8302,-0.0506,1.4189,-0.000,19.781,-176.060,0,0,327,153,108,125
1778106791.298049,0,0.986671,0.685597,0.676458,0.9981,0.2211,1.5825,-0.000,21.647,-155.137,0,0,172,97,106,120
1778106791.298049,1,0.966004,0.633673,0.612131,0.8676,-0.3545,1.5773,0.000,16.197,169.313,0,0,526,63,120,126
1778106791.298049,2,0.995446,0.666159,0.663125,0.8302,-0.0506,1.4189,-0.000,19.781,-176.060,0,0,327,153,108,124
1778106791.298049,0,0.986384,0.686292,0.676947,0.9981,0.2211,1.5825,-0.000,21.647,-155.137,0,0,172,97,106,120
1778106791.464886,1,0.965672,0.633123,0.611389,0.8657,-0.3553,1.5764,-0.000,16.092,169.771,0,0,526,63,120,126
1778106791.464886,2,0.992217,0.665570,0.660390,0.8302,-0.0492,1.4189,0.000,20.653,-173.775,0,0,327,153,110,126
1778106791.464886,0,0.987156,0.685672,0.676865,0.9981,0.2193,1.5825,-0.000,21.201,-155.611,0,0,172,97,105,120
1778106791.531625,1,0.994310,0.665570,0.661783,0.8302,-0.0492,1.4189,0.000,20.554,-174.880,0,0,327,153,108,124
1778106791.531625,2,0.967700,0.633021,0.612574,0.8657,-0.3568,1.5764,0.000,16.489,169.438,0,0,527,63,120,126
1778106791.531625,0,0.986442,0.686292,0.676987,1.0009,0.2201,1.5838,0.000,21.705,-155.129,0,0,172,97,106,120
1778106791.531625,2,0.988051,0.666176,0.658216,0.8302,-0.0492,1.4189,0.000,20.554,-174.880,0,0,326,153,110,124
1778106791.531625,1,0.963807,0.633123,0.610208,0.8657,-0.3568,1.5764,0.000,16.489,169.438,0,0,526,63,118,126
1778106791.531625,0,0.987430,0.686292,0.677665,1.0009,0.2201,1.5838,0.000,21.705,-155.129,0,0,172,97,106,118
1778106791.598346,2,0.994901,0.664963,0.661572,0.8321,-0.0479,1.4196,-0.000,20.846,-171.849,0,0,328,153,110,124
1778106791.598346,1,0.966480,0.633021,0.611802,0.8657,-0.3553,1.5764,0.000,16.404,170.676,0,0,527,63,120,126
1778106791.598346,0,0.987653,0.686292,0.677818,1.0009,0.2201,1.5838,-0.000,21.947,-155.444,0,0,172,97,105,118
1778106791.731823,2,0.994032,0.665570,0.661598,0.8302,-0.0492,1.4189,-0.000,20.688,-174.740,0,0,327,153,110,125
1778106791.731823,1,0.964453,0.632573,0.610087,0.8639,-0.3561,1.5754,-0.000,16.126,170.120,0,0,527,63,120,126
1778106791.731823,0,0.986873,0.685831,0.676828,1.0006,0.2201,1.5855,0.000,21.230,-155.510,0,0,172,96,105,120
1778106791.731823,2,0.995819,0.665570,0.662787,0.8302,-0.0492,1.4189,-0.000,20.688,-174.740,0,0,327,153,110,125
1778106791.731823,1,0.961737,0.632573,0.608369,0.8639,-0.3561,1.5754,-0.000,16.126,170.120,0,0,527,63,118,126
1778106791.731823,0,0.986931,0.685211,0.676256,1.0006,0.2201,1.5855,0.000,21.230,-155.510,0,0,172,96,106,120
1778106791.865290,2,0.998536,0.664796,0.663823,0.8267,-0.0506,1.4162,-0.000,20.478,-178.278,0,0,328,154,108,124
1778106791.865290,1,0.962738,0.632124,0.608570,0.8620,-0.3553,1.5744,0.000,16.788,171.269,0,0,527,63,118,126
1778106791.865290,0,0.986057,0.686448,0.676877,1.0034,0.2208,1.5868,-0.000,22.008,-154.896,0,0,172,96,106,120
1778106791.865290,2,0.999067,0.664963,0.664342,0.8267,-0.0506,1.4162,-0.000,20.478,-178.278,0,0,328,153,108,124
1778106791.865290,1,0.960741,0.632573,0.607739,0.8620,-0.3553,1.5744,0.000,16.788,171.269,0,0,527,63,118,126
1778106791.865290,0,0.987239,0.685211,0.676467,1.0034,0.2208,1.5868,-0.000,22.008,-154.896,0,0,172,96,106,120
1778106791.998726,2,0.998942,0.664963,0.664259,0.8283,-0.0506,1.4182,-0.000,20.921,-178.967,0,0,327,153,107,124
1778106791.998726,1,0.962459,0.632573,0.608826,0.8639,-0.3561,1.5754,0.000,16.586,171.168,0,0,527,63,118,126
1778106791.998726,0,0.986857,0.685756,0.676743,1.0006,0.2218,1.5855,0.000,21.454,-155.307,0,0,171,96,106,120
1778106792.065459,2,0.998458,0.664980,0.663955,0.8283,-0.0492,1.4182,-0.000,21.743,-178.764,0,0,327,153,107,122
1778106792.065459,1,0.964734,0.632573,0.610264,0.8639,-0.3561,1.5754,0.000,16.193,170.099,0,0,527,63,118,126
1778106792.065459,0,0.986257,0.685756,0.676332,1.0006,0.2218,1.5855,0.000,21.864,-154.918,0,0,171,96,106,118
1778106792.132197,2,0.999547,0.663945,0.663645,0.8261,-0.0506,1.4189,-0.000,19.966,-179.608,0,0,328,152,110,125
1778106792.132197,1,0.962535,0.632675,0.608972,0.8639,-0.3545,1.5754,0.000,15.973,170.641,0,0,526,63,118,126
1778106792.132197,0,0.988537,0.685756,0.677895,1.0006,0.2218,1.5855,-0.000,21.666,-155.929,0,0,171,96,105,120
1778106792.198936,2,0.999235,0.663945,0.663437,0.8261,-0.0506,1.4189,0.000,20.087,-179.070,0,0,327,153,107,124
1778106792.198936,1,0.965147,0.632124,0.610093,0.8620,-0.3553,1.5744,0.000,16.276,170.052,0,0,527,63,118,126
1778106792.198936,0,0.988388,0.685756,0.677793,1.0006,0.2218,1.5855,-0.000,21.783,-155.820,0,0,171,96,105,120
1778106792.265674,2,0.999995,0.664980,0.664976,0.8283,-0.0492,1.4182,-0.000,19.826,178.638,0,0,328,152,108,125
1778106792.265674,1,0.964476,0.632124,0.609668,0.8620,-0.3553,1.5744,-0.000,16.243,170.231,0,0,527,63,120,126
1778106792.265674,0,0.987397,0.686373,0.677722,1.0034,0.2226,1.5868,-0.000,21.745,-155.416,0,0,171,96,106,120
1778106792.265674,2,0.998496,0.664554,0.663554,0.8283,-0.0492,1.4182,-0.000,19.826,178.638,0,0,327,152,108,124
1778106792.265674,1,0.962462,0.633123,0.609357,0.8620,-0.3553,1.5744,-0.000,16.243,170.231,0,0,526,63,118,126
1778106792.265674,0,0.989392,0.685756,0.678481,1.0034,0.2226,1.5868,-0.000,21.745,-155.416,0,0,171,96,106,120
1778106792.399126,2,0.999644,0.663945,0.663709,0.8261,-0.0506,1.4189,-0.000,20.202,-179.873,0,0,328,152,110,124
1778106792.399126,1,0.963005,0.632675,0.609270,0.8639,-0.3545,1.5754,0.000,16.352,170.870,0,0,526,63,118,126
1778106792.399126,0,0.988964,0.686297,0.678723,1.0034,0.2243,1.5868,0.000,21.093,-156.265,0,0,170,96,106,120
1778106792.399126,2,0.999956,0.663649,0.663620,0.8261,-0.0506,1.4189,-0.000,20.202,-179.873,0,0,328,152,108,125
1778106792.399126,1,0.962669,0.632675,0.609057,0.8639,-0.3545,1.5754,0.000,16.352,170.870,0,0,526,63,118,126
1778106792.399126,0,0.987862,0.686297,0.677966,1.0034,0.2243,1.5868,0.000,21.093,-156.265,0,0,170,96,105,120
1778106792.532585,2,0.998751,0.664388,0.663559,0.8264,-0.0491,1.4175,0.000,20.086,-178.311,0,0,327,153,110,126
1778106792.532585,1,0.960856,0.633123,0.608341,0.8657,-0.3553,1.5764,-0.000,15.480,170.647,0,0,526,63,118,126
1778106792.532585,0,0.988364,0.685836,0.677855,1.0030,0.2243,1.5885,-0.000,20.837,-156.158,0,0,170,95,106,120
1778106792.532585,2,0.998142,0.664571,0.663336,0.8264,-0.0491,1.4175,0.000,20.086,-178.311,0,0,326,152,108,125
1778106792.532585,1,0.960983,0.633123,0.608421,0.8657,-0.3553,1.5764,-0.000,15.480,170.647,0,0,526,63,118,126
1778106792.532585,0,0.987844,0.686297,0.677954,1.0030,0.2243,1.5885,-0.000,20.837,-156.158,0,0,170,96,106,118
1778106792.666062,2,0.998088,0.664571,0.663300,0.8280,-0.0478,1.4196,0.000,20.671,-177.570,0,0,326,152,108,125
1778106792.666062,1,0.959593,0.632675,0.607111,0.8639,-0.3545,1.5754,0.000,15.650,171.197,0,0,526,63,120,126
1778106792.666062,0,0.987248,0.685604,0.676861,1.0006,0.2253,1.5855,-0.000,20.819,-155.541,0,0,169,96,106,120
1778106792.666062,2,0.997548,0.663979,0.662351,0.8261,-0.0477,1.4189,0.000,19.540,-176.958,0,0,326,152,112,128
1778106792.666062,1,0.961063,0.632675,0.608041,0.8639,-0.3545,1.5754,0.000,15.606,170.715,0,0,526,63,120,126
1778106792.666062,0,0.986065,0.685604,0.676050,1.0006,0.2253,1.5855,-0.000,20.273,-155.329,0,0,169,96,106,120
1778106792.732816,2,0.994787,0.663979,0.660518,0.8261,-0.0477,1.4189,0.000,20.532,-175.037,0,0,325,152,110,126
1778106792.732816,1,0.959154,0.632675,0.606833,0.8639,-0.3545,1.5754,0.000,15.848,171.517,0,0,526,63,120,126
1778106792.732816,0,0.987991,0.686220,0.677979,1.0034,0.2261,1.5868,0.000,21.141,-155.706,0,0,169,95,106,121
1778106792.799556,2,0.987720,0.664587,0.656426,0.8280,-0.0464,1.4196,-0.000,20.493,-171.568,0,0,323,152,112,125
1778106792.799556,1,0.958897,0.632675,0.606671,0.8639,-0.3545,1.5754,0.000,15.940,171.676,0,0,525,63,118,126
1778106792.799556,0,0.987133,0.685759,0.676935,1.0030,0.2261,1.5885,0.000,21.110,-155.387,0,0,169,95,106,121
1778106792.866294,2,0.994908,0.665208,0.661820,0.8299,-0.0436,1.4203,0.000,20.266,-174.766,0,0,325,152,110,125
1778106792.866294,1,0.956626,0.632777,0.605331,0.8639,-0.3530,1.5754,0.000,15.851,172.306,0,0,525,63,118,126
1778106792.866294,0,0.987939,0.685759,0.677488,1.0030,0.2261,1.5885,0.000,20.759,-155.905,0,0,168,95,105,121
1778106792.866294,2,0.995487,0.664587,0.661587,0.8299,-0.0436,1.4203,0.000,20.266,-174.766,0,0,324,152,113,126
1778106792.866294,1,0.959173,0.632777,0.606943,0.8639,-0.3530,1.5754,0.000,15.851,172.306,0,0,525,62,118,125
1778106792.866294,0,0.988877,0.685682,0.678055,1.0030,0.2261,1.5885,0.000,20.759,-155.905,0,0,168,95,105,121
1778106792.933032,2,0.997013,0.664603,0.662617,0.8280,-0.0464,1.4196,-0.000,19.843,-175.322,0,0,324,152,114,126
1778106792.933032,1,0.957349,0.632382,0.605410,0.8639,-0.3530,1.5754,0.000,15.608,171.358,0,0,525,63,118,126
1778106792.933032,0,0.988393,0.685067,0.677116,1.0030,0.2279,1.5885,0.000,20.214,-156.548,0,0,168,96,105,120
1778106792.999770,2,0.996828,0.664603,0.662495,0.8280,-0.0450,1.4196,0.000,19.396,-176.316,0,0,324,152,113,126
1778106792.999770,1,0.958715,0.633226,0.607083,0.8636,-0.3530,1.5769,0.000,15.349,171.540,0,0,525,63,118,126
1778106792.999770,0,0.987669,0.685527,0.677074,1.0002,0.2271,1.5872,0.000,20.725,-156.021,0,0,168,95,106,120
1778106793.066509,2,0.957653,0.633226,0.606410,0.8280,-0.0450,1.4196,0.000,19.445,-176.168,0,0,524,63,122,126
1778106793.066509,1,0.997296,0.664603,0.662806,0.8657,-0.3538,1.5764,-0.000,15.701,171.582,0,0,324,151,114,129
1778106793.066509,0,0.988603,0.685682,0.677867,1.0006,0.2271,1.5855,0.000,20.143,-155.987,0,0,168,95,107,121
1778106793.199986,2,0.997163,0.664766,0.662880,0.8296,-0.0450,1.4217,0.000,19.164,-176.481,0,0,324,152,115,128
1778106793.199986,1,0.960433,0.633328,0.608269,0.8657,-0.3522,1.5764,0.000,15.618,171.077,0,0,524,63,118,126
1778106793.199986,0,0.987489,0.685067,0.676496,1.0002,0.2271,1.5872,0.000,20.638,-155.667,0,0,168,95,106,121
1778106793.199986,2,0.962000,0.633877,0.609790,0.8296,-0.0450,1.4217,0.000,19.164,-176.481,0,0,523,63,120,126
1778106793.199986,1,0.997973,0.664177,0.662830,0.8657,-0.3522,1.5764,0.000,15.618,171.077,0,0,324,151,115,129
1778106793.199986,0,0.989050,0.685682,0.678174,1.0002,0.2271,1.5872,0.000,20.638,-155.667,0,0,168,95,106,120
1778106793.366859,1,0.963312,0.633877,0.610621,0.8676,-0.3514,1.5773,0.000,16.025,170.693,0,0,523,63,120,126
1778106793.366859,2,0.998720,0.665192,0.664341,0.8299,-0.0450,1.4203,-0.000,19.350,-177.955,0,0,324,152,113,128
1778106793.366859,0,0.987860,0.686757,0.678420,1.0062,0.2287,1.5881,0.000,20.824,-155.696,0,0,168,96,106,120
1778106793.433599,1,0.958122,0.633877,0.607331,0.8676,-0.3514,1.5773,0.000,15.422,171.638,0,0,523,63,120,126
1778106793.433599,2,0.997908,0.665192,0.663801,0.8299,-0.0450,1.4203,0.000,19.332,-177.094,0,0,324,152,114,126
1778106793.433599,0,0.989450,0.684990,0.677763,1.0002,0.2289,1.5872,0.000,20.839,-156.343,0,0,167,95,107,120
1778106793.433599,2,0.998600,0.665192,0.664261,0.8676,-0.3514,1.5773,0.000,15.422,171.638,0,0,324,152,113,128
1778106793.433599,1,0.960261,0.633581,0.608403,0.8299,-0.0450,1.4203,0.000,19.332,-177.094,0,0,522,62,118,125
1778106793.433599,0,0.989152,0.684990,0.677559,1.0002,0.2289,1.5872,0.000,20.839,-156.343,0,0,167,95,106,121
1778106793.500331,2,0.999024,0.664587,0.663938,0.8299,-0.0450,1.4203,-0.000,19.432,-177.801,0,0,325,152,114,126
1778106793.500331,1,0.963408,0.633032,0.609869,0.8673,-0.3499,1.5788,0.000,15.369,170.938,0,0,523,62,120,125
1778106793.500331,0,0.988132,0.684990,0.676860,1.0002,0.2289,1.5872,-0.000,20.540,-156.372,0,0,167,95,106,121
1778106793.567068,2,0.997653,0.664587,0.663027,0.8280,-0.0464,1.4196,0.000,19.174,-176.988,0,0,324,152,114,128
1778106793.567068,1,0.962353,0.633032,0.609201,0.8654,-0.3507,1.5779,0.000,16.102,170.979,0,0,522,62,118,125
1778106793.567068,0,0.989142,0.684990,0.677552,1.0002,0.2289,1.5872,0.000,20.603,-156.330,0,0,167,95,106,121
1778106793.567068,1,0.963564,0.633581,0.610496,0.8280,-0.0464,1.4196,0.000,19.174,-176.988,0,0,523,62,120,125
1778106793.567068,2,0.997569,0.664603,0.662987,0.8654,-0.3507,1.5779,0.000,16.102,170.979,0,0,324,152,114,128
1778106793.567068,0,0.990517,0.684990,0.678494,1.0002,0.2289,1.5872,0.000,20.603,-156.330,0,0,167,95,106,121
1778106793.733912,1,0.996564,0.665192,0.662907,0.8299,-0.0450,1.4203,0.000,18.917,-176.045,0,0,323,151,115,129
1778106793.733912,2,0.970473,0.631684,0.613032,0.8599,-0.3485,1.5749,0.000,15.785,167.792,0,0,522,62,118,125
1778106793.733912,0,0.991195,0.685605,0.679568,1.0030,0.2297,1.5885,-0.000,21.525,-156.848,0,0,166,95,107,124
1778106793.733912,2,0.997114,0.664781,0.662862,0.8299,-0.0450,1.4203,0.000,18.917,-176.045,0,0,324,152,114,128
1778106793.733912,1,0.974188,0.631783,0.615476,0.8599,-0.3485,1.5749,0.000,15.785,167.792,0,0,522,62,118,125
1778106793.733912,0,0.990909,0.683676,0.677461,1.0030,0.2297,1.5885,-0.000,21.525,-156.848,0,0,166,95,107,122
1778106793.867338,2,0.996028,0.664603,0.661963,0.8280,-0.0450,1.4196,-0.000,18.727,-175.701,0,0,323,151,115,129
1778106793.867338,1,0.975286,0.629281,0.613729,0.8498,-0.3430,1.5694,0.000,15.437,165.007,0,0,522,62,120,125
1778106793.867338,0,0.993342,0.684295,0.679739,0.9974,0.2299,1.5859,0.000,21.885,-157.742,0,0,166,95,107,121
1778106793.934077,2,0.997049,0.664781,0.662819,0.8296,-0.0436,1.4217,-0.000,20.022,-176.218,0,0,324,152,113,126
1778106793.934077,1,0.972972,0.629281,0.612273,0.8498,-0.3430,1.5694,0.000,13.982,162.986,0,0,521,62,118,125
1778106793.934077,0,0.992869,0.683055,0.678184,0.9919,0.2283,1.5833,0.000,20.875,-158.043,0,0,166,95,106,121
1778106793.934077,2,0.996568,0.664603,0.662322,0.8296,-0.0436,1.4217,-0.000,20.022,-176.218,0,0,324,152,114,128
1778106793.934077,1,0.973651,0.629837,0.613241,0.8498,-0.3430,1.5694,0.000,13.982,162.986,0,0,521,62,118,124
1778106793.934077,0,0.993092,0.682431,0.677717,0.9919,0.2283,1.5833,0.000,20.875,-158.043,0,0,166,95,107,122
1778106794.067572,2,0.997477,0.664603,0.662926,0.8280,-0.0450,1.4196,0.000,19.835,-176.678,0,0,324,152,113,126
1778106794.067572,1,0.976080,0.629837,0.614771,0.8516,-0.3422,1.5704,0.000,14.390,161.431,0,0,521,62,118,125
1778106794.067572,0,0.991573,0.682431,0.676680,0.9891,0.2275,1.5820,0.000,19.949,-157.964,0,0,166,95,106,122
1778106794.167675,2,0.998008,0.664587,0.663263,0.8280,-0.0464,1.4196,-0.000,19.963,-177.270,0,0,325,152,114,126
1778106794.167675,1,0.978144,0.630195,0.616422,0.8535,-0.3444,1.5714,-0.000,14.833,160.766,0,0,522,62,120,124
1778106794.167675,0,0.991820,0.682431,0.676848,0.9891,0.2275,1.5820,-0.000,19.767,-158.274,0,0,166,95,106,121
1778106794.167675,2,0.993596,0.664618,0.660362,0.8280,-0.0464,1.4196,-0.000,19.963,-177.270,0,0,323,152,115,126
1778106794.167675,1,0.978203,0.630195,0.616459,0.8535,-0.3444,1.5714,-0.000,14.833,160.766,0,0,522,62,120,125
1778106794.167675,0,0.992406,0.681805,0.676627,0.9891,0.2275,1.5820,-0.000,19.767,-158.274,0,0,166,95,106,120
1778106794.301152,2,0.972630,0.630195,0.612947,0.8535,-0.3444,1.5714,0.000,13.291,156.737,0,0,522,62,118,125
1778106794.301152,1,0.994397,0.664618,0.660894,0.8280,-0.0435,1.4196,0.000,19.892,-174.449,0,0,323,152,115,126
1778106794.301152,0,0.992324,0.682431,0.677192,0.9891,0.2275,1.5820,0.000,20.087,-158.309,0,0,166,95,106,122
1778106794.367895,1,0.996644,0.664603,0.662372,0.8280,-0.0450,1.4196,0.000,19.701,-176.015,0,0,324,152,114,126
1778106794.367895,2,0.973033,0.630650,0.613644,0.8553,-0.3452,1.5724,-0.000,13.653,155.154,0,0,522,62,120,125
1778106794.367895,0,0.993043,0.682431,0.677683,0.9891,0.2275,1.5820,0.000,19.799,-159.065,0,0,166,95,106,122
1778106794.367895,2,0.996455,0.664012,0.661657,0.8280,-0.0450,1.4196,0.000,19.701,-176.015,0,0,324,152,114,126
1778106794.367895,1,0.960349,0.631883,0.606828,0.8553,-0.3452,1.5724,-0.000,13.653,155.154,0,0,521,62,118,125
1778106794.367895,0,0.994025,0.682431,0.678353,0.9891,0.2275,1.5820,0.000,19.799,-159.065,0,0,166,95,106,122
1778106794.434629,2,0.994990,0.664027,0.660700,0.8261,-0.0449,1.4189,-0.000,19.755,-175.875,0,0,323,152,113,126
1778106794.434629,1,0.956053,0.632335,0.604546,0.8599,-0.3455,1.5749,0.000,12.635,149.881,0,0,521,62,118,125
1778106794.434629,0,0.992191,0.682431,0.677102,0.9891,0.2275,1.5820,0.000,20.971,-158.720,0,0,166,95,106,122
1778106794.501351,2,0.997394,0.664012,0.662281,0.8261,-0.0435,1.4189,0.000,19.141,-174.846,0,0,324,152,115,128
1778106794.501351,1,0.936710,0.632730,0.592685,0.8617,-0.3462,1.5759,0.000,12.175,148.928,0,0,521,63,118,126
1778106794.501351,0,0.992292,0.681974,0.676718,0.9891,0.2275,1.5820,0.000,19.486,-158.792,0,0,166,94,106,121
1778106794.634802,2,0.996564,0.664012,0.661730,0.8261,-0.0449,1.4189,0.000,19.254,-175.990,0,0,324,152,114,128
1778106794.634802,1,0.918110,0.632785,0.580966,0.8636,-0.3469,1.5769,-0.000,9.743,141.477,0,0,521,62,118,125
1778106794.634802,0,0.990837,0.681349,0.675106,0.9859,0.2267,1.5823,0.000,20.125,-157.462,0,0,166,94,106,121
1778106794.701537,2,0.996290,0.663715,0.661253,0.8252,-0.0449,1.4186,0.000,21.008,-175.912,0,0,324,152,112,128
1778106794.701537,1,0.903222,0.632434,0.571229,0.8617,-0.3447,1.5759,0.000,9.359,138.931,0,0,520,62,117,125
1778106794.701537,0,0.990803,0.681349,0.675082,0.9859,0.2267,1.5823,0.000,20.404,-157.238,0,0,166,94,106,121
1778106794.768266,2,0.994251,0.663715,0.659900,0.8252,-0.0449,1.4186,-0.000,20.305,-174.488,0,0,323,152,114,128
1778106794.768266,1,0.883428,0.632830,0.559060,0.8620,-0.3447,1.5744,0.000,8.143,136.482,0,0,520,63,116,126
1778106794.768266,0,0.990730,0.681349,0.675033,0.9859,0.2267,1.5823,-0.000,20.251,-157.308,0,0,166,94,106,120
1778106794.768266,2,0.997338,0.664027,0.662260,0.8252,-0.0449,1.4186,-0.000,20.305,-174.488,0,0,324,151,114,129
1778106794.768266,1,0.881358,0.632830,0.557750,0.8620,-0.3447,1.5744,0.000,8.143,136.482,0,0,520,63,117,126
1778106794.768266,0,0.990107,0.681349,0.674608,0.9859,0.2267,1.5823,-0.000,20.251,-157.308,0,0,166,94,106,121
1778106794.835002,2,0.997013,0.663291,0.661310,0.8261,-0.0435,1.4189,0.000,19.228,-176.496,0,0,324,152,114,128
1778106794.835002,1,0.861510,0.632830,0.545189,0.8620,-0.3447,1.5744,0.000,8.100,136.171,0,0,520,63,116,126
1778106794.835002,0,0.990316,0.681272,0.674675,0.9859,0.2267,1.5823,0.000,20.570,-156.763,0,0,165,94,107,120
1778106794.901741,2,0.998922,0.663122,0.662407,0.8233,-0.0449,1.4179,0.000,20.551,-178.303,0,0,325,152,114,126
1778106794.901741,1,0.850010,0.632830,0.537912,0.8620,-0.3447,1.5744,0.000,7.050,132.232,0,0,519,63,116,126
1778106794.901741,0,0.990241,0.681272,0.674624,0.9859,0.2285,1.5823,-0.000,20.194,-156.980,0,0,166,94,106,120
1778106794.901741,2,0.997896,0.663106,0.661711,0.8233,-0.0449,1.4179,0.000,20.551,-178.303,0,0,324,152,114,128
1778106794.901741,1,0.832427,0.632477,0.526491,0.8620,-0.3447,1.5744,0.000,7.050,132.232,0,0,518,63,117,126
1778106794.901741,0,0.990016,0.681349,0.674546,0.9859,0.2285,1.5823,-0.000,20.194,-156.980,0,0,165,94,107,120
1778106795.035210,2,0.996805,0.662527,0.660410,0.8214,-0.0448,1.4172,-0.000,19.377,-176.156,0,0,324,151,114,129
1778106795.035210,1,0.830040,0.632575,0.525062,0.8602,-0.3409,1.5734,0.000,7.186,129.564,0,0,517,63,117,127
1778106795.035210,0,0.990113,0.680645,0.673916,0.9831,0.2277,1.5810,0.000,21.135,-156.332,0,0,165,94,107,120
1778106795.101948,2,0.996970,0.662104,0.660097,0.8211,-0.0448,1.4186,-0.000,20.553,-176.310,0,0,324,152,114,126
1778106795.101948,1,0.820190,0.631991,0.518353,0.8574,-0.3383,1.5719,-0.000,7.947,127.816,0,0,518,63,120,126
1778106795.101948,0,0.992890,0.680645,0.675805,0.9831,0.2277,1.5810,0.000,22.416,-157.183,0,0,166,94,106,120
1778106795.101948,2,0.997540,0.662527,0.660897,0.8211,-0.0448,1.4186,-0.000,20.553,-176.310,0,0,324,152,114,126
1778106795.101948,1,0.820626,0.631894,0.518549,0.8574,-0.3383,1.5719,-0.000,7.947,127.816,0,0,516,63,118,126
1778106795.101948,0,0.991232,0.681349,0.675375,0.9831,0.2277,1.5810,0.000,22.416,-157.183,0,0,165,94,107,120
1778106795.168688,2,0.995944,0.663137,0.660447,0.8214,-0.0448,1.4172,-0.000,20.654,-176.831,0,0,323,152,113,126
1778106795.168688,1,0.820665,0.631991,0.518653,0.8574,-0.3398,1.5719,0.000,8.198,127.584,0,0,517,63,120,126
1778106795.168688,0,0.992779,0.680817,0.675901,0.9859,0.2267,1.5823,0.000,20.799,-157.206,0,0,165,93,107,121
1778106795.302165,2,0.998961,0.662104,0.661416,0.8233,-0.0435,1.4179,0.000,20.833,-175.517,0,0,324,151,115,128
1778106795.302165,1,0.792053,0.632089,0.500648,0.8574,-0.3383,1.5719,-0.000,8.960,127.148,0,0,516,63,118,126
1778106795.302165,0,0.991368,0.681442,0.675559,0.9856,0.2285,1.5840,0.000,22.264,-157.208,0,0,165,93,106,121
1778106795.368895,2,0.997263,0.662104,0.660291,0.8211,-0.0448,1.4186,0.000,20.236,-178.255,0,0,324,151,116,129
1778106795.368895,1,0.787145,0.631596,0.497158,0.8574,-0.3368,1.5719,0.000,8.708,124.044,0,0,517,62,120,125
1778106795.368895,0,0.992288,0.680190,0.674945,0.9884,0.2293,1.5854,0.000,21.521,-156.799,0,0,165,93,106,121
1778106795.502391,2,0.998454,0.662104,0.661080,0.8211,-0.0448,1.4186,-0.000,20.780,-177.756,0,0,324,151,115,126
1778106795.502391,1,0.782294,0.631596,0.494094,0.8571,-0.3383,1.5734,-0.000,8.289,123.157,0,0,517,62,118,125
1778106795.502391,0,0.992071,0.680645,0.675248,0.9831,0.2277,1.5810,0.000,21.554,-157.120,0,0,165,94,106,120
1778106795.502391,2,0.995189,0.662104,0.658918,0.8211,-0.0448,1.4186,-0.000,20.548,-175.059,0,0,323,151,113,128
1778106795.502391,1,0.780813,0.631596,0.493159,0.8571,-0.3383,1.5734,-0.000,8.284,122.996,0,0,517,63,118,126
1778106795.502391,0,0.991972,0.680645,0.675180,0.9831,0.2277,1.5810,0.000,21.453,-157.119,0,0,165,93,106,121
1778106795.502391,2,0.995516,0.662104,0.659135,0.8211,-0.0448,1.4186,-0.000,20.548,-175.059,0,0,324,151,114,128
1778106795.502391,1,0.783076,0.631596,0.494588,0.8571,-0.3383,1.5734,-0.000,8.284,122.996,0,0,517,62,118,125
1778106795.502391,0,0.990858,0.680817,0.674593,0.9831,0.2277,1.5810,0.000,21.453,-157.119,0,0,165,93,106,121
1778106795.635853,2,0.996988,0.662713,0.660717,0.8211,-0.0448,1.4186,0.000,21.130,-175.374,0,0,323,151,115,126
1778106795.635853,1,0.787714,0.631535,0.497469,0.8571,-0.3383,1.5734,-0.000,9.199,122.657,0,0,517,63,118,126
1778106795.635853,0,0.991942,0.680817,0.675331,0.9856,0.2285,1.5840,0.000,21.002,-156.823,0,0,165,93,106,121
1778106795.769330,2,0.997611,0.662119,0.660537,0.8211,-0.0434,1.4186,0.000,20.763,-176.789,0,0,323,151,115,128
1778106795.769330,1,0.788094,0.631535,0.497709,0.8556,-0.3376,1.5709,0.000,8.558,123.595,0,0,517,63,120,126
1778106795.769330,0,0.991774,0.680740,0.675141,0.9856,0.2302,1.5840,0.000,21.744,-156.797,0,0,164,93,107,121
1778106795.836069,2,0.998508,0.662104,0.661116,0.8211,-0.0448,1.4186,0.000,20.941,-177.876,0,0,324,151,116,126
1778106795.836069,1,0.773857,0.631632,0.488793,0.8556,-0.3361,1.5709,0.000,7.531,122.800,0,0,516,63,117,126
1778106795.836069,0,0.992058,0.681195,0.675785,0.9859,0.2302,1.5823,-0.000,22.123,-156.747,0,0,164,94,106,120
1778106795.836069,2,0.997505,0.662104,0.660451,0.8211,-0.0448,1.4186,0.000,20.941,-177.876,0,0,324,151,114,126
1778106795.836069,1,0.780996,0.631991,0.493582,0.8556,-0.3361,1.5709,0.000,7.531,122.800,0,0,517,63,120,127
1778106795.836069,0,0.992509,0.681195,0.676093,0.9859,0.2302,1.5823,-0.000,22.123,-156.747,0,0,164,94,106,120
1778106795.969558,2,0.998168,0.662104,0.660891,0.8211,-0.0448,1.4186,0.000,21.160,-177.578,0,0,324,151,114,128
1778106795.969558,1,0.790937,0.631991,0.499866,0.8574,-0.3383,1.5719,0.000,9.028,123.609,0,0,517,63,118,126
1778106795.969558,0,0.991966,0.681364,0.675890,0.9884,0.2310,1.5854,0.000,21.607,-156.968,0,0,164,93,106,121
1778106796.036296,2,0.996451,0.662713,0.660361,0.8230,-0.0435,1.4193,0.000,22.170,-176.366,0,0,323,151,113,126
1778106796.036296,1,0.784580,0.632575,0.496306,0.8602,-0.3409,1.5734,-0.000,8.442,123.177,0,0,518,63,120,127
1778106796.036296,0,0.992991,0.681820,0.677042,0.9887,0.2310,1.5837,0.000,22.960,-156.956,0,0,164,94,106,120
1778106796.103035,2,0.999012,0.661681,0.661027,0.8208,-0.0448,1.4200,0.000,20.891,-178.482,0,0,324,150,115,129
1778106796.103035,1,0.785524,0.631991,0.496445,0.8574,-0.3383,1.5719,0.000,8.517,123.335,0,0,517,63,118,126
1778106796.103035,0,0.993233,0.681195,0.676586,0.9859,0.2302,1.5823,0.000,21.849,-157.521,0,0,164,94,106,120
1778106796.169773,2,0.996353,0.662289,0.659874,0.8227,-0.0435,1.4206,-0.000,21.753,-176.032,0,0,323,150,115,128
1778106796.169773,1,0.787547,0.632673,0.498260,0.8602,-0.3394,1.5734,0.000,8.704,123.439,0,0,517,63,118,126
1778106796.169773,0,0.992654,0.681820,0.676811,0.9887,0.2310,1.5837,0.000,21.994,-157.123,0,0,164,94,106,120
1778106796.236491,2,0.998509,0.662698,0.661710,0.8230,-0.0449,1.4193,0.000,21.152,-177.970,0,0,324,151,113,128
1778106796.236491,1,0.776869,0.631991,0.490975,0.8574,-0.3383,1.5719,0.000,7.828,122.830,0,0,517,63,118,126
1778106796.236491,0,0.992045,0.681908,0.676484,0.9912,0.2336,1.5867,0.000,21.504,-156.960,0,0,163,93,107,121
1778106796.236491,2,0.998241,0.662866,0.661700,0.8230,-0.0449,1.4193,0.000,21.152,-177.970,0,0,324,150,114,128
1778106796.236491,1,0.773623,0.632089,0.488998,0.8574,-0.3383,1.5719,0.000,7.828,122.830,0,0,516,63,117,126
1778106796.236491,0,0.994255,0.681742,0.677825,0.9912,0.2336,1.5867,0.000,21.504,-156.960,0,0,163,94,107,120
1778106796.369941,2,0.997799,0.663291,0.661831,0.8249,-0.0449,1.4200,0.000,20.856,-177.095,0,0,324,151,114,128
1778106796.369941,1,0.781777,0.631991,0.494076,0.8574,-0.3383,1.5719,-0.000,7.600,123.526,0,0,517,63,120,127
1778106796.369941,0,0.993300,0.681287,0.676722,0.9884,0.2328,1.5854,0.000,20.974,-158.031,0,0,163,93,107,121
1778106796.436679,2,0.996118,0.663177,0.660603,0.8256,-0.0435,1.4217,0.000,20.341,-175.536,0,0,323,150,114,129
1778106796.436679,1,0.778981,0.632089,0.492385,0.8574,-0.3368,1.5719,0.000,6.643,123.978,0,0,516,63,118,127
1778106796.436679,0,0.993389,0.681287,0.676783,0.9884,0.2328,1.5854,0.000,21.556,-157.707,0,0,163,93,107,121
1778106796.503430,2,0.997241,0.663767,0.661935,0.8275,-0.0435,1.4224,0.000,19.573,-176.392,0,0,323,150,116,129
1778106796.503430,1,0.791390,0.631991,0.500152,0.8574,-0.3383,1.5719,-0.000,8.106,124.268,0,0,517,63,118,126
1778106796.503430,0,0.993643,0.681287,0.676955,0.9884,0.2328,1.5854,-0.000,21.463,-157.920,0,0,163,93,106,121
1778106796.503430,2,0.997367,0.663767,0.662019,0.8275,-0.0435,1.4224,0.000,19.573,-176.392,0,0,323,150,116,129
1778106796.503430,1,0.783448,0.631991,0.495132,0.8574,-0.3383,1.5719,-0.000,8.106,124.268,0,0,517,63,118,127
1778106796.503430,0,0.993624,0.680663,0.676323,0.9884,0.2328,1.5854,-0.000,21.463,-157.920,0,0,163,93,107,121
1778106796.636912,2,0.999027,0.663767,0.663121,0.8275,-0.0435,1.4224,0.000,20.506,-178.273,0,0,324,151,116,126
1778106796.636912,1,0.773286,0.631991,0.488710,0.8574,-0.3383,1.5719,0.000,7.049,122.961,0,0,517,63,118,127
1778106796.636912,0,0.992473,0.681287,0.676158,0.9884,0.2328,1.5854,-0.000,21.739,-157.073,0,0,163,93,106,121
1778106796.636912,2,0.999426,0.663586,0.663206,0.8258,-0.0449,1.4203,0.000,20.094,-178.956,0,0,324,151,115,129
1778106796.636912,1,0.784780,0.631991,0.495974,0.8574,-0.3383,1.5719,-0.000,7.558,123.892,0,0,517,63,118,126
1778106796.636912,0,0.991818,0.681287,0.675712,0.9884,0.2328,1.5854,0.000,20.904,-157.191,0,0,163,93,106,121
1778106796.770398,2,0.998150,0.664192,0.662964,0.8277,-0.0435,1.4210,0.000,19.827,-177.192,0,0,323,151,116,129
1778106796.770398,1,0.777498,0.631991,0.491372,0.8574,-0.3383,1.5719,0.000,7.713,122.976,0,0,517,63,118,126
1778106796.770398,0,0.992064,0.680491,0.675090,0.9831,0.2312,1.5810,0.000,21.226,-157.084,0,0,163,94,106,120
1778106796.837134,2,0.998711,0.664766,0.663909,0.8296,-0.0450,1.4217,0.000,19.766,-177.912,0,0,324,151,116,129
1778106796.837134,1,0.782558,0.632575,0.495027,0.8602,-0.3409,1.5734,0.000,7.621,123.498,0,0,518,63,120,126
1778106796.837134,0,0.992857,0.681118,0.676252,0.9859,0.2320,1.5823,0.000,21.023,-157.668,0,0,163,94,106,120
1778106796.903875,2,0.998800,0.664766,0.663968,0.8296,-0.0450,1.4217,0.000,19.321,-178.075,0,0,324,151,114,129
1778106796.903875,1,0.784665,0.632673,0.496437,0.8602,-0.3394,1.5734,0.000,7.752,123.747,0,0,517,63,118,127
1778106796.903875,0,0.992223,0.681208,0.675911,0.9884,0.2345,1.5854,-0.000,21.441,-156.988,0,0,162,93,107,121
1778106796.970611,2,0.998356,0.665369,0.664275,0.8315,-0.0436,1.4224,0.000,20.083,-177.412,0,0,323,151,115,130
1778106796.970611,1,0.777268,0.632673,0.491757,0.8602,-0.3394,1.5734,-0.000,7.094,123.370,0,0,517,63,118,127
1778106796.970611,0,0.992431,0.680663,0.675511,0.9856,0.2320,1.5840,-0.000,21.088,-157.422,0,0,163,93,106,121
1778106797.037302,2,0.997499,0.665369,0.663704,0.8315,-0.0436,1.4224,0.000,19.970,-176.589,0,0,323,151,115,129
1778106797.037302,1,0.784220,0.632673,0.496155,0.8602,-0.3394,1.5734,-0.000,7.738,123.706,0,0,517,63,118,127
1778106797.037302,0,0.993742,0.680585,0.676325,0.9856,0.2337,1.5840,-0.000,21.378,-157.931,0,0,162,93,106,120
1778106797.037302,2,0.999386,0.666367,0.665958,0.8315,-0.0436,1.4224,0.000,19.970,-176.589,0,0,324,152,114,130
1778106797.037302,1,0.781874,0.632673,0.494671,0.8602,-0.3394,1.5734,-0.000,7.738,123.706,0,0,517,63,118,127
1778106797.037302,0,0.993911,0.679959,0.675819,0.9856,0.2337,1.5840,-0.000,21.378,-157.931,0,0,162,93,106,121
1778106797.170779,2,0.998387,0.665939,0.664865,0.8334,-0.0451,1.4230,0.000,19.683,-177.549,0,0,324,151,116,129
1778106797.170779,1,0.785769,0.633028,0.497414,0.8620,-0.3416,1.5744,0.000,8.009,123.596,0,0,518,63,120,126
1778106797.170779,0,0.994634,0.680585,0.676933,0.9856,0.2337,1.5840,0.000,21.823,-158.246,0,0,162,93,106,120
1778106797.237518,2,0.999399,0.666367,0.665967,0.8337,-0.0451,1.4217,0.000,19.739,-178.892,0,0,324,152,115,128
1778106797.237518,1,0.782563,0.632575,0.495030,0.8602,-0.3409,1.5734,0.000,7.458,123.609,0,0,518,63,120,127
1778106797.237518,0,0.994264,0.680585,0.676681,0.9856,0.2337,1.5840,0.000,21.661,-158.094,0,0,162,93,106,121
1778106797.304256,2,0.998632,0.665939,0.665028,0.8334,-0.0451,1.4230,0.000,19.406,-177.856,0,0,324,151,116,129
1778106797.304256,1,0.777422,0.632673,0.491854,0.8602,-0.3394,1.5734,-0.000,6.868,123.543,0,0,517,63,118,126
1778106797.304256,0,0.994902,0.679959,0.676493,0.9828,0.2329,1.5827,-0.000,22.122,-158.261,0,0,162,93,106,120
1778106797.304256,2,0.997558,0.665955,0.664328,0.8334,-0.0451,1.4230,0.000,19.406,-177.856,0,0,323,151,115,129
1778106797.304256,1,0.778787,0.633028,0.492994,0.8602,-0.3394,1.5734,-0.000,6.868,123.543,0,0,518,63,120,126
1778106797.304256,0,0.994973,0.680585,0.677163,0.9828,0.2329,1.5827,-0.000,22.122,-158.261,0,0,162,93,106,120
1778106797.370995,2,0.998382,0.665955,0.664877,0.8334,-0.0436,1.4230,0.000,18.919,-176.766,0,0,323,151,115,129
1778106797.370995,1,0.784263,0.633028,0.496461,0.8620,-0.3416,1.5744,0.000,8.273,122.647,0,0,518,63,120,126
1778106797.370995,0,0.993333,0.680506,0.675969,0.9856,0.2337,1.5840,0.000,21.681,-158.571,0,0,161,93,107,120
1778106797.437719,2,0.999026,0.666367,0.665718,0.8334,-0.0436,1.4230,-0.000,19.145,-177.520,0,0,324,152,115,128
1778106797.437719,1,0.775747,0.632673,0.490794,0.8620,-0.3416,1.5744,0.000,7.531,123.750,0,0,517,63,118,126
1778106797.437719,0,0.994209,0.679541,0.675605,0.9856,0.2354,1.5840,0.000,21.473,-157.510,0,0,162,93,106,121
1778106797.504444,2,0.998351,0.666367,0.665268,0.8337,-0.0451,1.4217,-0.000,19.467,-178.334,0,0,323,152,115,128
1778106797.504444,1,0.766909,0.633127,0.485550,0.8602,-0.3394,1.5734,0.000,7.718,122.780,0,0,517,63,118,126
1778106797.504444,0,0.993518,0.680506,0.676095,0.9809,0.2324,1.5818,0.000,22.078,-157.827,0,0,161,93,107,121
1778106797.571177,2,0.998833,0.666968,0.666189,0.8337,-0.0451,1.4217,-0.000,19.271,-177.548,0,1,324,152,114,129
1778106797.571177,1,0.770984,0.633127,0.488131,0.8620,-0.3401,1.5744,0.000,6.473,122.658,1,1,515,63,117,126
1778106797.571177,0,0.993728,0.680585,0.676316,0.9856,0.2354,1.5840,-0.000,21.804,-157.436,0,1,162,93,106,120
1778106797.637910,0,0.982897,0.809989,0.796136,0.8356,-0.0437,1.4223,-0.000,19.265,-178.005,0,0,466,129,110,129
1778106801.642085,0,0.983406,0.804593,0.791242,1.7282,-0.5204,1.8428,-0.000,11.286,164.249,0,0,473,121,112,133
1778106801.775547,2,0.949196,0.799660,0.759034,1.7372,-0.5306,1.8554,0.000,18.168,-177.495,0,0,285,205,106,118
1778106801.842275,0,0.977115,0.798612,0.780335,1.7489,-0.5395,1.8560,-0.000,11.563,170.031,0,0,485,109,113,130
1778106801.842275,0,0.973773,0.790057,0.769337,1.7489,-0.5395,1.8560,-0.000,11.563,170.031,0,0,488,106,114,130
1778106802.042536,0,0.980480,0.679544,0.666280,0.8322,-0.0099,1.3637,0.000,12.826,170.337,0,0,495,98,114,129
1778106802.042536,2,0.998090,0.679544,0.678246,0.8322,-0.0099,1.3637,0.000,18.244,178.861,0,0,304,190,104,115
1778106802.042536,0,0.984736,0.677830,0.667484,0.8322,-0.0099,1.3637,0.000,12.826,170.337,0,0,500,93,116,129
1778106802.042536,2,0.998877,0.677830,0.677069,0.8322,-0.0099,1.3637,0.000,18.244,178.861,0,0,308,185,108,118
1778106802.176013,2,0.998153,0.683306,0.682044,0.8507,-0.0222,1.3779,0.000,18.740,-176.544,0,0,313,176,108,124
1778106802.176013,12,0.995008,0.689560,0.686117,0.9914,0.2693,1.5402,0.000,19.925,-156.358,0,0,147,111,108,125
1778106802.176013,0,0.972633,0.665341,0.647133,0.9474,-0.3409,1.5659,0.000,13.603,169.501,0,0,508,84,116,136
1778106802.276121,2,0.998631,0.677469,0.676542,0.8424,-0.0323,1.3888,-0.000,17.887,-176.953,0,0,315,176,108,126
1778106802.276121,0,0.967387,0.648613,0.627460,0.8974,-0.3420,1.5608,0.000,13.826,169.680,0,0,511,82,116,136
1778106802.276121,12,0.995319,0.686202,0.682990,0.9867,0.2549,1.5530,-0.000,20.925,-157.189,0,0,149,110,108,124
1778106802.342822,0,0.966045,0.638341,0.616666,0.8762,-0.3524,1.5702,0.000,15.354,169.830,0,0,522,70,120,136
1778106802.342822,2,0.999264,0.672990,0.672495,0.8396,-0.0451,1.4028,-0.000,20.553,178.799,0,0,324,166,107,122
1778106802.342822,12,0.994613,0.681401,0.677730,0.9756,0.2368,1.5627,0.000,20.508,-158.209,0,0,158,102,108,122
1778106802.409552,0,0.964641,0.634428,0.611996,0.8706,-0.3602,1.5773,-0.000,15.748,169.676,0,0,528,64,120,129
1778106802.409552,2,0.999572,0.669877,0.669590,0.8376,-0.0522,1.4126,0.000,20.535,179.300,0,0,329,159,108,121
1778106802.409552,12,0.995118,0.679636,0.676318,0.9764,0.2308,1.5741,0.000,22.049,-158.334,0,0,162,96,108,122
1778106802.509648,0,0.965000,0.633657,0.611478,0.8679,-0.3606,1.5758,-0.000,15.531,169.241,0,0,529,64,122,129
1778106802.509648,2,0.999394,0.669858,0.669452,0.8376,-0.0536,1.4126,-0.000,21.044,178.321,0,0,330,159,108,120
1778106802.509648,12,0.993905,0.679894,0.675750,0.9788,0.2298,1.5771,0.000,21.969,-157.726,0,0,163,95,108,122
1778106802.576396,0,0.995750,0.669858,0.667011,0.8376,-0.0536,1.4126,0.000,20.221,-176.161,0,0,329,157,112,120
1778106802.576396,2,0.963408,0.633657,0.610469,0.8679,-0.3606,1.5758,0.000,15.263,169.465,0,0,530,64,120,128
1778106802.576396,12,0.993119,0.678884,0.674213,0.9757,0.2273,1.5775,0.000,21.483,-157.649,0,0,164,94,108,121
1778106802.576396,0,0.964305,0.634219,0.611581,0.8376,-0.0536,1.4126,0.000,20.221,-176.161,0,0,530,63,120,126
1778106802.576396,2,0.989327,0.669016,0.661875,0.8679,-0.3606,1.5758,0.000,15.263,169.465,0,0,328,156,110,118
1778106802.576396,12,0.994504,0.678884,0.675153,0.9757,0.2273,1.5775,0.000,21.483,-157.649,0,0,164,93,108,122
1778106802.709876,0,0.992686,0.669190,0.664295,0.8387,-0.0508,1.4174,0.000,19.669,-174.074,0,0,327,157,113,122
1778106802.709876,2,0.963355,0.633156,0.609954,0.8676,-0.3622,1.5773,-0.000,15.287,169.334,0,0,530,63,120,127
1778106802.709876,12,0.994925,0.678356,0.674913,0.9753,0.2290,1.5792,0.000,22.112,-158.387,0,0,163,93,107,121
1778106802.709876,2,0.996072,0.669051,0.666423,0.8370,-0.0494,1.4153,0.000,19.487,-175.938,0,0,329,156,110,121
1778106802.709876,0,0.964534,0.633156,0.610700,0.8676,-0.3622,1.5773,-0.000,15.613,169.312,0,0,530,63,120,126
1778106802.709876,12,0.993694,0.678356,0.674078,0.9753,0.2290,1.5792,0.000,21.631,-157.851,0,0,163,93,107,124
1778106802.776602,2,0.988104,0.667997,0.660051,0.8348,-0.0522,1.4161,0.000,19.260,-172.155,0,0,327,158,112,122
1778106802.776602,0,0.964217,0.632710,0.610070,0.8657,-0.3614,1.5764,-0.000,15.450,169.234,0,0,530,64,120,128
1778106802.776602,12,0.994275,0.678988,0.675101,0.9781,0.2298,1.5805,0.000,22.766,-157.674,0,0,164,94,108,122
1778106802.843340,2,0.996268,0.669482,0.666984,0.8373,-0.0494,1.4140,0.000,18.019,-176.231,0,0,328,157,112,124
1778106802.843340,0,0.965114,0.633106,0.611020,0.8660,-0.3614,1.5749,0.000,15.039,168.547,0,0,529,63,118,127
1778106802.843340,12,0.992874,0.678884,0.674046,0.9757,0.2273,1.5775,0.000,21.007,-157.796,0,0,163,94,107,122
1778106802.910103,2,0.999150,0.669034,0.668465,0.8370,-0.0508,1.4153,0.000,19.825,-178.991,0,0,329,156,106,124
1778106802.910103,0,0.965015,0.633260,0.611106,0.8676,-0.3606,1.5773,0.000,15.326,168.898,0,0,529,63,120,126
1778106802.910103,12,0.995445,0.679441,0.676346,0.9785,0.2298,1.5788,0.000,22.464,-158.538,0,0,163,94,107,121
1778106802.910103,0,0.967556,0.633260,0.612714,0.8370,-0.0508,1.4153,0.000,19.825,-178.991,0,0,529,63,120,127
1778106802.910103,2,0.993818,0.669172,0.665035,0.8676,-0.3606,1.5773,0.000,15.326,168.898,0,0,328,156,112,125
1778106802.910103,12,0.994220,0.679441,0.675514,0.9785,0.2298,1.5788,0.000,22.464,-158.538,0,0,164,93,108,122
1778106803.043561,0,0.963825,0.633260,0.610352,0.8676,-0.3606,1.5773,0.000,15.414,169.400,0,0,528,63,120,127
1778106803.043561,2,0.992512,0.669190,0.664179,0.8387,-0.0508,1.4174,-0.000,20.506,-174.062,0,0,327,157,112,122
1778106803.043561,12,0.994163,0.679695,0.675728,0.9809,0.2289,1.5818,0.000,21.998,-158.049,0,0,163,94,107,122
1778106803.110274,0,0.965991,0.632918,0.611393,0.8657,-0.3583,1.5764,0.000,15.856,169.251,0,0,528,63,120,126
1778106803.110274,2,0.993168,0.669638,0.665064,0.8389,-0.0494,1.4160,0.000,20.519,-174.320,0,0,327,156,112,124
1778106803.110274,12,0.993672,0.679441,0.675141,0.9785,0.2298,1.5788,-0.000,21.350,-157.962,0,0,163,94,107,122
1778106803.110274,0,0.965712,0.633364,0.611647,0.8657,-0.3583,1.5764,0.000,15.856,169.251,0,0,527,63,118,126
1778106803.110274,2,0.999833,0.669792,0.669681,0.8389,-0.0494,1.4160,0.000,20.519,-174.320,0,0,329,156,107,124
1778106803.110274,12,0.992929,0.679441,0.674637,0.9785,0.2298,1.5788,-0.000,21.350,-157.962,0,0,163,94,107,122
1778106803.177013,0,0.964242,0.633467,0.610816,0.8676,-0.3591,1.5773,0.000,15.572,169.025,0,0,527,63,118,126
1778106803.177013,2,0.999837,0.669172,0.669062,0.8406,-0.0495,1.4181,0.000,20.388,178.799,0,0,329,156,107,122
1778106803.177013,12,0.993212,0.680072,0.675456,0.9785,0.2298,1.5788,-0.000,21.393,-157.483,0,0,163,94,107,121
1778106803.243751,0,0.963799,0.633021,0.610105,0.8676,-0.3576,1.5773,0.000,15.455,169.464,0,0,527,63,118,127
1778106803.243751,2,0.999499,0.669774,0.669439,0.8387,-0.0523,1.4174,0.000,20.292,178.921,0,0,328,156,107,122
1778106803.243751,12,0.993835,0.679441,0.675252,0.9813,0.2306,1.5801,0.000,21.413,-157.640,0,0,163,94,107,122
1778106803.377239,0,0.964630,0.633021,0.610631,0.8657,-0.3568,1.5764,-0.000,14.996,169.073,0,0,527,63,118,127
1778106803.377239,2,0.999124,0.669774,0.669188,0.8406,-0.0509,1.4181,0.000,20.504,-179.937,0,0,328,156,107,122
1778106803.377239,12,0.994060,0.679441,0.675405,0.9785,0.2298,1.5788,0.000,21.202,-158.164,0,0,163,94,107,122
1778106803.443978,0,0.966776,0.633021,0.611989,0.8657,-0.3568,1.5764,0.000,15.370,168.482,0,0,527,63,120,127
1778106803.443978,2,0.998662,0.669190,0.668294,0.8387,-0.0508,1.4174,0.000,20.036,-178.361,0,0,329,156,110,124
1778106803.443978,12,0.992728,0.679441,0.674500,0.9785,0.2298,1.5788,0.000,21.349,-157.390,0,0,163,94,107,122
1778106803.510715,0,0.966784,0.633021,0.611994,0.8657,-0.3568,1.5764,0.000,15.477,168.611,0,0,527,63,120,127
1778106803.510715,2,0.996991,0.669172,0.667158,0.8387,-0.0523,1.4174,0.000,20.554,-176.976,0,0,328,156,112,124
1778106803.510715,12,0.991626,0.680072,0.674377,0.9813,0.2306,1.5801,0.000,21.185,-156.869,0,0,163,94,107,121
1778106803.577459,0,0.966148,0.633467,0.612023,0.8676,-0.3576,1.5773,-0.000,15.783,169.194,0,0,527,63,120,127
1778106803.577459,2,0.999143,0.669774,0.669201,0.8406,-0.0509,1.4181,-0.000,20.305,-179.116,0,0,329,156,108,124
1778106803.577459,12,0.991912,0.679441,0.673946,0.9785,0.2298,1.5788,0.000,21.918,-156.653,0,0,163,94,107,121
1778106803.644192,0,0.963804,0.633021,0.610108,0.8657,-0.3568,1.5764,-0.000,15.180,169.292,0,0,526,63,120,127
1778106803.644192,2,0.995104,0.669756,0.666477,0.8406,-0.0523,1.4181,0.000,20.426,-175.607,0,0,328,156,110,124
1778106803.644192,12,0.990801,0.680072,0.673816,0.9813,0.2306,1.5801,0.000,21.622,-156.219,0,0,163,95,107,120
1778106803.710936,0,0.965641,0.633123,0.611370,0.8657,-0.3553,1.5764,-0.000,15.574,169.205,0,0,526,63,120,127
1778106803.710936,2,0.997925,0.669774,0.668385,0.8406,-0.0509,1.4181,-0.000,20.038,-177.571,0,0,329,156,110,124
1778106803.710936,12,0.992251,0.680946,0.675669,0.9835,0.2312,1.5793,0.000,21.810,-156.851,0,0,163,94,107,120
1778106803.777677,0,0.964168,0.633123,0.610437,0.8657,-0.3553,1.5764,-0.000,15.429,169.537,0,0,526,63,120,127
1778106803.777677,2,0.999915,0.669172,0.669115,0.8387,-0.0523,1.4174,0.000,20.084,178.593,0,0,330,156,108,124
1778106803.777677,12,0.993461,0.680491,0.676041,0.9831,0.2312,1.5810,0.000,21.840,-157.555,0,0,163,94,107,121
1778106803.844403,0,0.964373,0.633123,0.610567,0.8657,-0.3553,1.5764,0.000,15.226,169.230,0,0,526,63,120,127
1778106803.844403,2,0.999585,0.669738,0.669460,0.8406,-0.0538,1.4181,0.000,20.959,178.735,0,0,329,156,107,122
1778106803.844403,12,0.993402,0.680491,0.676001,0.9831,0.2312,1.5810,0.000,22.383,-157.277,0,0,163,94,107,120
1778106803.911132,0,0.964133,0.633123,0.610415,0.8657,-0.3553,1.5764,-0.000,15.027,169.071,0,0,525,63,118,127
1778106803.911132,2,0.999374,0.669756,0.669337,0.8406,-0.0523,1.4181,0.000,21.272,179.149,0,0,330,156,108,122
1778106803.911132,12,0.992327,0.680491,0.675269,0.9831,0.2312,1.5810,-0.000,21.525,-157.066,0,0,163,94,108,121
1778106804.011240,0,0.964956,0.632777,0.610602,0.8639,-0.3530,1.5754,0.000,15.266,169.154,0,0,525,63,118,127
1778106804.011240,2,0.996256,0.670358,0.667848,0.8425,-0.0509,1.4188,0.000,21.428,-176.620,0,0,328,156,108,120
1778106804.011240,12,0.993857,0.681118,0.676934,0.9859,0.2320,1.5823,-0.000,21.836,-157.799,0,0,163,94,107,121
1778106804.011240,0,0.964181,0.632777,0.610112,0.8639,-0.3530,1.5754,0.000,15.266,169.154,0,0,525,63,118,127
1778106804.011240,2,0.998719,0.670358,0.669499,0.8425,-0.0509,1.4188,0.000,21.428,-176.620,0,0,329,156,110,124
1778106804.011240,12,0.993284,0.681118,0.676543,0.9859,0.2320,1.5823,-0.000,21.836,-157.799,0,0,163,94,107,121
1778106804.011240,0,0.963414,0.633226,0.610058,0.8639,-0.3530,1.5754,0.000,15.589,169.791,0,0,526,63,120,127
1778106804.011240,2,0.999438,0.670340,0.669963,0.8425,-0.0509,1.4188,0.000,20.397,-178.548,0,0,329,156,108,124
1778106804.011240,12,0.993266,0.680491,0.675908,0.9859,0.2320,1.5823,-0.000,21.615,-157.568,0,0,163,94,107,121
1778106804.178049,0,0.960654,0.633123,0.608213,0.8657,-0.3553,1.5764,0.000,15.170,170.378,0,0,525,63,122,127
1778106804.178049,2,0.993764,0.670340,0.666159,0.8425,-0.0524,1.4188,0.000,20.549,-174.838,0,0,327,156,108,122
1778106804.178049,12,0.993680,0.680491,0.676190,0.9831,0.2312,1.5810,0.000,22.214,-157.510,0,0,163,94,107,122
1778106804.244789,0,0.995021,0.670376,0.667038,0.8425,-0.0495,1.4188,0.000,19.434,-175.254,0,0,328,156,110,124
1778106804.244789,2,0.963696,0.632328,0.609371,0.8620,-0.3523,1.5744,-0.000,15.286,169.608,0,0,526,63,120,127
1778106804.244789,12,0.993016,0.681118,0.676361,0.9859,0.2320,1.5823,0.000,21.289,-157.596,0,0,163,94,107,120
1778106804.244789,2,0.995248,0.669774,0.666592,0.8425,-0.0495,1.4188,0.000,19.434,-175.254,0,0,328,156,112,124
1778106804.244789,0,0.964115,0.633123,0.610404,0.8620,-0.3523,1.5744,-0.000,15.286,169.608,0,0,527,63,120,127
1778106804.244789,12,0.993115,0.682364,0.677667,0.9859,0.2320,1.5823,0.000,21.289,-157.596,0,0,163,94,107,121
1778106804.311527,2,0.995372,0.669774,0.666675,0.8406,-0.0509,1.4181,-0.000,21.425,-175.889,0,0,328,156,112,124
1778106804.311527,0,0.962610,0.632573,0.608921,0.8657,-0.3553,1.5764,0.000,15.209,169.298,0,0,527,63,120,127
1778106804.311527,12,0.993440,0.682364,0.677888,0.9915,0.2336,1.5850,0.000,21.759,-157.393,0,0,163,94,107,121
1778106804.444987,2,0.996280,0.670358,0.667864,0.8425,-0.0509,1.4188,0.000,20.284,-176.264,0,0,328,156,112,124
1778106804.444987,0,0.961100,0.633021,0.608396,0.8657,-0.3568,1.5764,0.000,14.810,169.751,0,0,527,63,120,127
1778106804.444987,12,0.991987,0.682364,0.676896,0.9915,0.2336,1.5850,0.000,21.341,-156.977,0,0,163,94,106,121
1778106804.444987,2,0.998269,0.670358,0.669197,0.8425,-0.0509,1.4188,0.000,20.284,-176.264,0,0,329,156,112,125
1778106804.444987,0,0.962942,0.633021,0.609562,0.8657,-0.3568,1.5764,0.000,14.810,169.751,0,0,527,63,120,127
1778106804.444987,12,0.991929,0.681742,0.676240,0.9915,0.2336,1.5850,0.000,21.341,-156.977,0,0,163,94,106,121
1778106804.578449,2,0.988858,0.670340,0.662871,0.8425,-0.0524,1.4188,0.000,20.082,-172.467,0,0,326,156,113,124
1778106804.578449,0,0.963063,0.633021,0.609639,0.8657,-0.3568,1.5764,0.000,15.596,170.005,0,0,527,63,118,127
1778106804.578449,12,0.992517,0.681742,0.676641,0.9887,0.2328,1.5837,-0.000,21.028,-157.463,0,0,163,94,107,121
1778106804.645214,2,0.991370,0.670393,0.664608,0.8425,-0.0481,1.4188,0.000,20.119,-173.251,0,0,326,156,113,124
1778106804.645214,0,0.962201,0.632573,0.608662,0.8639,-0.3561,1.5754,0.000,15.159,169.797,0,0,527,63,118,126
1778106804.645214,12,0.992672,0.682364,0.677364,0.9915,0.2336,1.5850,-0.000,20.996,-157.576,0,0,163,95,106,120
1778106804.711939,2,0.997268,0.670393,0.668561,0.8425,-0.0481,1.4188,0.000,19.849,-176.747,0,0,328,156,113,124
1778106804.711939,0,0.961638,0.632573,0.608306,0.8639,-0.3561,1.5754,-0.000,14.980,169.774,0,0,528,63,120,126
1778106804.711939,12,0.992226,0.682821,0.677513,0.9919,0.2336,1.5833,0.000,21.498,-156.987,0,0,163,95,106,121
1778106804.711939,2,0.991772,0.669774,0.664264,0.8425,-0.0481,1.4188,0.000,19.849,-176.747,0,0,326,156,113,124
1778106804.711939,0,0.961994,0.633364,0.609292,0.8639,-0.3561,1.5754,-0.000,14.980,169.774,0,0,528,63,120,127
1778106804.711939,12,0.992962,0.683442,0.678631,0.9919,0.2336,1.5833,0.000,21.498,-156.987,0,0,163,95,106,120
1778106804.845403,2,0.996298,0.670393,0.667911,0.8425,-0.0481,1.4188,0.000,19.821,-176.001,0,0,328,156,112,124
1778106804.845403,0,0.964798,0.632918,0.610638,0.8657,-0.3583,1.5764,0.000,15.832,169.620,0,0,528,63,120,127
1778106804.845403,12,0.992839,0.683442,0.678547,0.9946,0.2343,1.5846,0.000,21.020,-157.610,0,0,163,94,106,121
1778106804.912142,0,0.964406,0.632470,0.609958,0.8639,-0.3576,1.5754,-0.000,15.520,169.406,0,0,528,63,120,126
1778106804.912142,2,0.998535,0.669774,0.668793,0.8406,-0.0509,1.4181,0.000,20.368,-178.309,0,0,329,156,110,121
1778106804.912142,12,0.991359,0.682984,0.677082,0.9943,0.2343,1.5863,0.000,20.494,-157.160,0,0,162,95,106,120
1778106804.912142,2,0.995755,0.668585,0.665747,0.8639,-0.3576,1.5754,-0.000,15.520,169.406,0,0,328,157,110,122
1778106804.912142,0,0.966041,0.632918,0.611425,0.8406,-0.0509,1.4181,0.000,20.368,-178.309,0,0,528,63,120,126
1778106804.912142,12,0.993053,0.683362,0.678615,0.9943,0.2343,1.5863,0.000,20.494,-157.160,0,0,162,95,106,120
1778106805.045607,0,0.964149,0.632918,0.610227,0.8367,-0.0522,1.4167,0.000,20.070,-175.971,0,0,528,63,120,127
1778106805.045607,2,0.997074,0.669034,0.667076,0.8657,-0.3583,1.5764,0.000,15.611,168.956,0,0,327,156,113,125
1778106805.045607,12,0.992089,0.683362,0.677956,0.9946,0.2361,1.5846,-0.000,20.918,-157.701,0,0,162,95,106,120
1778106805.112331,0,0.964813,0.632918,0.610647,0.8657,-0.3583,1.5764,0.000,14.912,168.537,0,0,528,63,120,126
1778106805.112331,2,0.995636,0.669207,0.666287,0.8387,-0.0494,1.4174,0.000,19.847,-175.658,0,0,327,156,112,122
1778106805.112331,12,0.992775,0.683362,0.678425,0.9946,0.2361,1.5846,0.000,20.285,-157.997,0,0,162,95,106,120
1778106805.179067,0,0.992835,0.668621,0.663830,0.8367,-0.0494,1.4167,0.000,20.027,-174.064,0,0,326,156,112,121
1778106805.179067,2,0.964393,0.632918,0.610381,0.8657,-0.3583,1.5764,0.000,15.705,169.616,0,0,528,63,120,127
1778106805.179067,12,0.992589,0.683362,0.678298,0.9946,0.2361,1.5846,0.000,20.772,-157.517,0,0,161,95,106,121
1778106805.179067,2,0.990069,0.669225,0.662579,0.8367,-0.0494,1.4167,0.000,20.027,-174.064,0,0,325,156,114,122
1778106805.179067,0,0.965936,0.632918,0.611358,0.8657,-0.3583,1.5764,0.000,15.705,169.616,0,0,528,63,120,126
1778106805.179067,12,0.991888,0.682662,0.677125,0.9946,0.2361,1.5846,0.000,20.772,-157.517,0,0,161,95,106,121
1778106805.245808,2,0.994568,0.668655,0.665023,0.8387,-0.0480,1.4174,0.000,19.292,-172.648,0,0,326,156,112,122
1778106805.245808,0,0.964271,0.632470,0.609873,0.8657,-0.3583,1.5764,0.000,15.771,169.174,0,0,528,63,120,127
1778106805.245808,12,0.990061,0.682040,0.675262,0.9919,0.2371,1.5833,0.000,21.168,-156.769,0,0,160,95,105,121
1778106805.379282,2,0.992246,0.668050,0.662870,0.8348,-0.0479,1.4161,0.000,19.078,-173.656,0,0,325,155,113,121
1778106805.379282,0,0.963852,0.632918,0.610039,0.8657,-0.3583,1.5764,0.000,15.495,169.560,0,0,528,63,120,126
1778106805.379282,12,0.990229,0.681961,0.675297,0.9891,0.2380,1.5820,0.000,19.847,-156.637,0,0,160,95,106,121
1778106805.379282,2,0.963651,0.633021,0.610011,0.8348,-0.0479,1.4161,0.000,19.078,-173.656,0,0,527,63,118,127
1778106805.379282,0,0.995416,0.668050,0.664988,0.8657,-0.3583,1.5764,0.000,15.495,169.560,0,0,326,156,108,122
1778106805.379282,12,0.994586,0.681711,0.678021,0.9891,0.2380,1.5820,0.000,19.847,-156.637,0,0,159,96,106,120
1778106805.479384,0,0.960790,0.633021,0.608200,0.8657,-0.3568,1.5764,0.000,15.427,170.533,0,0,527,63,120,127
1778106805.479384,2,0.993189,0.668050,0.663500,0.8348,-0.0479,1.4161,0.000,19.781,-174.126,0,0,325,155,112,124
1778106805.479384,12,0.994106,0.681711,0.677693,0.9866,0.2389,1.5789,0.000,21.221,-157.804,0,0,159,96,106,120
1778106805.646245,0,0.963898,0.633021,0.610168,0.8657,-0.3568,1.5764,0.000,15.733,169.884,0,0,527,63,120,126
1778106805.646245,2,0.994139,0.668067,0.664151,0.8348,-0.0465,1.4161,0.000,20.529,-174.624,0,0,325,156,113,124
1778106805.646245,12,0.992907,0.681085,0.676253,0.9838,0.2381,1.5776,-0.000,21.153,-157.101,0,0,159,96,106,120
1778106805.646245,2,0.997011,0.668050,0.666053,0.8657,-0.3568,1.5764,0.000,15.733,169.884,0,0,326,156,113,124
1778106805.646245,0,0.964449,0.634135,0.611591,0.8348,-0.0465,1.4161,0.000,20.529,-174.624,0,0,527,63,120,126
1778106805.646245,12,0.992423,0.681085,0.675924,0.9838,0.2381,1.5776,-0.000,21.153,-157.101,0,0,159,96,106,118
1778106805.712975,2,0.995070,0.668050,0.664757,0.8348,-0.0479,1.4161,0.000,19.384,-176.515,0,0,326,156,110,122
1778106805.712975,0,0.964423,0.634135,0.611574,0.8703,-0.3587,1.5788,0.000,15.343,169.265,0,0,527,63,120,127
1778106805.712975,12,0.992726,0.680630,0.675679,0.9838,0.2381,1.5776,0.000,20.637,-157.140,0,0,159,95,107,121
1778106805.846445,2,0.999095,0.667444,0.666839,0.8329,-0.0493,1.4154,-0.000,19.820,-178.779,0,0,327,156,108,122
1778106805.846445,0,0.963798,0.633467,0.610535,0.8676,-0.3576,1.5773,0.000,15.220,169.342,0,0,527,63,120,126
1778106805.846445,12,0.991566,0.679582,0.673850,0.9788,0.2367,1.5771,0.000,20.570,-156.745,0,0,159,95,106,120
1778106805.846445,2,0.997169,0.667444,0.665554,0.8329,-0.0493,1.4154,0.000,19.473,-176.747,0,0,325,155,115,125
1778106805.846445,0,0.964742,0.633467,0.611132,0.8676,-0.3576,1.5773,0.000,15.419,169.255,0,0,526,63,122,127
1778106805.846445,12,0.992342,0.679582,0.674377,0.9788,0.2367,1.5771,0.000,20.921,-156.958,0,0,159,94,106,120
1778106805.846445,2,0.998268,0.667637,0.666481,0.8329,-0.0493,1.4154,0.000,19.473,-176.747,0,0,325,156,113,124
1778106805.846445,0,0.965240,0.633570,0.611548,0.8676,-0.3576,1.5773,0.000,15.419,169.255,0,0,526,63,122,127
1778106805.846445,12,0.993323,0.678497,0.673967,0.9788,0.2367,1.5771,0.000,20.921,-156.958,0,0,159,94,106,120
1778106805.913190,2,0.998173,0.668067,0.666846,0.8346,-0.0465,1.4175,-0.000,19.548,-177.531,0,0,325,156,113,124
1778106805.913190,0,0.964349,0.634238,0.611627,0.8676,-0.3560,1.5773,0.000,15.276,168.991,0,0,526,63,120,127
1778106805.913190,12,0.992517,0.679758,0.674671,0.9757,0.2359,1.5775,0.000,21.249,-157.384,0,0,158,94,107,120
1778106805.979928,2,0.999223,0.668067,0.667548,0.8348,-0.0465,1.4161,-0.000,20.541,-177.647,0,0,325,155,113,125
1778106805.979928,0,0.965591,0.634682,0.612844,0.8703,-0.3571,1.5788,-0.000,14.953,168.905,0,0,526,63,122,127
1778106805.979928,12,0.992972,0.680097,0.675317,0.9813,0.2376,1.5801,-0.000,21.497,-156.767,0,0,158,93,106,121
1778106806.113399,2,0.999406,0.667637,0.667240,0.8346,-0.0465,1.4175,0.000,20.103,-179.127,0,0,325,155,113,124
1778106806.113399,0,0.964516,0.634238,0.611733,0.8703,-0.3571,1.5788,0.000,15.191,169.139,0,0,526,63,122,127
1778106806.113399,12,0.992127,0.678598,0.673255,0.9781,0.2385,1.5805,0.000,19.750,-157.767,0,0,158,93,106,120
1778106806.180093,2,0.997644,0.668225,0.666651,0.8365,-0.0465,1.4181,-0.000,20.938,-177.229,0,0,324,154,112,125
1778106806.180093,0,0.964983,0.634238,0.612029,0.8703,-0.3571,1.5788,-0.000,15.413,169.243,0,0,527,63,120,127
1778106806.180093,12,0.992815,0.678598,0.673722,0.9781,0.2385,1.5805,0.000,19.519,-158.499,0,0,158,93,107,120
1778106806.246832,2,0.999218,0.668396,0.667873,0.8381,-0.0451,1.4202,-0.000,20.271,-178.718,0,0,324,155,113,126
1778106806.246832,0,0.963314,0.634135,0.610871,0.8703,-0.3587,1.5788,-0.000,14.845,169.054,0,0,527,63,120,126
1778106806.246832,12,0.994983,0.679226,0.675818,0.9809,0.2393,1.5818,0.000,20.814,-158.830,0,0,158,92,107,121
1778106806.246832,2,0.998078,0.668241,0.666956,0.8381,-0.0451,1.4202,-0.000,20.271,-178.718,0,0,324,156,113,125
1778106806.246832,0,0.962628,0.634135,0.610436,0.8703,-0.3587,1.5788,-0.000,14.845,169.054,0,0,526,63,118,127
1778106806.246832,12,0.992161,0.678146,0.672830,0.9809,0.2393,1.5818,0.000,20.814,-158.830,0,0,159,92,107,121
1778106806.313570,2,0.997602,0.668686,0.667083,0.8365,-0.0451,1.4181,0.000,19.620,-177.236,0,0,323,156,113,126
1778106806.313570,0,0.959766,0.634238,0.608720,0.8703,-0.3587,1.5788,0.000,15.318,169.838,0,0,526,63,118,126
1778106806.313570,12,0.991806,0.678853,0.673290,0.9778,0.2385,1.5822,0.000,20.338,-157.332,0,0,159,92,107,124
1778106806.480419,2,0.997052,0.669273,0.667300,0.8387,-0.0437,1.4174,-0.000,19.927,-176.264,0,0,323,156,113,125
1778106806.480419,0,0.960197,0.634135,0.608895,0.8703,-0.3587,1.5788,0.000,14.631,169.832,0,0,527,63,120,127
1778106806.480419,12,0.991786,0.678853,0.673276,0.9806,0.2376,1.5835,0.000,19.685,-157.798,0,0,159,92,107,122
1778106806.547157,2,0.998590,0.668671,0.667728,0.8367,-0.0451,1.4167,0.000,19.751,-177.800,0,0,324,156,112,126
1778106806.547157,0,0.961837,0.634135,0.609934,0.8703,-0.3587,1.5788,-0.000,15.188,169.947,0,0,527,63,120,127
1778106806.547157,12,0.991539,0.678400,0.672660,0.9802,0.2376,1.5852,0.000,19.526,-157.886,0,0,159,91,107,121
1778106806.613896,2,0.998847,0.668979,0.668208,0.8400,-0.0452,1.4209,0.000,20.074,-178.132,0,0,324,154,114,125
1778106806.613896,0,0.961997,0.634135,0.610036,0.8703,-0.3587,1.5788,-0.000,14.910,169.575,0,0,527,63,120,126
1778106806.613896,12,0.991062,0.678400,0.672337,0.9802,0.2376,1.5852,0.000,19.526,-157.576,0,0,159,91,107,124
1778106806.680634,2,0.998487,0.669257,0.668244,0.8387,-0.0451,1.4174,-0.000,19.441,-177.661,0,0,324,156,112,126
1778106806.680634,0,0.963404,0.634238,0.611028,0.8703,-0.3571,1.5788,0.000,14.819,169.067,0,0,526,63,118,127
1778106806.680634,12,0.991766,0.678400,0.672814,0.9802,0.2376,1.5852,0.000,20.277,-157.315,0,0,159,91,107,124
1778106806.747325,2,0.998513,0.669257,0.668262,0.8387,-0.0451,1.4174,0.000,19.955,-177.746,0,0,324,156,114,126
1778106806.747325,0,0.965995,0.634238,0.612671,0.8703,-0.3571,1.5788,0.000,15.287,168.736,0,0,526,63,118,127
1778106806.747325,12,0.991026,0.678853,0.672761,0.9806,0.2376,1.5835,0.000,20.199,-156.879,0,0,159,92,107,122
1778106806.814051,2,0.998752,0.669842,0.669006,0.8406,-0.0452,1.4181,-0.000,20.041,-178.050,0,0,324,156,113,126
1778106806.814051,0,0.964467,0.634238,0.611702,0.8703,-0.3571,1.5788,0.000,15.115,169.064,0,0,526,63,118,127
1778106806.814051,12,0.990886,0.678479,0.672295,0.9802,0.2358,1.5852,0.000,19.995,-157.141,0,0,160,91,108,124
1778106806.880789,2,0.998147,0.669257,0.668017,0.8387,-0.0451,1.4174,-0.000,19.088,-177.318,0,0,324,156,114,126
1778106806.880789,0,0.962780,0.634238,0.610632,0.8703,-0.3571,1.5788,0.000,14.484,168.858,0,0,526,63,118,126
1778106806.880789,12,0.991476,0.678853,0.673066,0.9806,0.2376,1.5835,0.000,20.521,-156.890,0,0,159,92,107,122
1778106806.880789,2,0.999170,0.669842,0.669287,0.8387,-0.0451,1.4174,-0.000,19.088,-177.318,0,0,324,156,113,126
1778106806.880789,0,0.965273,0.634238,0.612213,0.8703,-0.3571,1.5788,0.000,14.484,168.858,0,0,526,63,118,126
1778106806.880789,12,0.990943,0.678931,0.672782,0.9806,0.2376,1.5835,0.000,20.521,-156.890,0,0,160,92,107,122
1778106806.947513,2,0.996889,0.669273,0.667191,0.8406,-0.0452,1.4181,-0.000,19.133,-178.540,0,0,323,156,115,126
1778106806.947513,0,0.964344,0.634238,0.611624,0.8703,-0.3571,1.5788,0.000,14.867,168.463,0,0,526,63,118,126
1778106806.947513,12,0.990190,0.678896,0.672236,0.9806,0.2358,1.5835,0.000,19.893,-157.193,0,0,160,91,107,124
1778106807.014266,2,0.998424,0.669411,0.668356,0.8387,-0.0437,1.4174,0.000,19.341,-176.105,0,0,324,155,113,126
1778106807.014266,0,0.965914,0.634238,0.612620,0.8703,-0.3571,1.5788,0.000,14.753,168.652,0,0,526,63,118,127
1778106807.014266,12,0.990191,0.678896,0.672236,0.9821,0.2364,1.5861,-0.000,19.636,-157.056,0,0,160,91,107,124
1778106807.147744,2,0.998925,0.668810,0.668091,0.8384,-0.0466,1.4188,-0.000,20.291,-178.428,0,0,325,155,112,125
1778106807.147744,0,0.964456,0.634238,0.611695,0.8703,-0.3571,1.5788,0.000,14.804,168.676,0,0,526,63,118,127
1778106807.147744,12,0.990011,0.678896,0.672114,0.9821,0.2364,1.5861,-0.000,19.861,-156.759,0,0,160,91,107,122
1778106807.214482,2,0.999816,0.669361,0.669238,0.8403,-0.0495,1.4195,-0.000,20.205,179.526,0,0,327,155,110,124
1778106807.214482,0,0.963098,0.634238,0.610833,0.8703,-0.3571,1.5788,-0.000,14.611,168.910,0,0,526,63,118,126
1778106807.214482,12,0.989926,0.679010,0.672169,0.9806,0.2341,1.5835,0.000,19.989,-156.653,0,0,161,92,106,122
1778106807.214482,2,0.999934,0.669225,0.669181,0.8403,-0.0495,1.4195,-0.000,20.205,179.526,0,0,326,156,112,124
1778106807.214482,0,0.964669,0.634238,0.611830,0.8703,-0.3571,1.5788,-0.000,14.611,168.910,0,0,526,63,118,126
1778106807.214482,12,0.990821,0.678896,0.672664,0.9806,0.2341,1.5835,0.000,19.989,-156.653,0,0,160,91,107,121
1778106807.347959,2,0.997621,0.668826,0.667235,0.8384,-0.0451,1.4188,0.000,20.599,-176.977,0,0,324,155,113,125
1778106807.347959,0,0.961865,0.633467,0.609310,0.8676,-0.3576,1.5773,0.000,14.334,168.908,0,0,527,63,120,126
1778106807.347959,12,0.990113,0.679973,0.673250,0.9852,0.2372,1.5857,0.000,20.362,-156.368,0,0,160,92,107,122
1778106807.414698,2,0.997065,0.668826,0.666864,0.8384,-0.0451,1.4188,0.000,20.149,-176.395,0,0,324,155,113,125
1778106807.414698,0,0.958248,0.634135,0.607659,0.8703,-0.3587,1.5788,0.000,13.352,168.840,0,0,527,63,120,126
1778106807.414698,12,0.990632,0.678896,0.672536,0.9821,0.2364,1.5861,0.000,20.223,-156.808,0,0,160,91,107,121
1778106807.481432,2,0.998403,0.668225,0.667157,0.8365,-0.0465,1.4181,-0.000,20.346,-177.798,0,0,325,155,113,125
1778106807.481432,0,0.960968,0.634135,0.609384,0.8703,-0.3587,1.5788,0.000,14.392,169.288,0,0,527,63,118,126
1778106807.481432,12,0.990037,0.679973,0.673199,0.9852,0.2372,1.5857,0.000,19.989,-156.605,0,0,160,92,107,122
1778106807.548171,2,0.997685,0.668225,0.666678,0.8365,-0.0465,1.4181,0.000,20.406,-177.087,0,0,325,155,114,125
1778106807.548171,0,0.960942,0.634682,0.609893,0.8722,-0.3579,1.5798,0.000,14.616,169.649,0,0,526,63,117,126
1778106807.548171,12,0.989813,0.678974,0.672057,0.9821,0.2346,1.5861,0.000,19.673,-156.919,0,0,161,91,107,121
1778106807.614909,2,0.997467,0.669241,0.667546,0.8387,-0.0466,1.4174,0.000,20.345,-176.902,0,0,325,156,113,122
1778106807.614909,0,0.966209,0.634977,0.613520,0.8725,-0.3594,1.5783,-0.000,15.363,168.784,0,0,527,64,120,128
1778106807.614909,12,0.989447,0.679428,0.672258,0.9824,0.2346,1.5844,0.000,19.613,-156.703,0,0,161,92,107,122
1778106807.614909,2,0.995317,0.668810,0.665678,0.8387,-0.0466,1.4174,0.000,20.345,-176.902,0,0,325,155,114,125
1778106807.614909,0,0.969717,0.634532,0.615317,0.8725,-0.3594,1.5783,-0.000,15.363,168.784,0,0,527,64,120,128
1778106807.614909,12,0.990452,0.679010,0.672526,0.9824,0.2346,1.5844,0.000,19.613,-156.703,0,0,161,92,107,120
1778106807.748350,2,0.994563,0.668810,0.665174,0.8384,-0.0466,1.4188,0.000,19.731,-174.770,0,0,325,155,112,121
1778106807.748350,0,0.965905,0.634636,0.612998,0.8706,-0.3571,1.5773,-0.000,15.621,169.270,0,0,526,64,118,128
1778106807.748350,12,0.989888,0.679506,0.672635,0.9824,0.2329,1.5844,0.000,20.555,-156.334,0,0,162,92,107,122
1778106807.815089,2,0.961775,0.634135,0.609895,0.8703,-0.3587,1.5788,0.000,14.692,169.388,0,0,527,63,120,126
1778106807.815089,0,0.993515,0.668810,0.664473,0.8384,-0.0466,1.4188,0.000,20.056,-174.200,0,0,325,155,112,121
1778106807.815089,12,0.990243,0.678007,0.671391,0.9774,0.2316,1.5839,0.000,20.181,-156.843,0,0,162,91,107,121
1778106807.881827,0,0.995229,0.668794,0.665603,0.8384,-0.0480,1.4188,0.000,19.728,-175.277,0,0,326,155,110,122
1778106807.881827,2,0.963385,0.634579,0.611344,0.8722,-0.3594,1.5798,0.000,14.547,168.650,0,0,527,63,120,126
1778106807.881827,12,0.989868,0.678083,0.671213,0.9774,0.2298,1.5839,0.000,20.173,-156.756,0,0,163,91,106,121
1778106807.948602,2,0.994731,0.668810,0.665287,0.8384,-0.0466,1.4188,0.000,20.228,-174.907,0,0,325,155,113,121
1778106807.948602,0,0.964153,0.634579,0.611831,0.8722,-0.3594,1.5798,0.000,15.156,169.145,0,0,527,63,118,126
1778106807.948602,12,0.991055,0.678083,0.672018,0.9774,0.2298,1.5839,0.000,20.123,-157.455,0,0,163,91,107,121
1778106808.015319,2,0.962794,0.634579,0.610968,0.8722,-0.3594,1.5798,0.000,15.070,169.500,0,0,527,63,118,127
1778106808.015319,0,0.995648,0.669225,0.666312,0.8387,-0.0480,1.4174,0.000,19.957,-175.571,0,0,326,156,112,122
1778106808.015319,12,0.989353,0.678712,0.671486,0.9802,0.2306,1.5852,-0.000,19.731,-156.837,0,0,163,91,107,122
1778106808.015319,0,0.964042,0.634532,0.611716,0.8722,-0.3594,1.5798,0.000,15.070,169.500,0,0,527,64,118,128
1778106808.015319,2,0.995731,0.668638,0.665784,0.8387,-0.0480,1.4174,0.000,19.957,-175.571,0,0,326,156,112,122
1778106808.015319,12,0.991177,0.678083,0.672101,0.9802,0.2306,1.5852,-0.000,19.731,-156.837,0,0,163,91,107,121
1778106808.148790,0,0.968067,0.634428,0.614169,0.8706,-0.3602,1.5773,0.000,16.264,169.088,0,0,528,64,118,129
1778106808.148790,2,0.995984,0.669207,0.666520,0.8387,-0.0494,1.4174,0.000,20.071,-175.915,0,0,327,156,112,124
1778106808.148790,12,0.990524,0.678536,0.672106,0.9778,0.2298,1.5822,0.000,20.482,-156.821,0,0,163,92,107,121
1778106808.148790,0,0.966022,0.633760,0.612227,0.8706,-0.3602,1.5773,0.000,16.264,169.088,0,0,528,64,118,128
1778106808.148790,2,0.996616,0.669792,0.667526,0.8387,-0.0494,1.4174,0.000,20.071,-175.915,0,0,327,156,113,122
1778106808.148790,12,0.990527,0.679165,0.672731,0.9778,0.2298,1.5822,0.000,20.482,-156.821,0,0,163,92,107,121
1778106808.282268,0,0.962495,0.634428,0.610634,0.8706,-0.3602,1.5773,0.000,14.855,169.373,0,0,528,64,118,128
1778106808.282268,2,0.996209,0.668777,0.666241,0.8384,-0.0494,1.4188,0.000,19.868,-176.037,0,0,327,155,113,124
1778106808.282268,12,0.990802,0.678536,0.672295,0.9778,0.2298,1.5822,0.000,20.384,-157.042,0,0,163,92,107,122
1778106808.282268,0,0.958735,0.633364,0.607228,0.8706,-0.3602,1.5773,0.000,14.855,169.373,0,0,528,63,117,127
1778106808.282268,2,0.998889,0.668741,0.667998,0.8384,-0.0494,1.4188,0.000,19.868,-176.037,0,0,329,155,112,125
1778106808.282268,12,0.989618,0.678788,0.671741,0.9778,0.2298,1.5822,0.000,20.384,-157.042,0,0,164,91,108,122
1778106808.415742,0,0.961965,0.633260,0.609174,0.8676,-0.3606,1.5773,0.000,14.426,168.842,0,0,529,63,118,127
1778106808.415742,2,0.998079,0.668741,0.667456,0.8384,-0.0523,1.4188,-0.000,20.236,-177.848,0,0,329,155,112,125
1778106808.415742,12,0.989591,0.678159,0.671100,0.9774,0.2281,1.5839,0.000,19.303,-157.464,0,0,164,91,108,122
1778106808.482481,0,0.969602,0.633760,0.614495,0.8679,-0.3591,1.5758,0.000,16.349,168.645,0,0,528,64,117,129
1778106808.482481,2,0.997963,0.668585,0.667223,0.8367,-0.0522,1.4167,-0.000,17.423,-178.249,0,0,329,156,108,124
1778106808.482481,12,0.990152,0.678712,0.672028,0.9802,0.2306,1.5852,0.000,19.582,-157.412,0,0,163,91,107,121
1778106808.549219,0,0.970376,0.634428,0.615634,0.8706,-0.3602,1.5773,0.000,16.251,168.252,0,0,528,64,118,128
1778106808.549219,2,0.994304,0.669190,0.665378,0.8387,-0.0508,1.4174,0.000,18.253,-175.064,0,0,328,156,108,124
1778106808.549219,12,0.991052,0.679165,0.673088,0.9806,0.2306,1.5835,0.000,20.319,-157.231,0,0,163,92,107,122
1778106808.549219,0,0.969211,0.634428,0.614895,0.8706,-0.3602,1.5773,-0.000,15.662,167.979,0,0,528,64,118,128
1778106808.549219,2,0.996905,0.669190,0.667119,0.8387,-0.0508,1.4174,0.000,19.612,-176.649,0,0,329,156,108,124
1778106808.549219,12,0.990177,0.679165,0.672493,0.9806,0.2306,1.5835,-0.000,20.019,-156.981,0,0,164,92,108,122
1778106808.549219,0,0.967172,0.634428,0.613601,0.8706,-0.3602,1.5773,-0.000,15.662,167.979,0,0,528,64,118,128
1778106808.549219,2,0.998019,0.669153,0.667828,0.8387,-0.0508,1.4174,0.000,19.612,-176.649,0,0,330,156,110,124
1778106808.549219,12,0.991510,0.679241,0.673475,0.9806,0.2306,1.5835,-0.000,20.019,-156.981,0,0,164,92,108,121
1778106808.749441,0,0.967533,0.634428,0.613830,0.8706,-0.3602,1.5773,0.000,15.331,168.190,0,0,528,64,118,129
1778106808.749441,2,0.997813,0.669325,0.667861,0.8403,-0.0523,1.4195,0.000,18.526,-177.641,0,0,329,155,114,128
1778106808.749441,12,0.991295,0.678612,0.672705,0.9778,0.2281,1.5822,0.000,20.395,-157.419,0,0,164,92,107,122
1778106808.749441,0,0.966360,0.634428,0.613086,0.8706,-0.3602,1.5773,0.000,15.230,168.492,0,0,528,64,118,129
1778106808.749441,2,0.998364,0.669325,0.668230,0.8403,-0.0523,1.4195,0.000,19.112,-178.075,0,0,329,156,112,125
1778106808.749441,12,0.989624,0.678612,0.671571,0.9778,0.2281,1.5822,0.000,19.925,-156.866,0,0,164,91,108,121
1778106808.882918,0,0.966592,0.634768,0.613561,0.8725,-0.3625,1.5783,-0.000,14.774,167.739,0,0,529,64,120,129
1778106808.882918,2,0.997630,0.669756,0.668169,0.8406,-0.0523,1.4181,-0.000,19.690,-177.358,0,0,329,156,112,125
1778106808.882918,12,0.988426,0.677528,0.669687,0.9747,0.2273,1.5825,0.000,18.935,-157.174,0,0,164,91,107,121
1778106808.949656,0,0.967334,0.634324,0.613603,0.8706,-0.3618,1.5773,-0.000,15.110,167.906,0,0,529,64,118,129
1778106808.949656,2,0.998366,0.669343,0.668249,0.8403,-0.0509,1.4195,0.000,19.801,-177.966,0,0,328,155,113,125
1778106808.949656,12,0.988900,0.677980,0.670455,0.9750,0.2273,1.5809,-0.000,20.487,-156.103,0,0,164,92,107,122
1778106809.016395,0,0.968289,0.635210,0.615067,0.8743,-0.3633,1.5793,-0.000,15.230,167.699,0,0,529,64,118,129
1778106809.016395,2,0.992805,0.670542,0.665717,0.8441,-0.0481,1.4208,-0.000,19.276,-173.925,0,0,326,155,113,125
1778106809.016395,12,0.990520,0.677346,0.670924,0.9722,0.2265,1.5795,-0.000,21.275,-156.429,0,0,164,92,107,121
1778106809.083128,0,0.968461,0.634662,0.614646,0.8725,-0.3640,1.5783,-0.000,15.321,167.678,0,0,530,64,120,128
1778106809.083128,2,0.993566,0.670542,0.666228,0.8441,-0.0481,1.4208,-0.000,19.830,-174.320,0,0,326,155,115,125
1778106809.083128,12,0.989765,0.677980,0.671041,0.9750,0.2273,1.5809,0.000,19.931,-156.936,0,0,164,92,107,121
1778106809.083128,0,0.970263,0.634662,0.615789,0.8725,-0.3640,1.5783,-0.000,15.321,167.678,0,0,530,64,120,129
1778106809.083128,2,0.990912,0.670975,0.664877,0.8441,-0.0481,1.4208,-0.000,19.830,-174.320,0,0,326,156,112,124
1778106809.083128,12,0.990911,0.678055,0.671893,0.9750,0.2273,1.5809,0.000,19.931,-156.936,0,0,165,92,106,121
1778106809.216578,0,0.996101,0.670376,0.667762,0.8425,-0.0495,1.4188,0.000,20.664,-176.117,0,0,327,156,112,122
1778106809.216578,2,0.970750,0.634219,0.615668,0.8706,-0.3633,1.5773,0.000,16.188,167.886,0,0,530,64,120,129
1778106809.216578,12,0.990268,0.677980,0.671382,0.9750,0.2273,1.5809,0.000,20.331,-156.900,0,0,164,92,107,122
1778106809.283317,2,0.972490,0.634114,0.616670,0.8706,-0.3648,1.5773,-0.000,16.292,167.264,0,0,531,64,120,129
1778106809.283317,0,0.993447,0.670957,0.666561,0.8444,-0.0495,1.4194,0.000,19.978,-174.380,0,0,327,156,110,124
1778106809.283317,12,0.984865,0.676970,0.666724,0.9719,0.2248,1.5812,0.000,19.051,-155.451,0,0,165,91,108,122
1778106809.350038,0,0.971041,0.634114,0.615751,0.8706,-0.3648,1.5773,-0.000,16.417,167.966,0,0,531,64,120,129
1778106809.350038,2,0.992642,0.670542,0.665608,0.8441,-0.0481,1.4208,0.000,20.484,-173.895,0,0,326,155,110,121
1778106809.350038,12,0.985860,0.677604,0.668022,0.9747,0.2256,1.5825,0.000,19.118,-155.841,0,0,165,91,107,122
1778106809.416770,0,0.971379,0.634557,0.616395,0.8725,-0.3656,1.5783,0.000,15.938,167.261,0,0,531,64,118,129
1778106809.416770,2,0.996710,0.670542,0.668335,0.8441,-0.0481,1.4208,0.000,19.591,-176.282,0,0,326,155,113,125
1778106809.416770,12,0.984961,0.676970,0.666788,0.9719,0.2248,1.5812,-0.000,19.237,-155.349,0,0,165,91,107,122
1778106809.483508,0,0.971526,0.634557,0.616488,0.8725,-0.3656,1.5783,-0.000,16.271,167.614,0,0,531,64,118,129
1778106809.483508,2,0.987653,0.671572,0.663280,0.8463,-0.0467,1.4201,0.000,20.352,-171.583,0,0,325,156,112,124
1778106809.483508,12,0.988615,0.676970,0.669262,0.9719,0.2248,1.5812,-0.000,19.852,-156.573,0,0,165,91,107,121
1778106809.483508,0,0.971116,0.634557,0.616228,0.8725,-0.3656,1.5783,-0.000,16.271,167.614,0,0,531,64,118,128
1778106809.483508,2,0.989079,0.671572,0.664237,0.8463,-0.0467,1.4201,0.000,20.352,-171.583,0,0,324,156,115,124
1778106809.483508,12,0.986367,0.676970,0.667740,0.9719,0.2248,1.5812,-0.000,19.852,-156.573,0,0,165,92,107,122
1778106809.550264,0,0.973264,0.634557,0.617592,0.8725,-0.3656,1.5783,0.000,16.223,166.863,0,0,531,64,118,128
1778106809.550264,2,0.990492,0.671588,0.665202,0.8463,-0.0453,1.4201,0.000,20.767,-172.719,0,0,325,156,112,124
1778106809.550264,12,0.988231,0.678055,0.670075,0.9750,0.2256,1.5809,-0.000,19.667,-156.466,0,0,165,92,107,122
1778106809.617009,0,0.970431,0.634999,0.616223,0.8743,-0.3664,1.5793,0.000,16.020,167.729,0,0,532,64,120,129
1778106809.617009,2,0.999279,0.670991,0.670508,0.8444,-0.0467,1.4194,0.000,19.952,-178.888,0,0,327,156,112,124
1778106809.617009,12,0.986567,0.678055,0.668947,0.9750,0.2256,1.5809,0.000,20.063,-155.415,0,0,165,90,107,124
1778106809.617009,0,0.969125,0.634451,0.614862,0.8743,-0.3664,1.5793,0.000,16.020,167.729,0,0,532,64,120,129
1778106809.617009,2,0.995675,0.670957,0.668056,0.8444,-0.0467,1.4194,0.000,19.952,-178.888,0,0,326,156,110,125
1778106809.617009,12,0.985865,0.675883,0.666330,0.9750,0.2256,1.5809,0.000,20.063,-155.415,0,0,165,90,107,121
1778106809.750486,0,0.969526,0.634892,0.615544,0.8743,-0.3679,1.5793,0.000,15.853,167.791,0,0,532,64,122,129
1778106809.750486,2,0.998339,0.670975,0.669860,0.8444,-0.0481,1.4194,-0.000,19.648,-177.723,0,0,326,156,112,124
1778106809.750486,12,0.988331,0.675458,0.667576,0.9669,0.2235,1.5806,0.000,20.180,-156.246,0,0,166,90,106,122
1778106809.750486,0,0.972431,0.634451,0.616960,0.8743,-0.3679,1.5793,0.000,15.853,167.791,0,0,533,64,120,129
1778106809.750486,2,0.998406,0.670975,0.669905,0.8444,-0.0481,1.4194,-0.000,19.648,-177.723,0,0,326,156,113,125
1778106809.750486,12,0.986406,0.676593,0.667395,0.9669,0.2235,1.5806,0.000,20.180,-156.246,0,0,166,90,108,124
1778106809.883963,0,0.969409,0.634345,0.614939,0.8725,-0.3687,1.5783,0.000,16.242,168.207,0,0,533,64,120,129
1778106809.883963,2,0.997084,0.670975,0.669018,0.8444,-0.0481,1.4194,0.000,19.588,-176.577,0,0,326,156,110,125
1778106809.883963,12,0.986548,0.676593,0.667492,0.9715,0.2231,1.5829,0.000,20.204,-155.518,0,0,166,91,108,122
1778106809.950702,0,0.968254,0.633902,0.613779,0.8706,-0.3679,1.5773,0.000,15.612,167.894,0,0,533,64,120,129
1778106809.950702,2,0.996413,0.670975,0.668568,0.8444,-0.0481,1.4194,0.000,19.394,-176.067,0,0,325,156,113,125
1778106809.950702,12,0.986370,0.675981,0.666768,0.9672,0.2218,1.5790,-0.000,19.755,-155.694,0,0,166,91,108,124
1778106810.084141,0,0.968611,0.634786,0.614860,0.8743,-0.3694,1.5793,0.000,16.146,168.382,0,0,533,64,120,129
1778106810.084141,2,0.997279,0.670975,0.669149,0.8444,-0.0481,1.4194,-0.000,19.942,-176.768,0,0,326,156,110,125
1778106810.084141,12,0.986299,0.676407,0.667140,0.9691,0.2223,1.5799,0.000,20.136,-155.406,0,0,166,91,108,124
1778106810.150879,0,0.967942,0.635445,0.615074,0.8771,-0.3706,1.5808,0.000,15.600,167.993,0,0,533,64,120,129
1778106810.150879,2,0.998673,0.670825,0.669935,0.8427,-0.0481,1.4173,-0.000,19.173,-178.087,0,0,326,157,113,124
1778106810.150879,12,0.988153,0.676031,0.668021,0.9687,0.2206,1.5815,0.000,19.483,-156.924,0,0,167,90,106,122
1778106810.217618,0,0.970835,0.635445,0.616913,0.8771,-0.3706,1.5808,0.000,15.773,167.116,0,0,533,64,120,129
1778106810.217618,2,0.998664,0.670808,0.669912,0.8427,-0.0495,1.4173,0.000,19.299,-178.180,0,0,327,157,110,122
1778106810.217618,12,0.987438,0.675507,0.667022,0.9684,0.2223,1.5832,0.000,19.177,-156.795,0,0,166,89,107,124
1778106810.217618,0,0.971400,0.634786,0.616631,0.8771,-0.3706,1.5808,0.000,15.773,167.116,0,0,533,64,118,128
1778106810.217618,2,0.999323,0.670376,0.669922,0.8427,-0.0495,1.4173,0.000,19.299,-178.180,0,0,327,156,108,121
1778106810.217618,12,0.988308,0.677301,0.669382,0.9684,0.2223,1.5832,0.000,19.177,-156.795,0,0,167,90,106,122
1778106810.351095,0,0.969925,0.635445,0.616334,0.8771,-0.3706,1.5808,0.000,15.640,167.302,0,0,533,64,120,128
1778106810.351095,2,0.998877,0.670224,0.669472,0.8408,-0.0495,1.4167,0.000,19.851,-178.508,0,0,327,157,112,122
1778106810.351095,12,0.991021,0.677227,0.671146,0.9743,0.2239,1.5842,-0.000,20.735,-157.341,0,0,166,90,107,124
1778106810.417839,0,0.966165,0.634786,0.613308,0.8743,-0.3694,1.5793,0.000,15.042,167.950,0,0,533,64,120,128
1778106810.417839,2,0.996141,0.670825,0.668237,0.8427,-0.0481,1.4173,0.000,19.422,-175.879,0,0,326,157,110,121
1778106810.417839,12,0.989859,0.677301,0.670432,0.9743,0.2222,1.5842,0.000,21.009,-156.656,0,0,167,90,108,124
1778106810.484572,0,0.970631,0.634786,0.616143,0.8743,-0.3694,1.5793,-0.000,15.597,166.969,0,0,533,64,120,128
1778106810.484572,2,0.996931,0.670825,0.668767,0.8427,-0.0481,1.4173,0.000,19.843,-176.489,0,0,326,157,110,121
1778106810.484572,12,0.987294,0.678561,0.669940,0.9799,0.2237,1.5869,0.000,20.184,-155.971,0,0,167,90,108,124
1778106810.484572,0,0.968481,0.634786,0.614778,0.8743,-0.3694,1.5793,-0.000,15.597,166.969,0,0,533,64,120,128
1778106810.484572,2,0.998700,0.670825,0.669953,0.8427,-0.0481,1.4173,0.000,19.843,-176.489,0,0,326,157,108,124
1778106810.484572,12,0.989133,0.677932,0.670565,0.9799,0.2237,1.5869,0.000,20.184,-155.971,0,0,167,90,108,124
1778106810.551316,0,0.967838,0.634786,0.614370,0.8743,-0.3694,1.5793,0.000,15.230,167.574,0,0,533,64,120,128
1778106810.551316,2,0.996669,0.670825,0.668591,0.8427,-0.0481,1.4173,-0.000,19.647,-176.268,0,0,325,157,112,124
1778106810.551316,12,0.989222,0.677932,0.670626,0.9771,0.2229,1.5856,-0.000,19.778,-157.229,0,0,167,89,107,124
1778106810.684796,0,0.968910,0.634786,0.615050,0.8743,-0.3694,1.5793,-0.000,15.485,167.494,0,0,532,64,118,128
1778106810.684796,2,0.999148,0.670842,0.670270,0.8427,-0.0466,1.4173,0.000,19.039,-178.612,0,0,327,157,110,124
1778106810.684796,12,0.986985,0.677480,0.668663,0.9768,0.2229,1.5873,0.000,19.107,-156.740,0,0,167,89,106,124
1778106810.751541,0,0.967847,0.634451,0.614051,0.8725,-0.3671,1.5783,0.000,15.337,167.781,0,0,532,63,118,127
1778106810.751541,2,0.996380,0.670825,0.668397,0.8427,-0.0481,1.4173,-0.000,20.945,-176.342,0,0,326,157,112,124
1778106810.751541,12,0.988645,0.678108,0.670408,0.9796,0.2237,1.5886,0.000,20.072,-156.754,0,0,167,89,106,124
1778106810.751541,0,0.967933,0.633612,0.613294,0.8703,-0.3664,1.5788,0.000,15.181,167.433,0,0,532,64,118,128
1778106810.751541,2,0.996701,0.670825,0.668612,0.8427,-0.0481,1.4173,0.000,19.358,-176.280,0,0,325,157,112,124
1778106810.751541,12,0.989919,0.678108,0.671272,0.9796,0.2237,1.5886,0.000,20.504,-157.081,0,0,166,90,107,124
1778106810.818267,0,0.968896,0.634008,0.614288,0.8706,-0.3664,1.5773,0.000,15.345,167.394,0,0,532,64,117,128
1778106810.818267,2,0.998114,0.670842,0.669577,0.8427,-0.0466,1.4173,0.000,19.282,-177.379,0,0,326,157,110,122
1778106810.818267,12,0.988789,0.678487,0.670880,0.9799,0.2254,1.5869,0.000,20.156,-156.596,0,0,166,90,107,124
1778106810.885006,0,0.969878,0.633342,0.614264,0.8679,-0.3652,1.5758,0.000,15.768,167.555,0,0,532,63,118,127
1778106810.885006,2,0.995054,0.670825,0.667507,0.8427,-0.0481,1.4173,-0.000,20.243,-175.247,0,0,325,156,112,125
1778106810.885006,12,0.989886,0.678904,0.672038,0.9818,0.2260,1.5878,0.000,20.605,-156.828,0,0,166,90,108,122
1778106810.951744,0,0.966867,0.632502,0.611545,0.8657,-0.3645,1.5764,0.000,15.073,167.695,0,0,532,63,118,127
1778106810.951744,2,0.999078,0.670991,0.670373,0.8444,-0.0467,1.4194,-0.000,19.683,-178.521,0,0,326,156,108,124
1778106810.951744,12,0.985627,0.678904,0.669147,0.9818,0.2260,1.5878,0.000,19.456,-155.640,0,0,165,89,107,125
1778106811.018447,0,0.967679,0.631608,0.611194,0.8620,-0.3629,1.5744,0.000,14.984,167.265,0,0,532,63,118,127
1778106811.018447,2,0.995906,0.670975,0.668227,0.8444,-0.0481,1.4194,0.000,19.777,-175.727,0,0,325,156,110,124
1778106811.018447,12,0.987878,0.679000,0.670769,0.9842,0.2285,1.5909,0.000,20.176,-156.087,0,0,165,90,107,122
1778106811.018447,2,0.995007,0.671154,0.667803,0.8620,-0.3629,1.5744,0.000,14.984,167.265,0,0,324,155,112,125
1778106811.018447,0,0.965019,0.632055,0.609945,0.8444,-0.0481,1.4194,0.000,19.777,-175.727,0,0,532,63,118,127
1778106811.018447,12,0.989674,0.679453,0.672438,0.9842,0.2285,1.5909,0.000,20.176,-156.087,0,0,165,90,106,122
1778106811.118552,2,0.997092,0.671154,0.669203,0.8460,-0.0453,1.4215,-0.000,19.600,-176.368,0,0,324,155,112,125
1778106811.118552,0,0.968607,0.632055,0.612214,0.8639,-0.3637,1.5754,0.000,15.770,167.925,0,0,532,63,118,127
1778106811.118552,12,0.988942,0.679453,0.671940,0.9845,0.2285,1.5892,0.000,20.190,-156.540,0,0,165,90,106,124
1778106811.118552,2,0.995974,0.670575,0.667875,0.8460,-0.0453,1.4215,-0.000,19.600,-176.368,0,0,324,155,112,125
1778106811.118552,0,0.966325,0.632502,0.611202,0.8639,-0.3637,1.5754,0.000,15.770,167.925,0,0,532,63,118,127
1778106811.118552,12,0.990299,0.680076,0.673478,0.9845,0.2285,1.5892,0.000,20.190,-156.540,0,0,165,90,107,122
1778106811.318770,2,0.996974,0.671588,0.669556,0.8463,-0.0453,1.4201,0.000,18.885,-176.308,0,0,324,156,113,126
1778106811.318770,0,0.967050,0.632897,0.612043,0.8660,-0.3645,1.5749,0.000,15.800,168.616,0,0,532,64,118,128
1778106811.318770,12,0.989055,0.680076,0.672632,0.9873,0.2293,1.5905,0.000,19.583,-157.091,0,0,165,90,106,124
1778106811.318770,2,0.967182,0.632897,0.612127,0.8463,-0.0453,1.4201,0.000,18.885,-176.308,0,0,532,64,118,129
1778106811.318770,0,0.999246,0.671588,0.671082,0.8660,-0.3645,1.5749,0.000,15.800,168.616,0,0,326,156,110,124
1778106811.318770,12,0.988814,0.680076,0.672468,0.9873,0.2293,1.5905,0.000,19.583,-157.091,0,0,164,90,107,124
1778106811.418876,0,0.968914,0.634008,0.614300,0.8706,-0.3664,1.5773,0.000,15.963,168.145,0,0,532,64,120,129
1778106811.418876,2,0.998471,0.670975,0.669949,0.8444,-0.0481,1.4194,0.000,19.641,-177.865,0,0,325,155,112,125
1778106811.418876,12,0.989517,0.679377,0.672255,0.9845,0.2302,1.5892,0.000,19.913,-156.947,0,0,164,90,107,124
1778106811.418876,0,0.969169,0.632897,0.613384,0.8706,-0.3664,1.5773,0.000,15.963,168.145,0,0,532,64,120,129
1778106811.418876,2,0.997305,0.670558,0.668752,0.8444,-0.0481,1.4194,0.000,19.641,-177.865,0,0,324,156,112,125
1778106811.418876,12,0.989017,0.679377,0.671915,0.9845,0.2302,1.5892,0.000,19.913,-156.947,0,0,164,91,107,122
1778106811.485614,0,0.969031,0.634008,0.614374,0.8660,-0.3645,1.5749,0.000,16.123,168.237,0,0,532,64,120,129
1778106811.485614,2,0.997490,0.672167,0.670480,0.8441,-0.0467,1.4208,0.000,18.919,-176.688,0,0,324,156,113,126
1778106811.485614,12,0.987474,0.679831,0.671315,0.9845,0.2302,1.5892,0.000,19.835,-156.747,0,0,163,91,107,122
1778106811.619084,0,0.998016,0.672167,0.670834,0.8482,-0.0453,1.4208,0.000,19.730,-177.193,0,0,325,155,112,125
1778106811.619084,2,0.968234,0.632897,0.612792,0.8660,-0.3645,1.5749,0.000,15.929,168.349,0,0,532,64,120,129
1778106811.619084,12,0.990348,0.679754,0.673193,0.9849,0.2320,1.5875,0.000,20.679,-156.644,0,0,164,91,106,122
1778106811.619084,2,0.967782,0.632897,0.612506,0.8482,-0.0453,1.4208,0.000,19.730,-177.193,0,0,532,64,120,129
1778106811.619084,0,0.998720,0.671138,0.670279,0.8660,-0.3645,1.5749,0.000,15.929,168.349,0,0,325,156,112,126
1778106811.619084,12,0.989022,0.679831,0.672368,0.9849,0.2320,1.5875,0.000,20.679,-156.644,0,0,164,91,106,120
1778106811.752556,0,0.969279,0.634008,0.614531,0.8706,-0.3664,1.5773,0.000,17.006,169.121,0,0,532,65,118,130
1778106811.752556,2,0.997646,0.670991,0.669412,0.8444,-0.0467,1.4194,-0.000,19.014,-176.959,0,0,324,156,113,126
1778106811.752556,12,0.988108,0.679831,0.671746,0.9849,0.2302,1.5875,0.000,19.750,-156.294,0,0,163,91,106,121
1778106811.819295,0,0.998383,0.671588,0.670502,0.8463,-0.0453,1.4201,0.000,19.755,-177.570,0,0,324,155,113,125
1778106811.819295,2,0.967719,0.633738,0.613280,0.8682,-0.3652,1.5743,-0.000,16.504,169.228,0,0,533,64,120,129
1778106811.819295,12,0.988987,0.679754,0.672268,0.9849,0.2320,1.5875,0.000,19.333,-156.990,0,0,163,91,106,121
1778106811.886029,2,0.997713,0.671154,0.669619,0.8460,-0.0453,1.4215,0.000,18.885,-176.942,0,0,324,156,115,126
1778106811.886029,0,0.968567,0.633237,0.613332,0.8679,-0.3668,1.5758,-0.000,16.864,169.140,0,0,533,64,118,129
1778106811.886029,12,0.989810,0.679754,0.672827,0.9849,0.2320,1.5875,0.000,19.622,-157.180,0,0,162,92,105,120
1778106811.886029,2,0.992615,0.671008,0.666053,0.8460,-0.0453,1.4215,0.000,18.885,-176.942,0,0,323,156,114,126
1778106811.886029,0,0.966853,0.632792,0.611816,0.8679,-0.3668,1.5758,-0.000,16.864,169.140,0,0,533,65,118,130
1778106811.886029,12,0.990239,0.680130,0.673491,0.9849,0.2320,1.5875,0.000,19.622,-157.180,0,0,162,92,105,120
1778106812.019513,2,0.995394,0.671604,0.668510,0.8463,-0.0438,1.4201,0.000,18.710,-175.116,0,0,323,156,115,126
1778106812.019513,0,0.966107,0.633633,0.612157,0.8682,-0.3668,1.5743,0.000,16.360,169.527,0,0,533,64,118,129
1778106812.019513,12,0.989566,0.681373,0.674264,0.9908,0.2353,1.5884,-0.000,18.823,-157.640,0,0,162,91,106,121
1778106812.019513,2,0.995965,0.672183,0.669471,0.8463,-0.0438,1.4201,0.000,18.710,-175.116,0,0,323,156,115,126
1778106812.019513,0,0.964875,0.632792,0.610565,0.8682,-0.3668,1.5743,0.000,16.360,169.527,0,0,533,64,118,129
1778106812.019513,12,0.989046,0.680298,0.672846,0.9908,0.2353,1.5884,-0.000,18.823,-157.640,0,0,162,91,106,121
1778106812.186346,2,0.999535,0.670975,0.670663,0.8444,-0.0481,1.4194,0.000,19.285,-179.361,0,0,326,156,110,124
1778106812.186346,0,0.966323,0.631793,0.610516,0.8623,-0.3660,1.5729,0.000,17.065,169.956,0,0,534,64,120,128
1778106812.186346,12,0.989162,0.681991,0.674600,0.9936,0.2361,1.5897,-0.000,18.743,-157.485,0,0,162,92,106,122
1778106812.186346,2,0.963684,0.632240,0.609280,0.8444,-0.0481,1.4194,0.000,19.285,-179.361,0,0,534,64,118,128
1778106812.186346,0,0.998937,0.671408,0.670694,0.8623,-0.3660,1.5729,0.000,17.065,169.956,0,0,326,157,110,124
1778106812.186346,12,0.989316,0.681373,0.674093,0.9936,0.2361,1.5897,-0.000,18.743,-157.485,0,0,162,92,106,121
1778106812.319776,2,0.999327,0.671408,0.670956,0.8447,-0.0481,1.4180,0.000,18.539,-179.120,0,0,326,157,112,122
1778106812.319776,0,0.962986,0.632240,0.608838,0.8642,-0.3668,1.5739,-0.000,15.985,169.965,0,0,534,64,118,128
1778106812.319776,12,0.989527,0.681373,0.674237,0.9908,0.2353,1.5884,-0.000,18.134,-158.463,0,0,162,92,105,121
1778106812.319776,2,0.999074,0.671425,0.670803,0.8447,-0.0481,1.4180,0.000,18.539,-179.120,0,0,325,157,113,122
1778106812.319776,0,0.962463,0.631846,0.608128,0.8642,-0.3668,1.5739,-0.000,15.985,169.965,0,0,534,63,118,127
1778106812.319776,12,0.990451,0.681991,0.675479,0.9908,0.2353,1.5884,-0.000,18.134,-158.463,0,0,162,92,107,121
1778106812.453259,2,0.963228,0.633025,0.609747,0.8679,-0.3698,1.5758,0.000,15.969,169.796,0,0,535,64,120,128
1778106812.453259,0,0.999485,0.671408,0.671062,0.8447,-0.0481,1.4180,-0.000,18.952,-179.291,0,0,326,157,112,122
1778106812.453259,12,0.988641,0.682070,0.674322,0.9936,0.2343,1.5897,-0.000,18.214,-157.894,0,0,163,92,106,121
1778106812.519999,0,0.963527,0.632630,0.609556,0.8676,-0.3698,1.5773,0.000,16.251,169.895,0,0,535,63,120,127
1778106812.519999,2,0.999268,0.671408,0.670916,0.8447,-0.0481,1.4180,-0.000,18.864,-178.928,0,0,326,157,113,122
1778106812.519999,12,0.990395,0.681829,0.675280,0.9912,0.2353,1.5867,0.000,19.574,-157.302,0,0,162,93,105,121
1778106812.519999,0,0.964072,0.632186,0.609472,0.8676,-0.3698,1.5773,0.000,16.251,169.895,0,0,535,63,120,127
1778106812.519999,2,0.999747,0.670808,0.670638,0.8447,-0.0481,1.4180,-0.000,18.864,-178.928,0,0,327,157,110,121
1778106812.519999,12,0.991611,0.682905,0.677176,0.9912,0.2353,1.5867,0.000,19.574,-157.302,0,0,162,94,105,120
1778106812.653476,0,0.964457,0.632186,0.609715,0.8657,-0.3691,1.5764,0.000,15.755,169.103,0,0,535,63,118,127
1778106812.653476,2,0.998821,0.671572,0.670780,0.8463,-0.0467,1.4201,0.000,19.466,-178.159,0,0,325,156,113,121
1778106812.653476,12,0.991114,0.682905,0.676837,0.9943,0.2361,1.5863,0.000,19.891,-157.375,0,0,162,94,105,120
1778106812.720213,0,0.965653,0.632186,0.610472,0.8657,-0.3691,1.5764,0.000,16.298,169.280,0,0,535,63,118,127
1778106812.720213,2,0.999151,0.671572,0.671002,0.8463,-0.0467,1.4201,0.000,18.538,-178.762,0,0,326,157,112,124
1778106812.720213,12,0.991368,0.682905,0.677010,0.9943,0.2361,1.5863,0.000,19.959,-157.467,0,0,162,94,105,120
1778106812.720213,0,0.963562,0.632079,0.609048,0.8657,-0.3691,1.5764,0.000,16.298,169.280,0,0,536,63,120,127
1778106812.720213,2,0.998471,0.670975,0.669949,0.8463,-0.0467,1.4201,0.000,18.538,-178.762,0,0,326,156,110,121
1778106812.720213,12,0.991389,0.683144,0.677261,0.9943,0.2361,1.5863,0.000,19.959,-157.467,0,0,163,93,106,121
1778106812.786952,0,0.964963,0.632079,0.609933,0.8657,-0.3706,1.5764,0.000,15.864,168.978,0,0,536,63,120,126
1778106812.786952,2,0.997774,0.670975,0.669481,0.8444,-0.0481,1.4194,0.000,19.556,-177.164,0,0,325,157,114,122
1778106812.786952,12,0.992293,0.683144,0.677879,0.9967,0.2351,1.5894,-0.000,19.659,-158.523,0,0,163,94,106,120
1778106812.853699,0,0.963881,0.632079,0.609249,0.8657,-0.3706,1.5764,-0.000,15.879,169.338,0,0,536,63,120,126
1778106812.853699,2,0.997346,0.672006,0.670222,0.8466,-0.0467,1.4187,-0.000,19.390,-176.685,0,0,324,157,113,122
1778106812.853699,12,0.993086,0.682984,0.678262,0.9943,0.2343,1.5863,0.000,19.937,-158.708,0,0,162,94,105,120
1778106812.920434,0,0.963985,0.632523,0.609743,0.8676,-0.3714,1.5773,0.000,15.979,169.407,0,0,536,63,120,127
1778106812.920434,2,0.996307,0.672022,0.669540,0.8466,-0.0453,1.4187,0.000,19.378,-175.783,0,0,324,156,113,122
1778106812.920434,12,0.992995,0.682285,0.677506,0.9915,0.2353,1.5850,-0.000,19.502,-159.005,0,0,162,94,105,120
1778106813.053907,0,0.968656,0.632079,0.612268,0.8657,-0.3706,1.5764,0.000,16.735,168.660,0,0,536,63,120,126
1778106813.053907,2,0.996868,0.671572,0.669468,0.8463,-0.0467,1.4201,0.000,19.572,-176.302,0,0,325,156,114,124
1778106813.053907,12,0.992748,0.681040,0.676101,0.9859,0.2337,1.5823,0.000,19.487,-158.836,0,0,162,94,105,120
1778106813.120645,0,0.998134,0.671572,0.670318,0.8463,-0.0467,1.4201,0.000,18.757,-177.456,0,0,325,156,114,124
1778106813.120645,2,0.966581,0.632523,0.611385,0.8676,-0.3714,1.5773,0.000,16.319,168.924,0,0,536,63,120,126
1778106813.120645,12,0.993190,0.682285,0.677639,0.9915,0.2353,1.5850,-0.000,19.610,-159.029,0,0,162,94,105,120
1778106813.187381,2,0.998565,0.672151,0.671187,0.8482,-0.0467,1.4208,0.000,19.245,-177.857,0,0,325,156,114,124
1778106813.187381,0,0.968289,0.631634,0.611605,0.8639,-0.3698,1.5754,-0.000,16.388,168.428,0,0,536,63,118,126
1778106813.187381,12,0.992598,0.681664,0.676618,0.9887,0.2345,1.5837,0.000,19.880,-158.314,0,0,162,94,105,121
1778106813.254103,2,0.997228,0.672151,0.670287,0.8482,-0.0467,1.4208,0.000,18.682,-176.649,0,0,324,156,115,124
1778106813.254103,0,0.964079,0.632416,0.609699,0.8676,-0.3729,1.5773,-0.000,16.242,169.560,0,0,537,63,120,126
1778106813.254103,12,0.991777,0.681664,0.676059,0.9887,0.2345,1.5837,0.000,19.286,-158.370,0,0,162,94,105,121
1778106813.254103,2,0.999435,0.671555,0.671176,0.8482,-0.0467,1.4208,0.000,18.682,-176.649,0,0,326,156,114,125
1778106813.254103,0,0.962978,0.631528,0.608148,0.8676,-0.3729,1.5773,-0.000,16.242,169.560,0,0,537,63,120,127
1778106813.254103,12,0.992907,0.681664,0.676829,0.9887,0.2345,1.5837,0.000,19.286,-158.370,0,0,162,94,105,120
1778106813.387572,2,0.999654,0.670991,0.670759,0.8444,-0.0467,1.4194,0.000,18.929,-179.575,0,0,325,156,113,124
1778106813.387572,0,0.962247,0.631973,0.608114,0.8657,-0.3721,1.5764,-0.000,15.548,169.428,0,0,537,63,120,127
1778106813.387572,12,0.992349,0.681664,0.676448,0.9887,0.2345,1.5837,0.000,19.648,-158.376,0,0,162,94,105,121
1778106813.387572,2,0.999153,0.670991,0.670423,0.8444,-0.0467,1.4194,0.000,18.929,-179.575,0,0,325,156,113,124
1778106813.387572,0,0.964832,0.631973,0.609748,0.8657,-0.3721,1.5764,-0.000,15.548,169.428,0,0,537,63,120,127
1778106813.387572,12,0.992811,0.681664,0.676763,0.9887,0.2345,1.5837,0.000,19.648,-158.376,0,0,162,94,105,121
1778106813.454310,2,0.964710,0.632416,0.610098,0.8676,-0.3729,1.5773,0.000,15.557,168.652,0,0,536,63,120,127
1778106813.454310,0,0.998266,0.670991,0.669828,0.8444,-0.0467,1.4194,-0.000,19.647,-177.541,0,0,325,157,114,122
1778106813.454310,12,0.993528,0.681664,0.677252,0.9887,0.2345,1.5837,0.000,20.832,-158.119,0,0,161,94,105,120
1778106813.587756,0,0.964549,0.633186,0.610739,0.8703,-0.3725,1.5788,0.000,15.690,168.927,0,0,536,63,120,127
1778106813.587756,2,0.998898,0.671425,0.670685,0.8447,-0.0467,1.4180,0.000,18.949,-178.278,0,0,325,157,114,124
1778106813.587756,12,0.992700,0.680961,0.675990,0.9859,0.2354,1.5823,-0.000,20.211,-157.971,0,0,161,94,105,121
1778106813.587756,0,0.966274,0.633186,0.611832,0.8703,-0.3725,1.5788,0.000,15.577,168.223,0,0,536,63,120,127
1778106813.587756,2,0.998802,0.671425,0.670620,0.8447,-0.0467,1.4180,0.000,19.313,-178.136,0,0,325,157,114,122
1778106813.587756,12,0.991216,0.680961,0.674980,0.9859,0.2354,1.5823,0.000,19.654,-157.533,0,0,161,94,105,121
1778106813.654526,0,0.965466,0.632523,0.610680,0.8676,-0.3714,1.5773,0.000,15.976,168.932,0,0,536,63,120,127
1778106813.654526,2,0.998632,0.671425,0.670506,0.8447,-0.0467,1.4180,0.000,19.210,-177.932,0,0,325,157,115,122
1778106813.654526,12,0.990979,0.680961,0.674818,0.9859,0.2354,1.5823,0.000,19.978,-157.118,0,0,160,95,105,117
1778106813.654526,0,0.967485,0.633186,0.612599,0.8676,-0.3714,1.5773,0.000,15.976,168.932,0,0,536,63,120,127
1778106813.654526,2,0.999393,0.670842,0.670435,0.8447,-0.0467,1.4180,0.000,19.210,-177.932,0,0,326,157,114,122
1778106813.654526,12,0.991814,0.680710,0.675137,0.9859,0.2354,1.5823,0.000,19.978,-157.118,0,0,160,96,105,118
1778106813.788008,0,0.964412,0.633186,0.610653,0.8703,-0.3725,1.5788,0.000,15.234,168.462,0,0,536,63,120,127
1778106813.788008,2,0.999831,0.670825,0.670712,0.8427,-0.0481,1.4173,-0.000,19.755,179.769,0,0,326,156,112,122
1778106813.788008,12,0.992750,0.681792,0.676848,0.9866,0.2372,1.5789,0.000,19.845,-158.078,0,0,160,96,104,118
1778106813.788008,0,0.963442,0.633186,0.610038,0.8703,-0.3725,1.5788,0.000,15.234,168.462,0,0,536,63,120,127
1778106813.788008,2,0.999422,0.670393,0.670006,0.8427,-0.0481,1.4173,-0.000,19.755,179.769,0,0,326,156,114,124
1778106813.788008,12,0.994097,0.682416,0.678388,0.9866,0.2372,1.5789,0.000,19.845,-158.078,0,0,160,95,104,120
1778106813.921485,0,0.963886,0.633186,0.610319,0.8703,-0.3725,1.5788,0.000,15.829,169.285,0,0,535,63,122,127
1778106813.921485,2,0.999877,0.670975,0.670892,0.8444,-0.0481,1.4194,0.000,18.949,179.641,0,0,326,157,113,122
1778106813.921485,12,0.993948,0.682582,0.678451,0.9919,0.2388,1.5833,-0.000,20.296,-158.577,0,0,159,95,105,120
1778106813.988225,0,0.962061,0.633293,0.609267,0.8703,-0.3710,1.5788,0.000,15.519,169.610,0,0,535,63,120,127
1778106813.988225,2,0.999311,0.670825,0.670363,0.8427,-0.0481,1.4173,-0.000,20.100,-179.141,0,0,326,156,114,122
1778106813.988225,12,0.993892,0.681257,0.677096,0.9863,0.2389,1.5806,0.000,19.691,-159.062,0,0,159,94,106,121
1778106814.054955,0,0.962834,0.632630,0.609117,0.8676,-0.3698,1.5773,0.000,15.650,169.507,0,0,535,63,120,127
1778106814.054955,2,0.999586,0.670393,0.670115,0.8425,-0.0481,1.4188,-0.000,18.863,-179.545,0,0,326,156,114,122
1778106814.121694,0,0.960381,0.633734,0.608626,0.8722,-0.3718,1.5798,0.000,15.213,169.804,0,0,535,63,120,127
1778106814.121694,2,0.999604,0.670393,0.670127,0.8425,-0.0481,1.4188,0.000,19.074,-179.530,0,0,326,157,112,122
1778106814.121694,12,0.992580,0.680722,0.675671,0.9859,0.2407,1.5823,0.000,18.958,-158.919,0,0,158,94,106,120
1778106814.188432,0,0.959564,0.633734,0.608109,0.8722,-0.3718,1.5798,-0.000,14.999,169.825,0,0,534,63,118,127
1778106814.188432,2,0.999415,0.670825,0.670433,0.8427,-0.0481,1.4173,0.000,19.122,-179.141,0,0,326,157,110,122
1778106814.188432,12,0.992835,0.680722,0.675844,0.9859,0.2407,1.5823,-0.000,18.995,-159.081,0,0,157,93,107,121
1778106814.188432,0,0.961637,0.633841,0.609525,0.8722,-0.3718,1.5798,-0.000,14.999,169.825,0,0,534,63,118,127
1778106814.188432,2,0.999895,0.669809,0.669739,0.8427,-0.0481,1.4173,0.000,19.122,-179.141,0,0,326,156,113,122
1778106814.188432,12,0.993035,0.680016,0.675280,0.9859,0.2407,1.5823,-0.000,18.995,-159.081,0,0,157,94,107,122
1778106814.355278,0,0.959190,0.633948,0.608077,0.8722,-0.3687,1.5798,0.000,15.013,170.108,0,0,533,63,118,127
1778106814.355278,2,0.999505,0.669809,0.669478,0.8406,-0.0480,1.4181,0.000,19.690,-179.335,0,0,326,156,112,121
1778106814.355278,12,0.994969,0.679065,0.675649,0.9809,0.2427,1.5818,0.000,19.392,-160.548,0,0,156,93,105,121
1778106814.422011,0,0.960122,0.635445,0.610105,0.8771,-0.3706,1.5808,0.000,14.759,169.641,0,0,533,64,120,128
1778106814.422011,2,0.998977,0.669672,0.668987,0.8389,-0.0466,1.4160,0.000,19.594,-178.382,0,0,325,157,113,122
1778106814.422011,12,0.993955,0.680105,0.675994,0.9856,0.2441,1.5840,-0.000,19.266,-159.603,0,0,156,93,106,121
1778106814.422011,0,0.960621,0.635445,0.610422,0.8771,-0.3706,1.5808,-0.000,14.899,169.641,0,0,533,64,120,128
1778106814.422011,2,0.998076,0.669672,0.668384,0.8389,-0.0466,1.4160,0.000,19.262,-177.341,0,0,325,157,114,122
1778106814.422011,12,0.993949,0.680105,0.675990,0.9856,0.2441,1.5840,0.000,19.176,-159.747,0,0,156,93,107,121
1778106814.422011,0,0.959528,0.634345,0.608671,0.8771,-0.3706,1.5808,-0.000,14.899,169.641,0,0,532,64,118,128
1778106814.422011,2,0.997057,0.669672,0.667701,0.8389,-0.0466,1.4160,0.000,19.262,-177.341,0,0,325,157,114,122
1778106814.422011,12,0.993874,0.679065,0.674905,0.9856,0.2441,1.5840,0.000,19.176,-159.747,0,0,155,92,107,122
1778106814.522094,2,0.996365,0.669672,0.667238,0.8725,-0.3687,1.5783,0.000,14.790,169.859,0,0,325,156,114,125
1778106814.522094,0,0.958181,0.634451,0.607919,0.8389,-0.0466,1.4160,0.000,18.365,-176.557,0,0,532,64,118,128
1778106814.522094,12,0.995864,0.677905,0.675102,0.9809,0.2427,1.5818,-0.000,18.453,-161.339,0,0,154,92,107,121
1778106814.655564,2,0.960258,0.634008,0.608812,0.8706,-0.3664,1.5773,0.000,14.958,169.895,0,0,532,64,118,128
1778106814.655564,0,0.996810,0.668655,0.666522,0.8367,-0.0465,1.4167,0.000,19.787,-176.271,0,0,325,156,113,124
1778106814.655564,12,0.995063,0.677824,0.674478,0.9778,0.2454,1.5822,0.000,19.207,-161.128,0,0,154,92,106,121
1778106814.755668,0,0.962512,0.635552,0.611727,0.8771,-0.3690,1.5808,0.000,15.445,169.718,0,0,532,64,118,128
1778106814.755668,2,0.997740,0.668638,0.667127,0.8367,-0.0479,1.4167,0.000,19.197,-177.134,0,0,326,156,114,124
1778106814.755668,12,0.995163,0.677114,0.673839,0.9750,0.2462,1.5809,0.000,19.325,-160.833,0,0,153,92,107,122
1778106814.755668,0,0.961176,0.634345,0.609717,0.8771,-0.3690,1.5808,0.000,15.445,169.718,0,0,533,64,120,128
1778106814.755668,2,0.999250,0.668638,0.668137,0.8367,-0.0479,1.4167,0.000,19.197,-177.134,0,0,326,156,113,124
1778106814.755668,12,0.994487,0.677209,0.673476,0.9750,0.2462,1.5809,0.000,19.325,-160.833,0,0,152,91,107,122
1778106814.889118,0,0.962274,0.634345,0.610414,0.8725,-0.3687,1.5783,0.000,15.641,169.916,0,0,533,64,118,128
1778106814.889118,2,0.999000,0.668638,0.667970,0.8367,-0.0479,1.4167,0.000,18.968,-178.530,0,0,326,156,113,124
1778106814.889118,12,0.992146,0.678249,0.672922,0.9821,0.2502,1.5861,0.000,18.361,-159.221,0,0,152,91,107,122
1778106814.889118,0,0.960907,0.634786,0.609970,0.8725,-0.3687,1.5783,0.000,15.641,169.916,0,0,533,64,118,128
1778106814.889118,2,0.998096,0.668794,0.667520,0.8367,-0.0479,1.4167,0.000,18.968,-178.530,0,0,326,155,113,124
1778106814.889118,12,0.992935,0.677834,0.673045,0.9821,0.2502,1.5861,0.000,18.361,-159.221,0,0,152,91,106,122
1778106815.022568,0,0.959013,0.634345,0.608345,0.8725,-0.3687,1.5783,-0.000,15.036,170.277,0,0,533,64,118,128
1778106815.022568,2,0.996013,0.669241,0.666573,0.8387,-0.0466,1.4174,0.000,18.167,-175.848,0,0,325,156,113,124
1778106815.022568,12,0.992181,0.677797,0.672498,0.9818,0.2502,1.5878,0.000,18.852,-158.548,0,0,152,90,108,125
1778106815.089306,0,0.956596,0.634345,0.606811,0.8725,-0.3687,1.5783,0.000,15.118,171.057,0,0,533,64,117,128
1778106815.089306,2,0.996843,0.668208,0.666098,0.8365,-0.0479,1.4181,0.000,17.648,-176.799,0,0,326,155,114,125
1778106815.089306,12,0.993136,0.676677,0.672032,0.9771,0.2505,1.5856,0.000,19.152,-158.819,0,0,151,90,107,125
1778106815.156045,0,0.956610,0.633796,0.606296,0.8706,-0.3695,1.5773,0.000,14.991,170.848,0,0,534,64,118,128
1778106815.156045,2,0.997531,0.668638,0.666987,0.8367,-0.0479,1.4167,0.000,18.209,-177.133,0,0,326,156,112,124
1778106815.156045,12,0.993362,0.676051,0.671563,0.9743,0.2497,1.5842,0.000,19.133,-159.072,0,0,151,90,108,125
1778106815.222783,0,0.955516,0.633796,0.605602,0.8706,-0.3695,1.5773,0.000,14.687,170.851,0,0,534,64,118,128
1778106815.222783,2,0.998560,0.668208,0.667246,0.8365,-0.0479,1.4181,0.000,19.371,-177.953,0,0,326,155,113,124
1778106815.222783,12,0.991960,0.676417,0.670979,0.9747,0.2514,1.5825,0.000,18.626,-158.346,0,0,150,91,107,124
1778106815.289522,0,0.958882,0.634238,0.608159,0.8725,-0.3702,1.5783,0.000,15.474,170.677,0,0,534,64,118,128
1778106815.289522,2,0.998701,0.668191,0.667323,0.8365,-0.0494,1.4181,0.000,18.641,-178.348,0,0,327,155,114,124
1778106815.289522,12,0.991764,0.675340,0.669778,0.9715,0.2505,1.5829,0.000,18.823,-158.013,0,0,150,90,107,124
1778106815.356255,0,0.956513,0.634238,0.606657,0.8725,-0.3702,1.5783,-0.000,14.853,170.738,0,0,534,64,118,129
1778106815.356255,2,0.996406,0.668810,0.666407,0.8384,-0.0466,1.4188,0.000,19.036,-175.979,0,0,325,155,113,124
1778106815.356255,12,0.993768,0.675968,0.671755,0.9743,0.2514,1.5842,0.000,19.511,-158.740,0,0,150,90,107,124
1778106815.356255,0,0.958966,0.633902,0.607891,0.8725,-0.3702,1.5783,-0.000,14.853,170.738,0,0,533,64,117,128
1778106815.356255,2,0.997470,0.668810,0.667118,0.8384,-0.0466,1.4188,0.000,19.036,-175.979,0,0,325,155,113,124
1778106815.356255,12,0.993427,0.675885,0.671442,0.9743,0.2514,1.5842,0.000,19.511,-158.740,0,0,149,90,107,124
1778106815.489734,0,0.957095,0.634345,0.607128,0.8725,-0.3687,1.5783,0.000,15.293,171.088,0,0,533,64,117,128
1778106815.489734,2,0.999152,0.667604,0.667038,0.8346,-0.0493,1.4175,-0.000,18.472,-179.046,0,0,327,155,112,124
1778106815.489734,12,0.993183,0.675968,0.671360,0.9743,0.2514,1.5842,0.000,19.233,-158.618,0,0,150,90,106,124
1778106815.556473,0,0.960001,0.633796,0.608445,0.8706,-0.3695,1.5773,0.000,15.243,170.118,0,0,534,64,118,128
1778106815.556473,2,0.998269,0.668621,0.667464,0.8367,-0.0494,1.4167,0.000,19.895,-177.786,0,0,327,156,110,122
1778106815.556473,12,0.995081,0.675257,0.671936,0.9715,0.2522,1.5829,0.000,19.941,-159.305,0,0,149,90,107,124
1778106815.556473,0,0.959601,0.633796,0.608191,0.8706,-0.3695,1.5773,0.000,15.395,170.391,0,0,533,64,117,128
1778106815.556473,2,0.993134,0.668621,0.664030,0.8367,-0.0494,1.4167,0.000,19.522,-174.196,0,0,324,155,113,121
1778106815.556473,12,0.994767,0.675257,0.671724,0.9715,0.2522,1.5829,-0.000,19.815,-159.162,0,0,149,90,107,122
1778106815.556473,0,0.956583,0.634345,0.606804,0.8706,-0.3695,1.5773,0.000,15.395,170.391,0,0,533,64,118,128
1778106815.556473,2,0.996567,0.668810,0.666514,0.8367,-0.0494,1.4167,0.000,19.522,-174.196,0,0,325,155,114,124
1778106815.556473,12,0.995294,0.675885,0.672704,0.9715,0.2522,1.5829,-0.000,19.815,-159.162,0,0,149,90,107,122
1778106815.756679,0,0.955531,0.634345,0.606136,0.8725,-0.3687,1.5783,0.000,14.456,170.684,0,0,533,64,118,128
1778106815.756679,2,0.991087,0.669426,0.663460,0.8403,-0.0437,1.4195,0.000,19.788,-172.776,0,0,323,155,113,121
1778106815.756679,12,0.993774,0.675885,0.671677,0.9743,0.2531,1.5842,0.000,19.386,-158.825,0,0,149,90,107,124
1778106815.756679,0,0.955591,0.634345,0.606174,0.8725,-0.3687,1.5783,0.000,15.239,171.452,0,0,533,64,118,128
1778106815.756679,2,0.991665,0.669426,0.663847,0.8403,-0.0437,1.4195,0.000,19.552,-173.044,0,0,323,155,113,121
1778106815.756679,12,0.994276,0.675885,0.672016,0.9743,0.2531,1.5842,-0.000,19.175,-159.799,0,0,149,90,107,122
1778106815.756679,0,0.956459,0.634345,0.606725,0.8725,-0.3687,1.5783,0.000,15.239,171.452,0,0,533,64,118,128
1778106815.756679,2,0.998086,0.668842,0.667562,0.8403,-0.0437,1.4195,0.000,19.552,-173.044,0,0,325,156,108,121
1778106815.756679,12,0.993856,0.675257,0.671109,0.9743,0.2531,1.5842,-0.000,19.175,-159.799,0,0,149,90,107,124
1778106815.956921,2,0.999573,0.668655,0.668369,0.8367,-0.0465,1.4167,0.000,19.591,-179.349,0,0,326,156,110,124
1778106815.956921,0,0.954571,0.633902,0.605105,0.8706,-0.3679,1.5773,-0.000,14.747,171.254,0,0,533,64,117,128
1778106815.956921,12,0.993609,0.675885,0.671565,0.9743,0.2531,1.5842,0.000,19.233,-158.915,0,0,149,90,107,124
1778106815.990290,2,0.999010,0.668638,0.667976,0.8367,-0.0479,1.4167,0.000,19.423,-178.510,0,0,325,156,108,125
1778106815.990290,0,0.954932,0.633902,0.605334,0.8706,-0.3679,1.5773,-0.000,14.768,171.175,0,0,534,63,118,127
1778106815.990290,12,0.994027,0.675885,0.671848,0.9743,0.2531,1.5842,0.000,19.454,-158.971,0,0,149,90,107,124
1778106816.090398,2,0.996102,0.668826,0.666220,0.8384,-0.0451,1.4188,0.000,19.724,-175.638,0,0,324,155,112,125
1778106816.090398,0,0.956253,0.633400,0.605691,0.8703,-0.3695,1.5788,0.000,15.048,170.920,0,0,534,63,118,127
1778106816.090398,12,0.993878,0.677132,0.672987,0.9799,0.2549,1.5869,0.000,19.646,-158.527,0,0,149,90,107,124
1778106816.090398,2,0.996915,0.668241,0.666179,0.8384,-0.0451,1.4188,0.000,19.724,-175.638,0,0,324,155,112,125
1778106816.090398,0,0.956098,0.633400,0.605593,0.8703,-0.3695,1.5788,0.000,15.048,170.920,0,0,534,63,118,127
1778106816.090398,12,0.993950,0.677132,0.673036,0.9799,0.2549,1.5869,0.000,19.646,-158.527,0,0,149,90,107,122
1778106816.223862,2,0.998160,0.668241,0.667011,0.8365,-0.0451,1.4181,0.000,19.981,-177.353,0,0,324,155,113,125
1778106816.223862,0,0.955840,0.633400,0.605429,0.8703,-0.3695,1.5788,-0.000,15.477,171.447,0,0,534,63,118,127
1778106816.223862,12,0.991411,0.675968,0.670162,0.9743,0.2514,1.5842,0.000,19.115,-157.358,0,0,150,90,108,124
1778106816.290595,2,0.999445,0.668638,0.668267,0.8367,-0.0479,1.4167,0.000,20.866,-179.979,0,0,326,156,112,124
1778106816.290595,0,0.954590,0.633948,0.605160,0.8722,-0.3687,1.5798,-0.000,14.991,171.404,0,0,533,63,117,127
1778106816.290595,12,0.991754,0.674710,0.669146,0.9687,0.2497,1.5815,0.000,19.256,-157.431,0,0,150,90,106,124
1778106816.357326,0,0.953340,0.633948,0.604368,0.8722,-0.3687,1.5798,0.000,15.002,171.753,0,0,533,63,118,127
1778106816.357326,2,0.998424,0.668655,0.667601,0.8367,-0.0465,1.4167,-0.000,20.726,-178.012,0,0,325,156,112,122
1778106816.357326,12,0.992855,0.675968,0.671138,0.9743,0.2514,1.5842,-0.000,19.433,-158.049,0,0,150,90,108,125
1778106816.424064,0,0.997603,0.668655,0.667052,0.8367,-0.0465,1.4167,0.000,20.067,-176.962,0,0,325,156,108,122
1778106816.424064,2,0.954977,0.633948,0.605406,0.8722,-0.3687,1.5798,-0.000,14.911,171.219,0,0,533,63,118,127
1778106816.424064,12,0.993649,0.675968,0.671675,0.9743,0.2514,1.5842,0.000,19.891,-158.116,0,0,150,90,107,125
1778106816.424064,2,0.998321,0.668638,0.667515,0.8367,-0.0465,1.4167,0.000,20.067,-176.962,0,0,326,156,110,122
1778106816.424064,0,0.954798,0.634495,0.605814,0.8722,-0.3687,1.5798,-0.000,14.911,171.219,0,0,532,63,118,127
1778106816.424064,12,0.993688,0.677300,0.673025,0.9743,0.2514,1.5842,0.000,19.891,-158.116,0,0,151,90,106,125
1778106816.557530,2,0.997086,0.668655,0.666706,0.8367,-0.0465,1.4167,0.000,20.401,-176.591,0,0,325,156,112,122
1778106816.557530,0,0.952548,0.634054,0.603967,0.8722,-0.3671,1.5798,0.000,14.217,171.261,0,0,532,63,118,127
1778106816.557530,12,0.992238,0.676051,0.670803,0.9743,0.2497,1.5842,0.000,19.325,-157.816,0,0,151,90,108,124
1778106816.624254,2,0.998545,0.668826,0.667854,0.8384,-0.0451,1.4188,0.000,19.643,-177.729,0,0,324,155,113,125
1778106816.624254,0,0.952477,0.633612,0.603500,0.8703,-0.3664,1.5788,0.000,14.266,171.332,0,0,532,63,118,127
1778106816.624254,12,0.994232,0.676677,0.672774,0.9771,0.2505,1.5856,-0.000,19.831,-158.824,0,0,151,90,107,125
1778106816.624254,2,0.996563,0.669411,0.667110,0.8384,-0.0451,1.4188,0.000,19.643,-177.729,0,0,324,155,112,125
1778106816.624254,0,0.951182,0.633717,0.602780,0.8703,-0.3664,1.5788,0.000,14.266,171.332,0,0,531,63,118,127
1778106816.624254,12,0.993959,0.677300,0.673209,0.9771,0.2505,1.5856,-0.000,19.831,-158.824,0,0,151,90,108,125
1778106816.757718,2,0.997867,0.669411,0.667983,0.8403,-0.0452,1.4195,-0.000,20.175,-177.099,0,0,324,155,112,126
1778106816.757718,0,0.953418,0.633717,0.604197,0.8703,-0.3648,1.5788,-0.000,14.368,171.256,0,0,532,63,120,127
1778106816.757718,12,0.991814,0.676677,0.671137,0.9771,0.2505,1.5856,-0.000,19.489,-157.315,0,0,151,90,107,125
1778106816.824462,2,0.998059,0.668826,0.667529,0.8384,-0.0451,1.4188,0.000,20.213,-177.295,0,0,324,154,114,125
1778106816.824462,0,0.953302,0.635154,0.605493,0.8768,-0.3690,1.5823,0.000,14.870,171.716,0,0,531,63,117,127
1778106816.824462,12,0.991986,0.676677,0.671254,0.9771,0.2505,1.5856,0.000,19.911,-156.989,0,0,151,90,108,125
1778106816.824462,2,0.998891,0.668979,0.668237,0.8400,-0.0452,1.4209,-0.000,19.258,-178.157,0,0,324,155,114,126
1778106816.824462,0,0.952550,0.633717,0.603647,0.8703,-0.3648,1.5788,-0.000,14.935,172.059,0,0,531,63,118,127
1778106816.824462,12,0.991168,0.676677,0.670700,0.9771,0.2505,1.5856,0.000,20.164,-156.255,0,0,151,91,107,124
1778106816.891195,2,0.998509,0.668826,0.667829,0.8384,-0.0451,1.4188,0.000,19.014,-177.719,0,0,323,155,115,128
1778106816.891195,0,0.951089,0.633717,0.602721,0.8703,-0.3648,1.5788,0.000,14.478,172.002,0,0,531,63,118,127
1778106816.891195,12,0.991365,0.676500,0.670658,0.9747,0.2497,1.5825,0.000,20.132,-156.332,0,0,151,91,107,124
1778106816.891195,2,0.997860,0.669426,0.667994,0.8384,-0.0451,1.4188,0.000,19.014,-177.719,0,0,323,155,115,128
1778106816.891195,0,0.956053,0.634160,0.606290,0.8703,-0.3648,1.5788,0.000,14.478,172.002,0,0,531,63,118,127
1778106816.891195,12,0.991675,0.676500,0.670868,0.9747,0.2497,1.5825,0.000,20.132,-156.332,0,0,152,91,108,124
1778106816.957922,2,0.999173,0.670009,0.669455,0.8403,-0.0437,1.4195,0.000,18.655,-177.020,0,0,324,155,114,126
1778106816.957922,0,0.953373,0.633717,0.604169,0.8722,-0.3656,1.5798,0.000,14.602,170.753,0,0,531,63,118,127
1778106816.957922,12,0.990265,0.677209,0.670617,0.9747,0.2497,1.5825,0.000,20.173,-156.483,0,0,151,91,107,124
1778106817.091399,2,0.997597,0.669411,0.667802,0.8403,-0.0452,1.4195,0.000,18.437,-176.940,0,0,323,155,115,128
1778106817.091399,0,0.950045,0.634160,0.602480,0.8722,-0.3656,1.5798,-0.000,14.336,172.137,0,0,531,63,118,127
1778106817.091399,12,0.991450,0.676500,0.670716,0.9747,0.2497,1.5825,0.000,19.689,-156.782,0,0,151,91,107,124
1778106817.158139,2,0.998124,0.670009,0.668752,0.8422,-0.0438,1.4202,0.000,18.309,-177.388,0,0,323,155,113,128
1778106817.158139,0,0.954218,0.634601,0.605547,0.8740,-0.3664,1.5808,0.000,14.282,170.938,0,0,531,63,118,127
1778106817.158139,12,0.990973,0.676500,0.670394,0.9747,0.2497,1.5825,-0.000,19.735,-156.445,0,0,152,91,108,124
1778106817.158139,2,0.997740,0.670009,0.668495,0.8422,-0.0438,1.4202,0.000,18.309,-177.388,0,0,323,156,115,126
1778106817.158139,0,0.955024,0.634160,0.605638,0.8740,-0.3664,1.5808,0.000,14.282,170.938,0,0,531,63,118,127
1778106817.158139,12,0.992095,0.676582,0.671234,0.9747,0.2497,1.5825,-0.000,19.735,-156.445,0,0,151,91,107,124
1778106817.291623,2,0.999580,0.670441,0.670160,0.8425,-0.0438,1.4188,-0.000,19.828,-179.208,0,0,324,154,114,125
1778106817.291623,0,0.953512,0.634160,0.604679,0.8722,-0.3656,1.5798,0.000,14.592,171.461,0,0,531,63,118,127
1778106817.291623,12,0.991398,0.676500,0.670681,0.9747,0.2497,1.5825,0.000,20.193,-156.301,0,0,152,91,108,124
1778106817.391722,2,0.998320,0.670024,0.668898,0.8422,-0.0423,1.4202,0.000,18.815,-177.339,0,0,322,155,115,128
1778106817.391722,0,0.952151,0.634601,0.604236,0.8740,-0.3664,1.5808,0.000,14.787,172.023,0,0,531,63,118,127
1778106817.391722,12,0.991611,0.676582,0.670906,0.9747,0.2480,1.5825,0.000,19.716,-156.966,0,0,152,91,106,124
1778106817.391722,2,0.998181,0.670024,0.668806,0.8422,-0.0423,1.4202,-0.000,18.986,-177.164,0,0,323,156,114,126
1778106817.391722,0,0.950771,0.634601,0.603360,0.8740,-0.3664,1.5808,-0.000,14.074,171.677,0,0,531,63,118,127
1778106817.391722,12,0.991136,0.676582,0.670585,0.9747,0.2480,1.5825,0.000,20.210,-156.243,0,0,151,91,107,124
1778106817.491838,2,0.951064,0.634601,0.603546,0.8740,-0.3664,1.5808,-0.000,14.428,171.959,0,0,531,63,117,127
1778106817.491838,0,0.997100,0.670441,0.668497,0.8425,-0.0438,1.4188,-0.000,16.536,-177.389,0,0,323,156,112,126
1778106817.491838,12,0.992262,0.677127,0.671887,0.9774,0.2505,1.5839,-0.000,20.418,-156.639,0,0,151,91,107,124
1778106817.558577,2,0.999001,0.670441,0.669772,0.8425,-0.0438,1.4188,0.000,17.284,-179.303,0,0,323,155,113,125
1778106817.558577,0,0.951007,0.634601,0.603510,0.8740,-0.3664,1.5808,-0.000,14.362,171.908,0,0,531,63,118,127
1778106817.558577,12,0.990808,0.675871,0.669659,0.9719,0.2488,1.5812,0.000,19.409,-156.656,0,0,151,91,107,122
1778106817.625313,2,0.951163,0.634160,0.603189,0.8722,-0.3656,1.5798,0.000,14.480,171.985,0,0,531,63,118,127
1778106817.625313,0,0.997245,0.670590,0.668743,0.8441,-0.0438,1.4208,0.000,16.965,-177.261,0,0,322,156,113,126
1778106817.625313,12,0.992726,0.676500,0.671579,0.9747,0.2497,1.5825,0.000,19.855,-157.468,0,0,151,91,107,122
1778106817.692048,0,0.998564,0.670457,0.669494,0.8425,-0.0423,1.4188,-0.000,19.376,-177.536,0,0,323,155,114,126
1778106817.692048,2,0.950451,0.635260,0.603784,0.8768,-0.3675,1.5823,0.000,14.715,172.399,0,0,531,64,118,128
1778106817.692048,12,0.993382,0.677751,0.673265,0.9802,0.2514,1.5852,0.000,18.950,-159.266,0,0,151,90,107,124
1778106817.792149,0,0.950321,0.635659,0.604080,0.8771,-0.3675,1.5808,0.000,14.585,172.390,0,0,531,64,117,128
1778106817.792149,2,0.997199,0.670173,0.668296,0.8438,-0.0423,1.4222,0.000,19.246,-176.255,0,0,322,154,117,128
1778106817.792149,12,0.994983,0.676051,0.672659,0.9743,0.2497,1.5842,0.000,19.940,-159.432,0,0,151,90,107,125
1778106817.858894,2,0.995911,0.670173,0.667433,0.8438,-0.0423,1.4222,0.000,19.930,-175.299,0,0,322,154,117,128
1778106817.858894,0,0.949973,0.636536,0.604692,0.8808,-0.3690,1.5827,0.000,14.463,172.364,0,0,531,64,117,128
1778106817.858894,12,0.993384,0.676051,0.671578,0.9743,0.2497,1.5842,-0.000,19.084,-159.181,0,0,151,90,107,125
1778106817.858894,2,0.998980,0.670142,0.669459,0.8438,-0.0423,1.4222,0.000,19.930,-175.299,0,0,324,154,117,128
1778106817.858894,0,0.948721,0.635592,0.603000,0.8808,-0.3690,1.5827,0.000,14.463,172.364,0,0,532,63,120,127
1778106817.858894,12,0.995726,0.676051,0.673161,0.9743,0.2497,1.5842,-0.000,19.084,-159.181,0,0,151,90,107,125
1778106817.992362,2,0.948356,0.636098,0.603247,0.8789,-0.3682,1.5818,0.000,14.689,172.986,0,0,531,64,117,128
1778106817.992362,0,0.994012,0.670173,0.666160,0.8438,-0.0423,1.4222,0.000,21.248,-174.348,0,0,322,154,117,128
1778106817.992362,12,0.994872,0.676051,0.672584,0.9743,0.2497,1.5842,0.000,19.292,-160.659,0,0,151,90,107,124
1778106818.059094,0,0.947734,0.636536,0.603267,0.8808,-0.3690,1.5827,0.000,14.457,172.927,0,0,531,64,117,128
1778106818.059094,2,0.996406,0.670158,0.667749,0.8438,-0.0438,1.4222,0.000,20.278,-175.787,0,0,323,154,116,129
1778106818.059094,12,0.996350,0.676051,0.673583,0.9743,0.2497,1.5842,0.000,20.070,-161.221,0,0,151,90,106,125
1778106818.125833,0,0.943770,0.636864,0.601053,0.8826,-0.3713,1.5837,0.000,14.092,173.478,0,0,532,64,118,128
1778106818.125833,2,0.995197,0.670590,0.667369,0.8441,-0.0438,1.4208,0.000,19.442,-174.938,0,0,323,155,118,130
1778106818.125833,12,0.996347,0.675340,0.672874,0.9715,0.2505,1.5829,-0.000,19.876,-163.594,0,0,150,90,106,124
1778106818.192564,0,0.941823,0.637116,0.600050,0.8851,-0.3725,1.5867,0.000,13.493,173.299,0,0,532,63,118,127
1778106818.192564,2,0.997059,0.669562,0.667592,0.8419,-0.0452,1.4216,0.000,19.374,-176.344,0,0,324,154,118,129
1778106818.192564,12,0.995867,0.676334,0.673539,0.9747,0.2531,1.5825,0.000,19.670,-164.457,0,0,149,91,105,124
1778106818.259301,0,0.943113,0.636864,0.600635,0.8826,-0.3713,1.5837,0.000,14.142,173.680,0,0,532,64,117,128
1778106818.259301,2,0.994773,0.669577,0.666078,0.8419,-0.0438,1.4216,0.000,20.118,-174.696,0,0,323,154,117,128
1778106818.259301,12,0.994508,0.675885,0.672173,0.9743,0.2531,1.5842,0.000,19.695,-166.253,0,0,149,90,106,125
1778106818.326039,0,0.943079,0.636428,0.600202,0.8808,-0.3706,1.5827,0.000,13.827,173.397,0,0,532,64,117,128
1778106818.326039,2,0.997471,0.669993,0.668299,0.8422,-0.0452,1.4202,-0.000,21.036,-177.000,0,0,324,155,115,126
1778106818.326039,12,0.993636,0.675174,0.670878,0.9715,0.2540,1.5829,0.000,20.199,-167.604,0,0,148,90,105,124
1778106818.392778,0,0.942680,0.636029,0.599572,0.8805,-0.3706,1.5843,0.000,13.942,173.520,0,0,532,63,117,127
1778106818.392778,2,0.995015,0.670009,0.666669,0.8422,-0.0438,1.4202,0.000,22.004,-175.420,0,0,323,155,115,126
1778106818.392778,12,0.992289,0.674726,0.669524,0.9712,0.2540,1.5846,0.000,19.767,-168.026,0,0,148,89,106,125
1778106818.459516,0,0.939571,0.637408,0.598890,0.8854,-0.3740,1.5852,0.000,13.829,174.141,0,0,533,64,118,128
1778106818.459516,2,0.993298,0.669577,0.665089,0.8419,-0.0438,1.4216,0.000,20.981,-173.988,0,0,323,154,116,125
1778106818.459516,12,0.992914,0.674014,0.669238,0.9684,0.2548,1.5832,0.000,20.507,-168.241,0,0,147,89,105,124
1778106818.526277,0,0.939454,0.636357,0.597828,0.8823,-0.3729,1.5853,0.000,14.130,174.359,0,0,533,63,118,127
1778106818.526277,2,0.999448,0.669961,0.669591,0.8422,-0.0481,1.4202,0.000,20.664,-179.654,0,0,326,155,116,126
1778106818.526277,12,0.985511,0.675006,0.665226,0.9715,0.2574,1.5829,0.000,19.687,-171.448,0,0,146,90,105,122
1778106818.526277,0,0.939804,0.637408,0.599039,0.8823,-0.3729,1.5853,0.000,14.130,174.359,0,0,533,64,117,128
1778106818.526277,2,0.997063,0.669545,0.667579,0.8422,-0.0481,1.4202,0.000,20.664,-179.654,0,0,325,154,114,125
1778106818.526277,12,0.986895,0.675184,0.666336,0.9715,0.2574,1.5829,0.000,19.687,-171.448,0,0,146,89,106,124
1778106818.659743,0,0.936668,0.636357,0.596055,0.8823,-0.3729,1.5853,0.000,13.702,174.607,0,0,533,63,117,127
1778106818.659743,2,0.999121,0.669545,0.668957,0.8419,-0.0466,1.4216,-0.000,20.095,-178.621,0,0,325,154,115,125
1778106818.659743,12,0.984984,0.675184,0.665045,0.9740,0.2583,1.5859,0.000,19.482,-171.467,0,0,146,89,106,124
1778106818.726481,0,0.936600,0.637732,0.597300,0.8872,-0.3764,1.5862,0.000,13.313,174.266,0,0,534,64,118,128
1778106818.726481,2,0.999093,0.669529,0.668922,0.8419,-0.0481,1.4216,0.000,21.467,-179.607,0,0,326,154,114,125
1778106818.726481,12,0.984296,0.674111,0.663525,0.9708,0.2574,1.5862,-0.000,20.211,-172.160,0,0,146,88,106,125
1778106818.793209,0,0.936337,0.637732,0.597132,0.8872,-0.3764,1.5862,-0.000,13.341,174.351,0,0,534,63,118,127
1778106818.793209,2,0.997245,0.669529,0.667684,0.8419,-0.0481,1.4216,0.000,20.424,-176.784,0,0,325,155,114,126
1778106818.793209,12,0.981810,0.674027,0.661766,0.9708,0.2591,1.5862,0.000,20.491,-173.153,0,0,145,88,107,125
1778106818.793209,0,0.935005,0.637331,0.595907,0.8869,-0.3764,1.5877,0.000,13.200,174.441,0,0,534,63,118,127
1778106818.793209,2,0.995562,0.669977,0.667004,0.8422,-0.0466,1.4202,0.000,21.002,-175.596,0,0,324,154,115,125
1778106818.793209,12,0.982956,0.674027,0.662538,0.9708,0.2591,1.5862,-0.000,20.716,-172.851,0,0,145,88,106,125
1778106818.793209,0,0.932650,0.636899,0.594004,0.8869,-0.3764,1.5877,0.000,13.200,174.441,0,0,534,63,118,127
1778106818.793209,2,0.994770,0.669993,0.666489,0.8422,-0.0466,1.4202,0.000,21.002,-175.596,0,0,324,155,115,126
1778106818.793209,12,0.981295,0.674651,0.662032,0.9708,0.2591,1.5862,-0.000,20.716,-172.851,0,0,145,88,106,125
1778106818.926697,0,0.931970,0.637732,0.594347,0.8851,-0.3756,1.5867,0.000,12.971,174.751,0,0,534,64,118,128
1778106818.926697,2,0.997458,0.669977,0.668274,0.8422,-0.0452,1.4202,0.000,20.441,-174.855,0,0,325,155,115,124
1778106818.926697,12,0.972590,0.674565,0.656076,0.9736,0.2600,1.5876,0.000,20.476,-173.328,0,0,144,88,105,124
1778106819.060147,0,0.928614,0.637732,0.592207,0.8872,-0.3764,1.5862,-0.000,12.774,175.513,0,0,534,64,117,128
1778106819.060147,2,0.999351,0.668930,0.668495,0.8400,-0.0495,1.4209,0.000,19.976,-179.173,0,0,327,154,114,125
1778106819.060147,12,0.969514,0.674027,0.653479,0.9708,0.2591,1.5862,0.000,20.294,-176.823,0,0,145,88,106,122
1778106819.126863,0,0.929744,0.637732,0.592928,0.8872,-0.3764,1.5862,0.000,12.695,175.203,0,0,534,64,118,128
1778106819.126863,2,0.997992,0.668947,0.667604,0.8400,-0.0480,1.4209,0.000,20.644,-177.527,0,0,326,154,116,125
1778106819.126863,12,0.968620,0.674565,0.653398,0.9736,0.2617,1.5876,0.000,20.261,-176.952,0,0,144,88,105,121
1778106819.193600,0,0.935573,0.637408,0.596342,0.8854,-0.3740,1.5852,-0.000,13.572,174.808,0,0,533,64,117,126
1778106819.193600,2,0.997031,0.668947,0.666961,0.8400,-0.0480,1.4209,0.000,20.032,-176.549,0,0,326,154,116,125
1778106819.193600,12,0.952479,0.674651,0.642591,0.9736,0.2600,1.5876,0.000,19.474,179.466,0,0,145,88,106,124
1778106819.260317,0,0.933530,0.637299,0.594938,0.8854,-0.3756,1.5852,0.000,12.938,174.605,0,0,534,64,116,126
1778106819.260317,2,0.996354,0.669977,0.667534,0.8422,-0.0466,1.4202,0.000,18.913,-175.956,0,0,325,155,115,126
1778106819.260317,12,0.951760,0.674565,0.642024,0.9736,0.2617,1.5876,-0.000,19.964,179.219,0,0,144,88,105,124
1778106819.260317,0,0.933394,0.636756,0.594345,0.8854,-0.3756,1.5852,0.000,12.938,174.605,0,0,533,64,117,128
1778106819.260317,2,0.998380,0.669378,0.668293,0.8422,-0.0466,1.4202,0.000,18.913,-175.956,0,0,326,155,113,125
1778106819.260317,12,0.953553,0.674565,0.643234,0.9736,0.2617,1.5876,-0.000,19.964,179.219,0,0,144,88,106,124
1778106819.327034,0,0.932886,0.637408,0.594629,0.8826,-0.3729,1.5837,0.000,13.125,174.886,0,0,533,64,118,128
1778106819.327034,2,0.995980,0.667550,0.664866,0.8403,-0.0480,1.4195,0.000,17.110,-178.816,0,0,330,155,110,124
1778106819.327034,12,0.927457,0.674565,0.625630,0.9736,0.2617,1.5876,0.000,21.459,179.110,0,0,144,88,104,125
1778106819.393772,0,0.933240,0.637918,0.595330,0.8854,-0.3740,1.5852,0.000,12.763,174.665,0,0,532,65,117,126
1778106819.393772,2,0.999211,0.668173,0.667646,0.8346,-0.0536,1.4175,0.000,17.182,173.504,0,0,328,155,112,124
1778106819.393772,12,0.922575,0.674565,0.622337,0.9736,0.2617,1.5876,0.000,19.800,174.698,0,0,144,88,105,124
1778106819.527242,0,0.933848,0.636864,0.594735,0.8826,-0.3713,1.5837,0.000,13.067,174.815,0,0,532,64,117,128
1778106819.527242,2,0.997820,0.668912,0.667454,0.8400,-0.0509,1.4209,0.000,17.307,175.358,0,0,328,154,113,125
1778106819.527242,12,0.917764,0.674565,0.619092,0.9736,0.2617,1.5876,0.000,19.657,173.142,0,0,144,88,105,124
1778106819.593981,0,0.996754,0.669545,0.667372,0.8419,-0.0466,1.4216,0.000,19.937,-176.219,0,0,325,154,114,126
1778106819.593981,2,0.937612,0.637517,0.597744,0.8854,-0.3725,1.5852,-0.000,13.777,174.618,0,0,532,64,117,129
1778106819.593981,12,0.907904,0.674651,0.612518,0.9736,0.2600,1.5876,0.000,19.588,171.530,0,0,145,88,105,124
1778106819.593981,2,0.935029,0.636864,0.595487,0.8419,-0.0466,1.4216,0.000,19.937,-176.219,0,0,532,64,117,128
1778106819.593981,0,0.998708,0.669961,0.669095,0.8854,-0.3725,1.5852,-0.000,13.777,174.618,0,0,326,155,116,126
1778106819.593981,12,0.898970,0.674027,0.605930,0.9736,0.2600,1.5876,0.000,19.588,171.530,0,0,145,88,105,124
1778106819.727458,0,0.935669,0.636972,0.595995,0.8826,-0.3698,1.5837,0.000,13.267,174.675,0,0,531,64,117,128
1778106819.727458,2,0.999223,0.668499,0.667979,0.8397,-0.0495,1.4223,-0.000,21.523,177.343,0,0,327,153,115,125
1778106819.727458,12,0.878577,0.675099,0.593126,0.9740,0.2600,1.5859,0.000,20.233,167.179,0,0,145,89,104,124
1778106819.727458,0,0.932828,0.636098,0.593370,0.8826,-0.3698,1.5837,0.000,13.267,174.675,0,0,531,64,117,128
1778106819.727458,2,0.998950,0.669080,0.668377,0.8397,-0.0495,1.4223,-0.000,21.523,177.343,0,0,327,153,116,125
1778106819.727458,12,0.877864,0.675099,0.592645,0.9740,0.2600,1.5859,0.000,20.233,167.179,0,0,145,89,104,124
1778106819.860935,0,0.933344,0.636972,0.594514,0.8826,-0.3698,1.5837,0.000,13.054,174.994,0,0,531,64,117,128
1778106819.860935,2,0.999596,0.668499,0.668229,0.8397,-0.0495,1.4223,0.000,20.589,-179.907,0,0,327,153,115,125
1778106819.860935,12,0.872463,0.675184,0.589073,0.9740,0.2583,1.5859,0.000,20.377,166.242,0,0,146,89,104,124
1778106819.927659,0,0.931740,0.636972,0.593492,0.8826,-0.3698,1.5837,0.000,12.768,175.082,0,0,531,64,116,129
1778106819.927659,2,0.996949,0.669545,0.667503,0.8419,-0.0466,1.4216,0.000,20.876,-176.553,0,0,325,154,115,126
1778106819.927659,12,0.840637,0.675807,0.568108,0.9768,0.2592,1.5873,0.000,18.912,162.775,0,0,146,89,106,124
1778106819.994398,0,0.930233,0.636536,0.592126,0.8808,-0.3690,1.5827,-0.000,12.458,175.120,0,0,531,64,116,129
1778106819.994398,2,0.999279,0.669529,0.669046,0.8419,-0.0481,1.4216,0.000,20.469,-179.117,0,0,326,154,115,128
1778106819.994398,12,0.829052,0.675807,0.560279,0.9768,0.2592,1.5873,0.000,18.395,161.610,0,0,146,89,105,124
1778106820.061149,0,0.934066,0.636098,0.594158,0.8789,-0.3682,1.5818,-0.000,12.903,174.695,0,0,531,64,116,128
1778106820.061149,2,0.999472,0.669080,0.668727,0.8416,-0.0495,1.4230,0.000,21.504,178.648,0,0,327,153,114,125
1778106820.061149,12,0.810173,0.675807,0.547520,0.9768,0.2592,1.5873,0.000,18.683,159.435,0,0,146,89,106,122
1778106820.127890,0,0.929421,0.636643,0.591709,0.8808,-0.3674,1.5827,0.000,12.152,175.085,0,0,530,64,117,128
1778106820.127890,2,0.999915,0.669511,0.669455,0.8419,-0.0495,1.4216,0.000,20.127,178.186,0,0,327,154,113,126
1778106820.127890,12,0.797473,0.676791,0.539722,0.9799,0.2618,1.5869,-0.000,18.472,158.243,0,0,145,90,104,122
1778106820.194645,0,0.931604,0.637480,0.593879,0.8829,-0.3682,1.5822,-0.000,12.320,174.849,0,0,530,65,117,126
1778106820.194645,2,0.999766,0.669511,0.669355,0.8419,-0.0495,1.4216,0.000,20.784,178.656,0,0,327,154,113,126
1778106820.194645,12,0.789341,0.676791,0.534219,0.9799,0.2618,1.5869,-0.000,18.470,157.401,0,0,145,90,105,122
1778106820.194645,0,0.931370,0.637480,0.593730,0.8829,-0.3682,1.5822,-0.000,12.320,174.849,0,0,531,65,116,126
1778106820.194645,2,0.999645,0.669511,0.669274,0.8419,-0.0495,1.4216,0.000,20.784,178.656,0,0,328,154,114,125
1778106820.194645,12,0.777122,0.676791,0.525949,0.9799,0.2618,1.5869,-0.000,18.470,157.401,0,0,146,90,104,121
1778106820.294753,0,0.936121,0.638026,0.597270,0.8857,-0.3709,1.5837,-0.000,12.756,174.171,0,0,531,64,116,129
1778106820.294753,2,0.998773,0.669494,0.668673,0.8419,-0.0509,1.4216,-0.000,20.989,-178.820,0,0,326,154,115,126
1778106820.361475,0,0.934473,0.636098,0.594416,0.8789,-0.3682,1.5818,0.000,12.463,174.179,0,0,531,65,116,128
1778106820.361475,2,0.998743,0.671266,0.670422,0.8476,-0.0482,1.4236,0.000,20.409,-178.298,0,0,326,154,115,126
1778106820.361475,12,0.762284,0.675006,0.514546,0.9715,0.2574,1.5829,0.000,17.164,155.028,0,0,146,90,104,121
1778106820.361475,0,0.934187,0.636936,0.595017,0.8789,-0.3682,1.5818,0.000,12.463,174.179,0,0,530,64,117,129
1778106820.361475,2,0.999406,0.671266,0.670867,0.8476,-0.0482,1.4236,0.000,20.409,-178.298,0,0,326,154,117,126
1778106820.528321,0,0.931998,0.637373,0.594030,0.8829,-0.3698,1.5822,0.000,12.468,174.823,0,0,531,65,116,128
1778106820.528321,2,0.999833,0.670671,0.670559,0.8457,-0.0496,1.4229,0.000,20.301,179.453,0,0,327,154,115,126
1778106820.528321,12,0.746505,0.674377,0.503426,0.9687,0.2565,1.5815,0.000,17.739,153.318,0,0,146,90,103,117
1778106820.595059,0,0.933932,0.636098,0.594072,0.8789,-0.3682,1.5818,0.000,13.230,175.026,0,0,531,64,116,129
1778106820.595059,2,0.999230,0.670671,0.670155,0.8457,-0.0496,1.4229,0.000,20.701,-179.265,0,0,327,154,114,128
1778106820.595059,12,0.742842,0.675632,0.501888,0.9743,0.2583,1.5842,0.000,18.316,152.785,0,0,146,90,102,117
1778106820.661811,2,0.998938,0.671266,0.670553,0.8476,-0.0482,1.4236,0.000,19.766,-178.419,0,0,326,154,114,128
1778106820.661811,0,0.933944,0.636536,0.594489,0.8808,-0.3690,1.5827,0.000,13.002,174.814,0,0,531,64,118,128
1778106820.661811,12,0.722776,0.680200,0.491632,0.9933,0.2642,1.5915,0.000,15.910,151.736,0,0,146,91,103,117
1778106820.661811,2,0.999353,0.671266,0.670831,0.8476,-0.0482,1.4236,0.000,19.766,-178.419,0,0,326,154,114,125
1778106820.661811,0,0.934131,0.636536,0.594608,0.8808,-0.3690,1.5827,0.000,13.002,174.814,0,0,531,64,116,129
1778106820.661811,12,0.718183,0.680741,0.488897,0.9933,0.2642,1.5915,0.000,15.910,151.736,0,0,147,92,104,115
1778106820.728536,2,0.999560,0.670358,0.670063,0.8476,-0.0482,1.4236,-0.000,20.253,-179.154,0,0,328,156,110,122
1778106820.728536,0,0.937577,0.636098,0.596391,0.8808,-0.3690,1.5827,0.000,13.023,174.792,0,0,531,64,117,128
1778106820.728536,12,0.702786,0.680287,0.478096,0.9936,0.2624,1.5897,-0.000,15.979,151.186,0,0,147,91,103,117
1778106820.862013,2,0.999760,0.671121,0.670960,0.8460,-0.0481,1.4215,0.000,18.601,179.770,0,0,326,155,113,124
1778106820.862013,0,0.940002,0.637625,0.599369,0.8854,-0.3709,1.5852,0.000,13.547,173.944,0,0,531,64,117,128
1778106820.862013,12,0.701220,0.681263,0.477715,0.9964,0.2651,1.5911,0.000,17.169,149.356,0,0,146,92,103,115
1778106820.928710,2,0.995695,0.669062,0.666182,0.8416,-0.0509,1.4230,-0.000,14.324,178.522,0,0,328,153,112,125
1778106820.928710,0,0.937306,0.636536,0.596629,0.8808,-0.3690,1.5827,0.000,13.723,174.720,0,0,531,64,117,129
1778106820.928710,12,0.706322,0.681870,0.481620,0.9992,0.2660,1.5924,0.000,17.663,149.645,0,0,146,92,104,117
1778106820.995445,2,0.993929,0.669062,0.665000,0.8416,-0.0509,1.4230,0.000,13.346,178.040,0,0,328,153,110,121
1778106820.995445,0,0.937405,0.637517,0.597612,0.8854,-0.3725,1.5852,0.000,13.330,174.260,0,0,532,64,118,128
1778106820.995445,12,0.694660,0.681629,0.473500,0.9967,0.2668,1.5894,0.000,16.685,149.035,0,0,145,93,103,117
1778106821.062194,2,0.990359,0.668481,0.662036,0.8397,-0.0509,1.4223,-0.000,11.916,176.572,0,0,328,153,107,121
1778106821.062194,0,0.937277,0.637517,0.597530,0.8854,-0.3725,1.5852,-0.000,13.278,174.241,0,0,532,64,118,128
1778106821.062194,12,0.690906,0.681718,0.471003,0.9967,0.2651,1.5894,-0.000,17.799,148.241,0,0,146,93,104,117
1778106821.128924,2,0.996049,0.669511,0.666867,0.8419,-0.0495,1.4216,0.000,14.961,-178.989,0,0,327,154,110,122
1778106821.128924,0,0.933595,0.636029,0.593793,0.8805,-0.3706,1.5843,0.000,12.737,174.482,0,0,532,63,117,127
1778106821.128924,12,0.666586,0.682326,0.454829,0.9995,0.2660,1.5907,0.000,16.702,146.520,0,0,146,93,102,117
1778106821.195663,0,0.928648,0.636029,0.590647,0.8805,-0.3706,1.5843,-0.000,12.354,175.204,0,0,532,63,117,127
1778106821.195663,2,0.996695,0.670126,0.667911,0.8438,-0.0467,1.4222,0.000,16.770,-177.169,0,0,325,154,108,121
1778106821.195663,12,0.639879,0.682805,0.436912,0.9974,0.2616,1.5859,0.000,14.402,144.912,0,0,148,95,102,111
1778106821.262399,0,0.933167,0.636029,0.593521,0.8805,-0.3706,1.5843,0.000,12.420,174.270,0,0,532,63,117,127
1778106821.262399,2,0.995438,0.671572,0.668508,0.8463,-0.0467,1.4201,0.000,16.972,-175.916,0,0,325,156,110,124
1778106821.262399,12,0.670909,0.682717,0.458041,0.9974,0.2633,1.5859,0.000,16.930,146.703,0,0,147,95,102,114
1778106821.262399,0,0.995737,0.671572,0.668709,0.8463,-0.0467,1.4201,0.000,15.367,-177.455,0,0,325,155,110,126
1778106821.262399,2,0.935141,0.636029,0.594777,0.8805,-0.3706,1.5843,0.000,13.057,174.438,0,0,533,63,117,127
1778106821.262399,12,0.653689,0.682717,0.446284,0.9974,0.2633,1.5859,-0.000,16.731,145.324,0,0,147,95,102,113
1778106821.329140,2,0.995566,0.671138,0.668162,0.8460,-0.0467,1.4215,0.000,15.220,-177.591,0,0,324,155,113,126
1778106821.329140,0,0.933615,0.636357,0.594112,0.8823,-0.3729,1.5853,0.000,12.811,174.468,0,0,533,63,117,127
1778106821.329140,2,0.995609,0.671716,0.668767,0.8460,-0.0467,1.4215,0.000,15.220,-177.591,0,0,325,155,112,128
1778106821.329140,0,0.933165,0.634388,0.591989,0.8823,-0.3729,1.5853,0.000,12.811,174.468,0,0,533,63,117,127
1778106821.429256,2,0.994153,0.671716,0.667789,0.8479,-0.0467,1.4222,0.000,15.806,-175.843,0,0,323,155,113,128
1778106821.429256,0,0.933407,0.634388,0.592143,0.8740,-0.3694,1.5808,-0.000,13.302,174.967,0,0,533,63,117,127
1778106821.529362,0,0.930682,0.635813,0.591740,0.8805,-0.3737,1.5843,0.000,13.136,175.324,0,0,534,63,118,127
1778106821.529362,2,0.996674,0.671154,0.668922,0.8460,-0.0453,1.4215,0.000,15.709,-178.059,0,0,324,155,113,126
1778106821.529362,0,0.929886,0.635813,0.591234,0.8805,-0.3737,1.5843,0.000,12.657,175.061,0,0,534,64,117,128
1778106821.529362,2,0.994619,0.671154,0.667543,0.8460,-0.0453,1.4215,0.000,14.791,-177.132,0,0,323,155,113,128
1778106821.596099,0,0.926782,0.638163,0.591438,0.8890,-0.3771,1.5872,0.000,12.711,175.839,0,0,534,64,118,126
1778106821.596099,2,0.995364,0.671170,0.668059,0.8460,-0.0438,1.4215,0.000,14.807,-177.771,0,0,324,155,112,126
1778106821.596099,0,0.906740,0.639237,0.579622,0.8890,-0.3771,1.5872,0.000,12.711,175.839,0,0,325,154,110,128
1778106821.596099,2,0.921841,0.639237,0.589275,0.8460,-0.0438,1.4215,0.000,14.807,-177.771,0,0,534,64,118,125
1778106821.696208,2,0.991853,0.670126,0.664666,0.8438,-0.0467,1.4222,0.000,13.241,-177.233,0,0,325,152,110,125
1778106821.696208,0,0.917826,0.639237,0.586709,0.8937,-0.3791,1.5896,-0.000,13.343,178.103,0,0,534,65,117,126
1778106821.696208,0,0.918126,0.639641,0.587271,0.8438,-0.0467,1.4222,0.000,13.241,-177.233,0,0,534,64,117,128
1778106821.696208,2,0.991813,0.669262,0.663783,0.8937,-0.3791,1.5896,-0.000,13.343,178.103,0,0,326,152,110,122
1778106821.829684,2,0.984764,0.668666,0.658478,0.8413,-0.0481,1.4244,-0.000,10.600,-176.974,0,0,325,151,110,122
1778106821.829684,0,0.897460,0.639237,0.573690,0.8937,-0.3791,1.5896,-0.000,15.019,-177.350,0,0,535,65,117,128
1778106821.929784,2,0.986527,0.668252,0.659248,0.8410,-0.0466,1.4258,-0.000,10.959,-177.864,0,0,325,150,110,124
1778106821.929784,0,0.890152,0.639418,0.569179,0.8940,-0.3822,1.5881,0.000,15.031,-176.368,0,0,536,65,116,128
1778106821.929784,2,0.990399,0.667821,0.661409,0.8408,-0.0466,1.4272,-0.000,12.503,-178.191,0,0,325,151,108,122
1778106821.929784,0,0.884819,0.639418,0.565769,0.8940,-0.3822,1.5881,0.000,15.304,-175.440,0,0,536,65,116,129
1778106822.029862,2,0.993133,0.667503,0.662920,0.8375,-0.0480,1.4230,0.000,13.036,179.214,0,0,326,152,107,121
1778106822.029862,0,0.885302,0.640059,0.566645,0.8967,-0.3834,1.5896,0.000,16.122,-175.082,0,0,536,65,117,130
1778106822.029862,2,0.994729,0.667503,0.663985,0.8375,-0.0480,1.4230,0.000,14.189,-179.175,0,0,325,153,107,120
1778106822.029862,0,0.881784,0.640059,0.564394,0.8967,-0.3834,1.5896,0.000,16.061,-174.615,0,0,536,65,115,129
1778106822.029862,2,0.996215,0.667365,0.664839,0.8375,-0.0480,1.4230,0.000,14.189,-179.175,0,0,326,153,112,124
1778106822.029862,0,0.876516,0.640059,0.561022,0.8967,-0.3834,1.5896,0.000,16.061,-174.615,0,0,536,65,116,129
1778106822.096601,2,0.996232,0.667349,0.664834,0.8359,-0.0465,1.4209,-0.000,14.756,179.925,0,0,327,154,112,121
1778106822.096601,0,0.871038,0.640485,0.557887,0.8967,-0.3834,1.5896,0.000,15.326,-174.258,0,0,536,65,116,129
1778106822.196707,2,0.997143,0.667175,0.665268,0.8343,-0.0493,1.4189,0.000,15.231,179.103,0,0,327,155,112,118
1778106822.196707,0,0.871040,0.640485,0.557888,0.8986,-0.3842,1.5905,0.000,15.234,-173.557,0,0,536,65,116,129
1778106822.296810,2,0.993634,0.665997,0.661757,0.8305,-0.0492,1.4175,0.000,13.234,-179.839,0,0,327,154,110,120
1778106822.296810,0,0.868084,0.640909,0.556363,0.9004,-0.3850,1.5915,0.000,14.941,-173.312,0,0,536,65,116,129
1778106822.296810,2,0.992556,0.665997,0.661040,0.8305,-0.0492,1.4175,0.000,13.234,-179.839,0,0,327,154,110,120
1778106822.296810,0,0.847804,0.640909,0.543366,0.9004,-0.3850,1.5915,0.000,14.941,-173.312,0,0,536,65,116,129
1778106822.363540,2,0.995952,0.665406,0.662713,0.8286,-0.0492,1.4168,0.000,14.746,-179.341,0,0,327,153,112,120
1778106822.363540,0,0.827410,0.641544,0.530820,0.9032,-0.3861,1.5930,0.000,15.336,-168.065,0,0,536,66,116,130
1778106822.463656,2,0.991821,0.665160,0.659720,0.8299,-0.0478,1.4203,-0.000,14.824,-175.515,0,0,326,152,113,125
1778106822.463656,0,0.817074,0.640912,0.523673,0.9029,-0.3893,1.5946,0.000,15.148,-167.175,0,0,538,64,115,128
1778106822.463656,2,0.991888,0.665160,0.659764,0.8299,-0.0478,1.4203,-0.000,16.265,-174.460,0,0,326,153,112,122
1778106822.463656,0,0.793232,0.640912,0.508392,0.9029,-0.3893,1.5946,0.000,13.409,-165.388,0,0,538,66,115,126
1778106822.463656,2,0.994779,0.665587,0.662112,0.8299,-0.0478,1.4203,-0.000,16.265,-174.460,0,0,326,152,113,124
1778106822.463656,0,0.762453,0.642144,0.489604,0.9029,-0.3893,1.5946,0.000,13.409,-165.388,0,0,539,66,118,125
1778106822.630473,2,0.993681,0.664554,0.660354,0.8280,-0.0492,1.4196,-0.000,15.117,-176.613,0,0,327,152,112,121
1778106822.630473,0,0.736051,0.641262,0.472001,0.9035,-0.3957,1.5914,0.000,12.270,-160.459,0,0,542,66,116,125
1778106822.630473,2,0.997540,0.664554,0.662919,0.8280,-0.0492,1.4196,-0.000,15.117,-176.613,0,0,330,153,110,121
1778106822.630473,0,0.723445,0.641262,0.463918,0.9035,-0.3957,1.5914,0.000,12.270,-160.459,0,0,543,65,115,129
1778106822.697211,2,0.995968,0.664335,0.661656,0.8264,-0.0534,1.4175,0.000,15.232,-178.851,0,0,329,152,110,124
1778106822.697211,0,0.709265,0.640742,0.454456,0.9032,-0.3973,1.5930,0.000,12.681,-157.872,0,0,544,67,115,128
1778106822.697211,2,0.995521,0.663632,0.660659,0.8264,-0.0534,1.4175,0.000,15.232,-178.851,0,0,328,152,112,124
1778106822.697211,0,0.702908,0.641434,0.450869,0.9032,-0.3973,1.5930,0.000,12.681,-157.872,0,0,545,66,114,130
1778106822.763940,2,0.995677,0.663649,0.660780,0.8252,-0.0519,1.4186,-0.000,15.457,-178.037,0,0,328,152,108,121
1778106822.763940,0,0.695736,0.640281,0.445467,0.9038,-0.3989,1.5899,0.000,14.311,-156.623,0,0,546,65,114,130
1778106822.897434,2,0.989992,0.660263,0.653656,0.8154,-0.0489,1.4165,0.000,12.272,-178.276,0,0,327,151,115,126
1778106822.897434,0,0.665738,0.638989,0.425399,0.8986,-0.4049,1.5905,-0.000,14.297,-153.851,0,0,549,65,115,130
1778106822.897434,2,0.988024,0.660263,0.652356,0.8154,-0.0489,1.4165,0.000,12.133,-176.735,0,0,326,148,113,125
1778106822.897434,0,0.664976,0.638989,0.424913,0.8986,-0.4049,1.5905,-0.000,15.308,-153.368,0,0,549,65,115,131
1778106822.897434,2,0.991741,0.658121,0.652685,0.8154,-0.0489,1.4165,0.000,12.133,-176.735,0,0,326,148,112,126
1778106822.897434,0,0.667448,0.638989,0.426492,0.8986,-0.4049,1.5905,-0.000,15.308,-153.368,0,0,550,65,115,130
1778106823.064250,2,0.988430,0.660398,0.652758,0.8200,-0.0462,1.4241,0.000,14.845,-173.911,0,0,325,147,114,126
1778106823.064250,0,0.623751,0.637814,0.397837,0.8964,-0.4088,1.5911,0.000,13.764,-150.851,0,0,552,64,113,129
1778106823.064250,2,0.995799,0.660398,0.657624,0.8200,-0.0462,1.4241,0.000,16.062,-177.750,0,0,327,148,112,125
1778106823.064250,0,0.622164,0.637814,0.396825,0.8964,-0.4088,1.5911,-0.000,13.724,-150.739,0,0,554,64,115,129
1778106823.064250,2,0.993299,0.663456,0.659010,0.8200,-0.0462,1.4241,0.000,16.062,-177.750,0,0,326,148,115,125
1778106823.064250,0,0.579503,0.637857,0.369640,0.8964,-0.4088,1.5911,-0.000,13.724,-150.739,0,0,555,65,106,128
1778106823.164357,2,0.988505,0.663456,0.655830,0.8288,-0.0478,1.4258,-0.000,14.705,-174.093,0,0,326,148,114,128
1778106823.164357,0,0.599002,0.637857,0.382077,0.8967,-0.4136,1.5896,0.000,14.281,-148.898,0,0,557,66,115,128
1778106823.164357,2,0.984771,0.663456,0.653352,0.8288,-0.0478,1.4258,-0.000,14.705,-174.093,0,0,325,147,113,129
1778106823.164357,0,0.593251,0.636963,0.377879,0.8967,-0.4136,1.5896,0.000,14.281,-148.898,0,0,559,66,114,126
1778106823.331169,2,0.990924,0.662445,0.656433,0.8266,-0.0478,1.4265,0.000,13.949,-176.513,0,0,326,147,114,126
1778106823.331169,0,0.562977,0.637120,0.358684,0.8927,-0.4178,1.5840,0.000,13.012,-146.948,0,0,559,67,115,124
1778106823.331169,2,0.981603,0.662445,0.650258,0.8266,-0.0478,1.4265,0.000,13.949,-176.513,0,0,325,147,112,126
1778106823.331169,0,0.557097,0.637120,0.354938,0.8927,-0.4178,1.5840,0.000,13.012,-146.948,0,0,561,67,116,124
1778106823.431277,2,0.983945,0.656517,0.645977,0.8076,-0.0460,1.4195,0.000,10.211,-178.738,0,0,325,147,107,126
1778106823.431277,0,0.580038,0.636999,0.369484,0.8927,-0.4194,1.5840,0.000,14.485,-147.751,0,0,560,67,115,128
1778106823.431277,2,0.986402,0.656517,0.647590,0.8076,-0.0460,1.4195,0.000,10.887,177.378,0,0,326,146,110,125
1778106823.431277,0,0.587191,0.636999,0.374040,0.8927,-0.4194,1.5840,-0.000,12.748,-149.031,0,0,561,67,115,124
1778106823.498023,2,0.960167,0.655483,0.629373,0.8055,-0.0473,1.4202,0.000,10.616,165.276,0,0,322,144,113,125
1778106823.498023,0,0.586457,0.637299,0.373748,0.8946,-0.4218,1.5850,0.000,14.728,-148.245,0,0,564,66,114,129
1778106823.498023,2,0.926201,0.656509,0.608059,0.8055,-0.0473,1.4202,0.000,10.616,165.276,0,0,323,143,114,128
1778106823.498023,0,0.547652,0.635483,0.348023,0.8946,-0.4218,1.5850,0.000,14.728,-148.245,0,0,563,67,114,128
1778106823.631512,2,0.918417,0.659919,0.606081,0.8227,-0.0435,1.4310,0.000,9.319,157.956,0,0,321,143,113,128
1778106823.631512,0,0.516416,0.636001,0.328441,0.8900,-0.4228,1.5825,0.000,14.394,-143.221,0,0,564,67,114,129
1778106823.698249,2,0.896900,0.659819,0.591792,0.8233,-0.0407,1.4327,0.000,6.798,156.332,0,0,321,142,112,125
1778106823.698249,0,0.557016,0.635483,0.353974,0.8897,-0.4244,1.5841,0.000,13.779,-146.626,0,0,564,66,113,129
1778106823.698249,2,0.891745,0.659819,0.588390,0.8233,-0.0407,1.4327,-0.000,7.808,154.883,0,0,320,142,113,128
1778106823.698249,0,0.554849,0.635483,0.352597,0.8897,-0.4244,1.5841,0.000,14.165,-146.302,0,0,565,67,115,129
1778106823.764990,0,0.536498,0.635756,0.341082,0.8900,-0.4260,1.5825,-0.000,15.659,-144.398,0,0,565,70,113,126
1778106823.764990,2,0.848963,0.656000,0.556920,0.8110,-0.0392,1.4281,0.000,6.171,150.119,0,0,319,141,113,126
1778106823.764990,0,0.514581,0.636425,0.327492,0.8900,-0.4260,1.5825,-0.000,15.659,-144.398,0,0,566,69,114,128
1778106823.764990,2,0.823407,0.654882,0.539234,0.8110,-0.0392,1.4281,0.000,6.171,150.119,0,0,319,140,112,124
1778106823.931836,0,0.464399,0.636698,0.295682,0.8909,-0.4291,1.5779,0.000,15.112,-139.490,0,0,567,70,113,124
1778106823.931836,2,0.787260,0.654906,0.515581,0.8095,-0.0350,1.4304,-0.000,2.506,145.517,0,0,317,140,113,124
1778106823.931836,0,0.764943,0.654906,0.500966,0.8095,-0.0350,1.4304,-0.000,1.466,143.775,0,0,316,139,115,126
1778106823.998582,0,0.759855,0.654798,0.497552,0.8102,-0.0336,1.4321,-0.000,3.149,142.413,0,0,317,139,113,120
1778106823.998582,0,0.439819,0.636817,0.280085,0.8102,-0.0336,1.4321,-0.000,3.149,142.413,0,0,569,72,108,120
1778106824.065319,0,0.893801,0.636817,0.569188,0.8897,-0.4314,1.5739,0.000,2.988,138.665,0,0,317,138,112,125
1778106824.065319,0,0.708876,0.665059,0.471445,0.8897,-0.4314,1.5739,0.000,2.988,138.665,0,0,316,139,116,128
1778106824.165426,0,0.802449,0.664935,0.533577,0.8433,-0.0337,1.4449,0.000,17.916,-141.349,0,0,573,74,113,124
1778106824.232166,0,0.433214,0.636680,0.275819,0.8885,-0.4367,1.5698,0.000,17.337,-136.961,0,0,579,80,108,117
1778106824.365598,0,0.437371,0.637212,0.278698,0.8857,-0.4438,1.5583,0.000,19.451,-137.076,1,1,579,78,114,122
1778106828.403132,0,0.382660,0.672041,0.257163,0.9182,-0.4335,1.5371,-0.000,17.364,-132.824,0,0,551,116,106,132
1778106828.403132,0,0.352749,0.666492,0.235105,0.9310,-0.4211,1.5246,0.000,17.154,-130.063,0,0,555,116,106,121
1778106828.469870,0,0.384416,0.663425,0.255031,0.9338,-0.4221,1.5190,0.000,17.786,-132.070,0,0,565,103,108,125
1778106828.569962,0,0.426043,0.652373,0.277939,0.9105,-0.4303,1.5312,0.000,17.755,-135.780,0,0,571,94,113,129
1778106828.569962,0,0.424908,0.644895,0.274021,0.9105,-0.4303,1.5312,0.000,17.755,-135.780,0,0,574,92,110,122
1778106828.736824,0,0.434752,0.642177,0.279188,0.8875,-0.4351,1.5391,0.000,18.633,-136.825,0,0,584,77,111,125
1778106828.736824,0,0.474267,0.633028,0.300224,0.8875,-0.4351,1.5391,0.000,18.633,-136.825,0,0,584,71,112,133
1778106828.803563,0,0.483070,0.631213,0.304920,0.8746,-0.4464,1.5577,-0.000,18.142,-140.601,0,0,583,72,113,129
1778106828.870319,0,0.466602,0.631213,0.294525,0.8731,-0.4449,1.5652,0.000,19.203,-139.553,0,0,585,71,110,129
1778106828.937059,0,0.491295,0.629928,0.309480,0.8700,-0.4465,1.5653,0.000,18.769,-141.678,0,0,585,69,110,130
1778106829.003797,0,0.427371,0.629155,0.268883,0.8694,-0.4465,1.5683,0.000,17.504,-137.535,0,0,585,67,110,133
1778106829.003797,0,0.430668,0.628384,0.270625,0.8694,-0.4465,1.5683,0.000,17.504,-137.535,0,0,585,68,110,133
1778106829.070536,0,0.423759,0.628770,0.266447,0.8691,-0.4465,1.5698,-0.000,17.191,-137.395,0,0,584,68,111,133
1778106829.070536,0,0.493823,0.628895,0.310563,0.8691,-0.4465,1.5698,-0.000,17.191,-137.395,0,0,585,68,109,133
1778106829.170643,0,0.467666,0.629411,0.294354,0.8719,-0.4480,1.5713,0.000,18.289,-140.116,0,0,584,68,111,133
1778106829.170643,0,0.475601,0.629537,0.299409,0.8719,-0.4480,1.5713,0.000,18.289,-140.116,0,0,584,71,111,130
1778106829.270719,0,0.452301,0.630698,0.285265,0.8728,-0.4464,1.5668,-0.000,18.516,-138.854,0,0,584,70,112,132
1778106829.304089,0,0.482525,0.630311,0.304141,0.8725,-0.4464,1.5683,0.000,18.392,-141.078,0,0,584,69,111,132
1778106829.370824,0,0.500103,0.630351,0.315240,0.8740,-0.4474,1.5707,-0.000,18.445,-142.343,0,0,584,69,111,132
1778106829.404174,0,0.506592,0.629924,0.319114,0.8722,-0.4464,1.5698,0.000,18.591,-142.770,0,0,584,69,111,133
1778106829.470913,0,0.479365,0.630090,0.302043,0.8737,-0.4458,1.5723,-0.000,18.588,-140.678,0,0,583,68,113,133
1778106829.470913,0,0.487862,0.630090,0.307397,0.8737,-0.4458,1.5723,-0.000,18.588,-140.678,0,0,584,69,112,132
1778106829.537652,0,0.470959,0.630351,0.296869,0.8740,-0.4474,1.5707,-0.000,20.193,-139.585,0,0,584,69,111,129
1778106829.571022,0,0.529801,0.630351,0.333961,0.8740,-0.4474,1.5707,-0.000,21.280,-143.586,0,0,584,70,112,129
1778106829.637759,0,0.493205,0.630739,0.311083,0.8743,-0.4474,1.5692,-0.000,19.833,-141.349,0,0,584,68,112,133
1778106829.704498,0,0.466128,0.629964,0.293644,0.8737,-0.4474,1.5723,0.000,18.056,-140.003,0,0,583,69,113,132
1778106829.771209,0,0.461427,0.630904,0.291116,0.8758,-0.4468,1.5717,0.000,17.476,-139.795,0,0,583,69,113,129
1778106829.804578,0,0.493705,0.630478,0.311270,0.8740,-0.4458,1.5707,-0.000,18.146,-141.892,0,0,584,69,112,133
1778106829.837942,0,0.438456,0.630351,0.276381,0.8740,-0.4474,1.5707,0.000,18.177,-137.978,0,0,583,69,113,132
1778106829.938048,0,0.450081,0.630389,0.283726,0.8755,-0.4483,1.5732,0.000,17.299,-139.134,0,0,584,68,112,133
1778106829.938048,0,0.448762,0.630389,0.282895,0.8755,-0.4483,1.5732,0.000,17.299,-139.134,0,0,583,69,113,132
1778106830.004787,0,0.405649,0.630904,0.255926,0.8758,-0.4468,1.5717,0.000,17.806,-135.711,0,0,584,70,111,130
1778106830.071529,0,0.453511,0.631165,0.286240,0.8762,-0.4483,1.5702,0.000,17.466,-139.324,0,0,584,70,112,132
1778106830.071529,0,0.443322,0.631165,0.279809,0.8762,-0.4483,1.5702,0.000,17.494,-138.586,0,0,584,71,111,130
1778106830.071529,0,0.452630,0.630777,0.285509,0.8762,-0.4483,1.5702,0.000,17.494,-138.586,0,0,584,69,111,132
1778106830.171627,0,0.447673,0.630777,0.282382,0.8758,-0.4483,1.5717,0.000,17.719,-138.807,0,0,584,69,111,132
1778106830.238347,0,0.426586,0.630777,0.269080,0.8758,-0.4483,1.5717,-0.000,16.210,-137.889,0,0,585,69,110,129
1778106830.271708,0,0.427094,0.630650,0.269347,0.8758,-0.4499,1.5717,0.000,16.782,-137.792,0,0,585,70,110,129
1778106830.338463,0,0.405704,0.631037,0.256015,0.8762,-0.4499,1.5702,0.000,17.363,-136.070,0,0,585,70,109,128
1778106830.338463,0,0.416679,0.631037,0.262940,0.8762,-0.4499,1.5702,0.000,16.969,-136.991,0,0,585,70,109,126
1778106830.405202,0,0.470087,0.631037,0.296643,0.8762,-0.4499,1.5702,-0.000,16.579,-140.935,0,0,585,69,110,129
1778106830.405202,0,0.484789,0.630484,0.305652,0.8762,-0.4499,1.5702,-0.000,16.579,-140.935,0,0,586,70,108,128
1778106830.471929,0,0.489186,0.630484,0.308424,0.8743,-0.4505,1.5692,-0.000,17.019,-141.922,0,0,585,69,109,129
1778106830.538668,0,0.484044,0.630224,0.305056,0.8740,-0.4489,1.5707,0.000,18.334,-141.294,0,0,585,68,110,132
1778106830.572048,0,0.425745,0.629837,0.268150,0.8737,-0.4489,1.5723,0.000,16.687,-137.730,0,0,585,69,110,132
1778106830.572048,0,0.488795,0.630224,0.308050,0.8737,-0.4489,1.5723,0.000,16.687,-137.730,0,0,585,70,109,129
1778106830.672145,0,0.493809,0.630611,0.311402,0.8743,-0.4489,1.5692,0.000,18.609,-141.914,0,0,586,70,108,128
1778106830.672145,0,0.486159,0.630484,0.306515,0.8743,-0.4489,1.5692,0.000,18.609,-141.914,0,0,585,71,109,130
1778106830.772234,0,0.490412,0.630871,0.309387,0.8746,-0.4505,1.5677,0.000,20.126,-141.228,0,0,586,71,108,128
1778106830.772234,0,0.476376,0.630871,0.300532,0.8746,-0.4505,1.5677,0.000,20.126,-141.228,0,0,586,69,108,132
1778106830.838971,0,0.493893,0.630097,0.311200,0.8740,-0.4505,1.5707,0.000,19.198,-141.795,0,0,586,70,108,130
1778106830.872332,0,0.523444,0.630484,0.330023,0.8743,-0.4505,1.5692,0.000,19.273,-143.967,0,0,585,70,109,130
1778106830.872332,0,0.454143,0.630484,0.286330,0.8743,-0.4505,1.5692,0.000,19.273,-143.967,0,0,586,70,108,130
1778106830.939070,0,0.511031,0.630484,0.322197,0.8743,-0.4505,1.5692,0.000,19.744,-142.878,0,0,585,69,109,132
1778106830.939070,0,0.449842,0.630224,0.283501,0.8743,-0.4505,1.5692,0.000,19.744,-142.878,0,0,585,70,110,130
1778106831.072537,0,0.469253,0.629670,0.295474,0.8722,-0.4495,1.5698,0.000,18.418,-140.278,0,0,586,69,108,132
1778106831.072537,0,0.481947,0.629670,0.303468,0.8722,-0.4495,1.5698,0.000,18.418,-140.278,0,0,585,69,109,132
1778106831.139294,0,0.489153,0.629797,0.308068,0.8722,-0.4480,1.5698,0.000,20.134,-141.028,0,0,586,69,108,132
1778106831.172656,0,0.491572,0.629029,0.309213,0.8694,-0.4481,1.5683,0.000,19.111,-141.655,0,0,586,70,107,130
1778106831.239402,0,0.421708,0.629670,0.265537,0.8722,-0.4495,1.5698,0.000,17.805,-137.109,0,0,586,69,108,130
1778106831.239402,0,0.417217,0.629670,0.262709,0.8722,-0.4495,1.5698,0.000,17.805,-137.109,0,0,586,68,107,129
1778106831.306141,0,0.397488,0.628643,0.249878,0.8691,-0.4481,1.5698,0.000,16.688,-135.838,0,0,585,68,109,129
1778106831.372879,0,0.455721,0.629411,0.286836,0.8719,-0.4480,1.5713,-0.000,17.946,-139.383,0,0,586,68,107,129
1778106831.372879,0,0.352641,0.630446,0.222321,0.8719,-0.4480,1.5713,-0.000,17.946,-139.383,1,1,587,73,105,122
1778106835.510498,21,0.626375,0.682934,0.427773,0.9467,-0.3904,1.5232,-0.000,11.720,-149.337,0,0,521,123,106,124
1778106835.577217,21,0.628430,0.677917,0.426023,0.9532,-0.3799,1.5217,0.000,11.508,-148.865,0,0,521,120,105,125
1778106835.577217,21,0.785548,0.696561,0.547182,1.0294,0.3963,1.5352,0.000,14.260,162.654,0,0,79,128,107,118
1778106835.643955,21,0.674407,0.670190,0.451981,0.9431,-0.3745,1.5214,0.000,12.199,-152.312,0,0,525,115,112,126
1778106835.643955,21,0.691752,0.665101,0.460085,0.9431,-0.3745,1.5214,0.000,12.199,-152.312,0,0,525,113,112,128
1778106835.710714,21,0.727975,0.661551,0.481593,0.9256,-0.3711,1.5174,-0.000,12.832,-153.775,0,0,528,107,114,126
1778106835.844121,21,0.755235,0.655959,0.495403,0.9006,-0.3670,1.5200,-0.000,14.824,-159.200,0,0,532,99,114,128
1778106835.844121,36,0.821987,0.687131,0.564813,1.0033,0.3660,1.5416,-0.000,13.747,167.271,0,0,95,114,103,117
1778106835.844121,12,0.945751,0.678674,0.641856,0.8492,-0.0064,1.3954,0.000,-0.906,177.947,0,0,301,168,103,115
1778106835.844121,21,0.777385,0.648536,0.504162,0.9006,-0.3670,1.5200,-0.000,14.824,-159.200,0,0,533,97,113,130
1778106835.844121,12,0.827509,0.684687,0.566585,1.0033,0.3660,1.5416,-0.000,13.747,167.271,0,0,98,112,104,117
1778106835.844121,36,0.945256,0.675878,0.638877,0.8492,-0.0064,1.3954,0.000,-0.906,177.947,0,0,304,166,104,117
1778106835.977641,21,0.812726,0.647148,0.525954,0.8807,-0.3679,1.5275,0.000,17.881,-164.611,0,0,536,91,114,133
1778106835.977641,12,0.952907,0.674989,0.643202,0.8453,-0.0165,1.4047,0.000,0.866,178.704,0,0,307,163,103,117
1778106835.977641,36,0.845900,0.684144,0.578718,0.9977,0.3473,1.5541,0.000,14.877,168.845,0,0,102,108,105,117
1778106836.044379,21,0.850832,0.642773,0.546892,0.8724,-0.3698,1.5335,-0.000,17.789,-169.297,0,0,538,86,115,133
1778106836.044379,36,0.971678,0.673662,0.654582,0.8445,-0.0208,1.4089,-0.000,5.079,179.203,0,0,311,159,104,117
1778106836.044379,12,0.864110,0.682206,0.589501,0.9935,0.3392,1.5597,-0.000,15.590,170.516,0,0,106,104,105,117
1778106836.144488,21,0.918710,0.630447,0.579198,0.8487,-0.3755,1.5494,0.000,19.373,-179.247,0,0,545,74,120,136
1778106836.144488,36,0.986395,0.668455,0.659361,0.8381,-0.0394,1.4202,-0.000,11.462,174.316,0,0,320,154,103,118
1778106836.144488,12,0.885667,0.677139,0.599720,0.9838,0.3127,1.5776,0.000,17.044,171.785,0,0,116,96,102,117
1778106836.144488,21,0.924558,0.629280,0.581806,0.8487,-0.3755,1.5494,0.000,19.373,-179.247,0,0,545,71,122,135
1778106836.144488,36,0.983772,0.667412,0.656581,0.8381,-0.0394,1.4202,-0.000,11.462,174.316,0,0,322,153,105,120
1778106836.144488,12,0.892455,0.677563,0.604695,0.9838,0.3127,1.5776,0.000,17.044,171.785,0,0,117,94,103,120
1778106836.277963,21,0.938703,0.628432,0.589911,0.8457,-0.3747,1.5543,0.000,19.242,177.086,0,0,545,70,122,136
1778106836.277963,36,0.984285,0.666983,0.656501,0.8356,-0.0422,1.4223,-0.000,10.309,175.272,0,0,322,152,105,118
1778106836.277963,12,0.895950,0.677609,0.607104,0.9863,0.3085,1.5806,0.000,16.553,173.153,0,0,119,95,102,120
1778106836.344701,21,0.985403,0.666367,0.656640,0.8337,-0.0451,1.4217,0.000,11.733,173.123,0,0,324,152,104,118
1778106836.344701,36,0.950735,0.627478,0.596565,0.8436,-0.3753,1.5548,-0.000,19.497,174.660,0,0,546,69,120,137
1778106836.344701,12,0.906162,0.677263,0.613710,0.9859,0.3067,1.5823,0.000,16.944,174.440,0,0,120,94,103,118
1778106836.344701,36,0.991409,0.666367,0.660643,0.8337,-0.0451,1.4217,0.000,11.733,173.123,0,0,324,152,106,120
1778106836.344701,21,0.965280,0.627478,0.605692,0.8436,-0.3753,1.5548,-0.000,19.497,174.660,0,0,543,68,120,137
1778106836.344701,12,0.930575,0.677263,0.630245,0.9859,0.3067,1.5823,0.000,16.944,174.440,0,0,123,92,100,117
1778106836.444798,36,0.999375,0.666952,0.666535,0.8356,-0.0451,1.4223,0.000,17.717,179.005,0,0,322,153,103,118
1778106836.444798,21,0.977128,0.627870,0.613510,0.8451,-0.3717,1.5572,0.000,20.324,168.473,0,0,541,68,120,136
1778106836.444798,12,0.946158,0.676060,0.639659,0.9824,0.3005,1.5844,-0.000,17.094,-178.884,0,0,122,90,103,120
1778106836.444798,21,0.979504,0.627621,0.614757,0.8356,-0.0451,1.4223,0.000,17.717,179.005,0,0,541,68,120,137
1778106836.444798,36,0.996176,0.667996,0.665442,0.8451,-0.3717,1.5572,0.000,20.324,168.473,0,0,323,153,108,126
1778106836.444798,12,0.954040,0.675676,0.644622,0.9824,0.3005,1.5844,-0.000,17.094,-178.884,0,0,123,91,102,120
1778106836.611655,21,0.986146,0.627725,0.619029,0.8433,-0.3664,1.5562,-0.000,20.346,165.288,0,0,540,68,120,135
1778106836.611655,36,0.998477,0.669442,0.668422,0.8403,-0.0423,1.4195,-0.000,16.849,-178.897,0,0,322,155,110,128
1778106836.611655,12,0.964121,0.676928,0.652640,0.9877,0.3008,1.5888,-0.000,18.749,-175.694,0,0,124,91,103,117
1778106836.678399,21,0.986734,0.628291,0.619956,0.8451,-0.3657,1.5572,0.000,20.549,165.257,0,0,539,68,120,136
1778106836.678399,36,0.999256,0.669873,0.669375,0.8406,-0.0423,1.4181,-0.000,17.833,-179.096,0,0,322,156,108,126
1778106836.678399,12,0.973964,0.675972,0.658372,0.9845,0.2981,1.5892,0.000,18.703,-173.029,0,0,125,90,103,117
1778106836.745137,21,0.986548,0.628291,0.619839,0.8451,-0.3657,1.5572,0.000,20.632,165.407,0,0,539,68,120,135
1778106836.745137,36,0.999715,0.670305,0.670114,0.8408,-0.0423,1.4167,0.000,20.614,179.331,0,0,322,157,107,126
1778106836.745137,12,0.976991,0.676676,0.661107,0.9873,0.2973,1.5905,0.000,17.940,-171.671,0,0,126,90,102,117
1778106836.745137,21,0.988589,0.628395,0.621225,0.8451,-0.3657,1.5572,0.000,20.632,165.407,0,0,538,68,122,136
1778106836.745137,36,0.999388,0.670305,0.669895,0.8408,-0.0423,1.4167,0.000,20.614,179.331,0,0,322,157,107,125
1778106836.745137,12,0.978245,0.676676,0.661955,0.9873,0.2973,1.5905,0.000,17.940,-171.671,0,0,126,90,103,117
1778106836.811876,21,0.990704,0.628960,0.623113,0.8451,-0.3642,1.5572,0.000,20.691,164.542,0,0,537,68,122,137
1778106836.811876,36,0.999945,0.671155,0.671118,0.8408,-0.0423,1.4167,0.000,21.185,179.777,0,0,323,159,108,124
1778106836.811876,12,0.987880,0.677926,0.669709,0.9873,0.2973,1.5905,0.000,16.890,-170.390,0,0,128,91,104,118
1778106836.945319,21,0.992517,0.628960,0.624254,0.8470,-0.3635,1.5582,0.000,20.854,162.395,0,0,537,68,122,136
1778106836.945319,36,0.999621,0.670552,0.670297,0.8395,-0.0451,1.4132,0.000,19.919,177.599,0,0,324,159,107,125
1778106836.945319,12,0.988069,0.678627,0.670531,0.9933,0.2940,1.5915,0.000,16.929,-165.871,0,0,129,91,104,118
1778106837.012047,21,0.993656,0.628214,0.624228,0.8448,-0.3613,1.5587,0.000,20.885,161.469,0,0,536,67,122,135
1778106837.012047,36,0.997213,0.671170,0.669299,0.8414,-0.0423,1.4139,0.000,21.029,-176.749,0,0,322,159,108,126
1778106837.012047,12,0.989301,0.678820,0.671557,0.9933,0.2905,1.5915,0.000,16.471,-163.865,0,0,131,91,104,120
1778106837.078786,21,0.993005,0.628214,0.623820,0.8448,-0.3613,1.5587,-0.000,20.366,161.282,0,0,535,67,123,135
1778106837.078786,36,0.999980,0.671170,0.671157,0.8414,-0.0423,1.4139,0.000,19.415,179.175,0,0,324,160,106,124
1778106837.078786,12,0.988563,0.679011,0.671246,0.9933,0.2870,1.5915,0.000,15.769,-161.800,0,0,133,91,104,120
1778106837.078786,21,0.992370,0.628778,0.623980,0.8467,-0.3606,1.5596,0.000,20.475,162.067,0,0,535,67,123,135
1778106837.078786,36,0.998231,0.670984,0.669797,0.8398,-0.0451,1.4118,0.000,15.594,179.593,0,0,323,161,106,126
1778106837.078786,12,0.985252,0.679011,0.668997,0.9933,0.2870,1.5915,0.000,14.567,-161.033,0,0,133,91,105,120
1778106837.078786,21,0.992137,0.628317,0.623376,0.8467,-0.3606,1.5596,0.000,20.475,162.067,0,0,535,67,122,135
1778106837.078786,36,0.998354,0.672021,0.670914,0.8398,-0.0451,1.4118,0.000,15.594,179.593,0,0,324,161,106,126
1778106837.078786,12,0.987019,0.679615,0.670793,0.9933,0.2870,1.5915,0.000,14.567,-161.033,0,0,134,91,105,120
1778106837.145524,21,0.991093,0.628778,0.623177,0.8448,-0.3598,1.5587,0.000,20.386,162.133,0,0,534,67,122,135
1778106837.145524,36,0.999645,0.670826,0.670588,0.8420,-0.0437,1.4111,0.000,15.571,178.981,0,0,323,159,108,125
1778106837.145524,12,0.988217,0.679106,0.671104,0.9960,0.2880,1.5928,0.000,15.188,-161.590,0,0,136,91,106,121
1778106837.279004,21,0.990921,0.628881,0.623171,0.8467,-0.3591,1.5596,0.000,20.102,162.745,0,0,533,67,123,135
1778106837.279004,36,0.999296,0.671155,0.670682,0.8414,-0.0437,1.4139,0.000,20.892,177.915,0,0,324,160,108,124
1778106837.279004,12,0.988885,0.680501,0.672938,0.9988,0.2836,1.5941,0.000,16.523,-157.992,0,0,136,91,105,121
1778106837.345740,21,0.991673,0.628983,0.623746,0.8467,-0.3576,1.5596,0.000,20.327,162.559,0,0,533,67,122,134
1778106837.345740,36,0.998172,0.670984,0.669757,0.8398,-0.0451,1.4118,-0.000,21.963,177.163,0,0,325,160,108,124
1778106837.345740,12,0.988541,0.680501,0.672704,0.9988,0.2836,1.5941,0.000,16.147,-158.712,0,0,138,91,104,121
1778106837.412485,21,0.989970,0.628983,0.622675,0.8467,-0.3576,1.5596,0.000,20.582,163.992,0,0,532,67,123,134
1778106837.412485,36,0.997701,0.670378,0.668837,0.8379,-0.0465,1.4112,-0.000,21.668,175.928,0,0,326,161,110,124
1778106837.479224,21,0.989116,0.629086,0.622239,0.8467,-0.3561,1.5596,0.000,20.064,164.030,0,0,532,67,122,134
1778106837.479224,36,0.996715,0.670202,0.668000,0.8363,-0.0479,1.4091,0.000,21.814,174.970,0,0,326,161,108,122
1778106837.479224,12,0.986703,0.679663,0.670625,0.9933,0.2747,1.5915,0.000,16.108,-157.390,0,0,140,92,105,121
1778106837.479224,21,0.991366,0.629776,0.624339,0.8467,-0.3561,1.5596,0.000,20.064,164.030,0,0,532,66,122,133
1778106837.479224,36,0.998473,0.670202,0.669178,0.8363,-0.0479,1.4091,0.000,21.814,174.970,0,0,325,161,108,124
1778106837.479224,12,0.982921,0.680723,0.669096,0.9933,0.2747,1.5915,0.000,16.108,-157.390,0,0,143,93,106,124
1778106837.545958,21,0.990692,0.628696,0.622844,0.8494,-0.3572,1.5611,0.000,20.506,163.084,0,0,531,67,123,134
1778106837.545958,36,0.997962,0.670218,0.668852,0.8363,-0.0479,1.4091,-0.000,21.955,179.483,0,0,326,161,108,124
1778106837.545958,12,0.980824,0.681449,0.668382,0.9964,0.2756,1.5911,0.000,15.699,-155.356,0,0,143,94,105,122
1778106837.679431,21,0.990761,0.629878,0.624059,0.8494,-0.3557,1.5611,0.000,19.881,162.777,0,0,531,67,123,134
1778106837.679431,36,0.998946,0.670202,0.669495,0.8363,-0.0479,1.4091,0.000,21.418,179.427,0,0,325,161,108,125
1778106837.679431,12,0.981604,0.680682,0.668160,0.9915,0.2685,1.5850,0.000,15.801,-154.606,0,0,146,94,107,124
1778106837.746170,21,0.990413,0.629187,0.623156,0.8467,-0.3546,1.5596,0.000,20.085,163.301,0,0,531,67,123,134
1778106837.746170,36,0.999335,0.670218,0.669773,0.8363,-0.0465,1.4091,0.000,20.846,178.216,0,0,326,161,108,126
1778106837.746170,12,0.981772,0.680948,0.668536,0.9915,0.2633,1.5850,0.000,16.424,-154.265,0,0,147,94,107,125
1778106837.879634,21,0.989064,0.629878,0.622989,0.8494,-0.3557,1.5611,0.000,19.359,163.255,0,0,531,67,123,134
1778106837.879634,36,0.998920,0.670362,0.669637,0.8379,-0.0479,1.4112,0.000,21.615,178.671,0,0,326,160,108,125
1778106837.879634,12,0.977546,0.681500,0.666198,0.9894,0.2572,1.5802,0.000,15.554,-153.544,0,0,149,96,106,120
1778106837.879634,21,0.989556,0.629187,0.622616,0.8494,-0.3557,1.5611,0.000,19.359,163.255,0,0,531,67,123,134
1778106837.879634,36,0.998433,0.670362,0.669311,0.8379,-0.0479,1.4112,0.000,21.615,178.671,0,0,326,161,106,124
1778106837.879634,12,0.975744,0.681500,0.664970,0.9894,0.2572,1.5802,0.000,15.554,-153.544,0,0,150,96,107,121
1778106838.013078,21,0.989175,0.629187,0.622377,0.8467,-0.3546,1.5596,-0.000,19.827,163.795,0,0,531,66,122,133
1778106838.013078,36,0.998727,0.670793,0.669940,0.8382,-0.0479,1.4098,-0.000,21.708,178.290,0,0,326,161,107,122
1778106838.013078,12,0.975995,0.681587,0.665225,0.9894,0.2554,1.5802,0.000,15.451,-153.146,0,0,150,96,107,121
1778106838.013078,21,0.989129,0.628336,0.621505,0.8445,-0.3538,1.5601,-0.000,19.940,163.852,0,0,531,66,122,133
1778106838.013078,36,0.998615,0.670793,0.669864,0.8382,-0.0479,1.4098,0.000,21.843,178.350,0,0,326,161,107,122
1778106838.013078,12,0.974975,0.681587,0.664530,0.9894,0.2554,1.5802,-0.000,15.169,-153.051,0,0,151,96,108,121
1778106838.013078,21,0.988167,0.627873,0.620444,0.8445,-0.3538,1.5601,-0.000,19.940,163.852,0,0,531,66,123,132
1778106838.013078,36,0.998901,0.670793,0.670056,0.8382,-0.0479,1.4098,0.000,21.843,178.350,0,0,327,160,110,126
1778106838.013078,12,0.978088,0.681051,0.666127,0.9894,0.2554,1.5802,-0.000,15.169,-153.051,0,0,151,96,107,121
1778106838.079816,21,0.988328,0.627873,0.620545,0.8427,-0.3531,1.5591,0.000,19.068,163.315,0,0,531,66,123,132
1778106838.079816,36,0.998133,0.670344,0.669093,0.8382,-0.0479,1.4098,-0.000,21.364,177.765,0,0,327,160,110,124
1778106838.079816,12,0.975097,0.681051,0.664090,0.9866,0.2528,1.5789,0.000,15.367,-154.205,0,0,151,96,107,121
1778106838.213267,21,0.988564,0.627873,0.620693,0.8427,-0.3531,1.5591,0.000,19.217,163.263,0,0,531,66,122,132
1778106838.213267,36,0.997275,0.670934,0.669105,0.8398,-0.0494,1.4118,0.000,20.430,-177.105,0,0,324,160,112,126
1778106838.213267,12,0.973418,0.682908,0.664755,0.9950,0.2554,1.5829,0.000,15.784,-151.989,0,0,153,97,107,121
1778106838.280023,21,0.988224,0.627873,0.620480,0.8427,-0.3531,1.5591,0.000,18.831,162.907,0,0,531,66,123,132
1778106838.280023,36,0.999535,0.671572,0.671260,0.8417,-0.0452,1.4125,0.000,20.156,-179.654,0,0,325,160,112,128
1778106838.280023,12,0.971112,0.682296,0.662586,0.9898,0.2502,1.5785,0.000,15.725,-151.420,0,0,154,97,108,120
1778106838.280023,21,0.986802,0.627873,0.619586,0.8427,-0.3531,1.5591,0.000,18.831,162.907,0,0,531,65,122,131
1778106838.280023,36,0.999218,0.671556,0.671030,0.8417,-0.0452,1.4125,0.000,20.156,-179.654,0,0,325,160,112,125
1778106838.280023,12,0.965337,0.683001,0.659326,0.9898,0.2502,1.5785,0.000,15.725,-151.420,0,0,156,97,110,121
1778106838.413509,21,0.986998,0.627485,0.619326,0.8424,-0.3531,1.5606,-0.000,19.259,164.192,0,0,530,65,123,131
1778106838.413509,36,0.999337,0.671556,0.671111,0.8417,-0.0466,1.4125,0.000,21.000,179.332,0,0,326,160,110,126
1778106838.413509,12,0.967191,0.683168,0.660754,0.9925,0.2458,1.5798,0.000,16.602,-149.899,0,0,157,99,112,122
1778106838.480221,21,0.987094,0.628048,0.619942,0.8442,-0.3523,1.5616,0.000,19.225,164.166,0,0,530,65,123,131
1778106838.480221,36,0.999289,0.670951,0.670474,0.8398,-0.0480,1.4118,-0.000,20.836,179.918,0,0,325,160,108,125
1778106838.480221,12,0.962412,0.684165,0.658448,0.9932,0.2441,1.5764,0.000,16.508,-148.696,0,0,157,99,113,122
1778106838.546950,21,0.986636,0.628048,0.619654,0.8442,-0.3523,1.5616,0.000,19.265,164.485,0,0,530,65,123,131
1778106838.546950,36,0.998730,0.671556,0.670703,0.8417,-0.0466,1.4125,0.000,21.827,179.208,0,0,326,161,108,124
1778106838.546950,12,0.968998,0.684165,0.662955,0.9932,0.2441,1.5764,0.000,16.522,-150.477,0,0,158,99,113,124
1778106838.546950,21,0.987561,0.628509,0.620690,0.8442,-0.3523,1.5616,0.000,19.265,164.485,0,0,530,65,124,131
1778106838.546950,36,0.999460,0.671383,0.671021,0.8417,-0.0466,1.4125,0.000,21.827,179.208,0,0,326,159,108,121
1778106838.546950,12,0.966514,0.683623,0.660731,0.9932,0.2441,1.5764,0.000,16.522,-150.477,0,0,159,100,113,122
1778106838.613676,21,0.987465,0.628509,0.620630,0.8461,-0.3531,1.5626,0.000,19.423,164.139,0,0,529,65,123,131
1778106838.613676,36,0.999330,0.670519,0.670069,0.8401,-0.0480,1.4104,0.000,20.680,178.298,0,0,326,161,106,122
1778106838.613676,12,0.966830,0.684787,0.662073,0.9904,0.2415,1.5751,0.000,16.788,-149.709,0,0,161,99,115,124
1778106838.680425,21,0.986596,0.629299,0.620864,0.8461,-0.3531,1.5626,0.000,19.325,164.072,0,0,529,66,123,132
1778106838.680425,36,0.997363,0.671383,0.669613,0.8395,-0.0480,1.4132,-0.000,19.886,-179.168,0,0,325,162,107,122
1778106838.747154,21,0.988201,0.629690,0.622261,0.8488,-0.3527,1.5640,0.000,19.325,164.657,0,0,529,66,124,132
1778106838.747154,36,0.998639,0.672422,0.671507,0.8401,-0.0480,1.4104,-0.000,21.242,-177.580,0,0,327,161,110,124
1778106838.813879,21,0.988959,0.629690,0.622738,0.8491,-0.3527,1.5626,-0.000,19.503,164.038,0,0,529,65,124,131
1778106838.813879,36,0.997752,0.670776,0.669268,0.8423,-0.0466,1.4097,-0.000,21.451,-179.724,0,0,325,161,107,124
1778106838.813879,12,0.969341,0.685195,0.664187,0.9988,0.2369,1.5790,0.000,17.293,-149.552,0,0,163,100,113,122
1778106838.880630,21,0.989542,0.629299,0.622719,0.8491,-0.3527,1.5626,0.000,19.284,163.231,0,0,529,65,124,131
1778106838.880630,36,0.998348,0.671833,0.670723,0.8382,-0.0494,1.4098,0.000,21.330,-178.186,0,0,325,162,105,122
1778106838.880630,12,0.970210,0.686435,0.665986,0.9960,0.2361,1.5777,0.000,17.356,-150.560,0,0,164,100,114,122
1778106839.047463,21,0.988653,0.629299,0.622159,0.8488,-0.3527,1.5640,0.000,19.311,163.352,0,0,529,65,124,131
1778106839.047463,36,0.998652,0.671383,0.670479,0.8401,-0.0480,1.4104,0.000,21.830,178.722,0,0,326,161,106,124
1778106839.047463,12,0.970376,0.685892,0.665574,0.9964,0.2308,1.5760,0.000,17.441,-151.077,0,0,165,100,114,122
1778106839.047463,21,0.988642,0.629299,0.622152,0.8488,-0.3527,1.5640,0.000,19.568,163.724,0,0,529,65,124,131
1778106839.047463,36,0.998541,0.671383,0.670404,0.8401,-0.0480,1.4104,0.000,21.938,179.095,0,0,326,162,106,126
1778106839.047463,12,0.969581,0.685892,0.665028,0.9964,0.2308,1.5760,-0.000,18.211,-150.420,0,0,166,100,114,122
1778106839.214310,21,0.987467,0.629299,0.621413,0.8488,-0.3527,1.5640,0.000,19.031,163.739,0,0,529,65,124,131
1778106839.214310,36,0.998403,0.671816,0.670743,0.8404,-0.0480,1.4090,-0.000,21.981,178.469,0,0,326,162,106,124
1778106839.214310,12,0.968016,0.687214,0.665234,1.0020,0.2306,1.5786,0.000,17.534,-150.466,0,0,166,100,114,122
1778106839.281072,21,0.986052,0.629299,0.620522,0.8488,-0.3527,1.5640,0.000,18.361,163.646,0,0,529,65,124,131
1778106839.281072,36,0.999583,0.671383,0.671104,0.8401,-0.0480,1.4104,0.000,20.509,178.850,0,0,326,161,108,128
1778106839.281072,12,0.966085,0.686672,0.663383,0.9992,0.2281,1.5773,0.000,16.794,-150.491,0,0,167,100,114,122
1778106839.281072,21,0.986925,0.629299,0.621071,0.8488,-0.3527,1.5640,0.000,18.739,163.660,0,0,529,65,124,130
1778106839.281072,36,0.999571,0.671383,0.671096,0.8401,-0.0480,1.4104,0.000,20.483,178.358,0,0,327,161,110,128
1778106839.281072,12,0.967070,0.686672,0.664060,0.9992,0.2281,1.5773,0.000,16.672,-150.839,0,0,167,100,113,122
1778106839.414574,21,0.986182,0.629758,0.621056,0.8507,-0.3535,1.5650,-0.000,18.475,163.741,0,0,529,65,123,131
1778106839.414574,36,0.999120,0.671972,0.671380,0.8420,-0.0480,1.4111,0.000,20.793,177.276,0,0,326,161,107,125
1778106839.414574,12,0.968772,0.687133,0.665675,0.9995,0.2281,1.5756,0.000,16.186,-151.606,0,0,167,101,113,122
1778106839.414574,21,0.984983,0.629758,0.620301,0.8507,-0.3535,1.5650,-0.000,18.475,163.741,0,0,529,65,123,131
1778106839.414574,36,0.998610,0.671972,0.671038,0.8420,-0.0480,1.4111,0.000,20.793,177.276,0,0,326,161,107,125
1778106839.414574,12,0.967916,0.687210,0.665162,0.9995,0.2281,1.5756,0.000,16.186,-151.606,0,0,168,101,115,124
1778106839.481313,21,0.985260,0.629758,0.620475,0.8507,-0.3535,1.5650,0.000,18.254,163.985,0,0,529,65,123,131
1778106839.481313,36,0.999059,0.671972,0.671340,0.8420,-0.0480,1.4111,0.000,21.153,179.799,0,0,326,162,110,124
1778106839.481313,12,0.962688,0.687210,0.661569,0.9995,0.2263,1.5756,0.000,16.896,-149.606,0,0,168,102,115,122
1778106839.548051,21,0.984982,0.630215,0.620750,0.8525,-0.3542,1.5660,0.000,18.163,164.018,0,0,529,65,123,131
1778106839.548051,36,0.998556,0.672405,0.671434,0.8423,-0.0480,1.4097,0.000,20.542,-178.546,0,0,325,161,108,125
1778106839.548051,12,0.965975,0.687672,0.664274,0.9999,0.2263,1.5738,0.000,17.185,-150.251,0,0,168,101,115,124
1778106839.614767,21,0.985557,0.630215,0.621113,0.8525,-0.3542,1.5660,0.000,18.614,164.332,0,0,529,65,123,131
1778106839.614767,36,0.999131,0.672576,0.671992,0.8439,-0.0466,1.4117,0.000,20.997,-179.978,0,0,326,161,110,125
1778106839.614767,12,0.963128,0.687210,0.661872,0.9995,0.2263,1.5756,0.000,17.015,-149.649,0,0,168,102,115,122
1778106839.681497,21,0.985584,0.630671,0.621580,0.8544,-0.3550,1.5670,0.000,18.911,164.711,0,0,529,66,123,132
1778106839.681497,36,0.998512,0.671972,0.670972,0.8420,-0.0480,1.4111,0.000,21.546,-179.515,0,0,326,161,110,125
1778106839.681497,12,0.963545,0.687672,0.662603,0.9999,0.2263,1.5738,0.000,17.860,-149.270,0,0,168,102,115,124
1778106839.748236,21,0.985650,0.631064,0.622008,0.8547,-0.3550,1.5655,0.000,18.504,164.248,0,0,529,66,123,132
1778106839.748236,36,0.999026,0.671972,0.671317,0.8420,-0.0480,1.4111,0.000,21.236,179.699,0,0,326,161,110,125
1778106839.748236,12,0.962622,0.687047,0.661366,0.9971,0.2256,1.5725,0.000,17.881,-149.032,0,0,168,102,115,122
1778106839.814974,21,0.986302,0.631519,0.622869,0.8565,-0.3557,1.5665,0.000,18.976,164.501,0,0,529,65,123,131
1778106839.814974,36,0.998089,0.672559,0.671274,0.8439,-0.0481,1.4117,0.000,22.082,177.228,0,0,326,161,108,124
1778106839.814974,12,0.963767,0.687047,0.662153,0.9971,0.2256,1.5725,0.000,18.707,-148.936,0,0,169,101,116,125
1778106839.881703,36,0.998805,0.671972,0.671169,0.8420,-0.0480,1.4111,0.000,21.524,177.882,0,0,326,161,107,124
1778106839.881703,21,0.984075,0.630671,0.620628,0.8544,-0.3550,1.5670,-0.000,18.441,164.936,0,0,528,66,123,132
1778106839.881703,12,0.965099,0.687288,0.663301,0.9995,0.2246,1.5756,0.000,18.944,-149.291,0,0,168,102,115,126
1778106839.981809,36,0.998396,0.672576,0.671497,0.8439,-0.0466,1.4117,0.000,21.657,-179.356,0,0,325,161,107,124
1778106839.981809,21,0.985286,0.631621,0.622328,0.8565,-0.3542,1.5665,0.000,18.718,164.820,0,0,528,66,123,132
1778106839.981809,12,0.966145,0.686419,0.663181,0.9943,0.2248,1.5713,0.000,18.845,-149.468,0,0,168,102,115,124
1778106839.981809,36,0.984397,0.631621,0.621766,0.8439,-0.0466,1.4117,0.000,21.657,-179.356,0,0,528,66,123,132
1778106839.981809,21,0.998040,0.672576,0.671258,0.8565,-0.3542,1.5665,0.000,18.718,164.820,0,0,325,161,108,125
1778106839.981809,12,0.963898,0.686419,0.661638,0.9943,0.2248,1.5713,0.000,18.845,-149.468,0,0,168,102,114,125
1778106840.115286,21,0.983090,0.631621,0.620941,0.8565,-0.3542,1.5665,0.000,18.185,165.318,0,0,528,66,122,132
1778106840.115286,12,0.965662,0.687430,0.663825,0.9974,0.2273,1.5708,-0.000,18.868,-149.210,0,0,167,103,114,122
1778106840.115286,36,0.998948,0.672405,0.671698,0.8423,-0.0480,1.4097,0.000,21.031,-179.809,0,0,326,162,112,126
1778106840.182016,21,0.984157,0.631621,0.621615,0.8565,-0.3542,1.5665,0.000,18.635,165.326,0,0,528,66,122,132
1778106840.182016,12,0.965563,0.687430,0.663756,0.9974,0.2273,1.5708,-0.000,18.292,-149.437,0,0,167,103,114,122
1778106840.182016,36,0.999180,0.671366,0.670816,0.8401,-0.0494,1.4104,-0.000,20.809,177.356,0,0,327,161,110,125
1778106840.248718,21,0.982807,0.631621,0.620762,0.8565,-0.3542,1.5665,0.000,17.912,165.105,0,0,528,66,122,132
1778106840.248718,12,0.999097,0.671383,0.670777,0.8401,-0.0480,1.4104,0.000,21.229,178.207,0,0,326,161,108,124
1778106840.248718,36,0.966530,0.687430,0.664421,0.9974,0.2273,1.5708,0.000,19.429,-149.206,0,0,167,103,114,122
1778106840.315456,21,0.982675,0.631621,0.620679,0.8565,-0.3542,1.5665,0.000,18.126,165.455,0,0,528,66,122,132
1778106840.315456,36,0.999512,0.671383,0.671056,0.8401,-0.0480,1.4104,-0.000,20.643,178.862,0,0,326,161,112,125
1778106840.315456,12,0.968585,0.686172,0.664616,0.9918,0.2258,1.5683,0.000,19.502,-149.704,0,0,167,103,114,122
1778106840.315456,21,0.983512,0.631621,0.621208,0.8565,-0.3542,1.5665,0.000,18.126,165.455,0,0,528,66,122,132
1778106840.315456,36,0.965643,0.686802,0.663206,0.8401,-0.0480,1.4104,-0.000,20.643,178.862,0,0,167,103,114,122
1778106840.315456,12,0.998533,0.670776,0.669792,0.9918,0.2258,1.5683,0.000,19.502,-149.704,0,0,327,161,108,126
1778106840.382198,21,0.981689,0.631621,0.620056,0.8565,-0.3542,1.5665,0.000,18.499,165.491,0,0,528,66,122,133
1778106840.382198,12,0.969191,0.686172,0.665031,0.9946,0.2266,1.5695,0.000,19.048,-149.132,0,0,167,103,114,122
1778106840.382198,36,0.999454,0.671383,0.671017,0.8382,-0.0494,1.4098,0.000,18.099,175.510,0,0,326,161,107,126
1778106840.515672,21,0.982687,0.631621,0.620686,0.8565,-0.3542,1.5665,0.000,17.975,165.253,0,0,528,66,122,132
1778106840.515672,12,0.999314,0.671383,0.670923,0.8401,-0.0480,1.4104,0.000,20.770,179.764,0,0,326,161,110,125
1778106840.515672,36,0.969420,0.686802,0.665800,0.9946,0.2266,1.5695,0.000,19.288,-150.005,0,0,167,103,114,122
1778106840.582410,21,0.981975,0.631621,0.620236,0.8565,-0.3542,1.5665,0.000,18.153,165.838,0,0,528,66,122,132
1778106840.582410,36,0.970770,0.686724,0.666651,0.9946,0.2283,1.5695,0.000,18.640,-150.546,0,0,166,103,114,122
1778106840.582410,12,0.999129,0.671383,0.670798,0.8401,-0.0480,1.4104,0.000,20.817,-179.755,0,0,326,161,110,125
1778106840.582410,21,0.981952,0.631621,0.620222,0.8565,-0.3542,1.5665,0.000,18.153,165.838,0,0,528,66,122,133
1778106840.582410,36,0.999576,0.671383,0.671099,0.9946,0.2283,1.5695,0.000,18.640,-150.546,0,0,326,161,112,126
1778106840.582410,12,0.971308,0.686264,0.666574,0.8401,-0.0480,1.4104,0.000,20.817,-179.755,0,0,166,102,114,121
1778106840.715897,21,0.981230,0.632076,0.620212,0.8583,-0.3550,1.5675,-0.000,17.701,165.635,0,0,528,66,122,132
1778106840.715897,12,0.969803,0.686891,0.666149,0.9971,0.2291,1.5725,0.000,19.443,-149.964,0,0,166,102,114,122
1778106840.715897,36,0.998981,0.671989,0.671304,0.8420,-0.0466,1.4111,0.000,20.660,-179.136,0,0,325,161,110,124
1778106840.782639,21,0.981356,0.631621,0.619846,0.8565,-0.3542,1.5665,0.000,18.214,166.204,0,0,528,66,122,132
1778106840.782639,12,0.999257,0.671989,0.671490,0.8420,-0.0466,1.4111,0.000,20.625,-179.701,0,0,325,161,108,126
1778106840.782639,36,0.971283,0.686264,0.666556,0.9943,0.2283,1.5713,0.000,18.919,-150.588,0,0,166,102,114,122
1778106840.782639,21,0.981093,0.631621,0.619680,0.8565,-0.3542,1.5665,0.000,18.204,166.313,0,0,528,66,122,132
1778106840.782639,36,0.998755,0.671989,0.671152,0.8420,-0.0466,1.4111,-0.000,19.982,-178.317,0,0,324,161,112,126
1778106840.782639,12,0.969952,0.686264,0.665643,0.9943,0.2283,1.5713,-0.000,18.673,-150.336,0,0,165,103,113,122
1778106840.882761,36,0.999281,0.672005,0.671522,0.8420,-0.0452,1.4111,0.000,20.332,177.307,0,0,325,159,112,126
1778106840.882761,21,0.982747,0.631621,0.620724,0.8565,-0.3542,1.5665,0.000,18.502,165.875,0,0,528,66,122,132
1778106840.882761,12,0.967751,0.685384,0.663281,0.9890,0.2285,1.5670,0.000,19.290,-149.365,0,0,164,103,114,122
1778106840.982857,36,0.999895,0.671291,0.671221,0.8430,-0.0452,1.4159,0.000,19.719,179.646,0,0,324,158,113,126
1778106840.982857,21,0.981542,0.631519,0.619862,0.8565,-0.3557,1.5665,0.000,18.752,166.624,0,0,529,66,122,132
1778106840.982857,12,0.973076,0.685858,0.667392,0.9918,0.2328,1.5683,0.000,19.613,-150.463,0,0,163,103,113,122
1778106840.982857,36,0.999806,0.670690,0.670560,0.8430,-0.0452,1.4159,0.000,19.719,179.646,0,0,325,158,108,126
1778106840.982857,21,0.980273,0.631519,0.619061,0.8565,-0.3557,1.5665,0.000,18.752,166.624,0,0,529,66,122,132
1778106840.982857,12,0.975168,0.685227,0.668211,0.9918,0.2328,1.5683,0.000,19.613,-150.463,0,0,163,103,113,122
1778106841.116334,36,0.999784,0.670241,0.670097,0.8408,-0.0480,1.4167,0.000,20.402,178.466,0,0,326,157,110,125
1778106841.116334,21,0.980896,0.632076,0.620001,0.8583,-0.3550,1.5675,0.000,18.332,166.545,0,0,528,66,123,132
1778106841.116334,12,0.975288,0.685227,0.668293,0.9890,0.2320,1.5670,0.000,19.376,-151.197,0,0,163,103,113,122
1778106841.183057,36,0.998687,0.670519,0.669638,0.8395,-0.0480,1.4132,0.000,21.510,177.075,0,0,326,159,108,126
1778106841.183057,21,0.979948,0.630671,0.618025,0.8544,-0.3550,1.5670,0.000,17.809,166.196,0,0,529,65,122,131
1778106841.183057,12,0.972791,0.684769,0.666137,0.9887,0.2320,1.5687,0.000,19.116,-150.613,0,0,163,102,114,122
1778106841.249787,36,0.997016,0.669913,0.667914,0.8376,-0.0494,1.4126,-0.000,22.234,175.393,0,0,327,159,108,126
1778106841.249787,21,0.981838,0.630569,0.619117,0.8544,-0.3565,1.5670,0.000,18.311,165.833,0,0,530,65,122,131
1778106841.249787,12,0.973466,0.683713,0.665571,0.9840,0.2306,1.5666,0.000,19.245,-150.748,0,0,163,102,113,122
1778106841.249787,36,0.997643,0.670344,0.668764,0.8376,-0.0494,1.4126,-0.000,22.234,175.393,0,0,327,160,108,122
1778106841.249787,21,0.979421,0.630569,0.617593,0.8544,-0.3565,1.5670,0.000,18.311,165.833,0,0,530,65,122,130
1778106841.249787,12,0.969082,0.683679,0.662541,0.9840,0.2306,1.5666,0.000,19.245,-150.748,0,0,163,101,113,124
1778106841.316520,36,0.998462,0.671383,0.670351,0.8379,-0.0494,1.4112,0.000,21.399,175.400,0,0,326,161,108,122
1778106841.316520,21,0.980636,0.630467,0.618258,0.8544,-0.3565,1.5670,-0.000,17.480,165.958,0,0,531,65,122,130
1778106841.316520,12,0.967650,0.683154,0.661054,0.9855,0.2312,1.5691,-0.000,18.829,-149.748,0,0,164,102,114,122
1778106841.383258,36,0.998510,0.670362,0.669363,0.8401,-0.0480,1.4104,-0.000,21.557,177.007,0,0,326,160,110,124
1778106841.383258,21,0.981205,0.630467,0.618617,0.8544,-0.3580,1.5670,0.000,17.990,165.942,0,0,531,65,122,130
1778106841.383258,12,0.968568,0.684136,0.662632,0.9812,0.2281,1.5653,0.000,18.265,-149.706,0,0,163,102,113,122
1778106841.516736,36,0.998731,0.670951,0.670100,0.8398,-0.0480,1.4118,-0.000,21.359,177.090,0,0,326,160,108,122
1778106841.516736,21,0.980124,0.630011,0.617489,0.8525,-0.3572,1.5660,0.000,17.394,165.436,0,0,531,65,122,130
1778106841.516736,12,0.968566,0.683713,0.662221,0.9840,0.2306,1.5666,0.000,19.337,-149.373,0,0,163,102,114,124
1778106841.583472,36,0.998348,0.670951,0.669843,0.8398,-0.0480,1.4118,0.000,21.726,-179.314,0,0,325,160,110,124
1778106841.583472,21,0.980420,0.630011,0.617676,0.8525,-0.3572,1.5660,0.000,17.556,165.505,0,0,532,64,120,129
1778106841.583472,12,0.969263,0.684136,0.663108,0.9859,0.2312,1.5674,0.000,18.930,-149.725,0,0,163,102,114,122
1778106841.583472,36,0.980755,0.628605,0.616507,0.8398,-0.0480,1.4118,0.000,21.726,-179.314,0,0,532,64,122,129
1778106841.583472,21,0.998426,0.670968,0.669912,0.8525,-0.3572,1.5660,0.000,17.556,165.505,0,0,326,160,110,124
1778106841.583472,12,0.968045,0.683679,0.661833,0.9859,0.2312,1.5674,0.000,18.930,-149.725,0,0,163,101,114,122
1778106841.650210,21,0.982003,0.629062,0.617741,0.8504,-0.3580,1.5665,0.000,18.327,165.515,0,0,532,65,122,130
1778106841.650210,36,0.998548,0.670951,0.669976,0.8398,-0.0480,1.4118,0.000,21.761,177.415,0,0,326,160,108,124
1778106841.650210,12,0.967621,0.683679,0.661543,0.9855,0.2312,1.5691,0.000,18.853,-149.353,0,0,163,101,114,122
1778106841.716949,21,0.979689,0.629452,0.616668,0.8507,-0.3580,1.5650,0.000,18.001,166.305,0,0,533,65,122,130
1778106841.716949,36,0.999331,0.670362,0.669913,0.8379,-0.0479,1.4112,0.000,20.244,177.035,0,0,326,160,106,122
1778106841.716949,12,0.968279,0.683679,0.661992,0.9855,0.2312,1.5691,0.000,19.806,-149.140,0,0,163,100,114,124
1778106841.716949,21,0.980254,0.629350,0.616923,0.8507,-0.3580,1.5650,0.000,18.001,166.305,0,0,533,65,122,130
1778106841.716949,36,0.999987,0.670362,0.670353,0.8379,-0.0479,1.4112,0.000,20.244,177.035,0,0,325,160,107,122
1778106841.716949,12,0.968523,0.683223,0.661717,0.9855,0.2312,1.5691,0.000,19.806,-149.140,0,0,163,101,114,122
1778106841.850426,21,0.980169,0.628892,0.616421,0.8488,-0.3587,1.5640,-0.000,17.713,165.674,0,0,533,65,122,130
1778106841.850426,36,0.999927,0.670968,0.670919,0.8398,-0.0466,1.4118,0.000,18.291,178.689,0,0,325,161,107,122
1778106841.850426,12,0.970170,0.683257,0.662875,0.9837,0.2306,1.5683,0.000,18.775,-150.066,0,0,163,100,114,124
1778106841.917160,21,0.979697,0.628892,0.616124,0.8488,-0.3587,1.5640,-0.000,17.643,165.808,0,0,533,65,122,130
1778106841.917160,36,0.998543,0.670810,0.669833,0.8382,-0.0465,1.4098,0.000,21.264,-179.039,0,0,325,160,110,122
1778106841.917160,12,0.970964,0.683223,0.663385,0.9852,0.2312,1.5708,0.000,19.697,-149.911,0,0,163,100,114,124
1778106842.017272,21,0.979723,0.628204,0.615466,0.8461,-0.3576,1.5626,0.000,17.487,165.602,0,0,533,65,123,130
1778106842.017272,36,0.998888,0.670519,0.669773,0.8395,-0.0480,1.4132,-0.000,21.711,178.272,0,0,326,159,108,121
1778106842.017272,12,0.972480,0.682801,0.664010,0.9833,0.2306,1.5700,0.000,19.960,-150.225,0,0,163,100,114,125
1778106842.017272,21,0.980592,0.628892,0.616687,0.8461,-0.3576,1.5626,0.000,17.487,165.602,0,0,533,65,123,130
1778106842.017272,36,0.999497,0.670968,0.670630,0.8395,-0.0480,1.4132,-0.000,21.711,178.272,0,0,325,160,108,122
1778106842.017272,12,0.972698,0.682801,0.664159,0.9833,0.2306,1.5700,0.000,19.960,-150.225,0,0,163,100,115,124
1778106842.150755,21,0.980737,0.628204,0.616103,0.8461,-0.3576,1.5626,0.000,18.037,165.799,0,0,533,65,123,130
1778106842.150755,36,0.999015,0.670968,0.670307,0.8398,-0.0466,1.4118,0.000,21.488,178.653,0,0,325,160,112,122
1778106842.150755,12,0.966518,0.681710,0.658885,0.9802,0.2298,1.5704,0.000,18.675,-149.200,0,0,163,99,115,124
1778106842.150755,21,0.982294,0.628204,0.617081,0.8461,-0.3576,1.5626,0.000,18.037,165.799,0,0,533,65,123,130
1778106842.150755,36,0.998047,0.670968,0.669657,0.8398,-0.0466,1.4118,0.000,21.488,178.653,0,0,325,160,108,122
1778106842.150755,12,0.968005,0.681710,0.659899,0.9802,0.2298,1.5704,0.000,18.675,-149.200,0,0,163,99,115,124
1778106842.217494,21,0.978859,0.628204,0.614924,0.8461,-0.3576,1.5626,-0.000,17.680,166.227,0,0,533,65,123,130
1778106842.217494,36,0.998894,0.670968,0.670225,0.8398,-0.0466,1.4118,0.000,21.601,178.346,0,0,326,160,110,122
1778106842.217494,12,0.968326,0.681710,0.660118,0.9802,0.2298,1.5704,0.000,18.463,-149.776,0,0,163,99,115,124
1778106842.217494,21,0.981582,0.628204,0.616634,0.8461,-0.3576,1.5626,-0.000,17.680,166.227,0,0,534,65,122,130
1778106842.217494,36,0.999042,0.670362,0.669719,0.8398,-0.0466,1.4118,0.000,21.601,178.346,0,0,326,160,110,122
1778106842.217494,12,0.968378,0.681074,0.659537,0.9802,0.2298,1.5704,0.000,18.463,-149.776,0,0,164,99,115,124
1778106842.384275,21,0.981445,0.628102,0.616448,0.8461,-0.3591,1.5626,-0.000,18.443,165.857,0,0,534,65,122,130
1778106842.384275,36,0.998257,0.670362,0.669193,0.8379,-0.0479,1.4112,0.000,21.654,-179.035,0,0,324,159,112,124
1778106842.384275,12,0.966507,0.682423,0.659567,0.9830,0.2289,1.5717,0.000,18.372,-149.446,0,0,164,99,115,124
1778106842.450991,21,0.980418,0.628102,0.615802,0.8461,-0.3591,1.5626,0.000,17.909,165.720,0,0,534,65,122,130
1778106842.450991,36,0.999010,0.670552,0.669888,0.8395,-0.0451,1.4132,0.000,21.564,178.519,0,0,325,159,112,124
1778106842.450991,12,0.964938,0.682845,0.658903,0.9848,0.2294,1.5725,0.000,18.531,-148.969,0,0,164,99,115,124
1778106842.517730,21,0.981781,0.627642,0.616207,0.8442,-0.3583,1.5616,-0.000,18.235,165.466,0,0,533,65,123,130
1778106842.517730,36,0.999174,0.670536,0.669981,0.8395,-0.0466,1.4132,0.000,21.347,178.460,0,0,325,159,112,124
1778106842.517730,12,0.966632,0.682423,0.659651,0.9830,0.2289,1.5717,-0.000,18.538,-149.398,0,0,165,99,114,124
1778106842.517730,21,0.982724,0.627744,0.616900,0.8442,-0.3583,1.5616,-0.000,18.235,165.466,0,0,533,65,123,131
1778106842.517730,36,0.998009,0.670362,0.669027,0.8395,-0.0466,1.4132,0.000,21.347,178.460,0,0,326,160,110,122
1778106842.517730,12,0.966053,0.681865,0.658717,0.9830,0.2289,1.5717,-0.000,18.538,-149.398,0,0,165,99,114,124
1778106842.684650,21,0.983353,0.628204,0.617747,0.8461,-0.3576,1.5626,0.000,18.649,165.263,0,0,533,65,123,130
1778106842.684650,36,0.997846,0.669930,0.668487,0.8376,-0.0479,1.4126,0.000,21.437,175.688,0,0,326,159,108,124
1778106842.684650,12,0.970027,0.681865,0.661428,0.9802,0.2264,1.5704,-0.000,17.891,-150.754,0,0,165,99,115,124
1778106842.684650,21,0.983428,0.628204,0.617794,0.8461,-0.3576,1.5626,0.000,18.649,165.263,0,0,533,65,123,130
1778106842.684650,36,0.999281,0.669930,0.669448,0.8376,-0.0479,1.4126,0.000,21.437,175.688,0,0,325,159,110,124
1778106842.684650,12,0.969822,0.681865,0.661287,0.9802,0.2264,1.5704,-0.000,17.891,-150.754,0,0,165,99,114,124
1778106842.784739,21,0.982608,0.627744,0.616826,0.8442,-0.3568,1.5616,0.000,18.380,165.314,0,0,532,65,123,130
1778106842.784739,36,0.998487,0.669947,0.668933,0.8376,-0.0465,1.4126,0.000,21.845,177.331,0,0,325,159,108,122
1778106842.784739,12,0.969221,0.682922,0.661902,0.9848,0.2277,1.5725,0.000,18.180,-150.372,0,0,165,98,115,124
1778106842.884834,21,0.983596,0.627846,0.617546,0.8442,-0.3553,1.5616,0.000,18.538,165.085,0,0,532,65,122,130
1778106842.884834,36,0.999141,0.669947,0.669371,0.8376,-0.0465,1.4126,0.000,20.769,177.147,0,0,325,159,108,124
1778106842.884834,12,0.968581,0.682922,0.661465,0.9848,0.2277,1.5725,0.000,18.206,-150.184,0,0,165,99,115,124
1778106842.951573,21,0.983353,0.628408,0.617947,0.8461,-0.3546,1.5626,-0.000,18.711,165.487,0,0,531,65,123,130
1778106842.951573,36,0.996098,0.669947,0.667333,0.8376,-0.0465,1.4126,0.000,21.573,174.211,0,0,325,159,107,124
1778106842.951573,12,0.969134,0.682922,0.661843,0.9848,0.2277,1.5725,0.000,18.431,-150.218,0,0,165,99,115,124
1778106842.951573,21,0.984525,0.627947,0.618230,0.8461,-0.3546,1.5626,-0.000,18.711,165.487,0,0,531,65,123,130
1778106842.951573,36,0.997348,0.669357,0.667582,0.8376,-0.0465,1.4126,0.000,21.573,174.211,0,0,325,159,108,124
1778106842.951573,12,0.969315,0.683631,0.662653,0.9848,0.2277,1.5725,0.000,18.431,-150.218,0,0,166,99,114,124
1778106843.018299,21,0.984773,0.627947,0.618385,0.8442,-0.3538,1.5616,-0.000,18.859,165.068,0,0,531,65,123,130
1778106843.018299,36,0.997948,0.669947,0.668572,0.8357,-0.0465,1.4119,-0.000,21.600,175.367,0,0,325,159,108,124
1778106843.018299,12,0.969592,0.683631,0.662843,0.9876,0.2267,1.5738,-0.000,18.087,-150.552,0,0,166,99,114,124
1778106843.151774,21,0.984795,0.627947,0.618399,0.8442,-0.3538,1.5616,0.000,19.017,165.113,0,0,531,65,123,130
1778106843.151774,36,0.998605,0.669963,0.669028,0.8376,-0.0451,1.4126,-0.000,21.016,176.546,0,0,324,159,107,122
1778106843.151774,12,0.969886,0.682999,0.662432,0.9848,0.2260,1.5725,0.000,18.504,-150.491,0,0,166,99,114,124
1778106843.151774,21,0.984257,0.628509,0.618614,0.8442,-0.3538,1.5616,0.000,19.017,165.113,0,0,530,65,123,130
1778106843.151774,36,0.993502,0.669947,0.665594,0.8376,-0.0451,1.4126,-0.000,21.016,176.546,0,0,325,159,107,124
1778106843.151774,12,0.970471,0.681303,0.661185,0.9848,0.2260,1.5725,0.000,18.504,-150.491,0,0,166,99,115,125
1778106843.285251,21,0.984091,0.628509,0.618510,0.8461,-0.3531,1.5626,-0.000,18.661,165.131,0,0,530,65,123,131
1778106843.285251,36,0.994880,0.669947,0.666517,0.8376,-0.0465,1.4126,-0.000,22.379,173.812,0,0,325,159,106,124
1778106843.285251,12,0.972672,0.682017,0.663378,0.9802,0.2229,1.5704,-0.000,19.542,-150.884,0,0,167,99,114,124
1778106843.285251,21,0.997225,0.669947,0.668088,0.8461,-0.3531,1.5626,-0.000,18.661,165.131,0,0,325,159,108,124
1778106843.285251,36,0.983300,0.628509,0.618013,0.8376,-0.0465,1.4126,-0.000,22.379,173.812,0,0,530,65,123,131
1778106843.285251,12,0.971581,0.682653,0.663252,0.9802,0.2229,1.5704,-0.000,19.542,-150.884,0,0,167,99,114,125
1778106843.418729,21,0.984453,0.628048,0.618283,0.8442,-0.3523,1.5616,0.000,18.828,165.144,0,0,530,65,123,131
1778106843.418729,36,0.996462,0.669947,0.667577,0.8376,-0.0465,1.4126,0.000,21.291,174.344,0,0,325,159,106,124
1778106843.418729,12,0.971843,0.682017,0.662813,0.9802,0.2229,1.5704,0.000,19.803,-150.543,0,0,167,99,114,125
1778106843.418729,21,0.982576,0.628048,0.617104,0.8442,-0.3523,1.5616,0.000,18.828,165.144,0,0,530,65,124,130
1778106843.418729,36,0.999400,0.670120,0.669718,0.8376,-0.0465,1.4126,0.000,21.291,174.344,0,0,324,158,110,125
1778106843.418729,12,0.972419,0.682653,0.663825,0.9802,0.2229,1.5704,0.000,19.803,-150.543,0,0,167,99,114,125
1778106843.485449,21,0.982786,0.628048,0.617236,0.8442,-0.3523,1.5616,-0.000,18.321,165.486,0,0,530,65,123,130
1778106843.485449,36,0.998853,0.670568,0.669798,0.8392,-0.0451,1.4146,-0.000,20.970,178.148,0,0,323,159,106,122
1778106843.485449,12,0.972261,0.682653,0.663717,0.9830,0.2237,1.5717,0.000,19.483,-150.838,0,0,167,99,114,125
1778106843.618910,21,0.983883,0.628048,0.617926,0.8442,-0.3523,1.5616,0.000,18.893,165.510,0,0,530,65,123,130
1778106843.618910,36,0.999259,0.671155,0.670658,0.8414,-0.0437,1.4139,0.000,20.848,177.739,0,0,323,159,107,124
1778106843.618910,12,0.971330,0.682653,0.663081,0.9830,0.2237,1.5717,-0.000,19.909,-150.360,0,0,167,99,114,125
1778106843.685647,21,0.984714,0.628048,0.618447,0.8442,-0.3523,1.5616,0.000,18.849,165.032,0,0,530,65,122,131
1778106843.685647,36,0.999247,0.671155,0.670649,0.8414,-0.0437,1.4139,0.000,21.267,178.865,0,0,323,159,110,126
1778106843.685647,12,0.971252,0.682396,0.662779,0.9805,0.2247,1.5687,0.000,19.000,-150.598,0,0,166,100,115,124
1778106843.752381,21,0.984686,0.628148,0.618528,0.8442,-0.3508,1.5616,-0.000,18.776,165.034,0,0,529,65,123,130
1778106843.752381,36,0.999574,0.671155,0.670869,0.8414,-0.0437,1.4139,0.000,20.727,179.070,0,0,323,159,110,126
1778106843.752381,12,0.971737,0.682999,0.663696,0.9848,0.2260,1.5725,-0.000,19.562,-150.510,0,0,166,99,114,125
1778106843.819118,21,0.983084,0.628148,0.617522,0.8442,-0.3508,1.5616,0.000,18.466,165.485,0,0,529,65,123,131
1778106843.819118,36,0.999539,0.671155,0.670845,0.8414,-0.0437,1.4139,-0.000,20.688,178.466,0,0,323,159,108,126
1778106843.819118,12,0.971280,0.682577,0.662973,0.9830,0.2254,1.5717,-0.000,19.196,-150.544,0,0,166,99,114,125
1778106843.885832,21,0.983097,0.628148,0.617531,0.8442,-0.3508,1.5616,-0.000,18.768,165.830,0,0,529,65,123,131
1778106843.885832,36,0.999934,0.671155,0.671110,0.8414,-0.0437,1.4139,0.000,19.708,179.198,0,0,323,159,110,124
1778106843.885832,12,0.970835,0.682320,0.662420,0.9805,0.2264,1.5687,-0.000,18.983,-150.387,0,0,165,100,115,122
1778106843.952567,21,0.983906,0.627685,0.617583,0.8424,-0.3501,1.5606,0.000,19.267,165.982,0,0,529,65,122,130
1778106843.952567,36,0.999433,0.671155,0.670774,0.8414,-0.0437,1.4139,0.000,20.847,178.343,0,0,323,159,110,126
1778106843.952567,12,0.972863,0.682999,0.664465,0.9848,0.2260,1.5725,0.000,18.337,-151.426,0,0,166,99,114,124
1778106844.019306,21,0.983042,0.628248,0.617594,0.8442,-0.3494,1.5616,0.000,18.763,165.929,0,0,528,65,123,131
1778106844.019306,36,0.999622,0.670722,0.670469,0.8411,-0.0437,1.4153,0.000,20.662,179.582,0,0,323,158,110,125
1778106844.019306,12,0.971498,0.684088,0.664590,0.9880,0.2267,1.5721,0.000,18.656,-150.832,0,0,166,100,114,122
1778106844.019306,21,0.982463,0.628248,0.617231,0.8442,-0.3494,1.5616,0.000,18.763,165.929,0,0,528,65,123,130
1778106844.019306,36,0.998996,0.670568,0.669895,0.8411,-0.0437,1.4153,0.000,20.662,179.582,0,0,323,159,108,124
1778106844.019306,12,0.969014,0.683553,0.662373,0.9880,0.2267,1.5721,0.000,18.656,-150.832,0,0,165,99,115,124
1778106844.086051,21,0.983323,0.628248,0.617771,0.8442,-0.3494,1.5616,-0.000,18.504,165.486,0,0,529,65,124,130
1778106844.086051,36,0.995747,0.670568,0.667716,0.8395,-0.0437,1.4132,0.000,20.711,173.766,0,0,324,159,107,124
1778106844.086051,12,0.969660,0.683553,0.662815,0.9876,0.2285,1.5738,-0.000,18.385,-150.385,0,0,165,99,115,124
1778106844.152783,21,0.982585,0.628148,0.617208,0.8442,-0.3508,1.5616,0.000,18.231,165.446,0,0,529,65,123,130
1778106844.152783,36,0.999289,0.670552,0.670075,0.8395,-0.0451,1.4132,0.000,21.176,178.565,0,0,323,159,108,124
1778106844.152783,12,0.967889,0.683553,0.661604,0.9876,0.2285,1.5738,0.000,18.592,-149.805,0,0,165,100,114,122
1778106844.219521,21,0.984112,0.627685,0.617712,0.8424,-0.3501,1.5606,0.000,18.567,165.078,0,0,529,65,123,130
1778106844.219521,36,0.998264,0.670568,0.669403,0.8395,-0.0437,1.4132,-0.000,20.878,176.080,0,0,324,159,107,124
1778106844.219521,12,0.971917,0.683379,0.664187,0.9852,0.2277,1.5708,-0.000,18.448,-150.952,0,0,165,99,114,124
1778106844.286260,21,0.983138,0.627685,0.617101,0.8424,-0.3501,1.5606,0.000,18.969,166.031,0,0,529,65,123,130
1778106844.286260,36,0.997453,0.669963,0.668257,0.8376,-0.0451,1.4126,0.000,20.114,174.806,0,0,325,159,108,125
1778106844.286260,12,0.971211,0.682500,0.662851,0.9830,0.2272,1.5717,0.000,17.905,-151.083,0,0,165,99,114,124
1778106844.352998,21,0.980468,0.627685,0.615425,0.8424,-0.3501,1.5606,0.000,18.152,166.360,0,0,529,65,123,130
1778106844.352998,36,0.995963,0.669947,0.667242,0.8376,-0.0465,1.4126,0.000,21.032,173.833,0,0,325,159,107,124
1778106844.352998,12,0.969964,0.682500,0.662000,0.9830,0.2272,1.5717,-0.000,18.179,-150.577,0,0,165,100,114,122
1778106844.419726,21,0.983877,0.627685,0.617565,0.8424,-0.3501,1.5606,0.000,18.440,165.041,0,0,529,65,123,130
1778106844.419726,36,0.995783,0.669947,0.667122,0.8376,-0.0465,1.4126,0.000,21.073,173.719,0,0,325,159,107,124
1778106844.419726,12,0.969777,0.681682,0.661079,0.9777,0.2256,1.5674,0.000,18.346,-150.405,0,0,165,99,114,124
1778106844.486464,21,0.981060,0.627221,0.615341,0.8405,-0.3493,1.5596,0.000,17.882,165.762,0,0,530,65,124,130
1778106844.486464,36,0.997544,0.669357,0.667713,0.8357,-0.0465,1.4119,0.000,20.370,174.863,0,0,325,159,107,125
1778106844.486464,12,0.971481,0.682500,0.663036,0.9830,0.2272,1.5717,-0.000,17.537,-151.382,0,0,164,99,115,124
1778106844.553202,21,0.981951,0.627121,0.615803,0.8405,-0.3508,1.5596,0.000,18.192,165.636,0,0,529,64,123,129
1778106844.553202,36,0.997919,0.669357,0.667964,0.8357,-0.0465,1.4119,-0.000,21.317,175.780,0,0,325,159,108,124
1778106844.553202,12,0.970424,0.682423,0.662239,0.9830,0.2289,1.5717,0.000,17.342,-151.089,0,0,165,99,114,124
1778106844.553202,21,0.982055,0.627297,0.616040,0.8405,-0.3508,1.5596,0.000,18.192,165.636,0,0,530,64,123,129
1778106844.553202,36,0.999553,0.669357,0.669057,0.8357,-0.0465,1.4119,-0.000,21.317,175.780,0,0,324,160,106,122
1778106844.553202,12,0.955399,0.681865,0.651453,0.9830,0.2289,1.5717,0.000,17.342,-151.089,0,0,165,97,114,125
1778106844.619917,21,0.982041,0.626734,0.615478,0.8421,-0.3501,1.5620,0.000,18.098,165.431,0,0,530,64,123,129
1778106844.619917,36,0.999003,0.669804,0.669136,0.8357,-0.0465,1.4119,0.000,20.755,179.105,0,0,324,159,107,124
1778106844.619917,12,0.957490,0.681589,0.652615,0.9802,0.2264,1.5704,0.000,16.720,-147.712,0,0,165,96,114,124
1778106844.686656,21,0.981834,0.626734,0.615348,0.8403,-0.3508,1.5611,-0.000,18.007,165.246,0,0,530,64,123,129
1778106844.686656,36,0.998442,0.669947,0.668903,0.8360,-0.0451,1.4105,0.000,20.815,177.130,0,0,325,159,107,125
1778106844.686656,12,0.951149,0.680501,0.647258,0.9823,0.2272,1.5750,-0.000,17.178,-148.015,0,0,165,96,113,122
1778106844.786766,21,0.981366,0.626734,0.615055,0.8403,-0.3508,1.5611,-0.000,18.050,165.406,0,0,530,64,123,129
1778106844.786766,36,0.998859,0.669963,0.669199,0.8376,-0.0465,1.4126,0.000,21.106,176.282,0,0,324,159,107,124
1778106844.786766,12,0.945469,0.680501,0.643393,0.9792,0.2264,1.5754,0.000,16.673,-146.891,0,0,165,96,113,122
1778106844.920243,21,0.980986,0.626734,0.614817,0.8403,-0.3508,1.5611,0.000,17.955,165.702,0,0,530,64,123,129
1778106844.920243,36,0.998594,0.669947,0.669005,0.8376,-0.0465,1.4126,0.000,20.435,176.018,0,0,325,159,108,125
1778106844.920243,12,0.942827,0.680680,0.641763,0.9816,0.2272,1.5784,0.000,15.932,-145.585,0,0,165,95,112,124
1778106844.986981,21,0.982750,0.626634,0.615824,0.8403,-0.3523,1.5611,-0.000,18.024,164.824,0,0,531,64,124,129
1778106844.986981,36,0.998813,0.669947,0.669152,0.8376,-0.0465,1.4126,0.000,21.188,176.978,0,0,325,159,108,126
1778106844.986981,12,0.933737,0.681272,0.636129,0.9859,0.2285,1.5823,0.000,13.823,-145.125,0,0,165,94,112,122
1778106845.053715,21,0.982476,0.627096,0.616107,0.8421,-0.3531,1.5620,0.000,17.570,164.317,0,0,531,64,124,129
1778106845.053715,36,0.999403,0.670552,0.670151,0.8395,-0.0451,1.4132,0.000,20.484,177.544,0,0,324,159,107,124
1778106845.053715,12,0.933093,0.680645,0.635105,0.9831,0.2277,1.5810,0.000,13.284,-145.374,0,0,165,94,112,122
1778106845.053715,21,0.982272,0.626533,0.615426,0.8421,-0.3531,1.5620,0.000,17.570,164.317,0,0,532,64,124,129
1778106845.053715,36,0.999188,0.669963,0.669419,0.8395,-0.0451,1.4132,0.000,20.484,177.544,0,0,324,159,107,124
1778106845.053715,12,0.924018,0.679206,0.627599,0.9831,0.2277,1.5810,0.000,13.284,-145.374,0,0,164,91,113,125
1778106845.120453,21,0.983037,0.626070,0.615449,0.8403,-0.3538,1.5611,0.000,17.748,164.624,0,0,532,64,124,129
1778106845.120453,36,0.998605,0.669963,0.669028,0.8376,-0.0451,1.4126,0.000,20.875,177.490,0,0,324,159,107,124
1778106845.120453,12,0.926001,0.678788,0.628559,0.9821,0.2294,1.5861,-0.000,12.085,-144.542,0,0,164,91,112,125
1778106845.187181,21,0.982665,0.626070,0.615217,0.8384,-0.3530,1.5601,0.000,17.807,164.284,0,0,532,64,124,129
1778106845.187181,36,0.996806,0.669963,0.667823,0.8376,-0.0451,1.4126,0.000,21.580,177.220,0,0,325,159,105,121
1778106845.187181,12,0.912689,0.678788,0.619523,0.9802,0.2289,1.5852,-0.000,11.673,-145.258,0,0,164,90,112,125
1778106845.287267,21,0.982238,0.626533,0.615405,0.8403,-0.3538,1.5611,0.000,17.578,164.393,0,0,532,64,125,129
1778106845.287267,36,0.998544,0.669357,0.668382,0.8357,-0.0465,1.4119,0.000,21.459,176.822,0,0,326,159,106,121
1778106845.287267,12,0.914229,0.678335,0.620154,0.9799,0.2289,1.5869,-0.000,9.100,-145.289,0,0,164,90,108,122
1778106845.387381,21,0.982738,0.625969,0.615164,0.8384,-0.3545,1.5601,-0.000,17.883,164.490,0,0,533,64,124,129
1778106845.387381,36,0.998579,0.669357,0.668406,0.8357,-0.0465,1.4119,0.000,21.451,176.876,0,0,325,159,108,122
1778106845.387381,12,0.894063,0.677771,0.605970,0.9811,0.2312,1.5912,0.000,8.824,-141.882,0,0,163,88,108,122
1778106845.454114,21,0.981135,0.626533,0.614714,0.8403,-0.3538,1.5611,0.000,17.377,164.698,0,0,532,64,125,128
1778106845.454114,36,0.999442,0.669357,0.668983,0.8357,-0.0465,1.4119,0.000,20.948,178.603,0,0,325,159,110,124
1778106845.454114,12,0.894651,0.677863,0.606451,0.9835,0.2337,1.5943,0.000,8.175,-142.515,0,0,162,87,107,121
1778106845.454114,21,0.998150,0.669357,0.668118,0.8403,-0.3538,1.5611,0.000,17.377,164.698,0,0,325,159,110,124
1778106845.454114,36,0.981465,0.625969,0.614367,0.8357,-0.0465,1.4119,0.000,20.948,178.603,0,0,533,64,124,128
1778106845.454114,12,0.865472,0.678191,0.586955,0.9835,0.2337,1.5943,0.000,8.175,-142.515,0,0,162,85,106,115
1778106845.587604,36,0.999389,0.668926,0.668517,0.8354,-0.0465,1.4133,-0.000,20.470,-179.502,0,0,325,158,110,125
1778106845.587604,21,0.982056,0.626433,0.615192,0.8403,-0.3553,1.5611,-0.000,18.015,165.026,0,0,533,64,124,129
1778106845.587604,12,0.844104,0.678272,0.572532,0.9908,0.2379,1.6035,0.000,3.077,-139.348,0,0,161,84,105,114
1778106845.654335,36,0.999075,0.668926,0.668307,0.8354,-0.0465,1.4133,-0.000,20.898,-179.254,0,0,325,158,112,125
1778106845.654335,21,0.980715,0.626433,0.614352,0.8403,-0.3553,1.5611,0.000,17.674,165.252,0,0,533,64,125,129
1778106845.654335,12,0.825046,0.677973,0.559359,0.9929,0.2387,1.6083,0.000,-0.093,-140.068,0,0,161,82,107,115
1778106845.721059,36,0.998949,0.669340,0.668636,0.8357,-0.0479,1.4119,0.000,21.546,177.905,0,0,326,159,108,124
1778106845.721059,21,0.981754,0.626433,0.615003,0.8403,-0.3553,1.5611,0.000,18.172,165.373,0,0,533,64,125,129
1778106845.721059,12,0.830675,0.677973,0.563175,0.9929,0.2387,1.6083,-0.000,1.104,-139.564,0,0,161,82,104,114
1778106845.787776,36,0.998677,0.669357,0.668471,0.8357,-0.0465,1.4119,0.000,21.977,179.290,0,0,325,159,107,124
1778106845.787776,21,0.980083,0.626332,0.613857,0.8403,-0.3568,1.5611,-0.000,17.660,165.464,0,0,534,64,124,129
1778106845.787776,12,0.811220,0.677208,0.549364,0.9901,0.2414,1.6070,-0.000,-0.694,-138.427,0,0,159,82,105,114
1778106845.854518,36,0.998354,0.669963,0.668861,0.8376,-0.0451,1.4126,0.000,21.472,-178.626,0,0,324,159,107,124
1778106845.854518,21,0.981523,0.625869,0.614304,0.8384,-0.3560,1.5601,-0.000,18.216,165.461,0,0,534,64,124,129
1778106845.854518,12,0.804490,0.678348,0.545724,0.9933,0.2404,1.6066,0.000,-2.462,-139.547,0,0,160,83,104,114
1778106845.921274,36,0.998824,0.669357,0.668570,0.8357,-0.0465,1.4119,-0.000,21.761,179.563,0,0,325,159,106,124
1778106845.921274,21,0.979396,0.626332,0.613427,0.8403,-0.3568,1.5611,0.000,17.646,165.766,0,0,534,64,124,129
1778106845.921274,12,0.785991,0.677815,0.532756,0.9929,0.2422,1.6083,-0.000,-3.566,-138.113,0,0,159,82,103,115
1778106845.921274,36,0.997467,0.669357,0.667661,0.8357,-0.0465,1.4119,-0.000,21.761,179.563,0,0,324,159,107,124
1778106845.921274,21,0.980005,0.625869,0.613354,0.8403,-0.3568,1.5611,0.000,17.646,165.766,0,0,534,64,124,129
1778106845.921274,12,0.788810,0.678722,0.535383,0.9929,0.2422,1.6083,-0.000,-3.566,-138.113,0,0,159,84,104,114
1778106846.054730,36,0.998783,0.669373,0.668558,0.8357,-0.0451,1.4119,0.000,21.827,178.415,0,0,325,159,107,124
1778106846.054730,21,0.981431,0.625869,0.614247,0.8384,-0.3560,1.5601,0.000,18.509,165.839,0,0,534,64,124,129
1778106846.054730,12,0.765110,0.678108,0.518827,0.9933,0.2457,1.6066,0.000,-6.672,-138.728,0,0,157,83,103,109
1778106846.121464,36,0.998760,0.669357,0.668527,0.8357,-0.0465,1.4119,0.000,21.795,179.738,0,0,325,158,108,125
1778106846.121464,21,0.980693,0.625869,0.613785,0.8384,-0.3560,1.5601,0.000,18.592,166.255,0,0,534,64,124,129
1778106846.121464,12,0.786669,0.678794,0.533986,0.9960,0.2448,1.6080,0.000,-5.720,-140.909,0,0,158,83,104,109
1778106846.121464,36,0.999000,0.668926,0.668257,0.8354,-0.0465,1.4133,0.000,21.715,178.838,0,0,325,159,107,125
1778106846.121464,21,0.982146,0.625404,0.614238,0.8366,-0.3552,1.5591,0.000,18.789,165.815,0,0,534,64,124,129
1778106846.121464,12,0.780047,0.678794,0.529491,0.9960,0.2448,1.6080,0.000,-5.293,-139.242,0,0,157,83,105,111
1778106846.121464,36,0.998977,0.669357,0.668672,0.8354,-0.0465,1.4133,0.000,21.715,178.838,0,0,326,159,106,124
1778106846.121464,21,0.982869,0.625869,0.615147,0.8366,-0.3552,1.5591,0.000,18.789,165.815,0,0,534,64,124,129
1778106846.121464,12,0.783707,0.678108,0.531438,0.9960,0.2448,1.6080,0.000,-5.293,-139.242,0,0,157,84,103,113
1778106846.188200,36,0.979619,0.625869,0.613113,0.8357,-0.0465,1.4119,-0.000,20.884,176.942,0,0,533,64,125,129
1778106846.188200,21,0.998918,0.669340,0.668616,0.8384,-0.3560,1.5601,0.000,19.199,165.909,0,0,325,159,108,126
1778106846.188200,12,0.779450,0.679167,0.529377,0.9933,0.2457,1.6066,-0.000,-4.067,-138.077,0,0,157,85,104,111
1778106846.321654,36,0.998779,0.669947,0.669129,0.8376,-0.0465,1.4126,0.000,21.764,179.769,0,0,325,158,107,125
1778106846.321654,21,0.979390,0.625505,0.612613,0.8366,-0.3537,1.5591,-0.000,18.313,166.598,0,0,533,64,124,129
1778106846.321654,12,0.770919,0.679622,0.523934,0.9967,0.2465,1.6045,0.000,-5.178,-137.400,0,0,157,85,104,111
1778106846.321654,36,0.998805,0.669516,0.668716,0.8376,-0.0465,1.4126,0.000,21.764,179.769,0,0,326,159,108,126
1778106846.321654,21,0.980189,0.625505,0.613113,0.8366,-0.3537,1.5591,-0.000,18.313,166.598,0,0,533,64,124,129
1778106846.321654,12,0.771074,0.679622,0.524039,0.9967,0.2465,1.6045,0.000,-5.178,-137.400,0,0,156,86,103,110
1778106846.388392,36,0.999323,0.669340,0.668887,0.8373,-0.0465,1.4140,0.000,21.199,176.855,0,0,326,158,108,128
1778106846.388392,21,0.978648,0.625039,0.611693,0.8366,-0.3537,1.5591,0.000,18.969,166.918,0,0,533,64,124,129
1778106846.388392,12,0.757235,0.680599,0.515374,0.9967,0.2465,1.6045,0.000,-3.996,-135.994,0,0,156,87,103,107
1778106846.455130,36,0.998511,0.669499,0.668502,0.8357,-0.0479,1.4119,0.000,21.152,178.573,0,0,327,158,112,125
1778106846.455130,21,0.978276,0.625505,0.611916,0.8347,-0.3530,1.5581,-0.000,19.065,167.613,0,0,533,64,124,129
1778106846.455130,12,0.781357,0.681055,0.532147,0.9999,0.2491,1.6042,-0.000,-6.965,-137.503,0,0,156,81,103,113
1778106846.521870,36,0.998853,0.668714,0.667947,0.8373,-0.0479,1.4140,-0.000,20.742,175.924,0,0,328,159,110,124
1778106846.521870,21,0.980071,0.625505,0.613039,0.8366,-0.3537,1.5591,0.000,18.706,167.434,0,0,533,64,124,129
1778106846.521870,12,0.764726,0.681110,0.520863,1.0002,0.2491,1.6024,0.000,-5.113,-138.543,0,0,157,83,100,114
1778106846.621984,36,0.998867,0.668714,0.667956,0.8338,-0.0507,1.4112,-0.000,21.215,176.810,0,0,327,159,108,124
1778106846.621984,21,0.979952,0.625505,0.612965,0.8366,-0.3537,1.5591,0.000,18.994,167.037,0,0,532,64,124,128
1778106846.621984,12,0.778232,0.681110,0.530061,1.0072,0.2499,1.6135,-0.000,-4.734,-138.112,0,0,156,81,103,115
1778106846.722099,36,0.998743,0.669323,0.668481,0.8357,-0.0493,1.4119,0.000,21.709,177.516,0,0,327,159,108,122
1778106846.722099,21,0.979650,0.626070,0.613329,0.8384,-0.3530,1.5601,0.000,19.552,167.722,0,0,532,64,124,128
1778106846.722099,12,0.766596,0.680114,0.521373,1.0065,0.2516,1.6170,-0.000,-4.551,-136.287,0,0,157,82,102,117
1778106846.722099,36,0.999083,0.669323,0.668709,0.8357,-0.0493,1.4119,0.000,21.709,177.516,0,0,327,158,112,121
1778106846.722099,21,0.977483,0.625605,0.611518,0.8384,-0.3530,1.5601,0.000,19.552,167.722,0,0,531,64,123,129
1778106846.722099,12,0.760387,0.681837,0.518460,1.0065,0.2516,1.6170,-0.000,-4.551,-136.287,0,0,156,82,102,115
1778106846.788877,36,0.977797,0.626170,0.612267,0.8357,-0.0493,1.4119,0.000,21.440,178.084,0,0,531,64,124,129
1778106846.788877,21,0.999268,0.669482,0.668992,0.8366,-0.3523,1.5591,0.000,18.888,167.978,0,0,328,158,110,121
1778106846.788877,12,0.773704,0.680571,0.526560,1.0124,0.2515,1.6180,0.000,-5.865,-137.057,0,0,156,83,102,113
1778106846.922365,21,0.977535,0.626170,0.612103,0.8384,-0.3515,1.5601,0.000,18.914,168.063,0,0,531,64,124,129
1778106846.922365,36,0.998857,0.668875,0.668111,0.8354,-0.0507,1.4133,-0.000,21.299,176.768,0,0,328,159,110,118
1778106846.922365,12,0.757282,0.679234,0.514371,0.9988,0.2491,1.6094,0.000,-7.046,-137.948,0,0,156,83,102,113
1778106846.989094,21,0.979201,0.626170,0.613146,0.8384,-0.3515,1.5601,0.000,19.146,167.633,0,0,531,64,124,129
1778106846.989094,36,0.999470,0.669305,0.668951,0.8357,-0.0507,1.4119,0.000,20.706,177.664,0,0,328,159,110,118
1778106846.989094,12,0.753857,0.679834,0.512497,1.0016,0.2500,1.6108,0.000,-8.630,-139.713,0,0,156,84,102,111
1778106847.055837,21,0.974718,0.626170,0.610339,0.8384,-0.3515,1.5601,0.000,18.784,168.958,0,0,530,64,124,129
1778106847.055837,36,0.997958,0.668714,0.667348,0.8338,-0.0507,1.4112,0.000,21.932,176.164,0,0,328,159,106,118
1778106847.055837,12,0.750551,0.680888,0.511041,1.0047,0.2508,1.6104,-0.000,-7.050,-136.861,0,0,155,87,104,111
1778106847.122562,21,0.975272,0.626734,0.611236,0.8403,-0.3508,1.5611,0.000,18.893,168.938,0,0,530,64,124,129
1778106847.122562,36,0.999726,0.669305,0.669122,0.8357,-0.0507,1.4119,0.000,20.392,178.623,0,0,328,159,110,118
1778106847.122562,12,0.733353,0.681575,0.499835,1.0030,0.2517,1.6038,-0.000,-8.908,-136.440,0,0,155,86,98,111
1778106847.222663,21,0.980570,0.626657,0.614481,0.8387,-0.3501,1.5586,-0.000,20.619,168.397,0,0,530,65,124,130
1778106847.222663,36,0.999478,0.669913,0.669563,0.8376,-0.0494,1.4126,0.000,20.740,177.876,0,0,327,159,107,117
1778106847.222663,12,0.783675,0.681163,0.533810,1.0096,0.2525,1.6167,0.000,-3.424,-137.263,0,0,156,82,103,117
1778106847.222663,21,0.979191,0.626833,0.613789,0.8387,-0.3501,1.5586,-0.000,20.619,168.397,0,0,529,64,124,129
1778106847.222663,36,0.999720,0.669913,0.669725,0.8376,-0.0494,1.4126,0.000,20.740,177.876,0,0,327,159,107,118
1778106847.222663,12,0.777934,0.680432,0.529331,1.0096,0.2525,1.6167,0.000,-3.424,-137.263,0,0,156,83,102,114
1778106847.289370,21,0.978937,0.627221,0.614010,0.8403,-0.3493,1.5611,-0.000,19.772,168.317,0,0,529,65,124,130
1778106847.289370,36,0.999482,0.669305,0.668958,0.8376,-0.0494,1.4126,0.000,20.331,178.205,0,0,328,159,110,118
1778106847.289370,12,0.756120,0.681621,0.515387,1.0044,0.2508,1.6121,0.000,-5.333,-138.742,0,0,156,83,102,111
1778106847.422839,21,0.980050,0.627221,0.614708,0.8405,-0.3493,1.5596,0.000,19.639,167.957,0,0,529,65,124,130
1778106847.422839,36,0.999348,0.669930,0.669493,0.8376,-0.0479,1.4126,-0.000,20.889,179.803,0,0,326,159,107,118
1778106847.422839,12,0.746509,0.681027,0.508393,1.0072,0.2516,1.6135,0.000,-7.173,-136.551,0,0,156,83,102,114
1778106847.489608,21,0.978886,0.627297,0.614052,0.8421,-0.3501,1.5620,0.000,19.682,168.360,0,0,529,64,124,129
1778106847.489608,36,0.998199,0.669913,0.668706,0.8376,-0.0494,1.4126,0.000,22.190,177.178,0,0,327,159,107,120
1778106847.489608,12,0.748001,0.681621,0.509853,1.0100,0.2525,1.6149,0.000,-6.745,-136.209,0,0,156,83,100,114
1778106847.489608,21,0.978599,0.628148,0.614705,0.8421,-0.3501,1.5620,0.000,19.682,168.360,0,0,529,65,124,130
1778106847.489608,36,0.999348,0.669913,0.669476,0.8376,-0.0494,1.4126,0.000,22.190,177.178,0,0,327,159,108,120
1778106847.489608,12,0.752811,0.682843,0.514052,1.0100,0.2525,1.6149,0.000,-6.745,-136.209,0,0,155,82,102,110
1778106847.623078,21,0.980356,0.627685,0.615355,0.8424,-0.3501,1.5606,0.000,19.383,167.625,0,0,529,65,124,130
1778106847.623078,36,0.999399,0.669482,0.669080,0.8373,-0.0494,1.4140,0.000,20.948,179.582,0,0,327,158,110,121
1778106847.623078,12,0.766010,0.682928,0.523130,1.0179,0.2550,1.6208,0.000,-6.864,-139.138,0,0,156,82,100,110
1778106847.623078,21,0.979572,0.627685,0.614863,0.8424,-0.3501,1.5606,0.000,19.383,167.625,0,0,529,65,124,130
1778106847.623078,36,0.998741,0.669482,0.668639,0.8373,-0.0494,1.4140,0.000,20.948,179.582,0,0,327,159,108,117
1778106847.623078,12,0.748867,0.682928,0.511422,1.0179,0.2550,1.6208,0.000,-6.864,-139.138,0,0,155,81,102,111
1778106847.623078,21,0.979671,0.627785,0.615022,0.8424,-0.3501,1.5606,0.000,19.053,167.645,0,0,528,65,123,130
1778106847.623078,36,0.999661,0.669913,0.669686,0.8373,-0.0494,1.4140,-0.000,22.011,178.365,0,0,327,159,108,118
1778106847.623078,12,0.750907,0.682631,0.512592,1.0179,0.2550,1.6208,0.000,-6.552,-136.186,0,0,154,83,103,110
1778106847.823293,21,0.977756,0.628248,0.614273,0.8442,-0.3494,1.5616,0.000,19.331,168.648,0,0,528,65,123,130
1778106847.823293,36,0.999733,0.670502,0.670323,0.8395,-0.0494,1.4132,0.000,20.115,177.847,0,0,327,159,108,118
1778106847.823293,12,0.766245,0.683427,0.523672,1.0207,0.2576,1.6222,0.000,-5.917,-137.753,0,0,155,82,102,109
1778106847.890003,21,0.979119,0.628148,0.615032,0.8442,-0.3508,1.5616,0.000,19.483,168.185,0,0,529,65,124,130
1778106847.890003,36,0.999259,0.670502,0.670004,0.8395,-0.0494,1.4132,0.000,21.198,178.139,0,0,327,159,108,117
1778106847.890003,12,0.751772,0.681585,0.512396,1.0124,0.2569,1.6180,-0.000,-6.476,-136.272,0,0,154,82,103,109
1778106847.956747,21,0.976913,0.627785,0.613291,0.8424,-0.3486,1.5606,0.000,18.967,168.656,0,0,528,65,123,130
1778106847.956747,36,0.999592,0.670934,0.670660,0.8398,-0.0494,1.4118,0.000,20.589,178.602,0,0,327,160,106,118
1778106847.956747,12,0.776923,0.683741,0.531214,1.0241,0.2587,1.6258,-0.000,-5.647,-139.123,0,0,155,81,104,109
1778106847.956747,21,0.977633,0.627785,0.613743,0.8424,-0.3486,1.5606,0.000,18.967,168.656,0,1,528,64,123,129
1778106847.956747,36,0.999358,0.670934,0.670503,0.8398,-0.0494,1.4118,0.000,20.589,178.602,0,1,327,159,110,120
1778106847.956747,12,0.773846,0.683741,0.529110,1.0241,0.2587,1.6258,-0.000,-5.647,-139.123,1,1,155,82,104,109
1778106847.956747,38,0.980997,0.870580,0.854036,0.8424,-0.3486,1.5606,0.000,18.917,168.350,0,0,387,226,97,114
1778106847.956747,21,0.973346,0.649418,0.632109,0.8398,-0.0494,1.4118,-0.000,19.794,-179.331,0,0,581,118,118,144
1778106852.094343,38,0.999970,0.705431,0.705411,0.8541,-0.4090,1.4975,0.000,15.403,166.762,0,0,375,213,108,124
1778106852.227817,21,0.970657,0.641412,0.622591,0.8479,-0.4069,1.5003,0.000,14.268,166.523,0,0,575,109,127,136
1778106852.227817,38,0.999993,0.705205,0.705200,0.8837,-0.1102,1.3555,-0.000,14.237,174.728,0,0,373,211,108,122
1778106852.227817,21,0.969487,0.636702,0.617275,0.8479,-0.4069,1.5003,0.000,14.268,166.523,0,0,573,104,126,139
1778106852.227817,38,0.998852,0.701851,0.701046,0.8837,-0.1102,1.3555,-0.000,14.237,174.728,0,0,372,209,104,117
1778106852.361294,21,0.971062,0.633049,0.614730,0.8390,-0.4003,1.5065,-0.000,15.172,166.791,0,0,567,98,125,143
1778106852.361294,38,0.999563,0.693619,0.693316,0.8675,-0.1037,1.3556,0.000,16.017,175.877,0,0,364,203,105,124
1778106852.428046,21,0.999244,0.691709,0.691186,0.8647,-0.1020,1.3594,0.000,16.947,174.009,0,0,363,200,102,121
1778106852.428046,38,0.970693,0.632393,0.613860,0.8385,-0.3989,1.5093,0.000,14.915,166.649,0,0,566,96,124,141
1778106852.428046,38,0.967979,0.632393,0.612143,0.8385,-0.3989,1.5093,0.000,15.459,167.852,0,0,562,91,125,143
1778106852.428046,47,0.998980,0.691709,0.691003,0.8647,-0.1020,1.3594,-0.000,17.419,175.693,0,0,358,195,107,125
1778106852.494778,47,0.967977,0.629973,0.609800,0.8333,-0.3913,1.5147,0.000,16.009,168.242,0,0,560,90,125,141
1778106852.494778,38,0.999318,0.689059,0.688589,0.8613,-0.0946,1.3660,0.000,17.421,176.245,0,0,356,193,105,124
1778106852.494778,21,0.722967,0.710407,0.513600,1.0550,0.2004,1.5535,-0.000,-7.684,-134.000,0,0,187,121,96,115
1778106852.494778,38,0.994786,0.687637,0.684052,0.8333,-0.3913,1.5147,0.000,16.009,168.242,0,0,352,188,100,114
1778106852.494778,47,0.972729,0.629816,0.612640,0.8613,-0.0946,1.3660,0.000,17.421,176.245,0,0,554,84,125,140
1778106852.494778,21,0.697922,0.706909,0.493367,1.0550,0.2004,1.5535,-0.000,-7.684,-134.000,0,0,180,117,93,111
1778106852.628231,38,0.997379,0.685550,0.683753,0.8573,-0.0858,1.3754,0.000,19.271,173.236,0,0,347,182,102,117
1778106852.628231,47,0.970190,0.629603,0.610834,0.8368,-0.3822,1.5274,-0.000,16.447,168.103,0,0,551,79,124,144
1778106852.628231,21,0.753773,0.699961,0.527612,1.0248,0.2102,1.5564,0.000,-6.250,-135.940,0,0,177,106,96,113
1778106852.694952,38,0.996174,0.678841,0.676243,0.8422,-0.0778,1.3798,0.000,18.781,171.796,0,0,345,180,105,118
1778106852.694952,47,0.972287,0.629413,0.611970,0.8409,-0.3803,1.5374,0.000,17.514,168.157,0,0,549,76,124,145
1778106852.694952,21,0.750061,0.693938,0.520495,1.0181,0.2148,1.5745,0.000,-5.449,-135.236,0,0,174,104,98,113
1778106852.795087,38,0.971979,0.627714,0.610125,0.8408,-0.3737,1.5485,0.000,18.022,168.581,0,0,546,72,124,143
1778106852.795087,47,0.989959,0.673175,0.666416,0.8316,-0.0716,1.3869,-0.000,18.650,168.564,0,0,343,175,100,117
1778106852.795087,21,0.751071,0.689299,0.517712,1.0104,0.2276,1.5824,0.000,-5.229,-134.750,0,0,169,100,98,113
1778106852.861799,47,0.966544,0.627619,0.606621,0.8445,-0.3642,1.5601,0.000,17.967,170.438,0,0,538,66,123,133
1778106852.861799,38,0.999649,0.673770,0.673533,0.8447,-0.0552,1.4075,0.000,19.055,176.752,0,0,331,164,107,126
1778106852.861799,21,0.778566,0.677912,0.527800,0.9814,0.2381,1.5895,0.000,-3.715,-136.569,0,0,159,89,102,117
1778106852.928538,47,0.968605,0.628182,0.608460,0.8464,-0.3635,1.5611,0.000,18.095,170.013,0,0,537,66,123,132
1778106852.928538,38,0.999051,0.674674,0.674034,0.8499,-0.0540,1.4123,-0.000,19.198,-179.033,0,0,330,162,110,125
1778106852.928538,21,0.798633,0.675892,0.539789,0.9761,0.2385,1.5906,0.000,-3.407,-139.208,0,0,158,87,104,111
1778106852.928538,47,0.964568,0.628182,0.605924,0.8464,-0.3635,1.5611,0.000,18.095,170.013,0,0,535,64,123,129
1778106852.928538,38,0.995901,0.674674,0.671908,0.8499,-0.0540,1.4123,-0.000,19.198,-179.033,0,0,330,162,105,122
1778106852.928538,21,0.825486,0.675892,0.557939,0.9761,0.2385,1.5906,0.000,-3.407,-139.208,0,0,155,85,103,115
1778106852.928538,47,0.970632,0.628297,0.609845,0.8464,-0.3635,1.5611,0.000,17.986,171.092,0,0,536,64,122,128
1778106852.928538,38,0.998612,0.675255,0.674318,0.8499,-0.0540,1.4123,-0.000,20.632,173.231,0,0,329,161,104,121
1778106852.928538,21,0.844456,0.676406,0.571195,0.9761,0.2385,1.5906,-0.000,-0.435,-139.743,0,0,154,84,105,115
1778106853.028645,47,0.966582,0.628194,0.607201,0.8485,-0.3617,1.5655,-0.000,18.328,169.603,0,0,536,64,124,129
1778106853.028645,38,0.998347,0.674837,0.673722,0.8518,-0.0540,1.4129,0.000,20.786,175.996,0,0,328,161,105,121
1778106853.028645,21,0.857655,0.675259,0.579139,0.9828,0.2459,1.5977,0.000,-0.626,-143.060,0,0,154,84,103,114
1778106853.195492,47,0.964951,0.628297,0.606276,0.8485,-0.3617,1.5655,0.000,17.888,170.952,0,0,535,64,123,129
1778106853.195492,38,0.999479,0.675873,0.675521,0.8537,-0.0512,1.4136,0.000,20.250,177.426,0,0,328,162,106,122
1778106853.195492,21,0.875788,0.674052,0.590327,0.9726,0.2445,1.5927,0.000,1.267,-146.434,0,0,154,85,103,114
1778106853.195492,47,0.967317,0.628194,0.607663,0.8485,-0.3617,1.5655,0.000,17.888,170.952,0,0,536,64,123,128
1778106853.195492,38,0.998357,0.675873,0.674762,0.8537,-0.0512,1.4136,0.000,20.250,177.426,0,0,328,162,105,122
1778106853.195492,21,0.864559,0.674847,0.583445,0.9726,0.2445,1.5927,0.000,1.267,-146.434,0,0,154,84,104,115
1778106853.328933,47,0.966027,0.627508,0.606190,0.8458,-0.3620,1.5640,0.000,17.500,170.254,0,0,536,64,123,129
1778106853.328933,38,0.998304,0.675293,0.674147,0.8518,-0.0511,1.4129,-0.000,20.602,175.627,0,0,328,162,105,121
1778106853.328933,21,0.890119,0.674052,0.599986,0.9726,0.2445,1.5927,0.000,1.583,-149.352,0,0,154,85,106,115
1778106853.395669,47,0.966289,0.628090,0.606916,0.8485,-0.3647,1.5655,0.000,17.577,170.158,0,0,537,64,124,129
1778106853.395669,38,0.999623,0.675873,0.675619,0.8537,-0.0512,1.4136,0.000,20.271,178.134,0,0,328,162,106,120
1778106853.395669,21,0.917435,0.674594,0.618897,0.9754,0.2471,1.5940,0.000,4.260,-152.056,0,0,153,85,104,118
1778106853.462408,47,0.966926,0.628090,0.607316,0.8485,-0.3647,1.5655,0.000,18.447,170.637,0,0,537,64,122,129
1778106853.462408,38,0.998294,0.675293,0.674141,0.8518,-0.0511,1.4129,0.000,20.465,175.525,0,0,328,162,105,120
1778106853.462408,21,0.914391,0.675627,0.617788,0.9800,0.2485,1.5963,0.000,3.666,-152.300,0,0,153,85,104,118
1778106853.462408,47,0.966986,0.628090,0.607354,0.8485,-0.3647,1.5655,0.000,18.447,170.637,0,0,537,64,124,129
1778106853.462408,38,0.998988,0.675730,0.675047,0.8518,-0.0511,1.4129,0.000,20.465,175.525,0,0,328,163,104,118
1778106853.462408,21,0.927176,0.675215,0.626043,0.9800,0.2485,1.5963,0.000,3.666,-152.300,0,0,153,85,104,121
1778106853.595878,47,0.968542,0.628090,0.608332,0.8485,-0.3647,1.5655,0.000,17.874,169.722,0,0,537,64,124,129
1778106853.595878,38,0.999649,0.675293,0.675056,0.8518,-0.0511,1.4129,0.000,20.256,178.346,0,0,328,162,106,122
1778106853.595878,21,0.939031,0.675583,0.634393,0.9785,0.2497,1.5937,0.000,5.757,-157.195,0,0,152,86,105,118
1778106853.662598,47,0.966127,0.628090,0.606815,0.8485,-0.3647,1.5655,0.000,17.716,170.317,0,0,536,64,123,129
1778106853.662598,38,0.998543,0.675274,0.674291,0.8518,-0.0526,1.4129,0.000,20.884,176.090,0,0,329,162,105,120
1778106853.662598,21,0.947727,0.675950,0.640616,0.9789,0.2514,1.5920,0.000,6.599,-159.947,0,0,151,87,106,120
1778106853.729332,47,0.967837,0.628194,0.607989,0.8485,-0.3632,1.5655,0.000,18.340,170.377,0,0,536,64,123,129
1778106853.729332,38,0.997233,0.674674,0.672807,0.8499,-0.0540,1.4123,0.000,20.085,174.075,0,0,330,162,104,120
1778106853.729332,21,0.952487,0.676813,0.644655,0.9811,0.2520,1.5912,0.000,7.331,-160.392,0,0,151,88,106,118
1778106853.796069,47,0.965863,0.628194,0.606749,0.8485,-0.3632,1.5655,-0.000,18.134,170.795,0,0,536,64,123,129
1778106853.796069,38,0.999044,0.675274,0.674629,0.8518,-0.0526,1.4129,0.000,18.821,175.828,0,0,329,162,106,121
1778106853.796069,21,0.952417,0.676362,0.644179,0.9807,0.2520,1.5929,0.000,7.394,-160.499,0,0,151,87,106,120
1778106853.796069,47,0.964858,0.628194,0.606118,0.8485,-0.3632,1.5655,0.000,18.058,171.022,0,0,536,65,123,130
1778106853.796069,38,0.995346,0.675274,0.672132,0.8518,-0.0526,1.4129,-0.000,19.976,172.758,0,0,331,162,106,121
1778106853.796069,21,0.952404,0.676362,0.644170,0.9807,0.2520,1.5929,0.000,7.265,-162.083,0,0,151,87,107,121
1778106853.862806,47,0.967047,0.628583,0.607869,0.8488,-0.3632,1.5640,0.000,18.306,170.645,0,0,536,65,124,130
1778106853.862806,38,0.998126,0.673487,0.672225,0.8461,-0.0553,1.4110,0.000,18.631,174.563,0,0,330,162,108,124
1778106853.862806,21,0.949608,0.676362,0.642279,0.9807,0.2520,1.5929,0.000,6.753,-161.911,0,0,151,88,106,118
1778106853.929544,47,0.964485,0.628583,0.606259,0.8488,-0.3632,1.5640,-0.000,18.275,171.342,0,0,535,65,123,130
1778106853.929544,38,0.995853,0.674091,0.671295,0.8480,-0.0539,1.4116,0.000,20.269,173.070,0,0,330,162,106,122
1778106853.929544,21,0.952502,0.678046,0.645841,0.9866,0.2537,1.5939,0.000,7.190,-162.147,0,0,151,87,107,121
1778106854.063021,47,0.965403,0.628687,0.606936,0.8488,-0.3617,1.5640,0.000,18.289,171.182,0,0,535,65,123,130
1778106854.063021,38,0.997381,0.674091,0.672325,0.8480,-0.0539,1.4116,-0.000,19.669,174.085,0,0,330,162,106,122
1778106854.063021,21,0.952554,0.676980,0.644860,0.9835,0.2528,1.5943,-0.000,7.286,-162.294,0,0,151,87,106,121
1778106854.063021,47,0.965890,0.628687,0.607242,0.8488,-0.3617,1.5640,0.000,17.768,170.657,0,0,535,65,123,130
1778106854.063021,38,0.996115,0.674091,0.671472,0.8480,-0.0539,1.4116,0.000,20.263,173.254,0,0,330,162,107,122
1778106854.063021,21,0.950055,0.676980,0.643168,0.9835,0.2528,1.5943,0.000,6.816,-162.511,0,0,151,88,107,118
1778106854.129762,47,0.966701,0.628687,0.607752,0.8488,-0.3617,1.5640,-0.000,18.556,171.005,0,0,535,65,123,130
1778106854.129762,38,0.997906,0.674674,0.673261,0.8499,-0.0540,1.4123,0.000,19.704,174.573,0,0,329,162,107,122
1778106854.129762,21,0.952170,0.678046,0.645615,0.9866,0.2537,1.5939,0.000,7.118,-162.483,0,0,152,88,106,120
1778106854.196500,47,0.964443,0.628687,0.606332,0.8488,-0.3617,1.5640,-0.000,17.130,170.564,0,0,535,65,123,130
1778106854.196500,38,0.996636,0.675274,0.673003,0.8518,-0.0526,1.4129,0.000,19.989,173.666,0,0,330,162,106,122
1778106854.196500,21,0.952815,0.678744,0.646717,0.9894,0.2528,1.5953,0.000,7.280,-161.842,0,0,152,88,106,121
1778106854.263242,47,0.967767,0.628687,0.608422,0.8488,-0.3617,1.5640,0.000,17.689,170.040,0,0,534,65,123,130
1778106854.263242,38,0.997351,0.674674,0.672887,0.8499,-0.0540,1.4123,0.000,19.673,174.061,0,0,329,162,107,122
1778106854.263242,21,0.955810,0.679355,0.649334,0.9922,0.2537,1.5966,0.000,7.848,-161.965,0,0,152,88,106,121
1778106854.329993,47,0.966331,0.628790,0.607619,0.8488,-0.3602,1.5640,0.000,17.709,170.565,0,0,534,65,123,130
1778106854.329993,38,0.997216,0.675274,0.673395,0.8518,-0.0526,1.4129,-0.000,19.519,174.021,0,0,330,161,108,124
1778106854.329993,21,0.953096,0.680571,0.648649,0.9978,0.2554,1.5993,0.000,7.330,-161.897,0,0,152,88,106,121
1778106854.463481,47,0.968611,0.629247,0.609495,0.8507,-0.3610,1.5650,-0.000,17.381,169.602,0,0,534,65,122,130
1778106854.463481,38,0.999041,0.675274,0.674627,0.8518,-0.0526,1.4129,-0.000,20.136,176.254,0,0,329,162,106,120
1778106854.463481,21,0.956018,0.680418,0.650492,0.9954,0.2545,1.5963,0.000,7.824,-161.557,0,0,152,89,105,117
1778106854.530226,47,0.968211,0.629350,0.609343,0.8507,-0.3595,1.5650,0.000,17.457,169.873,0,0,533,65,123,130
1778106854.530226,38,0.999366,0.675274,0.674846,0.8518,-0.0526,1.4129,0.000,19.478,176.456,0,0,329,162,106,122
1778106854.530226,21,0.956389,0.680873,0.651180,0.9957,0.2545,1.5945,0.000,7.837,-161.204,0,0,152,90,104,118
1778106854.530226,47,0.968970,0.629350,0.609821,0.8507,-0.3595,1.5650,0.000,17.457,169.873,0,0,533,65,123,130
1778106854.530226,38,0.998679,0.674693,0.673801,0.8518,-0.0526,1.4129,0.000,19.478,176.456,0,0,329,162,106,122
1778106854.530226,21,0.957107,0.680873,0.651668,0.9957,0.2545,1.5945,0.000,7.837,-161.204,0,0,152,90,105,118
1778106854.663686,47,0.973558,0.629350,0.612709,0.8507,-0.3595,1.5650,-0.000,18.203,168.777,0,0,533,65,122,130
1778106854.663686,38,0.998546,0.674693,0.673712,0.8499,-0.0525,1.4123,0.000,19.717,175.364,0,0,329,162,107,122
1778106854.663686,21,0.952938,0.682173,0.650068,1.0013,0.2544,1.5972,-0.000,7.110,-162.451,0,0,153,90,104,117
1778106854.663686,47,0.974600,0.628995,0.613018,0.8507,-0.3595,1.5650,-0.000,18.203,168.777,0,0,532,65,122,130
1778106854.663686,38,0.997411,0.674110,0.672365,0.8499,-0.0525,1.4123,0.000,19.717,175.364,0,0,329,162,107,121
1778106854.663686,21,0.953306,0.682479,0.650611,1.0013,0.2544,1.5972,-0.000,7.110,-162.451,0,0,153,92,104,115
1778106854.730437,47,0.973627,0.628995,0.612406,0.8488,-0.3572,1.5640,-0.000,18.283,168.567,0,0,532,65,122,130
1778106854.730437,38,0.998932,0.674693,0.673972,0.8480,-0.0525,1.4116,-0.000,20.091,174.338,0,0,329,162,106,121
1778106854.730437,21,0.955569,0.683234,0.652877,0.9992,0.2536,1.5924,0.000,7.004,-162.293,0,0,153,91,105,117
1778106854.797163,47,0.973875,0.628995,0.612562,0.8488,-0.3572,1.5640,0.000,18.666,169.219,0,0,532,65,122,130
1778106854.797163,38,0.996416,0.673506,0.671092,0.8499,-0.0525,1.4123,0.000,20.516,176.374,0,0,330,162,106,122
1778106854.797163,21,0.959607,0.683234,0.655636,1.0044,0.2553,1.5968,0.000,7.522,-162.528,0,0,153,91,105,117
1778106854.863892,47,0.974473,0.628995,0.612938,0.8488,-0.3572,1.5640,0.000,18.447,168.957,0,0,532,65,122,131
1778106854.863892,38,0.995202,0.673655,0.670423,0.8461,-0.0539,1.4110,0.000,20.912,173.749,0,0,330,161,105,121
1778106854.863892,21,0.961229,0.684295,0.657764,1.0044,0.2553,1.5968,0.000,8.325,-162.525,0,0,153,92,105,118
1778106854.930631,47,0.975445,0.628995,0.613550,0.8488,-0.3572,1.5640,0.000,18.764,169.014,0,0,532,64,122,129
1778106854.930631,38,0.997769,0.673506,0.672004,0.8477,-0.0539,1.4130,0.000,20.645,172.715,0,0,330,162,104,121
1778106854.930631,21,0.962515,0.684982,0.659305,1.0076,0.2561,1.5964,0.000,8.562,-162.797,0,0,154,92,104,117
1778106854.997350,47,0.976788,0.629062,0.614460,0.8488,-0.3572,1.5640,-0.000,18.372,168.346,0,0,532,65,122,130
1778106854.997350,38,0.996997,0.673506,0.671484,0.8461,-0.0539,1.4110,0.000,19.127,174.342,0,0,330,162,106,122
1778106854.997350,21,0.964543,0.684982,0.660695,1.0104,0.2552,1.5978,0.000,8.841,-163.041,0,0,154,92,104,117
1778106854.997350,47,0.974519,0.628995,0.612967,0.8504,-0.3580,1.5665,-0.000,18.841,168.194,0,0,532,65,122,130
1778106854.997350,38,0.997599,0.672920,0.671305,0.8461,-0.0539,1.4110,-0.000,19.515,173.738,0,0,330,162,104,120
1778106854.997350,21,0.963987,0.685581,0.660891,1.0104,0.2552,1.5978,-0.000,9.292,-163.939,0,0,155,93,104,117
1778106855.130846,47,0.975071,0.628995,0.613315,0.8488,-0.3572,1.5640,0.000,18.503,168.592,0,0,532,64,122,129
1778106855.130846,38,0.998530,0.672920,0.671931,0.8442,-0.0538,1.4103,0.000,20.492,175.636,0,0,329,161,105,121
1778106855.130846,21,0.964729,0.687321,0.663078,1.0191,0.2559,1.6000,-0.000,9.237,-163.012,0,0,154,94,103,118
1778106855.130846,47,0.976461,0.628605,0.613808,0.8488,-0.3572,1.5640,0.000,18.503,168.592,0,0,532,64,122,129
1778106855.130846,38,0.996857,0.673090,0.670975,0.8442,-0.0538,1.4103,0.000,20.492,175.636,0,0,330,161,104,121
1778106855.130846,21,0.963997,0.687696,0.662937,1.0191,0.2559,1.6000,-0.000,9.237,-163.012,0,0,155,94,104,117
1778106855.197596,47,0.973470,0.628605,0.611928,0.8485,-0.3572,1.5655,0.000,18.759,168.242,0,0,532,64,122,129
1778106855.197596,38,0.998524,0.673072,0.672078,0.8458,-0.0524,1.4124,-0.000,20.849,174.133,0,0,328,162,103,120
1778106855.197596,21,0.961049,0.688377,0.661564,1.0194,0.2577,1.5982,-0.000,8.974,-163.197,0,0,155,96,104,117
1778106855.264336,47,0.973175,0.627917,0.611073,0.8485,-0.3572,1.5655,-0.000,18.826,169.329,0,0,532,64,123,129
1778106855.264336,38,0.996093,0.673544,0.670912,0.8458,-0.0539,1.4124,-0.000,15.740,178.286,0,0,329,162,105,122
1778106855.264336,21,0.962817,0.689897,0.664245,1.0222,0.2568,1.5995,0.000,8.363,-163.083,0,0,155,96,104,117
1778106855.331075,47,0.972431,0.627917,0.610606,0.8458,-0.3561,1.5640,-0.000,18.600,169.246,0,0,532,65,123,130
1778106855.331075,38,0.997661,0.672939,0.671365,0.8461,-0.0510,1.4110,-0.000,16.101,174.056,0,0,329,161,105,121
1778106855.331075,21,0.967297,0.689897,0.667335,1.0257,0.2576,1.5973,0.000,8.550,-163.325,0,0,155,96,104,121
1778106855.464557,47,0.973747,0.628995,0.612481,0.8488,-0.3572,1.5640,-0.000,18.379,168.944,0,0,532,64,123,129
1778106855.464557,38,0.999494,0.673090,0.672750,0.8458,-0.0524,1.4124,-0.000,19.965,176.942,0,0,328,161,105,117
1778106855.464557,21,0.964733,0.690684,0.666326,1.0295,0.2587,1.5991,0.000,8.985,-162.423,0,0,155,96,104,121
1778106855.464557,47,0.975470,0.627917,0.612514,0.8488,-0.3572,1.5640,-0.000,18.379,168.944,0,0,532,65,123,130
1778106855.464557,38,0.998805,0.673109,0.672305,0.8458,-0.0524,1.4124,-0.000,19.965,176.942,0,0,328,162,103,117
1778106855.464557,21,0.968687,0.690684,0.669057,1.0295,0.2587,1.5991,0.000,8.985,-162.423,0,0,155,97,104,120
1778106855.631382,47,0.975085,0.627917,0.612273,0.8458,-0.3561,1.5640,0.000,18.196,168.237,0,0,532,64,123,129
1778106855.631382,38,0.999776,0.673109,0.672958,0.8458,-0.0510,1.4124,0.000,20.047,178.349,0,0,328,161,106,120
1778106855.631382,21,0.970332,0.691993,0.671462,1.0306,0.2606,1.5937,0.000,9.948,-163.408,0,0,154,99,104,117
1778106855.698117,47,0.974016,0.628995,0.612651,0.8488,-0.3572,1.5640,0.000,18.245,168.737,0,0,532,65,122,130
1778106855.698117,38,0.999476,0.672524,0.672171,0.8439,-0.0509,1.4117,0.000,20.476,177.623,0,0,328,161,104,120
1778106855.698117,21,0.968497,0.691993,0.670193,1.0306,0.2606,1.5937,0.000,9.537,-163.981,0,0,154,99,104,117
1778106855.698117,47,0.973362,0.628995,0.612240,0.8488,-0.3572,1.5640,0.000,18.245,168.737,0,0,532,64,122,129
1778106855.698117,38,0.999179,0.672524,0.671971,0.8439,-0.0509,1.4117,0.000,20.476,177.623,0,0,328,162,104,117
1778106855.698117,21,0.969257,0.691993,0.670719,1.0306,0.2606,1.5937,0.000,9.537,-163.981,0,0,153,100,103,115
1778106855.798219,47,0.974448,0.627917,0.611872,0.8458,-0.3561,1.5640,-0.000,18.326,168.581,0,0,532,64,122,129
1778106855.798219,38,0.998639,0.673544,0.672627,0.8461,-0.0510,1.4110,-0.000,20.728,176.194,0,0,328,161,107,122
1778106855.798219,21,0.968191,0.692959,0.670917,1.0337,0.2632,1.5932,-0.000,9.349,-163.469,0,0,153,101,103,114
1778106855.864958,47,0.973433,0.627917,0.611235,0.8458,-0.3561,1.5640,0.000,18.635,169.189,0,0,532,64,122,129
1778106855.864958,38,0.998846,0.672524,0.671748,0.8439,-0.0509,1.4117,0.000,20.080,175.966,0,0,328,161,106,121
1778106855.864958,21,0.971821,0.693426,0.673886,1.0341,0.2632,1.5914,0.000,10.162,-164.382,0,0,153,102,102,114
1778106855.931705,47,0.972869,0.627917,0.610881,0.8458,-0.3561,1.5640,0.000,18.579,169.331,0,0,532,64,122,129
1778106855.931705,38,0.999189,0.673109,0.672563,0.8458,-0.0510,1.4124,0.000,21.160,178.483,0,0,327,161,106,118
1778106855.931705,21,0.971944,0.693893,0.674426,1.0344,0.2632,1.5896,0.000,10.166,-165.014,0,0,153,102,102,111
1778106856.031781,47,0.971892,0.627917,0.610267,0.8458,-0.3561,1.5640,-0.000,18.130,169.280,0,0,532,64,122,129
1778106856.031781,38,0.999018,0.672524,0.671863,0.8439,-0.0509,1.4117,0.000,20.707,176.733,0,0,328,161,108,120
1778106856.031781,21,0.970593,0.694482,0.674060,1.0372,0.2641,1.5909,0.000,9.823,-164.883,0,0,153,102,102,113
1778106856.098519,47,0.975057,0.627917,0.612255,0.8458,-0.3561,1.5640,-0.000,18.516,168.533,0,0,532,64,123,129
1778106856.098519,38,0.998792,0.672541,0.671729,0.8439,-0.0495,1.4117,0.000,21.352,177.298,0,0,327,161,107,120
1778106856.098519,21,0.972449,0.695538,0.676375,1.0404,0.2649,1.5904,0.000,10.256,-165.421,0,0,153,103,103,114
1778106856.165248,47,0.972945,0.627917,0.610929,0.8458,-0.3561,1.5640,0.000,18.110,168.909,0,0,532,64,123,129
1778106856.165248,38,0.998216,0.672524,0.671324,0.8439,-0.0509,1.4117,-0.000,21.068,175.802,0,0,328,161,106,120
1778106856.165248,21,0.972194,0.695630,0.676287,1.0404,0.2631,1.5904,0.000,10.171,-165.300,0,0,154,103,102,114
1778106856.231986,47,0.973534,0.627917,0.611299,0.8458,-0.3561,1.5640,0.000,18.488,169.034,0,0,532,64,123,129
1778106856.231986,38,0.999461,0.672541,0.672179,0.8439,-0.0495,1.4117,-0.000,20.569,177.861,0,0,327,161,108,120
1778106856.231986,21,0.971557,0.695042,0.675273,1.0376,0.2622,1.5891,0.000,10.183,-166.274,0,0,154,103,100,117
1778106856.231986,47,0.972403,0.627457,0.610141,0.8458,-0.3561,1.5640,0.000,18.488,169.034,0,0,532,64,123,129
1778106856.231986,38,0.998103,0.672958,0.671681,0.8439,-0.0495,1.4117,-0.000,20.569,177.861,0,0,328,162,107,118
1778106856.231986,21,0.971729,0.694920,0.675274,1.0376,0.2622,1.5891,0.000,10.183,-166.274,0,0,154,104,102,115
1778106856.298715,47,0.971884,0.627457,0.609816,0.8439,-0.3553,1.5630,0.000,18.301,169.256,0,0,532,64,122,129
1778106856.298715,38,0.998772,0.672541,0.671716,0.8442,-0.0509,1.4103,0.000,20.953,175.643,0,0,327,161,107,118
1778106856.298715,21,0.972701,0.695980,0.676980,1.0352,0.2614,1.5861,0.000,10.078,-165.997,0,0,154,105,102,114
1778106856.365472,47,0.971913,0.627558,0.609932,0.8439,-0.3553,1.5630,0.000,18.355,169.470,0,0,531,64,123,129
1778106856.365472,38,0.999302,0.672541,0.672072,0.8439,-0.0495,1.4117,0.000,20.873,176.561,0,0,327,161,107,118
1778106856.365472,21,0.973320,0.695980,0.677411,1.0383,0.2622,1.5855,0.000,10.177,-165.721,0,0,154,105,102,114
1778106856.432210,47,0.971056,0.627558,0.609394,0.8439,-0.3538,1.5630,0.000,18.344,169.533,0,0,531,64,123,129
1778106856.432210,38,0.998276,0.672541,0.671382,0.8439,-0.0495,1.4117,0.000,20.912,178.057,0,0,327,161,107,117
1778106856.432210,21,0.972300,0.695857,0.676582,1.0383,0.2622,1.5855,0.000,10.193,-164.684,0,0,154,106,100,114
1778106856.498949,47,0.970913,0.627558,0.609304,0.8439,-0.3538,1.5630,0.000,18.291,169.767,0,0,531,64,123,129
1778106856.498949,38,0.999156,0.672524,0.671956,0.8439,-0.0495,1.4117,-0.000,21.792,176.934,0,0,328,161,108,118
1778106856.498949,21,0.973249,0.695980,0.677362,1.0359,0.2614,1.5825,0.000,9.805,-164.153,0,0,154,105,100,113
1778106856.632418,47,0.972051,0.628408,0.610844,0.8461,-0.3546,1.5626,0.000,18.008,169.278,0,0,531,65,123,130
1778106856.632418,38,0.997764,0.672524,0.671020,0.8439,-0.0509,1.4117,-0.000,21.932,176.143,0,0,328,161,106,118
1778106856.632418,21,0.974502,0.696449,0.678691,1.0387,0.2622,1.5837,0.000,10.361,-164.217,0,0,154,106,100,113
1778106856.699153,47,0.971748,0.628408,0.610654,0.8461,-0.3546,1.5626,0.000,18.299,169.621,0,0,531,65,122,130
1778106856.699153,38,0.998072,0.672370,0.671074,0.8423,-0.0509,1.4097,0.000,20.649,175.381,0,0,328,162,105,118
1778106856.699153,21,0.973666,0.695766,0.677444,1.0359,0.2632,1.5825,-0.000,10.132,-164.024,0,0,153,106,100,113
1778106856.699153,47,0.973393,0.628509,0.611786,0.8461,-0.3546,1.5626,0.000,18.299,169.621,0,0,530,65,123,130
1778106856.699153,38,0.996270,0.671918,0.669412,0.8423,-0.0509,1.4097,0.000,20.649,175.381,0,0,329,161,102,118
1778106856.699153,21,0.972934,0.695766,0.676934,1.0359,0.2632,1.5825,-0.000,10.132,-164.024,0,0,153,106,100,113
1778106856.832618,47,0.971683,0.628119,0.610332,0.8458,-0.3531,1.5640,-0.000,18.245,169.608,0,0,530,64,123,129
1778106856.832618,38,0.995465,0.671918,0.668871,0.8420,-0.0523,1.4111,0.000,20.331,172.896,0,0,329,161,102,118
1778106856.832618,21,0.975794,0.696358,0.679502,1.0387,0.2641,1.5837,-0.000,10.792,-165.128,0,0,153,106,100,113
1778106856.899348,47,0.973731,0.628509,0.611998,0.8461,-0.3531,1.5626,0.000,18.925,169.553,0,0,530,65,123,130
1778106856.899348,38,0.998775,0.671918,0.671095,0.8420,-0.0523,1.4111,0.000,20.652,176.145,0,0,329,161,106,118
1778106856.899348,21,0.974982,0.694285,0.676916,1.0293,0.2631,1.5795,0.000,10.601,-165.249,0,0,152,106,100,113
1778106856.899348,47,0.972548,0.628509,0.611255,0.8461,-0.3531,1.5626,0.000,18.925,169.553,0,0,530,65,123,131
1778106856.899348,38,0.993002,0.671330,0.666632,0.8420,-0.0523,1.4111,0.000,20.652,176.145,0,0,329,161,103,118
1778106856.899348,21,0.974378,0.695674,0.677849,1.0293,0.2631,1.5795,0.000,10.601,-165.249,0,0,152,106,100,113
1778106856.966084,47,0.973064,0.628509,0.611579,0.8461,-0.3531,1.5626,-0.000,18.638,169.548,0,0,530,65,123,131
1778106856.966084,38,0.994839,0.671330,0.667865,0.8401,-0.0523,1.4104,0.000,20.912,172.680,0,0,329,161,103,118
1778106856.966084,21,0.974309,0.695674,0.677801,1.0359,0.2651,1.5825,0.000,10.470,-165.515,0,0,151,106,98,113
1778106857.032822,47,0.973448,0.628509,0.611821,0.8461,-0.3531,1.5626,-0.000,18.598,169.388,0,0,530,65,124,130
1778106857.032822,38,0.994130,0.671918,0.667974,0.8420,-0.0523,1.4111,0.000,20.782,172.198,0,0,330,161,102,118
1778106857.032822,21,0.974788,0.694988,0.677466,1.0331,0.2660,1.5812,-0.000,10.643,-165.732,0,0,151,106,100,115
1778106857.032822,47,0.975461,0.628509,0.613086,0.8461,-0.3531,1.5626,-0.000,18.598,169.388,0,0,530,65,123,130
1778106857.032822,38,0.997722,0.671899,0.670369,0.8420,-0.0523,1.4111,0.000,20.782,172.198,0,0,329,161,104,118
1778106857.032822,21,0.973356,0.694988,0.676471,1.0331,0.2660,1.5812,-0.000,10.643,-165.732,0,0,151,106,100,115
1778106857.166270,47,0.976008,0.628509,0.613430,0.8461,-0.3531,1.5626,0.000,18.412,168.340,0,0,530,65,123,130
1778106857.166270,38,0.995471,0.671918,0.668875,0.8420,-0.0523,1.4111,0.000,21.089,173.180,0,0,329,160,105,120
1778106857.166270,21,0.975771,0.694194,0.677374,1.0293,0.2649,1.5795,-0.000,10.899,-165.712,0,0,151,106,100,113
1778106857.232996,47,0.975667,0.628509,0.613215,0.8461,-0.3531,1.5626,-0.000,18.468,168.513,0,0,530,65,124,130
1778106857.232996,38,0.997557,0.671485,0.669845,0.8417,-0.0523,1.4125,0.000,20.411,174.512,0,0,329,160,107,120
1778106857.232996,21,0.976472,0.694988,0.678637,1.0331,0.2660,1.5812,0.000,11.267,-166.472,0,0,151,106,100,115
1778106857.232996,47,0.974999,0.628509,0.612795,0.8461,-0.3531,1.5626,-0.000,18.468,168.513,0,0,530,65,124,130
1778106857.232996,38,0.995674,0.671485,0.668581,0.8417,-0.0523,1.4125,0.000,20.411,174.512,0,0,330,160,107,121
1778106857.232996,21,0.975977,0.694988,0.678293,1.0331,0.2660,1.5812,0.000,11.267,-166.472,0,0,151,106,100,115
1778106857.433212,47,0.975530,0.628509,0.613129,0.8461,-0.3531,1.5626,0.000,18.494,168.585,0,0,530,65,123,130
1778106857.433212,38,0.996041,0.671466,0.668808,0.8417,-0.0538,1.4125,0.000,20.216,173.124,0,0,330,160,108,121
1778106857.433212,21,0.977850,0.694988,0.679594,1.0331,0.2660,1.5812,-0.000,11.548,-166.065,0,0,151,106,100,115
1778106857.499966,47,0.974379,0.628048,0.611957,0.8442,-0.3523,1.5616,0.000,18.337,168.854,0,0,530,65,123,130
1778106857.499966,38,0.994830,0.671466,0.667995,0.8417,-0.0538,1.4125,-0.000,21.039,172.577,0,0,330,160,107,120
1778106857.499966,21,0.980007,0.693503,0.679638,1.0265,0.2658,1.5783,-0.000,12.286,-166.426,0,0,150,106,98,113
1778106857.499966,47,0.973076,0.628509,0.611587,0.8442,-0.3523,1.5616,0.000,18.337,168.854,0,0,530,65,123,130
1778106857.499966,38,0.998606,0.671466,0.670530,0.8417,-0.0538,1.4125,-0.000,21.039,172.577,0,0,330,160,110,121
1778106857.499966,21,0.978348,0.694101,0.679072,1.0265,0.2658,1.5783,-0.000,12.286,-166.426,0,0,150,106,98,114
1778106857.633443,47,0.973990,0.628509,0.612161,0.8461,-0.3531,1.5626,0.000,18.553,169.170,0,0,531,65,124,130
1778106857.633443,38,0.998125,0.671466,0.670208,0.8417,-0.0538,1.4125,-0.000,20.099,174.850,0,0,330,160,108,121
1778106857.633443,21,0.978679,0.694101,0.679302,1.0293,0.2667,1.5795,0.000,11.937,-166.575,0,0,150,106,102,114
1778106857.633443,47,0.973154,0.628408,0.611538,0.8461,-0.3531,1.5626,0.000,18.553,169.170,0,0,530,65,123,130
1778106857.633443,38,0.995267,0.671466,0.668288,0.8417,-0.0538,1.4125,-0.000,20.099,174.850,0,0,331,161,106,120
1778106857.633443,21,0.980602,0.694101,0.680637,1.0293,0.2667,1.5795,0.000,11.937,-166.575,0,0,150,105,102,115
1778106857.633443,47,0.974431,0.628509,0.612438,0.8461,-0.3546,1.5626,0.000,18.283,169.145,0,0,530,65,123,130
1778106857.633443,38,0.997018,0.670702,0.668702,0.8417,-0.0538,1.4125,0.000,19.677,172.509,0,0,330,161,105,118
1778106857.633443,21,0.974277,0.693038,0.675211,1.0293,0.2667,1.5795,0.000,12.472,-166.444,0,0,150,106,100,114
1778106857.766915,47,0.972949,0.628509,0.611507,0.8461,-0.3531,1.5626,0.000,18.253,169.270,0,0,530,64,123,129
1778106857.766915,38,0.995138,0.671311,0.668047,0.8401,-0.0537,1.4104,-0.000,19.645,172.441,0,0,331,160,106,121
1778106857.766915,21,0.975476,0.693503,0.676496,1.0265,0.2658,1.5783,0.000,11.271,-167.334,0,0,150,106,100,114
1778106857.833630,47,0.973185,0.628119,0.611276,0.8458,-0.3531,1.5640,-0.000,18.174,169.047,0,0,530,64,123,129
1778106857.833630,38,0.992317,0.670270,0.665121,0.8379,-0.0551,1.4112,-0.000,20.090,170.820,0,0,331,161,105,121
1778106857.833630,21,0.974662,0.693503,0.675931,1.0265,0.2658,1.5783,-0.000,10.998,-167.178,0,0,149,106,102,114
1778106857.833630,47,0.973641,0.628808,0.612233,0.8458,-0.3531,1.5640,-0.000,18.174,169.047,0,0,530,65,123,130
1778106857.833630,38,0.997720,0.670702,0.669172,0.8379,-0.0551,1.4112,-0.000,20.090,170.820,0,0,330,160,108,121
1778106857.833630,21,0.975120,0.694802,0.677515,1.0265,0.2658,1.5783,-0.000,10.998,-167.178,0,0,150,105,100,113
1778106857.967108,47,0.974546,0.628509,0.612511,0.8461,-0.3531,1.5626,-0.000,18.388,168.840,0,0,530,65,123,130
1778106857.967108,38,0.997005,0.670290,0.668282,0.8379,-0.0536,1.4112,0.000,19.791,173.751,0,0,330,160,107,121
1778106857.967108,21,0.973995,0.693635,0.675597,1.0290,0.2667,1.5813,0.000,10.870,-167.039,0,0,150,105,100,113
1778106858.067218,47,0.995774,0.670290,0.667457,0.8379,-0.0536,1.4112,0.000,20.202,172.935,0,0,330,160,107,121
1778106858.067218,38,0.975798,0.628509,0.613298,0.8461,-0.3531,1.5626,0.000,18.943,168.867,0,0,530,65,123,130
1778106858.067218,21,0.972300,0.693038,0.673840,1.0262,0.2658,1.5801,-0.000,10.399,-166.935,0,0,150,105,100,113
1778106858.133957,47,0.975497,0.628408,0.613010,0.8461,-0.3546,1.5626,0.000,18.643,168.643,0,0,531,65,124,130
1778106858.133957,38,0.996455,0.670721,0.668343,0.8382,-0.0536,1.4098,0.000,21.490,174.064,0,0,330,161,106,120
1778106858.133957,21,0.973568,0.692438,0.674136,1.0234,0.2650,1.5788,0.000,10.610,-166.513,0,0,150,105,100,114
1778106858.200691,47,0.972765,0.628509,0.611391,0.8461,-0.3531,1.5626,-0.000,18.553,169.578,0,0,530,65,123,131
1778106858.200691,38,0.996270,0.669699,0.667201,0.8360,-0.0536,1.4105,0.000,21.321,173.739,0,0,330,160,106,120
1778106858.200691,21,0.972489,0.692663,0.673608,1.0258,0.2640,1.5818,0.000,10.386,-166.407,0,0,151,104,100,113
1778106858.267429,47,0.975199,0.629198,0.613593,0.8488,-0.3542,1.5640,0.000,18.839,168.991,0,0,530,65,123,130
1778106858.267429,38,0.996477,0.670740,0.668377,0.8382,-0.0522,1.4098,-0.000,21.164,173.983,0,0,329,161,107,118
1778106858.267429,21,0.976077,0.693727,0.677131,1.0290,0.2649,1.5813,-0.000,11.179,-166.184,0,0,151,105,100,113
1778106858.267429,47,0.974021,0.629198,0.612852,0.8488,-0.3542,1.5640,0.000,18.839,168.991,0,0,530,65,123,130
1778106858.267429,38,0.996065,0.669699,0.667064,0.8382,-0.0522,1.4098,-0.000,21.164,173.983,0,0,330,160,107,121
1778106858.267429,21,0.974952,0.692529,0.675183,1.0290,0.2649,1.5813,-0.000,11.179,-166.184,0,0,151,105,100,111
1778106858.334164,47,0.973365,0.628509,0.611768,0.8488,-0.3542,1.5640,0.000,18.585,169.186,0,0,530,65,124,131
1778106858.334164,38,0.995563,0.670148,0.667175,0.8360,-0.0536,1.4105,-0.000,20.766,173.318,0,0,329,161,105,118
1778106858.334164,21,0.976351,0.693129,0.676737,1.0234,0.2632,1.5788,0.000,10.887,-166.223,0,0,151,105,100,114
1778106858.467606,47,0.973851,0.629198,0.612745,0.8488,-0.3542,1.5640,-0.000,18.609,169.263,0,0,530,65,123,131
1778106858.467606,38,0.992655,0.669699,0.664780,0.8360,-0.0536,1.4105,0.000,21.138,171.347,0,0,330,160,105,117
1778106858.467606,21,0.975309,0.693129,0.676015,1.0262,0.2640,1.5801,-0.000,10.825,-165.484,0,0,151,105,100,113
1778106858.467606,47,0.974333,0.628408,0.612278,0.8488,-0.3542,1.5640,-0.000,18.609,169.263,0,0,531,65,124,131
1778106858.467606,38,0.995091,0.669107,0.665822,0.8360,-0.0536,1.4105,0.000,21.138,171.347,0,0,330,160,104,117
1778106858.467606,21,0.973965,0.692064,0.674046,1.0262,0.2640,1.5801,-0.000,10.825,-165.484,0,0,151,104,102,115
1778106858.601090,47,0.974162,0.628408,0.612171,0.8461,-0.3546,1.5626,0.000,18.364,168.871,0,0,531,65,124,130
1778106858.601090,38,0.996126,0.669107,0.666515,0.8341,-0.0535,1.4098,-0.000,21.416,173.678,0,0,329,160,102,117
1778106858.601090,21,0.975257,0.692620,0.675482,1.0234,0.2613,1.5788,-0.000,10.817,-165.553,0,0,152,105,102,114
1778106858.667829,47,0.972936,0.628408,0.611401,0.8461,-0.3546,1.5626,0.000,18.391,169.307,0,0,530,65,123,130
1778106858.667829,38,0.998353,0.668979,0.667877,0.8324,-0.0506,1.4078,0.000,21.147,176.071,0,0,328,161,103,117
1778106858.667829,21,0.974707,0.692155,0.674648,1.0230,0.2613,1.5806,-0.000,10.812,-165.795,0,0,152,104,102,113
1778106858.667829,47,0.972403,0.628509,0.611164,0.8461,-0.3546,1.5626,0.000,18.391,169.307,0,0,530,64,123,129
1778106858.667829,38,0.995919,0.668979,0.666249,0.8324,-0.0506,1.4078,0.000,21.147,176.071,0,0,329,160,104,117
1778106858.667829,21,0.974891,0.692155,0.674775,1.0230,0.2613,1.5806,-0.000,10.812,-165.795,0,0,153,104,100,113
1778106858.667829,47,0.970606,0.628018,0.609558,0.8461,-0.3531,1.5626,0.000,18.468,169.628,0,0,531,64,122,129
1778106858.667829,38,0.997706,0.668979,0.667444,0.8324,-0.0506,1.4078,-0.000,22.129,174.296,0,0,328,161,103,117
1778106858.667829,21,0.977300,0.692710,0.676986,1.0230,0.2613,1.5806,0.000,10.913,-166.051,0,0,153,105,102,111
1778106858.801299,47,0.971184,0.628018,0.609921,0.8458,-0.3546,1.5640,0.000,17.945,169.623,0,0,531,64,123,129
1778106858.801299,38,0.999261,0.667954,0.667461,0.8324,-0.0506,1.4078,-0.000,21.062,175.182,0,0,328,160,104,117
1778106858.801299,21,0.976186,0.692710,0.676214,1.0234,0.2595,1.5788,-0.000,11.456,-166.033,0,0,153,105,100,110
1778106858.934775,47,0.972671,0.628018,0.610855,0.8458,-0.3546,1.5640,0.000,17.481,168.502,0,0,531,64,123,129
1778106858.934775,38,0.998785,0.668567,0.667755,0.8322,-0.0492,1.4092,-0.000,21.633,177.731,0,0,327,160,107,118
1778106858.934775,21,0.976364,0.693401,0.677012,1.0262,0.2586,1.5801,-0.000,11.260,-166.351,0,0,154,105,100,111
1778106858.934775,47,0.972680,0.628018,0.610861,0.8458,-0.3546,1.5640,0.000,17.481,168.502,0,0,531,64,123,128
1778106858.934775,38,0.998919,0.667526,0.666805,0.8322,-0.0492,1.4092,-0.000,21.633,177.731,0,0,328,159,108,120
1778106858.934775,21,0.976749,0.692800,0.676691,1.0262,0.2586,1.5801,-0.000,11.260,-166.351,0,0,154,105,100,114
1778106859.001513,47,0.972362,0.627457,0.610115,0.8458,-0.3546,1.5640,0.000,17.963,168.950,0,0,532,64,124,128
1778106859.001513,38,0.999747,0.667115,0.666947,0.8300,-0.0506,1.4099,0.000,21.143,176.823,0,0,327,158,108,121
1778106859.001513,21,0.978474,0.692334,0.677431,1.0234,0.2577,1.5788,0.000,11.384,-166.432,0,0,154,104,100,115
1778106859.068252,47,0.999416,0.667543,0.667154,0.8439,-0.3553,1.5630,-0.000,17.747,168.782,0,0,327,159,108,120
1778106859.068252,38,0.970144,0.627457,0.608724,0.8297,-0.0492,1.4113,-0.000,20.242,177.955,0,0,532,64,124,128
1778106859.068252,21,0.981353,0.692934,0.680014,1.0230,0.2577,1.5806,0.000,11.983,-166.518,0,0,154,104,100,115
1778106859.134990,47,0.971042,0.626533,0.608390,0.8300,-0.0492,1.4099,0.000,21.009,178.634,0,0,532,64,123,129
1778106859.134990,38,0.998551,0.667115,0.666149,0.8439,-0.3553,1.5630,-0.000,17.601,169.390,0,0,327,158,108,121
1778106859.134990,21,0.982767,0.693401,0.681451,1.0258,0.2586,1.5818,0.000,12.719,-166.040,0,0,154,105,100,114
1778106859.268467,38,0.999068,0.667115,0.666494,0.8297,-0.0492,1.4113,0.000,20.689,176.622,0,0,327,159,112,124
1778106859.268467,47,0.988394,0.666947,0.659207,0.8281,-0.0491,1.4093,0.000,18.057,169.526,0,0,532,64,123,129
1778106859.268467,21,0.980318,0.694089,0.680428,1.0290,0.2576,1.5813,-0.000,12.607,-167.177,0,0,155,105,100,114
1778106859.335206,38,0.972183,0.626996,0.609555,0.8421,-0.3546,1.5620,0.000,18.024,169.091,0,0,532,64,123,129
1778106859.335206,47,0.997562,0.666947,0.665321,0.8281,-0.0491,1.4093,-0.000,21.549,175.349,0,0,327,159,108,124
1778106859.335206,21,0.978218,0.694089,0.678971,1.0290,0.2576,1.5813,0.000,12.007,-167.254,0,0,155,105,100,114
1778106859.335206,47,0.971709,0.627457,0.609705,0.8439,-0.3553,1.5630,0.000,17.841,169.089,0,0,533,64,124,129
1778106859.335206,38,0.997064,0.667543,0.665583,0.8300,-0.0492,1.4099,0.000,20.721,174.363,0,0,328,159,108,125
1778106859.335206,21,0.977638,0.694089,0.678568,1.0290,0.2576,1.5813,0.000,11.996,-167.731,0,0,155,104,100,113
1778106859.468677,38,0.995415,0.667098,0.664039,0.8297,-0.0506,1.4113,0.000,21.405,173.242,0,0,328,158,108,125
1778106859.468677,47,0.973806,0.626895,0.610474,0.8421,-0.3560,1.5620,0.000,18.397,168.784,0,0,533,64,123,129
1778106859.468677,21,0.977814,0.694089,0.678690,1.0290,0.2576,1.5813,0.000,11.670,-166.444,0,0,155,105,98,111
1778106859.535395,38,0.997046,0.667098,0.665127,0.8297,-0.0506,1.4113,0.000,21.605,174.676,0,0,327,158,108,124
1778106859.535395,47,0.972343,0.626433,0.609107,0.8403,-0.3553,1.5611,0.000,17.849,168.802,0,0,533,64,123,129
1778106859.535395,21,0.978324,0.693490,0.678458,1.0262,0.2568,1.5801,-0.000,11.816,-166.449,0,0,155,105,100,114
1778106859.535395,38,0.999218,0.667709,0.667187,0.8316,-0.0492,1.4120,-0.000,20.881,177.127,0,0,326,158,108,124
1778106859.535395,47,0.973245,0.626433,0.609673,0.8403,-0.3553,1.5611,-0.000,18.499,169.058,0,0,534,64,124,128
1778106859.535395,21,0.979638,0.693490,0.679369,1.0262,0.2568,1.5801,-0.000,12.096,-166.013,0,0,155,105,98,113
1778106859.602134,38,0.998804,0.668319,0.667519,0.8335,-0.0479,1.4126,-0.000,21.502,177.160,0,0,326,158,110,126
1778106859.602134,47,0.971565,0.626793,0.608970,0.8421,-0.3575,1.5620,-0.000,18.265,169.336,0,0,533,64,123,128
1778106859.602134,21,0.978226,0.694089,0.678976,1.0290,0.2576,1.5813,0.000,11.491,-164.726,0,0,155,105,98,111
1778106859.602134,38,0.998965,0.668319,0.667627,0.8335,-0.0479,1.4126,-0.000,21.502,177.160,0,0,326,158,110,126
1778106859.602134,47,0.972537,0.626433,0.609229,0.8421,-0.3575,1.5620,-0.000,18.265,169.336,0,0,534,64,124,128
1778106859.602134,21,0.977271,0.693490,0.677728,1.0290,0.2576,1.5813,0.000,11.491,-164.726,0,0,155,105,100,114
1778106859.668872,38,0.997262,0.668319,0.666489,0.8335,-0.0479,1.4126,0.000,20.714,176.567,0,0,326,158,108,126
1778106859.668872,47,0.972752,0.626332,0.609266,0.8403,-0.3553,1.5611,0.000,17.866,168.751,0,0,534,64,124,128
1778106859.668872,21,0.980109,0.694089,0.680283,1.0262,0.2568,1.5801,-0.000,11.207,-164.487,0,0,155,105,98,114
1778106859.802349,38,0.996669,0.667132,0.664910,0.8297,-0.0478,1.4113,0.000,20.540,174.039,0,0,326,157,108,125
1778106859.802349,47,0.972221,0.626332,0.608932,0.8403,-0.3568,1.5611,0.000,18.642,169.427,0,0,534,64,123,128
1778106859.802349,21,0.978917,0.692888,0.678281,1.0234,0.2559,1.5788,0.000,11.675,-164.634,0,0,155,105,98,113
1778106859.802349,38,0.994076,0.666110,0.662164,0.8297,-0.0478,1.4113,0.000,20.540,174.039,0,0,326,158,107,126
1778106859.802349,47,0.972616,0.626793,0.609629,0.8403,-0.3568,1.5611,0.000,18.642,169.427,0,0,534,64,123,128
1778106859.802349,21,0.979901,0.692888,0.678962,1.0234,0.2559,1.5788,0.000,11.675,-164.634,0,0,155,105,98,113
1778106859.869074,38,0.999425,0.665641,0.665258,0.8275,-0.0477,1.4120,-0.000,20.544,172.296,0,0,324,157,107,125
1778106859.869074,47,0.972550,0.626332,0.609139,0.8421,-0.3575,1.5620,0.000,18.428,169.127,0,0,534,64,123,128
1778106859.869074,21,0.980452,0.693490,0.679933,1.0234,0.2559,1.5788,-0.000,11.961,-164.686,0,0,155,105,98,113
1778106860.002538,38,0.999472,0.665844,0.665493,0.8265,-0.0449,1.4117,0.000,20.204,177.300,0,0,324,158,108,124
1778106860.002538,47,0.973208,0.626332,0.609551,0.8403,-0.3568,1.5611,0.000,18.337,168.854,0,0,535,64,123,128
1778106860.002538,21,0.979933,0.694089,0.680161,1.0290,0.2576,1.5813,-0.000,12.041,-165.239,0,0,155,105,98,113
1778106860.069276,38,0.995211,0.665673,0.662485,0.8249,-0.0449,1.4096,0.000,20.518,173.215,0,0,326,158,108,124
1778106860.069276,47,0.973492,0.626230,0.609630,0.8403,-0.3582,1.5611,-0.000,18.593,168.890,0,0,536,64,124,128
1778106860.069276,21,0.979046,0.693490,0.678959,1.0262,0.2568,1.5801,0.000,11.810,-165.396,0,0,156,105,100,113
1778106860.069276,38,0.997984,0.665041,0.663700,0.8249,-0.0449,1.4096,0.000,20.518,173.215,0,0,325,158,107,124
1778106860.069276,47,0.971868,0.625767,0.608163,0.8403,-0.3582,1.5611,-0.000,18.593,168.890,0,0,535,64,123,128
1778106860.069276,21,0.980143,0.692977,0.679216,1.0262,0.2568,1.5801,0.000,11.810,-165.396,0,0,156,105,100,113
1778106860.202753,38,0.998029,0.665657,0.664345,0.8249,-0.0463,1.4096,0.000,20.184,175.234,0,0,325,158,107,124
1778106860.202753,47,0.973519,0.625767,0.609196,0.8384,-0.3575,1.5601,-0.000,18.284,168.623,0,0,536,64,124,128
1778106860.202753,21,0.979662,0.692977,0.678883,1.0234,0.2541,1.5788,0.000,11.922,-164.951,0,0,156,105,100,113
1778106860.269492,38,0.998445,0.666255,0.665219,0.8268,-0.0463,1.4103,0.000,21.347,176.418,0,0,325,158,106,122
1778106860.269492,47,0.974263,0.625666,0.609563,0.8384,-0.3589,1.5601,0.000,18.736,168.665,0,0,536,64,124,128
1778106860.269492,21,0.976608,0.693579,0.677354,1.0262,0.2550,1.5801,0.000,11.144,-165.489,0,0,156,105,100,114
1778106860.336221,38,0.999898,0.666255,0.666187,0.8268,-0.0463,1.4103,0.000,19.447,178.083,0,0,325,157,110,125
1778106860.336221,47,0.972452,0.625202,0.607979,0.8366,-0.3582,1.5591,0.000,18.479,169.059,0,0,536,64,124,129
1778106860.336221,21,0.979230,0.692977,0.678584,1.0234,0.2541,1.5788,0.000,11.882,-165.543,0,0,156,105,100,113
1778106860.336221,38,0.999993,0.666126,0.666122,0.8268,-0.0463,1.4103,0.000,19.447,178.083,0,0,324,157,110,125
1778106860.336221,47,0.971748,0.625666,0.607990,0.8366,-0.3582,1.5591,0.000,18.479,169.059,0,0,536,64,124,128
1778106860.336221,21,0.979417,0.692977,0.678713,1.0234,0.2541,1.5788,0.000,11.882,-165.543,0,0,156,105,100,113
1778106860.469696,38,0.999893,0.666737,0.666666,0.8294,-0.0450,1.4127,0.000,19.346,178.116,0,0,323,157,107,126
1778106860.469696,47,0.971837,0.625666,0.608045,0.8384,-0.3589,1.5601,0.000,18.208,169.038,0,0,535,64,125,128
1778106860.469696,21,0.980439,0.692977,0.679421,1.0234,0.2541,1.5788,-0.000,12.213,-165.420,0,0,156,105,100,113
1778106860.469696,38,0.997527,0.668528,0.666875,0.8294,-0.0450,1.4127,0.000,19.346,178.116,0,0,322,154,113,129
1778106860.469696,47,0.970815,0.625767,0.607504,0.8384,-0.3589,1.5601,0.000,18.208,169.038,0,0,535,64,124,128
1778106860.469696,21,0.980036,0.692977,0.679142,1.0234,0.2541,1.5788,-0.000,12.213,-165.420,0,0,156,105,100,113
1778106860.536419,38,0.980826,0.668427,0.655611,0.8351,-0.0436,1.4147,-0.000,20.749,175.121,0,0,321,153,107,128
1778106860.536419,47,0.974287,0.625767,0.609677,0.8384,-0.3575,1.5601,0.000,17.707,169.023,0,0,535,64,124,128
1778106860.536419,21,0.980410,0.693579,0.679991,1.0234,0.2541,1.5788,-0.000,12.128,-165.624,0,0,156,105,98,114
1778106860.669895,38,0.972024,0.668594,0.649889,0.8397,-0.0409,1.4223,0.000,17.369,165.186,0,0,323,152,110,129
1778106860.669895,47,0.973163,0.625767,0.608974,0.8384,-0.3575,1.5601,0.000,17.691,168.212,0,0,535,64,124,128
1778106860.669895,21,0.979806,0.692977,0.678983,1.0234,0.2541,1.5788,0.000,12.053,-165.572,0,0,156,105,98,113
1778106860.669895,38,0.978776,0.667551,0.653383,0.8397,-0.0409,1.4223,0.000,17.369,165.186,0,0,322,153,110,128
1778106860.669895,47,0.973522,0.625767,0.609199,0.8384,-0.3575,1.5601,0.000,17.691,168.212,0,0,535,64,124,128
1778106860.669895,21,0.979214,0.692373,0.677981,1.0234,0.2541,1.5788,0.000,12.053,-165.572,0,0,156,105,100,114
1778106860.803373,38,0.982079,0.669161,0.657169,0.8375,-0.0437,1.4230,0.000,15.656,167.450,0,0,321,153,108,126
1778106860.803373,47,0.973479,0.626230,0.609622,0.8384,-0.3575,1.5601,0.000,18.270,168.610,0,0,535,64,124,128
1778106860.803373,21,0.977268,0.692977,0.677224,1.0206,0.2533,1.5775,0.000,11.813,-165.106,0,0,156,105,100,113
1778106860.870109,38,0.978049,0.669175,0.654486,0.8416,-0.0409,1.4230,0.000,16.743,167.024,0,0,322,153,110,128
1778106860.870109,47,0.974573,0.626230,0.610307,0.8403,-0.3582,1.5611,0.000,17.999,168.000,0,0,535,64,124,128
1778106860.870109,21,0.978536,0.691766,0.676918,1.0178,0.2525,1.5763,0.000,11.688,-165.567,0,0,156,105,102,114
1778106861.003588,38,0.976273,0.669161,0.653284,0.8416,-0.0423,1.4230,0.000,16.037,166.625,0,0,322,153,108,128
1778106861.003588,47,0.973576,0.626230,0.609682,0.8403,-0.3582,1.5611,0.000,18.720,168.964,0,0,535,64,124,128
1778106861.003588,21,0.978649,0.691907,0.677134,1.0202,0.2533,1.5793,0.000,11.801,-165.495,0,0,156,104,100,113
1778106861.070286,38,0.973906,0.668579,0.651133,0.8397,-0.0423,1.4223,0.000,16.115,165.928,0,0,322,153,106,128
1778106861.070286,47,0.972468,0.626230,0.608989,0.8403,-0.3582,1.5611,0.000,18.202,168.907,0,0,535,64,124,128
1778106861.070286,21,0.978517,0.691907,0.677043,1.0202,0.2533,1.5793,0.000,11.804,-165.734,0,0,156,104,98,113
1778106861.070286,38,0.976552,0.668579,0.652902,0.8397,-0.0423,1.4223,0.000,17.285,166.336,0,0,323,153,110,128
1778106861.070286,47,0.973448,0.626230,0.609602,0.8403,-0.3582,1.5611,0.000,18.770,169.046,0,0,535,64,124,128
1778106861.070286,21,0.978246,0.691907,0.676856,1.0202,0.2533,1.5793,0.000,11.680,-165.446,0,0,156,105,98,114
1778106861.137028,38,0.979526,0.667397,0.653732,0.8359,-0.0437,1.4209,0.000,17.086,167.163,0,0,323,152,110,129
1778106861.137028,47,0.970684,0.626692,0.608319,0.8421,-0.3590,1.5620,-0.000,17.675,169.039,0,0,535,64,124,128
1778106861.137028,21,0.977930,0.692373,0.677092,1.0206,0.2533,1.5775,0.000,11.572,-165.877,0,0,156,104,98,113
1778106861.203767,38,0.977750,0.666968,0.652128,0.8356,-0.0437,1.4223,0.000,16.781,166.735,0,0,323,153,110,128
1778106861.203767,47,0.970641,0.626692,0.608292,0.8421,-0.3590,1.5620,0.000,17.506,168.900,0,0,535,63,125,127
1778106861.203767,21,0.978762,0.691301,0.676620,1.0174,0.2525,1.5780,0.000,11.958,-166.165,0,0,156,104,98,113
1778106861.270513,38,0.973329,0.626304,0.609600,0.8418,-0.3590,1.5635,-0.000,18.394,168.707,0,0,534,63,125,127
1778106861.270513,47,0.978514,0.666811,0.652484,0.8340,-0.0436,1.4203,0.000,16.331,167.084,0,0,324,155,108,125
1778106861.270513,21,0.978125,0.691907,0.676772,1.0202,0.2533,1.5793,0.000,11.643,-165.424,0,0,157,105,100,111
1778106861.337252,47,0.973136,0.626866,0.610026,0.8436,-0.3583,1.5645,0.000,18.279,168.755,0,0,534,64,124,128
1778106861.337252,38,0.985982,0.665882,0.656548,0.8288,-0.0450,1.4155,-0.000,17.544,169.069,0,0,323,155,107,122
1778106861.337252,21,0.977092,0.691853,0.676004,1.0178,0.2507,1.5763,0.000,11.320,-165.795,0,0,156,105,102,113
1778106861.403981,47,0.982899,0.658368,0.647110,0.8050,-0.0432,1.4070,-0.000,16.873,168.267,0,0,326,154,110,120
1778106861.403981,38,0.970318,0.626793,0.608189,0.8421,-0.3575,1.5620,-0.000,17.323,168.918,0,0,534,63,124,127
1778106861.403981,21,0.978363,0.691157,0.676203,1.0150,0.2516,1.5750,-0.000,11.705,-165.936,0,0,157,104,100,113
1778106861.470721,38,0.969479,0.626866,0.607734,0.8436,-0.3583,1.5645,-0.000,17.875,169.604,0,0,534,64,124,128
1778106861.470721,47,0.982503,0.665423,0.653780,0.8286,-0.0478,1.4168,0.000,15.467,168.372,0,0,328,155,112,120
1778106861.470721,21,0.978875,0.691388,0.676783,1.0174,0.2507,1.5780,-0.000,12.017,-166.337,0,0,157,104,100,113
1778106861.537441,47,0.969685,0.626793,0.607792,0.8421,-0.3575,1.5620,0.000,17.762,169.517,0,0,533,64,123,128
1778106861.537441,38,0.988304,0.665816,0.658028,0.8288,-0.0506,1.4155,-0.000,16.153,170.035,0,0,326,155,107,121
1778106861.537441,21,0.978946,0.691388,0.676832,1.0174,0.2507,1.5780,0.000,11.996,-166.145,0,0,157,105,100,114
1778106861.637550,47,0.969710,0.627356,0.608353,0.8439,-0.3568,1.5630,-0.000,18.313,170.041,0,0,533,64,124,128
1778106861.637550,38,0.997105,0.667208,0.665277,0.8343,-0.0465,1.4189,0.000,17.127,175.069,0,0,325,154,113,122
1778106861.637550,21,0.982058,0.690632,0.678241,1.0121,0.2490,1.5737,0.000,12.836,-166.160,0,0,157,105,100,111
1778106861.637550,47,0.968852,0.627815,0.608260,0.8439,-0.3568,1.5630,-0.000,18.313,170.041,0,0,533,64,124,128
1778106861.637550,38,0.998458,0.666176,0.665149,0.8343,-0.0465,1.4189,0.000,17.127,175.069,0,0,326,153,110,125
1778106861.637550,21,0.981243,0.691853,0.678876,1.0121,0.2490,1.5737,0.000,12.836,-166.160,0,0,157,105,100,111
1778106861.771027,47,0.970732,0.627815,0.609440,0.8458,-0.3576,1.5640,0.000,17.809,169.301,0,0,533,64,123,129
1778106861.771027,38,0.998325,0.666763,0.665646,0.8340,-0.0479,1.4203,0.000,16.472,177.767,0,0,326,153,112,124
1778106861.771027,21,0.980088,0.690780,0.677025,1.0146,0.2499,1.5767,0.000,12.304,-166.025,0,0,157,104,100,113
1778106861.771027,47,0.968236,0.627815,0.607874,0.8458,-0.3576,1.5640,-0.000,18.037,170.273,0,0,532,64,123,128
1778106861.771027,38,0.994918,0.666763,0.663374,0.8340,-0.0479,1.4203,0.000,14.853,175.401,0,0,327,153,108,122
1778106861.771027,21,0.979611,0.690780,0.676696,1.0146,0.2499,1.5767,0.000,12.122,-165.797,0,0,157,104,100,113
1778106861.771027,47,0.970438,0.627917,0.609354,0.8458,-0.3576,1.5640,-0.000,18.037,170.273,0,0,532,64,123,129
1778106861.771027,38,0.994416,0.666746,0.663023,0.8340,-0.0479,1.4203,0.000,14.853,175.401,0,0,330,152,107,121
1778106861.771027,21,0.980349,0.690169,0.676606,1.0146,0.2499,1.5767,0.000,12.122,-165.797,0,0,157,104,100,113
1778106861.937891,47,0.970283,0.627917,0.609257,0.8458,-0.3561,1.5640,0.000,18.081,169.758,0,0,532,64,123,129
1778106861.937891,38,0.992582,0.666264,0.661322,0.8337,-0.0536,1.4217,0.000,13.687,-177.997,0,0,329,152,108,117
1778106861.937891,21,0.979258,0.689556,0.675253,1.0090,0.2482,1.5742,0.000,12.044,-165.928,0,0,157,104,100,113
1778106861.937891,47,0.969072,0.627917,0.608496,0.8458,-0.3561,1.5640,0.000,18.081,169.758,0,0,532,64,123,129
1778106861.937891,38,0.843855,0.665696,0.561751,0.8337,-0.0536,1.4217,0.000,13.687,-177.997,0,0,330,149,110,117
1778106861.937891,21,0.979958,0.688940,0.675133,1.0090,0.2482,1.5742,0.000,12.044,-165.928,0,0,156,104,102,114
1778106862.004633,47,0.969867,0.627815,0.608897,0.8458,-0.3561,1.5640,-0.000,18.502,170.463,0,0,533,64,124,128
1778106862.004633,38,0.780932,0.663488,0.518138,0.8318,-0.0521,1.4210,-0.000,5.632,-151.471,0,0,333,147,113,117
1778106862.004633,21,0.978394,0.688855,0.673971,1.0062,0.2474,1.5729,0.000,12.343,-166.385,0,0,156,104,102,114
1778106862.171471,47,0.968887,0.627356,0.607837,0.8439,-0.3568,1.5630,-0.000,18.354,170.324,0,0,533,64,122,128
1778106862.171471,38,0.741010,0.662417,0.490858,0.8282,-0.0620,1.4286,0.000,6.528,-141.123,0,0,336,146,108,121
1778106862.171471,21,0.977129,0.689008,0.673250,1.0086,0.2500,1.5759,0.000,11.749,-166.839,0,0,156,103,102,115
1778106862.171471,47,0.967115,0.627815,0.607169,0.8439,-0.3568,1.5630,-0.000,18.354,170.324,0,0,533,64,123,128
1778106862.171471,38,0.671342,0.661457,0.444064,0.8282,-0.0620,1.4286,0.000,6.528,-141.123,0,0,341,144,108,120
1778106862.171471,21,0.977681,0.687777,0.672426,1.0086,0.2500,1.5759,0.000,11.749,-166.839,0,0,156,103,102,115
1778106862.238200,47,0.969573,0.627815,0.608713,0.8458,-0.3576,1.5640,0.000,17.704,170.342,0,0,533,64,123,128
1778106862.238200,38,0.637639,0.660428,0.421115,0.8277,-0.0690,1.4314,0.000,5.722,-135.874,0,0,342,143,108,121
1778106862.238200,21,0.979150,0.688394,0.674040,1.0030,0.2483,1.5734,-0.000,11.860,-166.666,0,0,156,103,102,115
1778106862.371677,47,0.966674,0.627917,0.606991,0.8458,-0.3561,1.5640,0.000,18.123,170.885,0,0,532,64,123,128
1778106862.371677,38,0.634972,0.660826,0.419606,0.8258,-0.0718,1.4307,0.000,6.084,-132.950,0,0,343,144,110,121
1778106862.371677,21,0.978649,0.687158,0.672486,1.0002,0.2475,1.5721,-0.000,12.002,-166.087,0,0,156,103,102,114
1778106862.371677,21,0.967390,0.627917,0.607440,0.8458,-0.3561,1.5640,0.000,17.727,170.360,0,0,533,64,122,128
1778106862.438405,21,0.966560,0.626895,0.605931,0.8421,-0.3560,1.5620,0.000,17.476,170.320,0,0,533,64,122,128
1778106862.538505,21,0.966569,0.626433,0.605491,0.8403,-0.3553,1.5611,-0.000,17.389,170.243,0,0,533,64,124,129
1778106862.538505,21,0.964889,0.626433,0.604438,0.8403,-0.3553,1.5611,0.000,17.087,170.487,0,0,532,64,123,128
1778106862.538505,21,0.965191,0.626996,0.605171,0.8403,-0.3553,1.5611,0.000,17.087,170.487,0,0,532,64,123,129
1778106862.705340,0,0.964520,0.627815,0.605541,0.8458,-0.3576,1.5640,-0.000,17.332,170.801,0,0,533,64,122,128
1778106862.705340,1,0.424430,0.662169,0.281044,0.8328,-0.0793,1.4363,0.000,3.878,-118.958,0,0,348,142,108,126
1778106862.705340,2,0.977765,0.684745,0.669520,0.9915,0.2467,1.5700,-0.000,11.768,-165.636,0,0,155,102,103,114
1778106862.705340,0,0.965942,0.627815,0.606433,0.8458,-0.3576,1.5640,-0.000,17.440,170.473,0,0,533,64,122,128
1778106862.705340,1,0.982234,0.684745,0.672580,0.9915,0.2467,1.5700,0.000,13.092,-165.694,0,0,155,102,103,115
1778106862.772084,21,0.966607,0.627815,0.606850,0.8458,-0.3576,1.5640,0.000,17.360,170.208,0,0,532,64,123,128
1778106862.772084,21,0.966680,0.626895,0.606006,0.8458,-0.3576,1.5640,0.000,17.360,170.208,0,0,533,64,124,128
1778106862.772084,12,0.979752,0.684913,0.671045,0.9971,0.2484,1.5725,0.000,13.125,-165.767,0,0,155,101,103,115
1778106862.872173,21,0.965964,0.626895,0.605558,0.8421,-0.3560,1.5620,0.000,17.774,170.739,0,0,533,63,124,127
1778106862.872173,12,0.982120,0.684913,0.672666,0.9939,0.2476,1.5730,0.000,13.035,-165.028,0,0,156,100,102,117
1778106862.972281,21,0.965315,0.627815,0.606039,0.8458,-0.3576,1.5640,-0.000,17.285,170.530,0,0,533,64,123,128
1778106862.972281,12,0.981100,0.685161,0.672211,0.9964,0.2466,1.5760,0.000,12.944,-165.811,0,0,156,100,102,117
1778106862.972281,21,0.965801,0.627815,0.606345,0.8458,-0.3576,1.5640,0.000,17.563,170.617,0,0,533,63,123,127
1778106862.972281,12,0.980870,0.685161,0.672054,0.9964,0.2466,1.5760,0.000,12.981,-166.306,0,0,156,100,102,117
1778106862.972281,21,0.965818,0.626967,0.605537,0.8458,-0.3576,1.5640,0.000,17.563,170.617,0,0,533,63,123,127
1778106862.972281,12,0.979782,0.685161,0.671308,0.9964,0.2466,1.5760,0.000,12.981,-166.306,0,0,155,100,103,117
1778106863.139127,21,0.965236,0.627427,0.605614,0.8455,-0.3576,1.5655,0.000,17.252,170.452,0,0,533,63,123,127
1778106863.139127,12,0.980822,0.685077,0.671938,0.9964,0.2484,1.5760,-0.000,12.779,-165.319,0,0,155,100,103,117
1778106863.139127,21,0.965553,0.627427,0.605813,0.8455,-0.3576,1.5655,0.000,17.252,170.452,0,0,534,63,124,127
1778106863.139127,12,0.983362,0.685077,0.673678,0.9964,0.2484,1.5760,-0.000,12.779,-165.319,0,0,155,101,103,115
1778106863.139127,21,0.964989,0.628011,0.606023,0.8455,-0.3576,1.5655,-0.000,17.080,170.207,0,0,534,63,124,127
1778106863.139127,12,0.983714,0.686154,0.674980,0.9964,0.2484,1.5760,0.000,13.509,-164.978,0,0,156,100,102,117
1778106863.272619,21,0.965790,0.627325,0.605864,0.8455,-0.3591,1.5655,0.000,16.948,169.936,0,0,534,63,124,127
1778106863.272619,12,0.982935,0.685161,0.673468,0.9964,0.2466,1.5760,0.000,13.504,-165.769,0,0,156,100,102,117
1778106863.339358,21,0.966129,0.628011,0.606739,0.8482,-0.3602,1.5670,0.000,17.250,170.102,0,0,534,63,124,127
1778106863.339358,12,0.984026,0.685780,0.674825,0.9992,0.2475,1.5773,0.000,13.821,-165.592,0,0,156,100,102,117
1778106863.406104,21,0.963370,0.627427,0.604444,0.8455,-0.3576,1.5655,0.000,16.698,170.517,0,0,533,63,123,127
1778106863.406104,12,0.982691,0.686397,0.674516,1.0020,0.2483,1.5786,0.000,13.408,-165.673,0,0,156,100,102,117
1778106863.406104,21,0.965441,0.627427,0.605743,0.8455,-0.3576,1.5655,0.000,16.698,170.517,0,0,533,63,123,127
1778106863.406104,12,0.983244,0.686397,0.674896,1.0020,0.2483,1.5786,0.000,13.408,-165.673,0,0,155,99,103,117
1778106863.506210,21,0.965657,0.628502,0.606918,0.8485,-0.3587,1.5655,0.000,17.463,170.577,0,0,533,64,124,128
1778106863.506210,12,0.983798,0.685695,0.674586,0.9992,0.2492,1.5773,0.000,13.842,-165.987,0,0,155,100,103,117
1778106863.506210,21,0.965312,0.628502,0.606701,0.8485,-0.3587,1.5655,0.000,17.463,170.577,0,0,533,64,123,128
1778106863.506210,12,0.983201,0.685695,0.674176,0.9992,0.2492,1.5773,0.000,13.842,-165.987,0,0,155,100,103,117
1778106863.572948,21,0.966785,0.628502,0.607626,0.8485,-0.3587,1.5655,0.000,17.304,170.106,0,0,533,64,122,128
1778106863.572948,12,0.980102,0.685695,0.672051,0.9992,0.2492,1.5773,0.000,12.552,-165.226,0,0,155,99,104,117
1778106863.706427,21,0.967577,0.628605,0.608223,0.8485,-0.3572,1.5655,0.000,17.397,170.024,0,0,532,64,123,128
1778106863.706427,12,0.980249,0.685077,0.671546,0.9964,0.2484,1.5760,0.000,12.658,-165.600,0,0,155,100,104,115
1778106863.706427,21,0.964835,0.628605,0.606500,0.8485,-0.3572,1.5655,0.000,17.397,170.024,0,0,533,64,122,128
1778106863.706427,12,0.980911,0.685077,0.671999,0.9964,0.2484,1.5760,0.000,12.658,-165.600,0,0,155,100,104,117
1778106863.706427,21,0.965641,0.628502,0.606908,0.8485,-0.3572,1.5655,0.000,16.922,170.440,0,0,532,64,123,128
1778106863.706427,12,0.980266,0.685695,0.672164,0.9964,0.2484,1.5760,0.000,12.813,-165.366,0,0,155,99,104,117
1778106863.806507,21,0.966616,0.627917,0.606954,0.8458,-0.3561,1.5640,0.000,17.204,170.151,0,0,532,64,123,128
1778106863.806507,12,0.981106,0.685853,0.672894,1.0016,0.2501,1.5803,0.000,12.861,-164.606,0,0,155,100,104,117
1778106863.906602,21,0.967663,0.628605,0.608277,0.8485,-0.3572,1.5655,0.000,17.381,169.984,0,0,532,64,123,128
1778106863.906602,12,0.980467,0.686926,0.673508,1.0048,0.2509,1.5799,0.000,12.656,-165.209,0,0,155,100,104,117
1778106863.906602,21,0.966697,0.628605,0.607670,0.8485,-0.3572,1.5655,0.000,17.381,169.984,0,0,532,64,123,128
1778106863.906602,12,0.981785,0.686926,0.674414,1.0048,0.2509,1.5799,0.000,12.656,-165.209,0,0,155,100,104,117
1778106863.973342,21,0.967836,0.628605,0.608387,0.8485,-0.3572,1.5655,0.000,17.551,170.077,0,0,532,64,123,128
1778106863.973342,12,0.981537,0.686312,0.673640,1.0020,0.2501,1.5786,0.000,12.907,-164.695,0,0,154,100,103,115
1778106863.973342,21,0.967525,0.627917,0.607525,0.8485,-0.3572,1.5655,0.000,17.551,170.077,0,0,532,64,123,128
1778106863.973342,12,0.981055,0.686686,0.673676,1.0020,0.2501,1.5786,0.000,12.907,-164.695,0,0,154,101,103,115
1778106864.073470,21,0.967028,0.627917,0.607213,0.8458,-0.3561,1.5640,0.000,17.636,170.244,0,0,532,64,123,128
1778106864.073470,12,0.981081,0.686686,0.673694,1.0023,0.2518,1.5768,-0.000,12.717,-165.042,0,0,155,100,104,117
1778106864.173558,21,0.966018,0.628605,0.607244,0.8485,-0.3572,1.5655,0.000,17.095,170.237,0,0,532,64,122,128
1778106864.173558,12,0.981165,0.685695,0.672781,0.9992,0.2492,1.5773,0.000,12.839,-165.038,0,0,155,100,104,117
1778106864.173558,21,0.966337,0.628605,0.607444,0.8485,-0.3572,1.5655,0.000,17.084,170.130,0,0,532,64,123,128
1778106864.173558,12,0.984102,0.685695,0.674794,0.9992,0.2492,1.5773,-0.000,13.806,-165.334,0,0,155,100,104,117
1778106864.240296,21,0.966823,0.628605,0.607750,0.8485,-0.3572,1.5655,-0.000,17.095,169.990,0,0,532,64,124,128
1778106864.240296,12,0.981531,0.686926,0.674239,1.0048,0.2509,1.5799,0.000,13.187,-166.266,0,0,155,101,103,117
1778106864.340404,21,0.966129,0.629062,0.607754,0.8504,-0.3580,1.5665,-0.000,17.142,170.245,0,0,532,64,123,128
1778106864.340404,12,0.982208,0.687386,0.675157,1.0051,0.2509,1.5781,0.000,13.068,-165.065,0,0,155,101,103,117
1778106864.340404,21,0.965998,0.629062,0.607672,0.8504,-0.3580,1.5665,0.000,17.079,170.228,0,0,532,64,124,128
1778106864.340404,12,0.982288,0.687386,0.675211,1.0051,0.2509,1.5781,0.000,13.240,-165.880,0,0,155,101,103,117
1778106864.340404,21,0.965217,0.629062,0.607181,0.8504,-0.3580,1.5665,0.000,17.079,170.228,0,0,532,64,123,129
1778106864.340404,12,0.983083,0.687386,0.675758,1.0051,0.2509,1.5781,0.000,13.240,-165.880,0,0,155,101,103,117
1778106864.440496,21,0.963931,0.629062,0.606372,0.8504,-0.3580,1.5665,0.000,16.825,170.623,0,0,532,64,122,129
1778106864.440496,12,0.983677,0.687386,0.676166,1.0051,0.2509,1.5781,0.000,13.570,-165.306,0,0,155,102,103,115
1778106864.507230,21,0.964041,0.628605,0.606001,0.8485,-0.3572,1.5655,0.000,16.709,170.487,0,0,532,64,123,129
1778106864.507230,12,0.983612,0.687847,0.676575,1.0055,0.2509,1.5764,0.000,13.464,-165.354,0,0,156,102,102,115
1778106864.607334,21,0.964649,0.628605,0.606383,0.8485,-0.3572,1.5655,0.000,16.667,170.266,0,0,532,64,123,128
1778106864.607334,12,0.982868,0.688460,0.676666,1.0083,0.2517,1.5777,0.000,13.205,-165.220,0,0,155,102,103,115
1778106864.607334,21,0.964189,0.629062,0.606534,0.8504,-0.3580,1.5665,0.000,16.431,170.186,0,0,532,64,123,128
1778106864.607334,12,0.982759,0.688460,0.676591,1.0083,0.2517,1.5777,-0.000,13.110,-164.795,0,0,155,102,103,115
1778106864.607334,21,0.963670,0.628605,0.605767,0.8504,-0.3580,1.5665,0.000,16.431,170.186,0,0,532,64,123,128
1778106864.607334,12,0.983867,0.688922,0.677807,1.0083,0.2517,1.5777,-0.000,13.110,-164.795,0,0,155,103,103,114
1778106864.707433,21,0.965342,0.628605,0.606819,0.8485,-0.3572,1.5655,0.000,16.160,170.085,0,0,532,64,123,128
1778106864.707433,12,0.982946,0.688922,0.677173,1.0086,0.2517,1.5759,0.000,13.429,-165.204,0,0,155,102,103,117
1778106864.774179,21,0.964801,0.629517,0.607359,0.8522,-0.3587,1.5675,0.000,16.741,170.288,0,0,532,64,123,129
1778106864.774179,12,0.983694,0.688460,0.677234,1.0083,0.2517,1.5777,-0.000,13.399,-164.743,0,0,155,102,103,117
1778106864.774179,21,0.965067,0.629972,0.607965,0.8522,-0.3587,1.5675,0.000,16.741,170.288,0,0,532,64,123,128
1778106864.774179,12,0.982956,0.688460,0.676726,1.0083,0.2517,1.5777,-0.000,13.399,-164.743,0,0,155,102,103,117
1778106864.941022,21,0.963419,0.629414,0.606390,0.8522,-0.3602,1.5675,0.000,16.394,170.303,0,0,533,64,122,128
1778106864.941022,12,0.982292,0.688460,0.676269,1.0083,0.2517,1.5777,-0.000,12.998,-165.043,0,0,155,102,102,117
1778106864.941022,21,0.965011,0.629414,0.607392,0.8522,-0.3602,1.5675,0.000,16.519,169.938,0,0,533,64,122,128
1778106864.941022,12,0.983800,0.688460,0.677307,1.0083,0.2517,1.5777,-0.000,13.526,-165.356,0,0,155,103,103,115
1778106864.941022,21,0.965169,0.628502,0.606611,0.8522,-0.3602,1.5675,0.000,16.519,169.938,0,0,533,64,122,128
1778106864.941022,12,0.983000,0.688460,0.676756,1.0083,0.2517,1.5777,-0.000,13.526,-165.356,0,0,155,102,103,117
1778106865.041125,21,0.965090,0.628502,0.606562,0.8485,-0.3587,1.5655,-0.000,17.125,170.460,0,0,533,64,122,128
1778106865.041125,12,0.983915,0.688460,0.677387,1.0083,0.2517,1.5777,-0.000,13.627,-165.685,0,0,155,104,102,114
1778106865.107864,21,0.964652,0.628959,0.606726,0.8504,-0.3595,1.5665,-0.000,16.924,170.416,0,0,533,64,123,128
1778106865.107864,12,0.985045,0.688769,0.678468,1.0062,0.2509,1.5729,0.000,13.809,-165.637,0,0,155,103,102,115
1778106865.207941,21,0.965281,0.628569,0.606745,0.8501,-0.3595,1.5679,0.000,17.242,170.430,0,0,533,63,122,127
1778106865.207941,12,0.984294,0.689534,0.678704,1.0114,0.2526,1.5772,0.000,13.736,-166.022,0,0,155,103,102,115
1778106865.207941,21,0.966989,0.628569,0.607819,0.8501,-0.3595,1.5679,0.000,17.242,170.430,0,0,533,63,122,127
1778106865.207941,12,0.984550,0.689534,0.678880,1.0114,0.2526,1.5772,0.000,13.736,-166.022,0,0,155,103,102,115
1778106865.274676,21,0.964340,0.629024,0.606593,0.8519,-0.3602,1.5689,0.000,16.597,170.135,0,0,533,63,124,127
1778106865.274676,12,0.983087,0.689534,0.677871,1.0114,0.2526,1.5772,0.000,13.140,-164.951,0,0,154,103,102,115
1778106865.374784,21,0.964782,0.629414,0.607248,0.8522,-0.3602,1.5675,0.000,16.691,170.168,0,0,533,64,122,128
1778106865.374784,12,0.982502,0.688748,0.676696,1.0086,0.2553,1.5759,-0.000,12.904,-164.505,0,0,153,103,103,114
1778106865.374784,21,0.965946,0.629414,0.607980,0.8522,-0.3602,1.5675,0.000,17.060,170.147,0,0,533,63,123,127
1778106865.374784,12,0.983917,0.688748,0.677671,1.0086,0.2553,1.5759,0.000,13.648,-166.058,0,0,154,103,102,115
1778106865.441518,21,0.964534,0.629477,0.607153,0.8538,-0.3610,1.5699,0.000,17.081,170.512,0,0,533,64,122,128
1778106865.441518,12,0.985741,0.689447,0.679615,1.0114,0.2544,1.5772,-0.000,14.099,-165.390,0,0,154,103,102,114
1778106865.441518,21,0.966527,0.629869,0.608785,0.8538,-0.3610,1.5699,0.000,17.081,170.512,0,0,533,64,122,128
1778106865.441518,12,0.984615,0.689359,0.678753,1.0114,0.2544,1.5772,-0.000,14.099,-165.390,0,0,153,103,103,115
1778106865.541623,21,0.964907,0.629869,0.607765,0.8541,-0.3610,1.5684,0.000,16.638,170.081,0,0,533,64,122,128
1778106865.541623,12,0.982211,0.689359,0.677096,1.0114,0.2561,1.5772,0.000,12.965,-165.474,0,0,153,102,103,115
1778106865.541623,21,0.968145,0.629414,0.609365,0.8541,-0.3610,1.5684,0.000,16.638,170.081,0,0,533,64,122,128
1778106865.541623,12,0.982224,0.688897,0.676651,1.0114,0.2561,1.5772,0.000,12.965,-165.474,0,0,153,103,103,115
1778106865.675100,21,0.967388,0.629869,0.609327,0.8541,-0.3610,1.5684,0.000,17.348,169.959,0,0,533,64,122,128
1778106865.675100,12,0.980942,0.689359,0.676221,1.0114,0.2561,1.5772,-0.000,12.487,-164.938,0,0,153,103,103,114
1778106865.775208,21,0.967243,0.629414,0.608797,0.8522,-0.3602,1.5675,-0.000,17.100,169.784,0,0,533,64,122,128
1778106865.775208,12,0.981658,0.689359,0.676715,1.0114,0.2561,1.5772,-0.000,12.667,-164.684,0,0,153,103,103,114
1778106865.775208,21,0.967138,0.629414,0.608730,0.8522,-0.3602,1.5675,-0.000,16.797,169.537,0,0,533,64,122,128
1778106865.775208,12,0.979812,0.689359,0.675442,1.0114,0.2561,1.5772,0.000,12.172,-165.055,0,0,153,103,102,115
1778106865.775208,21,0.967025,0.629869,0.609099,0.8522,-0.3602,1.5675,-0.000,16.797,169.537,0,0,533,64,122,128
1778106865.775208,12,0.982699,0.688660,0.676746,1.0114,0.2561,1.5772,0.000,12.172,-165.055,0,0,152,103,103,115
1778106865.875279,21,0.967358,0.629869,0.609309,0.8541,-0.3610,1.5684,0.000,16.646,169.321,0,0,533,64,122,128
1778106865.875279,12,0.980981,0.688660,0.675562,1.0086,0.2571,1.5759,0.000,12.474,-164.743,0,0,152,103,103,114
1778106865.875279,21,0.966873,0.629869,0.609003,0.8541,-0.3610,1.5684,0.000,16.646,169.321,0,0,533,64,122,128
1778106865.875279,12,0.981734,0.689271,0.676680,1.0086,0.2571,1.5759,0.000,12.474,-164.743,0,0,152,103,103,114
1778106865.942054,21,0.968033,0.629414,0.609294,0.8541,-0.3610,1.5684,0.000,16.930,169.745,0,0,533,64,122,128
1778106865.942054,12,0.977852,0.688720,0.673466,1.0114,0.2579,1.5772,-0.000,12.703,-164.761,0,0,151,102,103,117
1778106866.042125,21,0.967830,0.629414,0.609166,0.8522,-0.3602,1.5675,0.000,17.100,169.600,0,0,533,64,122,128
1778106866.042125,12,0.979009,0.688720,0.674263,1.0111,0.2597,1.5790,-0.000,11.956,-164.436,0,0,151,102,103,117
1778106866.042125,21,0.968456,0.629414,0.609560,0.8522,-0.3602,1.5675,0.000,17.100,169.600,0,0,533,64,122,128
1778106866.042125,12,0.981910,0.689327,0.676857,1.0111,0.2597,1.5790,-0.000,11.956,-164.436,0,0,151,102,103,117
1778106866.208976,21,0.966393,0.629414,0.608262,0.8522,-0.3602,1.5675,-0.000,16.648,169.631,0,0,533,64,122,128
1778106866.208976,12,0.978799,0.688259,0.673667,1.0107,0.2597,1.5807,0.000,12.043,-164.847,0,0,151,101,103,117
1778106866.208976,21,0.968147,0.629414,0.609366,0.8522,-0.3602,1.5675,-0.000,16.988,169.395,0,0,533,64,122,128
1778106866.208976,12,0.978204,0.688259,0.673257,1.0107,0.2597,1.5807,0.000,11.845,-164.621,0,0,151,101,103,117
1778106866.309122,21,0.967396,0.629414,0.608893,0.8522,-0.3602,1.5675,-0.000,17.017,169.660,0,0,533,64,122,129
1778106866.309122,12,0.977921,0.689932,0.674699,1.0167,0.2614,1.5815,0.000,11.632,-164.243,0,0,151,102,102,117
1778106866.309122,21,0.965482,0.629414,0.607688,0.8522,-0.3602,1.5675,-0.000,17.017,169.660,0,0,533,64,122,128
1778106866.309122,12,0.979183,0.689932,0.675570,1.0167,0.2614,1.5815,0.000,11.632,-164.243,0,0,150,102,103,117
1778106866.309122,21,0.966696,0.628959,0.608012,0.8522,-0.3602,1.5675,0.000,16.559,169.831,0,0,533,64,122,128
1778106866.309122,12,0.978686,0.689842,0.675139,1.0167,0.2614,1.5815,-0.000,12.153,-165.392,0,0,150,102,103,118
1778106866.409220,21,0.968297,0.628959,0.609019,0.8504,-0.3595,1.5665,0.000,17.241,169.579,0,0,533,64,122,128
1778106866.409220,12,0.979603,0.689842,0.675772,1.0167,0.2632,1.5815,0.000,12.338,-165.649,0,0,150,102,102,117
1778106866.475958,21,0.964666,0.628959,0.606736,0.8504,-0.3595,1.5665,-0.000,16.683,170.195,0,0,533,64,122,128
1778106866.475958,12,0.980162,0.689842,0.676157,1.0167,0.2632,1.5815,0.000,12.519,-165.722,0,0,149,102,103,117
1778106866.576025,21,0.968172,0.629869,0.609821,0.8541,-0.3610,1.5684,0.000,17.312,169.683,0,0,533,64,122,128
1778106866.576025,12,0.978707,0.689148,0.674474,1.0139,0.2641,1.5802,0.000,12.004,-165.242,0,0,149,102,103,117
1778106866.576025,21,0.965962,0.629869,0.608429,0.8541,-0.3610,1.5684,-0.000,16.642,169.760,0,0,533,64,122,128
1778106866.576025,12,0.976965,0.689148,0.673273,1.0139,0.2641,1.5802,0.000,11.432,-164.729,0,0,148,102,103,117
1778106866.576025,21,0.965571,0.629869,0.608183,0.8541,-0.3610,1.5684,-0.000,16.642,169.760,0,0,533,64,122,128
1778106866.576025,12,0.978178,0.687842,0.672832,1.0139,0.2641,1.5802,0.000,11.432,-164.729,0,0,148,102,103,117
1778106866.742831,21,0.965262,0.629414,0.607550,0.8522,-0.3602,1.5675,-0.000,16.276,169.626,0,0,533,64,122,128
1778106866.742831,12,0.979906,0.687232,0.673423,1.0055,0.2633,1.5764,0.000,12.278,-164.819,0,0,148,102,102,115
1778106866.742831,21,0.967484,0.629414,0.608948,0.8522,-0.3602,1.5675,0.000,16.839,169.466,0,0,533,64,122,128
1778106866.742831,12,0.977940,0.687232,0.672072,1.0055,0.2633,1.5764,0.000,11.831,-165.417,0,0,148,102,102,115
1778106866.842943,21,0.965206,0.629869,0.607953,0.8541,-0.3610,1.5684,-0.000,16.355,169.721,0,0,533,64,122,128
1778106866.842943,12,0.977501,0.687842,0.672366,1.0083,0.2642,1.5777,-0.000,11.982,-166.494,0,0,148,102,102,115
1778106866.842943,21,0.965530,0.629869,0.608157,0.8541,-0.3610,1.5684,-0.000,16.355,169.721,0,0,533,64,122,128
1778106866.842943,12,0.979598,0.687842,0.673809,1.0083,0.2642,1.5777,-0.000,11.982,-166.494,0,0,148,102,102,115
1778106866.943051,21,0.964913,0.629869,0.607769,0.8541,-0.3610,1.5684,0.000,16.681,170.119,0,0,533,64,122,128
1778106866.943051,12,0.979400,0.687842,0.673673,1.0083,0.2642,1.5777,0.000,12.305,-165.662,0,0,148,102,102,115
1778106867.009789,21,0.966494,0.629869,0.608764,0.8541,-0.3610,1.5684,0.000,17.002,169.928,0,0,533,64,122,128
1778106867.009789,12,0.977972,0.687842,0.672691,1.0083,0.2642,1.5777,0.000,12.063,-166.310,0,0,148,102,102,115
1778106867.009789,21,0.966619,0.629869,0.608843,0.8541,-0.3610,1.5684,0.000,17.002,169.928,0,0,533,64,122,128
1778106867.009789,12,0.979033,0.687842,0.673421,1.0083,0.2642,1.5777,0.000,12.063,-166.310,0,0,148,102,102,115
1778106867.076497,21,0.966211,0.629869,0.608586,0.8541,-0.3610,1.5684,-0.000,16.725,169.761,0,0,533,64,122,128
1778106867.076497,12,0.978432,0.687842,0.673007,1.0083,0.2642,1.5777,0.000,12.004,-165.571,0,0,148,102,102,115
1778106867.176635,21,0.964866,0.630322,0.608176,0.8559,-0.3618,1.5694,0.000,17.043,170.456,0,0,533,64,122,128
1778106867.176635,12,0.979367,0.687842,0.673650,1.0083,0.2642,1.5777,-0.000,12.315,-165.741,0,0,148,102,103,117
1778106867.176635,21,0.965096,0.630322,0.608321,0.8559,-0.3618,1.5694,-0.000,16.632,170.018,0,0,533,64,122,128
1778106867.176635,12,0.978172,0.687842,0.672828,1.0083,0.2642,1.5777,0.000,11.819,-165.029,0,0,148,102,102,115
1778106867.243374,21,0.964712,0.630322,0.608079,0.8559,-0.3618,1.5694,0.000,16.588,170.094,0,0,533,64,122,128
1778106867.243374,12,0.977748,0.687232,0.671940,1.0055,0.2633,1.5764,0.000,11.641,-164.666,0,0,148,102,103,117
1778106867.343482,21,0.962826,0.629869,0.606454,0.8541,-0.3610,1.5684,0.000,16.478,170.556,0,0,533,64,122,128
1778106867.343482,12,0.979367,0.687842,0.673650,1.0083,0.2642,1.5777,-0.000,12.028,-164.174,0,0,148,102,104,117
1778106867.343482,21,0.965045,0.629869,0.607852,0.8541,-0.3610,1.5684,0.000,16.725,170.119,0,0,533,64,122,128
1778106867.343482,12,0.978324,0.687842,0.672933,1.0083,0.2642,1.5777,0.000,11.730,-164.140,0,0,148,102,103,117
1778106867.443581,21,0.965594,0.629869,0.608198,0.8541,-0.3610,1.5684,0.000,16.829,170.047,0,0,533,64,122,128
1778106867.443581,12,0.978460,0.687842,0.673026,1.0083,0.2642,1.5777,0.000,11.812,-164.482,0,0,148,102,103,117
1778106867.443581,21,0.964723,0.629869,0.607649,0.8541,-0.3610,1.5684,0.000,16.829,170.047,0,0,533,64,122,128
1778106867.443581,12,0.979103,0.687842,0.673468,1.0083,0.2642,1.5777,0.000,11.812,-164.482,0,0,148,102,103,117
1778106867.510290,21,0.962448,0.630322,0.606652,0.8559,-0.3618,1.5694,0.000,16.515,170.700,0,0,533,64,122,128
1778106867.510290,12,0.977795,0.688451,0.673164,1.0111,0.2651,1.5790,0.000,11.611,-164.368,0,0,148,102,103,117
1778106867.610393,21,0.966737,0.630322,0.609355,0.8559,-0.3618,1.5694,0.000,17.181,170.012,0,0,533,64,122,129
1778106867.610393,12,0.975774,0.687932,0.671266,1.0083,0.2624,1.5777,0.000,11.158,-165.020,0,0,149,102,103,117
1778106867.610393,21,0.965258,0.630322,0.608423,0.8559,-0.3618,1.5694,-0.000,16.855,170.173,0,0,533,64,122,128
1778106867.610393,12,0.978643,0.687932,0.673240,1.0083,0.2624,1.5777,0.000,12.127,-165.885,0,0,149,102,103,117
1778106867.677131,21,0.965573,0.629869,0.608184,0.8541,-0.3610,1.5684,0.000,17.164,170.350,0,0,533,64,122,128
1778106867.677131,12,0.979321,0.687932,0.673707,1.0083,0.2624,1.5777,0.000,12.296,-165.773,0,0,149,102,103,117
1778106867.777239,21,0.961833,0.630322,0.606264,0.8559,-0.3618,1.5694,0.000,16.592,170.944,0,0,533,64,122,128
1778106867.777239,12,0.980065,0.687410,0.673707,1.0055,0.2598,1.5764,0.000,12.512,-165.812,0,0,150,102,103,117
1778106867.843977,21,0.962508,0.630322,0.606689,0.8559,-0.3618,1.5694,-0.000,16.681,170.829,0,0,533,64,122,128
1778106867.843977,12,0.978755,0.687321,0.672719,1.0055,0.2615,1.5764,0.000,11.866,-164.272,0,0,149,102,103,118
1778106867.843977,21,0.963524,0.630322,0.607330,0.8559,-0.3618,1.5694,-0.000,16.681,170.829,0,0,533,64,122,128
1778106867.843977,12,0.977982,0.687321,0.672188,1.0055,0.2615,1.5764,0.000,11.866,-164.272,0,0,149,101,103,117
1778106867.910716,21,0.960761,0.629869,0.605153,0.8541,-0.3610,1.5684,0.000,16.147,170.853,0,0,533,64,123,128
1778106867.910716,12,0.979730,0.687472,0.673537,1.0079,0.2624,1.5794,-0.000,12.147,-162.417,0,0,149,101,103,117
1778106868.010824,21,0.962896,0.629414,0.606061,0.8522,-0.3602,1.5675,-0.000,17.116,171.087,0,0,533,64,122,128
1778106868.010824,12,0.978441,0.686338,0.671541,1.0023,0.2589,1.5768,-0.000,11.799,-163.288,0,0,150,101,104,118
1778106868.010824,21,0.961671,0.629414,0.605290,0.8522,-0.3602,1.5675,0.000,16.664,171.052,0,0,533,64,122,128
1778106868.010824,12,0.980539,0.686338,0.672981,1.0023,0.2589,1.5768,0.000,12.398,-163.337,0,0,150,101,103,120
1778106868.077562,21,0.962352,0.629869,0.606155,0.8541,-0.3610,1.5684,0.000,16.680,170.873,0,0,533,64,122,128
1778106868.077562,12,0.982076,0.686338,0.674036,1.0023,0.2589,1.5768,0.000,12.868,-163.573,0,0,150,102,103,118
1778106868.077562,21,0.961633,0.629869,0.605702,0.8541,-0.3610,1.5684,0.000,16.680,170.873,0,0,533,64,122,128
1778106868.077562,12,0.982438,0.686797,0.674735,1.0023,0.2589,1.5768,0.000,12.868,-163.573,0,0,150,102,103,118
1778106868.144301,21,0.959870,0.630322,0.605027,0.8541,-0.3610,1.5684,0.000,16.267,170.711,0,0,533,64,122,128
1778106868.144301,12,0.982362,0.686951,0.674834,1.0027,0.2589,1.5751,0.000,12.887,-163.568,0,0,150,101,103,120
1778106868.211009,21,0.962020,0.630322,0.606382,0.8559,-0.3618,1.5694,-0.000,16.039,171.008,0,0,533,63,122,127
1778106868.211009,12,0.983686,0.686951,0.675744,1.0051,0.2598,1.5781,0.000,12.948,-163.425,0,0,151,101,103,120
1778106868.211009,21,0.960441,0.629024,0.604140,0.8559,-0.3618,1.5694,-0.000,16.312,170.640,0,0,533,64,122,128
1778106868.211009,12,0.982155,0.687039,0.674779,1.0051,0.2598,1.5781,-0.000,13.365,-163.485,0,0,151,101,102,117
1778106868.277746,21,0.961935,0.629869,0.605892,0.8519,-0.3602,1.5689,0.000,16.125,170.845,0,0,533,64,122,128
1778106868.277746,12,0.981579,0.687499,0.674835,1.0051,0.2580,1.5781,0.000,12.881,-163.005,0,0,151,102,103,117
1778106868.377855,21,0.962946,0.629869,0.606530,0.8541,-0.3610,1.5684,-0.000,16.523,170.561,0,0,533,64,122,128
1778106868.377855,12,0.982331,0.687499,0.675352,1.0055,0.2580,1.5764,0.000,12.843,-162.879,0,0,151,102,103,115
1778106868.377855,21,0.961885,0.629869,0.605861,0.8541,-0.3610,1.5684,-0.000,16.523,170.561,0,0,533,64,122,128
1778106868.377855,12,0.983851,0.686355,0.675271,1.0055,0.2580,1.5764,0.000,12.843,-162.879,0,0,152,102,102,115
1778106868.544710,21,0.961253,0.629869,0.605463,0.8541,-0.3610,1.5684,-0.000,16.224,170.782,0,0,534,63,120,127
1778106868.544710,12,0.984674,0.687344,0.676810,1.0030,0.2571,1.5734,0.000,13.512,-162.305,0,0,151,103,103,114
1778106868.544710,21,0.958243,0.628921,0.602659,0.8519,-0.3618,1.5689,-0.000,16.024,171.290,0,0,533,63,123,127
1778106868.544710,12,0.982443,0.687344,0.675277,1.0030,0.2571,1.5734,0.000,12.787,-162.720,0,0,152,102,104,114
1778106868.644809,21,0.960591,0.629311,0.604511,0.8522,-0.3618,1.5675,-0.000,16.022,170.706,0,0,534,64,122,128
1778106868.644809,12,0.982269,0.687587,0.675395,1.0055,0.2562,1.5764,-0.000,12.871,-162.103,0,0,152,102,104,115
1778106868.644809,21,0.961855,0.629311,0.605306,0.8522,-0.3618,1.5675,0.000,16.171,170.478,0,0,534,63,122,127
1778106868.644809,12,0.981327,0.687587,0.674747,1.0055,0.2562,1.5764,0.000,12.574,-162.284,0,0,152,102,104,115
1778106868.744915,21,0.961778,0.628856,0.604820,0.8504,-0.3610,1.5665,0.000,15.994,170.335,0,0,534,64,122,128
1778106868.744915,12,0.982864,0.686355,0.674594,0.9999,0.2545,1.5738,-0.000,13.040,-162.314,0,0,152,102,103,115
1778106868.744915,21,0.962162,0.628856,0.605062,0.8504,-0.3610,1.5665,0.000,16.431,170.627,0,0,533,64,123,128
1778106868.744915,12,0.983658,0.686355,0.675139,0.9999,0.2545,1.5738,-0.000,13.297,-162.220,0,0,152,101,103,115
1778106868.811624,21,0.962949,0.628959,0.605656,0.8504,-0.3595,1.5665,0.000,16.762,170.772,0,0,534,64,122,128
1778106868.811624,12,0.982359,0.685897,0.673797,0.9995,0.2545,1.5756,-0.000,13.003,-161.950,0,0,153,101,104,115
1778106868.811624,21,0.963200,0.628856,0.605714,0.8504,-0.3595,1.5665,0.000,16.762,170.772,0,0,534,64,122,128
1778106868.811624,12,0.982944,0.685364,0.673675,0.9995,0.2545,1.5756,-0.000,13.003,-161.950,0,0,153,101,104,115
1778106868.911727,21,0.962509,0.628856,0.605280,0.8504,-0.3610,1.5665,0.000,16.438,170.532,0,0,534,64,122,128
1778106868.911727,12,0.982759,0.685364,0.673548,0.9967,0.2519,1.5743,0.000,13.217,-161.380,0,0,153,101,104,117
1778106868.978464,21,0.963496,0.628856,0.605900,0.8504,-0.3610,1.5665,0.000,16.450,170.252,0,0,534,64,123,128
1778106868.978464,12,0.983782,0.685364,0.674249,0.9967,0.2519,1.5743,0.000,13.461,-162.046,0,0,153,100,103,117
1778106869.078573,21,0.964151,0.629311,0.606751,0.8522,-0.3618,1.5675,-0.000,16.345,169.957,0,0,534,64,123,128
1778106869.078573,12,0.984717,0.684286,0.673828,0.9936,0.2511,1.5747,0.000,13.820,-162.541,0,0,153,100,103,117
1778106869.078573,21,0.960934,0.629311,0.604727,0.8522,-0.3618,1.5675,-0.000,15.993,170.580,0,0,534,63,123,127
1778106869.078573,12,0.983683,0.684286,0.673121,0.9936,0.2511,1.5747,0.000,13.512,-162.138,0,0,153,101,102,115
1778106869.145294,21,0.958134,0.628011,0.601719,0.8482,-0.3602,1.5670,0.000,15.896,171.204,0,0,535,64,122,128
1778106869.145294,12,0.982190,0.684120,0.671936,0.9911,0.2502,1.5717,-0.000,12.961,-162.064,0,0,153,101,103,117
1778106869.212049,21,0.959239,0.627611,0.602029,0.8458,-0.3606,1.5640,0.000,16.251,171.211,0,0,535,64,122,128
1778106869.212049,12,0.980605,0.683494,0.670237,0.9883,0.2494,1.5704,-0.000,12.469,-162.275,0,0,153,101,103,115
1778106869.245418,21,0.958063,0.627611,0.601291,0.8458,-0.3606,1.5640,0.000,16.156,171.450,0,0,535,64,123,128
1778106869.245418,12,0.981166,0.683494,0.670621,0.9883,0.2494,1.5704,0.000,12.658,-161.989,0,0,153,100,103,117
1778106869.345528,21,0.960569,0.627152,0.602423,0.8439,-0.3598,1.5630,0.000,16.661,171.196,0,0,535,64,123,128
1778106869.345528,12,0.983041,0.683038,0.671454,0.9880,0.2494,1.5721,0.000,13.287,-162.449,0,0,153,100,103,117
1778106869.345528,21,0.961506,0.627152,0.603011,0.8439,-0.3598,1.5630,0.000,17.048,171.256,0,0,535,64,123,128
1778106869.345528,12,0.984731,0.683038,0.672609,0.9880,0.2494,1.5721,0.000,13.855,-162.114,0,0,153,101,103,115
1778106869.345528,21,0.961273,0.627611,0.603305,0.8439,-0.3598,1.5630,0.000,17.048,171.256,0,0,536,64,122,128
1778106869.345528,12,0.985047,0.683494,0.673274,0.9880,0.2494,1.5721,0.000,13.855,-162.114,0,0,153,101,103,115
1778106869.412267,21,0.960800,0.627508,0.602910,0.8458,-0.3606,1.5640,0.000,16.543,170.899,0,0,536,64,123,128
1778106869.412267,12,0.983670,0.683038,0.671884,0.9883,0.2494,1.5704,-0.000,13.837,-162.564,0,0,153,100,104,117
1778106869.512387,21,0.961016,0.627508,0.603045,0.8458,-0.3620,1.5640,0.000,16.525,170.875,0,0,536,64,123,128
1778106869.512387,12,0.984037,0.683038,0.672135,0.9880,0.2494,1.5721,0.000,13.610,-162.352,0,0,153,100,104,117
1778106869.612513,21,0.958820,0.627508,0.601668,0.8458,-0.3620,1.5640,0.000,16.381,171.356,0,0,536,64,123,128
1778106869.612513,12,0.982289,0.682445,0.670358,0.9837,0.2479,1.5683,-0.000,13.053,-161.509,0,0,153,101,103,115
1778106869.612513,21,0.956548,0.627508,0.600242,0.8458,-0.3620,1.5640,0.000,16.381,171.356,0,0,536,64,123,128
1778106869.612513,12,0.983622,0.682445,0.671268,0.9837,0.2479,1.5683,-0.000,13.053,-161.509,0,0,153,100,103,117
1778106869.679246,21,0.959873,0.627049,0.601888,0.8439,-0.3613,1.5630,0.000,16.245,170.950,0,0,537,64,124,128
1778106869.679246,12,0.983817,0.682411,0.671367,0.9852,0.2485,1.5708,-0.000,13.597,-161.734,0,0,153,100,104,117
1778106869.779342,21,0.961565,0.627405,0.603290,0.8458,-0.3635,1.5640,-0.000,16.570,170.678,0,0,537,64,124,128
1778106869.779342,12,0.983923,0.681991,0.671026,0.9833,0.2479,1.5700,0.000,13.606,-161.954,0,0,153,100,103,117
1778106869.779342,21,0.964819,0.627405,0.605332,0.8458,-0.3635,1.5640,0.000,16.979,170.091,0,0,537,64,123,128
1778106869.779342,12,0.984687,0.681991,0.671548,0.9833,0.2479,1.5700,-0.000,13.848,-162.035,0,0,153,99,103,117
1778106869.779342,21,0.963391,0.627017,0.604063,0.8458,-0.3635,1.5640,0.000,16.979,170.091,0,0,537,63,123,127
1778106869.779342,12,0.984415,0.680906,0.670294,0.9833,0.2479,1.5700,-0.000,13.848,-162.035,0,0,153,99,103,117
1778106869.946175,21,0.964093,0.627017,0.604502,0.8455,-0.3635,1.5655,-0.000,16.630,169.920,0,0,537,63,123,127
1778106869.946175,12,0.983820,0.680906,0.669889,0.9802,0.2471,1.5704,0.000,13.729,-161.432,0,0,153,99,105,117
1778106870.012914,21,0.962421,0.627017,0.603454,0.8455,-0.3635,1.5655,-0.000,16.719,170.489,0,0,537,63,123,127
1778106870.012914,12,0.987093,0.681620,0.672822,0.9830,0.2462,1.5717,-0.000,14.771,-162.207,0,0,154,99,104,117
1778106870.012914,21,0.963391,0.627017,0.604062,0.8455,-0.3635,1.5655,-0.000,17.178,170.601,0,0,538,63,122,127
1778106870.012914,12,0.986877,0.681620,0.672675,0.9830,0.2462,1.5717,0.000,14.663,-162.615,0,0,154,98,104,117
1778106870.113034,21,0.964248,0.626559,0.604158,0.8436,-0.3628,1.5645,0.000,17.028,170.227,0,0,537,63,123,127
1778106870.113034,12,0.987087,0.679268,0.670496,0.9742,0.2437,1.5694,-0.000,14.853,-162.279,0,0,154,98,104,117
1778106870.179760,0,0.963732,0.626559,0.603835,0.8436,-0.3628,1.5645,-0.000,16.900,170.267,0,0,537,63,123,127
1778106870.179760,1,0.659022,0.661686,0.436066,0.8240,-0.0688,1.4241,0.000,6.785,-134.346,0,0,341,148,108,118
1778106870.179760,2,0.986002,0.679903,0.670386,0.9770,0.2445,1.5707,-0.000,14.535,-161.713,0,0,154,98,104,117
1778106870.246490,21,0.960594,0.626559,0.601869,0.8436,-0.3628,1.5645,0.000,16.101,170.459,0,0,537,63,123,127
1778106870.246490,38,0.674575,0.661158,0.446001,0.8244,-0.0674,1.4272,0.000,5.855,-135.942,0,0,340,146,110,117
1778106870.246490,12,0.987048,0.679903,0.671097,0.9770,0.2445,1.5707,-0.000,14.851,-162.153,0,0,154,98,104,117
1778106870.313225,21,0.959431,0.626456,0.601041,0.8436,-0.3642,1.5645,-0.000,16.453,171.017,0,0,538,63,124,127
1778106870.313225,38,0.730025,0.660765,0.482375,0.8219,-0.0631,1.4248,0.000,8.280,-139.481,0,0,337,147,108,117
1778106870.313225,12,0.986662,0.679369,0.670307,0.9767,0.2462,1.5724,0.000,14.795,-162.037,0,0,153,97,105,117
1778106870.379989,21,0.959485,0.626456,0.601075,0.8436,-0.3642,1.5645,0.000,16.383,170.942,0,0,538,63,124,127
1778106870.379989,38,0.744219,0.660827,0.491800,0.8219,-0.0589,1.4248,0.000,7.381,-140.828,0,0,334,147,108,122
1778106870.379989,12,0.983213,0.679369,0.667964,0.9767,0.2462,1.5724,0.000,13.636,-162.146,0,0,153,97,105,117
1778106870.379989,21,0.960898,0.625998,0.601520,0.8418,-0.3635,1.5635,0.000,16.771,170.882,0,0,538,63,124,127
1778106870.379989,38,0.751304,0.660827,0.496482,0.8219,-0.0589,1.4248,0.000,9.531,-140.654,0,0,333,148,110,122
1778106870.379989,12,0.983093,0.679369,0.667883,0.9767,0.2462,1.5724,0.000,13.699,-161.290,0,0,153,97,105,117
1778106870.446723,21,0.959194,0.626456,0.600893,0.8436,-0.3642,1.5645,-0.000,16.753,171.332,0,0,538,63,124,127
1778106870.446723,38,0.786337,0.660678,0.519515,0.8202,-0.0574,1.4227,-0.000,8.390,-144.375,0,0,330,149,112,117
1778106870.446723,12,0.983753,0.680000,0.668953,0.9795,0.2471,1.5737,0.000,13.929,-161.176,0,0,153,97,106,118
1778106870.513466,21,0.961495,0.626456,0.602334,0.8436,-0.3642,1.5645,0.000,16.636,170.600,0,0,538,63,124,127
1778106870.513466,38,0.809044,0.661750,0.535385,0.8224,-0.0533,1.4220,0.000,8.500,-146.346,0,0,327,151,110,117
1778106870.513466,12,0.983288,0.680630,0.669255,0.9823,0.2479,1.5750,-0.000,13.700,-161.737,0,0,153,97,106,120
1778106870.646943,38,0.871365,0.663702,0.578327,0.8275,-0.0492,1.4224,0.000,6.832,-154.206,0,0,327,150,107,109
1778106870.646943,21,0.957871,0.625998,0.599625,0.8418,-0.3635,1.5635,0.000,16.457,171.441,0,0,538,63,124,127
1778106870.646943,12,0.982667,0.680964,0.669161,0.9842,0.2502,1.5759,0.000,13.467,-161.895,0,0,152,97,105,120
1778106870.646943,38,0.884652,0.663702,0.587146,0.8275,-0.0492,1.4224,0.000,10.071,-154.365,0,0,328,151,102,110
1778106870.646943,21,0.956826,0.625998,0.598971,0.8418,-0.3635,1.5635,0.000,16.584,171.820,0,0,538,64,124,128
1778106870.646943,12,0.982801,0.680964,0.669252,0.9842,0.2502,1.5759,0.000,13.509,-161.889,0,0,152,97,105,120
1778106870.713682,38,0.959882,0.626843,0.601696,0.8439,-0.3642,1.5630,0.000,16.828,171.277,0,0,538,63,123,127
1778106870.713682,21,0.895827,0.663520,0.594400,0.8258,-0.0506,1.4203,0.000,7.568,-157.319,0,0,323,149,108,117
1778106870.713682,12,0.984261,0.681589,0.670862,0.9870,0.2511,1.5772,0.000,13.999,-161.664,0,0,152,98,105,118
1778106870.713682,21,0.959705,0.625998,0.600773,0.8439,-0.3642,1.5630,0.000,16.828,171.277,0,0,538,63,124,127
1778106870.713682,38,0.914358,0.666264,0.609204,0.8258,-0.0506,1.4203,0.000,7.568,-157.319,0,0,322,150,107,117
1778106870.713682,12,0.983325,0.682044,0.670670,0.9870,0.2511,1.5772,0.000,13.999,-161.664,0,0,152,98,105,118
1778106870.847152,21,0.958751,0.626456,0.600615,0.8436,-0.3642,1.5645,0.000,16.688,171.397,0,0,538,64,124,128
1778106870.847152,38,0.951364,0.667288,0.634834,0.8389,-0.0423,1.4265,0.000,9.855,-165.409,0,0,324,150,110,117
1778106870.847152,12,0.978653,0.683288,0.668702,0.9929,0.2528,1.5781,0.000,13.310,-157.593,0,0,151,98,105,118
1778106870.847152,21,0.960071,0.627301,0.602254,0.8436,-0.3642,1.5645,0.000,16.688,171.397,0,0,538,64,123,128
1778106870.847152,38,0.959658,0.666095,0.639224,0.8389,-0.0423,1.4265,0.000,9.855,-165.409,0,0,322,149,107,118
1778106870.847152,12,0.973536,0.682582,0.664518,0.9929,0.2528,1.5781,0.000,13.310,-157.593,0,0,151,99,103,117
1778106870.913881,21,0.959706,0.627301,0.602025,0.8458,-0.3650,1.5640,-0.000,16.872,171.261,0,0,538,64,124,128
1778106870.913881,38,0.960798,0.667452,0.641286,0.8351,-0.0451,1.4251,0.000,9.260,-168.215,0,0,321,149,107,118
1778106870.913881,12,0.965442,0.682413,0.658830,0.9901,0.2537,1.5768,0.000,13.984,-153.779,0,0,151,99,102,117
1778106871.013983,21,0.956163,0.626456,0.598994,0.8458,-0.3650,1.5640,-0.000,16.878,171.364,0,0,538,63,123,127
1778106871.013983,38,0.977687,0.667452,0.652559,0.8405,-0.0409,1.4286,-0.000,8.745,-168.823,0,0,321,149,108,118
1778106871.013983,12,0.955577,0.682951,0.652612,0.9876,0.2528,1.5738,-0.000,12.936,-151.944,0,0,150,99,103,117
1778106871.147445,21,0.960296,0.627301,0.602395,0.8458,-0.3650,1.5640,0.000,16.510,170.900,0,0,538,64,124,128
1778106871.147445,38,0.979978,0.668043,0.654667,0.8424,-0.0395,1.4293,0.000,9.573,-175.684,0,0,320,149,106,118
1778106871.147445,12,0.951664,0.682951,0.649940,0.9904,0.2554,1.5751,0.000,11.554,-149.186,0,0,150,99,102,117
1778106871.214194,21,0.961585,0.625924,0.601879,0.8403,-0.3627,1.5611,-0.000,16.879,170.853,0,0,538,64,124,128
1778106871.214194,38,0.979190,0.667910,0.654010,0.8408,-0.0380,1.4272,0.000,9.802,-174.407,0,0,319,150,107,118
1778106871.214194,12,0.951412,0.682241,0.649093,0.9876,0.2563,1.5738,-0.000,11.306,-149.270,0,0,149,99,103,117
1778106871.280936,21,0.958041,0.626559,0.600269,0.8436,-0.3628,1.5645,-0.000,16.284,171.331,0,0,537,63,123,127
1778106871.280936,38,0.986731,0.667882,0.659020,0.8408,-0.0409,1.4272,0.000,10.755,-178.913,0,0,321,150,108,121
1778106871.280936,12,0.953647,0.682155,0.650535,0.9876,0.2580,1.5738,0.000,10.868,-150.293,0,0,148,99,103,118
1778106871.280936,21,0.957886,0.626559,0.600172,0.8436,-0.3628,1.5645,-0.000,16.284,171.331,0,0,538,63,124,127
1778106871.280936,38,0.985602,0.667882,0.658266,0.8408,-0.0409,1.4272,0.000,10.755,-178.913,0,0,320,150,107,121
1778106871.280936,12,0.956097,0.682155,0.652206,0.9876,0.2580,1.5738,0.000,10.868,-150.293,0,0,148,99,103,118
1778106871.280936,21,0.957081,0.625998,0.599130,0.8436,-0.3628,1.5645,0.000,16.344,171.423,0,0,537,63,125,127
1778106871.280936,38,0.987481,0.668474,0.660105,0.8408,-0.0409,1.4272,0.000,10.558,-178.000,0,0,320,152,106,118
1778106871.280936,12,0.959918,0.682777,0.655410,0.9876,0.2580,1.5738,0.000,11.242,-150.588,0,0,148,99,102,117
1778106871.447773,21,0.959616,0.626100,0.600816,0.8418,-0.3620,1.5635,0.000,16.162,170.791,0,0,537,63,125,127
1778106871.447773,38,0.985804,0.668758,0.659265,0.8413,-0.0394,1.4244,-0.000,11.587,-175.192,0,0,320,151,110,120
1778106871.447773,12,0.957681,0.682777,0.653883,0.9904,0.2589,1.5751,-0.000,11.393,-150.900,0,0,148,99,102,117
1778106871.514517,21,0.959032,0.626100,0.600450,0.8418,-0.3620,1.5635,-0.000,16.638,171.362,0,0,537,64,124,128
1778106871.514517,38,0.982156,0.668905,0.656969,0.8429,-0.0395,1.4265,0.000,10.095,-175.667,0,0,319,151,108,120
1778106871.514517,12,0.953179,0.682777,0.650809,0.9904,0.2589,1.5751,-0.000,10.623,-150.449,0,0,148,99,102,117
1778106871.514517,21,0.955831,0.626947,0.599255,0.8418,-0.3620,1.5635,-0.000,16.638,171.362,0,0,537,64,124,128
1778106871.514517,38,0.985903,0.668919,0.659489,0.8429,-0.0395,1.4265,0.000,10.095,-175.667,0,0,319,152,107,118
1778106871.514517,12,0.952426,0.684015,0.651474,0.9904,0.2589,1.5751,-0.000,10.623,-150.449,0,0,148,100,102,117
1778106871.681364,21,0.954856,0.626100,0.597836,0.8418,-0.3620,1.5635,-0.000,16.173,172.074,0,0,537,63,124,127
1778106871.681364,38,0.985953,0.668905,0.659509,0.8429,-0.0395,1.4265,-0.000,10.727,-177.411,0,0,320,151,107,117
1778106871.681364,12,0.955226,0.684472,0.653825,0.9964,0.2607,1.5760,0.000,10.725,-150.851,0,0,148,100,102,117
1778106871.681364,38,0.985332,0.668758,0.658949,0.8418,-0.3620,1.5635,-0.000,16.173,172.074,0,0,320,152,108,118
1778106871.681364,21,0.953751,0.626202,0.597241,0.8429,-0.0395,1.4265,-0.000,10.727,-177.411,0,0,536,63,123,126
1778106871.681364,12,0.954359,0.683941,0.652725,0.9964,0.2607,1.5760,0.000,10.725,-150.851,0,0,149,100,100,117
1778106871.748097,38,0.988534,0.669482,0.661806,0.8413,-0.0394,1.4244,-0.000,10.547,-176.997,0,0,320,151,110,117
1778106871.748097,21,0.953782,0.625714,0.596794,0.8418,-0.3605,1.5635,0.000,16.169,172.434,0,0,537,62,124,125
1778106871.748097,12,0.955602,0.684560,0.654167,0.9936,0.2580,1.5747,0.000,10.342,-151.179,0,0,149,100,100,117
1778106871.814831,38,0.954321,0.626662,0.598037,0.8448,-0.0395,1.4272,0.000,12.136,-176.414,0,0,536,63,123,126
1778106871.814831,21,0.988159,0.669337,0.661411,0.8415,-0.3620,1.5650,-0.000,16.138,172.249,0,0,320,152,112,118
1778106871.814831,12,0.956319,0.684560,0.654657,0.9964,0.2589,1.5760,0.000,10.768,-151.026,0,0,149,100,102,117
1778106871.948311,21,0.988956,0.669337,0.661945,0.8432,-0.0395,1.4251,0.000,11.337,-179.130,0,0,320,152,107,117
1778106871.948311,38,0.953518,0.626202,0.597096,0.8418,-0.3605,1.5635,0.000,16.272,172.575,0,0,536,63,123,126
1778106871.948311,12,0.959281,0.684560,0.656685,0.9964,0.2589,1.5760,0.000,11.257,-151.593,0,0,149,100,102,117
1778106871.948311,38,0.954011,0.626202,0.597404,0.8432,-0.0395,1.4251,0.000,11.337,-179.130,0,0,536,62,123,125
1778106871.948311,21,0.988431,0.668163,0.660433,0.8418,-0.3605,1.5635,0.000,16.272,172.575,0,0,321,152,108,118
1778106871.948311,12,0.960393,0.685105,0.657970,0.9964,0.2589,1.5760,0.000,11.257,-151.593,0,0,150,101,100,117
1778106872.015050,21,0.955766,0.625816,0.598133,0.8418,-0.3605,1.5635,0.000,16.176,172.373,0,0,536,62,124,125
1778106872.015050,38,0.985983,0.668163,0.658797,0.8394,-0.0409,1.4237,0.000,11.064,-179.788,0,0,320,151,112,120
1778106872.015050,12,0.962902,0.685105,0.659689,0.9967,0.2572,1.5743,-0.000,11.581,-151.564,0,0,150,100,102,117
1778106872.081766,21,0.985282,0.669482,0.659629,0.8448,-0.0395,1.4272,-0.000,10.093,-179.191,0,0,321,152,110,120
1778106872.081766,38,0.953640,0.626274,0.597241,0.8433,-0.3613,1.5659,0.000,16.111,172.344,0,0,536,62,124,125
1778106872.081766,12,0.963529,0.684648,0.659678,0.9964,0.2572,1.5760,-0.000,11.798,-152.464,0,0,150,100,102,117
1778106872.081766,38,0.953908,0.626274,0.597408,0.8448,-0.0395,1.4272,-0.000,10.093,-179.191,0,0,536,62,123,125
1778106872.081766,21,0.987151,0.669323,0.660723,0.8433,-0.3613,1.5659,0.000,16.111,172.344,0,0,321,151,108,121
1778106872.081766,12,0.961972,0.684648,0.658612,0.9964,0.2572,1.5760,-0.000,11.798,-152.464,0,0,150,101,102,117
1778106872.215255,21,0.986361,0.668891,0.659768,0.8429,-0.0409,1.4265,0.000,10.372,179.523,0,0,321,152,108,120
1778106872.215255,38,0.953499,0.626732,0.597588,0.8452,-0.3620,1.5669,0.000,16.249,172.493,0,0,536,62,125,125
1778106872.215255,12,0.963459,0.685105,0.660070,0.9967,0.2572,1.5743,0.000,11.766,-152.373,0,0,150,101,102,117
1778106872.281993,38,0.987628,0.669323,0.661042,0.8432,-0.0409,1.4251,0.000,10.768,-179.756,0,0,321,153,107,118
1778106872.281993,21,0.950750,0.626274,0.595431,0.8433,-0.3613,1.5659,0.000,16.128,173.073,0,0,537,62,124,125
1778106872.281993,12,0.962252,0.685722,0.659838,0.9995,0.2580,1.5756,0.000,11.345,-152.501,0,0,150,101,102,117
1778106872.281993,38,0.951437,0.626629,0.596198,0.8432,-0.0409,1.4251,0.000,10.768,-179.756,0,0,537,62,124,125
1778106872.281993,21,0.988575,0.669755,0.662103,0.8433,-0.3613,1.5659,0.000,16.128,173.073,0,0,321,152,107,120
1778106872.281993,12,0.961635,0.685722,0.659415,0.9995,0.2580,1.5756,0.000,11.345,-152.501,0,0,150,101,102,117
1778106872.348732,21,0.954631,0.626629,0.598200,0.8452,-0.3635,1.5669,0.000,16.035,172.750,0,0,537,62,124,124
1778106872.348732,38,0.987759,0.669323,0.661130,0.8435,-0.0409,1.4237,0.000,10.979,179.472,0,0,322,152,106,120
1778106872.348732,12,0.961907,0.685722,0.659601,0.9995,0.2580,1.5756,0.000,11.441,-152.158,0,0,150,101,102,117
1778106872.415459,21,0.952813,0.626172,0.596625,0.8452,-0.3635,1.5669,-0.000,16.051,171.959,0,0,537,63,124,126
1778106872.415459,38,0.983366,0.669886,0.658743,0.8432,-0.0409,1.4251,0.000,10.771,179.233,0,0,321,152,107,118
1778106872.415459,12,0.959595,0.686338,0.658607,0.9995,0.2580,1.5756,0.000,11.290,-152.453,0,0,151,102,102,115
1778106872.548883,21,0.952476,0.627017,0.597219,0.8455,-0.3635,1.5655,0.000,15.680,172.267,0,0,537,63,124,126
1778106872.548883,38,0.983354,0.669901,0.658750,0.8451,-0.0409,1.4257,0.000,9.606,-177.986,0,0,321,152,108,118
1778106872.548883,12,0.960311,0.687499,0.660213,1.0055,0.2580,1.5764,0.000,10.364,-153.189,0,0,151,102,102,115
1778106872.548883,21,0.951847,0.627017,0.596824,0.8455,-0.3635,1.5655,0.000,15.680,172.267,0,0,537,63,124,126
1778106872.548883,38,0.986230,0.669901,0.660676,0.8451,-0.0409,1.4257,0.000,9.606,-177.986,0,0,321,152,106,120
1778106872.548883,12,0.959639,0.686885,0.659161,1.0055,0.2580,1.5764,0.000,10.364,-153.189,0,0,151,101,102,117
1778106872.615652,21,0.955524,0.626629,0.598759,0.8455,-0.3635,1.5655,-0.000,15.620,172.374,0,0,537,62,124,125
1778106872.615652,38,0.984687,0.669886,0.659628,0.8451,-0.0409,1.4257,0.000,10.398,-178.819,0,0,322,152,107,121
1778106872.615652,12,0.962457,0.686426,0.660655,1.0027,0.2571,1.5751,0.000,10.310,-153.021,0,0,151,101,102,117
1778106872.715692,38,0.986880,0.669886,0.661097,0.8452,-0.3635,1.5669,0.000,15.973,171.659,0,0,321,151,107,120
1778106872.715692,21,0.952114,0.626629,0.596623,0.8451,-0.0424,1.4257,0.000,9.712,178.827,0,0,537,63,125,126
1778106872.715692,12,0.964732,0.686426,0.662217,1.0023,0.2571,1.5768,0.000,11.371,-152.652,0,0,151,101,102,117
1778106872.815818,38,0.987084,0.670044,0.661390,0.8467,-0.0409,1.4278,0.000,10.662,-179.824,0,0,322,151,110,121
1778106872.815818,21,0.952747,0.627017,0.597389,0.8455,-0.3635,1.5655,0.000,15.687,172.204,0,0,537,62,124,125
1778106872.815818,12,0.963144,0.688259,0.662893,1.0107,0.2597,1.5807,0.000,11.686,-152.477,0,0,151,101,102,117
1778106872.882556,38,0.988107,0.670029,0.662060,0.8467,-0.0424,1.4278,0.000,11.067,178.056,0,0,323,151,107,117
1778106872.882556,21,0.953331,0.626629,0.597385,0.8452,-0.3635,1.5669,0.000,15.995,172.245,0,0,537,62,123,125
1778106872.882556,12,0.968644,0.688259,0.666677,1.0107,0.2597,1.5807,0.000,12.313,-153.691,0,0,152,102,100,115
1778106872.949295,38,0.985347,0.669438,0.659629,0.8448,-0.0438,1.4272,0.000,10.102,-179.597,0,0,322,151,105,117
1778106872.949295,21,0.950956,0.626629,0.595897,0.8452,-0.3635,1.5669,0.000,15.481,172.405,0,0,537,62,123,124
1778106872.949295,12,0.968402,0.688199,0.666453,1.0083,0.2571,1.5777,0.000,12.036,-153.981,0,0,152,102,100,115
1778106872.949295,38,0.983743,0.669454,0.658570,0.8448,-0.0438,1.4272,0.000,10.102,-179.597,0,0,323,151,105,117
1778106872.949295,21,0.951867,0.626629,0.596468,0.8452,-0.3635,1.5669,0.000,15.481,172.405,0,0,537,62,123,125
1778106872.949295,12,0.969951,0.688809,0.668111,1.0083,0.2571,1.5777,0.000,12.036,-153.981,0,0,151,103,98,114
1778106873.016033,38,0.986322,0.668862,0.659713,0.8448,-0.0424,1.4272,-0.000,9.546,178.176,0,0,323,150,106,117
1778106873.016033,21,0.956593,0.626629,0.599429,0.8452,-0.3635,1.5669,-0.000,16.061,172.665,0,0,537,62,123,125
1778106873.016033,12,0.968965,0.690395,0.668969,1.0111,0.2579,1.5790,0.000,13.117,-153.154,0,0,152,102,100,115
1778106873.082772,38,0.983232,0.668430,0.657222,0.8429,-0.0438,1.4265,0.000,10.366,178.633,0,0,323,151,107,118
1778106873.082772,21,0.952590,0.626172,0.596485,0.8452,-0.3635,1.5669,0.000,15.770,171.193,0,0,537,63,124,126
1778106873.082772,12,0.972414,0.690624,0.671573,1.0170,0.2614,1.5798,0.000,12.096,-153.890,0,0,152,103,100,114
1778106873.216249,38,0.983120,0.668862,0.657571,0.8429,-0.0438,1.4265,-0.000,9.828,-177.485,0,0,322,151,107,115
1778106873.216249,21,0.956307,0.627701,0.600275,0.8482,-0.3647,1.5670,-0.000,15.724,171.307,0,0,537,62,123,125
1778106873.216249,12,0.967855,0.691088,0.668873,1.0198,0.2605,1.5810,0.000,12.467,-153.077,0,0,152,103,100,114
1778106873.282985,38,0.982553,0.669454,0.657774,0.8448,-0.0424,1.4272,0.000,9.722,-177.138,0,0,322,151,107,117
1778106873.282985,21,0.954268,0.626629,0.597973,0.8452,-0.3635,1.5669,0.000,15.965,171.979,0,0,537,62,123,124
1778106873.282985,12,0.967826,0.691088,0.668854,1.0198,0.2605,1.5810,0.000,12.186,-153.429,0,0,152,102,100,115
1778106873.282985,38,0.984672,0.670029,0.659759,0.8448,-0.0424,1.4272,0.000,9.722,-177.138,0,0,322,151,107,117
1778106873.282985,21,0.955261,0.626629,0.598594,0.8452,-0.3635,1.5669,0.000,15.965,171.979,0,0,537,62,123,125
1778106873.282985,12,0.968411,0.690624,0.668809,1.0198,0.2605,1.5810,0.000,12.186,-153.429,0,0,152,102,100,117
1778106873.349720,38,0.984709,0.668877,0.658649,0.8467,-0.0424,1.4278,0.000,10.309,-177.514,0,0,323,151,107,118
1778106873.349720,21,0.957270,0.626629,0.599853,0.8452,-0.3635,1.5669,-0.000,16.367,172.060,0,0,537,62,123,125
1778106873.349720,12,0.966971,0.691225,0.668395,1.0195,0.2605,1.5828,0.000,12.163,-153.805,0,0,152,103,100,115
1778106873.416459,38,0.982854,0.668283,0.656825,0.8429,-0.0423,1.4265,0.000,9.979,-178.895,0,0,322,151,107,117
1778106873.416459,21,0.956380,0.626629,0.599296,0.8452,-0.3635,1.5669,0.000,16.087,171.294,0,0,538,62,124,124
1778106873.416459,12,0.967027,0.691690,0.668883,1.0223,0.2613,1.5841,-0.000,12.137,-153.281,0,0,151,103,98,115
1778106873.483196,38,0.984486,0.668877,0.658500,0.8410,-0.0438,1.4258,0.000,9.456,-178.578,0,0,323,151,106,117
1778106873.483196,21,0.954547,0.626526,0.598049,0.8452,-0.3635,1.5669,0.000,16.148,171.585,0,0,538,62,124,125
1778106873.483196,12,0.964026,0.693586,0.668636,1.0227,0.2613,1.5823,0.000,11.917,-153.487,0,0,151,103,98,115
1778106873.549893,38,0.981680,0.669454,0.657189,0.8429,-0.0423,1.4265,0.000,9.785,-179.777,0,0,322,151,107,117
1778106873.549893,21,0.954895,0.627209,0.598919,0.8452,-0.3650,1.5669,-0.000,15.799,171.683,0,0,538,62,123,125
1778106873.549893,12,0.971464,0.694145,0.674337,1.0320,0.2660,1.5866,0.000,11.415,-152.933,0,0,152,104,100,114
1778106873.750111,38,0.983513,0.669454,0.658416,0.8448,-0.0424,1.4272,0.000,9.449,178.469,0,0,323,151,105,117
1778106873.750111,21,0.956063,0.627209,0.599652,0.8479,-0.3662,1.5684,-0.000,15.849,171.327,0,0,538,62,123,125
1778106873.750111,12,0.969711,0.694053,0.673031,1.0324,0.2660,1.5848,-0.000,11.372,-155.220,0,0,151,104,98,113
1778106873.750111,38,0.983153,0.667703,0.656454,0.8391,-0.0437,1.4251,-0.000,9.313,178.846,0,0,323,151,104,117
1778106873.750111,21,0.959143,0.627209,0.601583,0.8479,-0.3662,1.5684,0.000,15.737,170.373,0,0,538,63,123,126
1778106873.750111,12,0.965785,0.694053,0.670306,1.0324,0.2660,1.5848,0.000,10.320,-155.271,0,0,151,104,100,113
1778106873.816857,38,0.987102,0.667122,0.658518,0.8372,-0.0437,1.4244,-0.000,10.630,179.132,0,0,323,151,106,118
1778106873.816857,21,0.958831,0.628052,0.602196,0.8501,-0.3670,1.5679,-0.000,15.191,170.010,0,0,538,62,123,125
1778106873.816857,12,0.967353,0.694053,0.671395,1.0324,0.2660,1.5848,0.000,11.106,-154.597,0,0,151,104,100,115
1778106873.883604,38,0.985081,0.667703,0.657742,0.8391,-0.0437,1.4251,0.000,9.968,178.233,0,0,323,151,106,118
1778106873.883604,21,0.957871,0.627663,0.601220,0.8498,-0.3670,1.5694,-0.000,15.896,170.878,0,0,538,63,122,126
1778106873.950342,38,0.986330,0.669438,0.660287,0.8448,-0.0438,1.4272,0.000,10.515,177.319,0,0,323,151,105,117
1778106873.950342,21,0.955247,0.628052,0.599945,0.8501,-0.3670,1.5679,0.000,14.682,170.521,0,0,537,62,123,125
1778106873.950342,12,0.966868,0.695020,0.671993,1.0355,0.2687,1.5843,0.000,10.740,-154.738,0,0,150,104,100,117
1778106873.950342,38,0.983616,0.668862,0.657903,0.8448,-0.0438,1.4272,0.000,10.515,177.319,0,0,322,151,105,117
1778106873.950342,21,0.957453,0.628220,0.601491,0.8501,-0.3670,1.5679,0.000,14.682,170.521,0,0,538,63,122,126
1778106873.950342,12,0.968650,0.694552,0.672778,1.0355,0.2687,1.5843,0.000,10.740,-154.738,0,0,149,103,98,117
1778106874.150568,38,0.977804,0.668014,0.653187,0.8424,-0.0423,1.4293,0.000,8.107,-178.751,0,0,322,149,105,117
1778106874.150568,21,0.956826,0.628610,0.601470,0.8519,-0.3663,1.5689,-0.000,14.914,170.387,0,0,537,63,123,126
1778106874.150568,12,0.968663,0.697370,0.675516,1.0477,0.2761,1.5898,-0.000,10.772,-155.290,0,0,148,105,98,115
1778106874.217306,38,0.958425,0.629062,0.602909,0.8538,-0.3670,1.5699,0.000,15.406,170.421,0,0,537,63,123,126
1778106874.217306,21,0.982072,0.667999,0.656023,0.8424,-0.0438,1.4293,0.000,9.226,-179.796,0,0,323,149,106,118
1778106874.217306,12,0.967554,0.698527,0.675862,1.0533,0.2779,1.5923,-0.000,10.437,-155.385,0,0,148,105,100,114
1778106874.284037,21,0.956690,0.629062,0.601817,0.8538,-0.3670,1.5699,0.000,14.886,170.397,0,0,537,63,123,126
1778106874.284037,38,0.986252,0.667583,0.658406,0.8421,-0.0423,1.4307,0.000,10.668,-179.863,0,0,322,148,105,115
1778106874.284037,12,0.966866,0.697743,0.674625,1.0480,0.2780,1.5880,0.000,10.829,-154.097,0,0,147,106,98,111
1778106874.284037,21,0.958957,0.629513,0.603676,0.8538,-0.3670,1.5699,0.000,14.886,170.397,0,0,537,63,123,127
1778106874.284037,38,0.987263,0.669036,0.660515,0.8421,-0.0423,1.4307,0.000,10.668,-179.863,0,0,321,150,103,111
1778106874.284037,12,0.966224,0.695231,0.671749,1.0480,0.2780,1.5880,0.000,10.829,-154.097,0,0,146,105,97,113
1778106874.417504,21,0.957407,0.629166,0.602368,0.8538,-0.3655,1.5699,0.000,15.743,171.104,0,0,536,63,123,127
1778106874.417504,38,0.972047,0.667296,0.648644,0.8434,-0.0424,1.4342,-0.000,6.762,179.659,0,0,322,146,105,111
1778106874.417504,12,0.965791,0.695699,0.671899,1.0387,0.2769,1.5837,-0.000,10.179,-154.623,0,0,146,106,98,114
1778106874.417504,21,0.959384,0.629166,0.603612,0.8538,-0.3655,1.5699,-0.000,15.791,170.596,0,0,536,63,122,126
1778106874.417504,38,0.970019,0.667296,0.647290,0.8434,-0.0424,1.4342,0.000,6.315,-179.619,0,0,321,145,97,107
1778106874.417504,12,0.967493,0.695699,0.673084,1.0387,0.2769,1.5837,0.000,10.420,-154.982,0,0,146,105,100,113
1778106874.550981,21,0.961480,0.629618,0.605365,0.8556,-0.3663,1.5709,0.000,16.412,170.568,0,0,536,63,122,126
1778106874.550981,38,0.961425,0.669722,0.643887,0.8526,-0.0410,1.4392,-0.000,4.749,-177.613,0,0,320,144,97,109
1778106874.550981,12,0.966151,0.695817,0.672264,1.0411,0.2778,1.5868,0.000,10.340,-154.653,0,0,145,106,98,114
1778106874.550981,21,0.960414,0.629618,0.604694,0.8556,-0.3663,1.5709,0.000,16.412,170.568,0,0,536,63,122,126
1778106874.550981,38,0.959738,0.670427,0.643435,0.8526,-0.0410,1.4392,-0.000,4.749,-177.613,0,0,322,143,102,113
1778106874.550981,12,0.965653,0.695602,0.671710,1.0411,0.2778,1.5868,0.000,10.340,-154.653,0,0,145,106,100,114
1778106874.550981,21,0.958995,0.629618,0.603800,0.8556,-0.3663,1.5709,-0.000,15.965,170.464,0,0,535,63,122,126
1778106874.550981,12,0.967603,0.696189,0.673634,0.8561,-0.0396,1.4420,0.000,4.223,179.884,0,0,143,107,97,111
1778106874.550981,38,0.939284,0.669964,0.629286,1.0387,0.2787,1.5837,0.000,10.061,-154.660,0,0,322,140,104,111
1778106874.617708,21,0.959186,0.629722,0.604021,0.8556,-0.3663,1.5709,-0.000,15.995,170.895,0,0,536,63,122,127
1778106874.617708,12,0.967478,0.696461,0.673811,1.0415,0.2796,1.5850,0.000,10.224,-155.300,0,0,144,106,100,115
1778106874.617708,38,0.923003,0.669775,0.618205,0.8558,-0.0426,1.4435,-0.000,0.586,178.142,0,0,322,140,105,113
1778106874.751174,21,0.958835,0.629618,0.603699,0.8556,-0.3663,1.5709,-0.000,15.092,170.063,0,0,536,63,122,127
1778106874.751174,12,0.971599,0.695505,0.675752,1.0387,0.2806,1.5837,0.000,10.546,-156.767,0,0,143,106,98,113
1778106874.751174,38,0.913299,0.669775,0.611705,0.8588,-0.0426,1.4492,0.000,-2.636,174.337,0,0,322,140,103,110
1778106874.751174,21,0.959749,0.630741,0.605353,0.8556,-0.3663,1.5709,-0.000,15.092,170.063,0,0,535,63,122,126
1778106874.751174,12,0.968550,0.694819,0.672968,1.0387,0.2806,1.5837,0.000,10.546,-156.767,0,0,142,107,98,114
1778106874.751174,38,0.916405,0.669775,0.613786,0.8588,-0.0426,1.4492,0.000,-2.636,174.337,0,0,322,140,103,111
1778106874.817914,21,0.963013,0.630173,0.606864,0.8602,-0.3683,1.5734,0.000,14.954,169.642,0,0,535,63,122,126
1778106874.817914,12,0.969894,0.695776,0.674829,1.0359,0.2815,1.5825,-0.000,9.883,-156.356,0,0,142,107,98,114
1778106874.817914,38,0.916624,0.669325,0.613520,0.8588,-0.0426,1.4492,0.000,-1.918,173.160,0,0,323,139,102,111
1778106874.918020,21,0.962140,0.630173,0.606314,0.8574,-0.3656,1.5719,0.000,15.142,168.897,0,0,535,63,122,127
1778106874.918020,12,0.967316,0.696263,0.673506,1.0390,0.2842,1.5820,-0.000,10.003,-156.558,0,0,141,107,97,111
1778106874.918020,38,0.900697,0.669204,0.602750,0.8585,-0.0441,1.4507,0.000,-1.666,172.585,0,0,323,140,100,111
1778106874.984759,21,0.960947,0.630173,0.605562,0.8574,-0.3656,1.5719,-0.000,15.360,169.418,0,0,535,63,122,126
1778106874.984759,12,0.971369,0.697315,0.677350,1.0419,0.2870,1.5832,0.000,9.191,-156.932,0,0,141,108,96,110
1778106874.984759,38,0.916818,0.668646,0.613027,0.8569,-0.0441,1.4485,0.000,-4.361,174.110,0,0,323,140,98,109
1778106875.051497,21,0.960216,0.630173,0.605102,0.8574,-0.3656,1.5719,0.000,15.382,169.809,0,0,535,63,122,126
1778106875.051497,12,0.974655,0.696731,0.679072,1.0450,0.2879,1.5827,0.000,10.336,-156.325,0,0,141,108,96,110
1778106875.051497,38,0.914552,0.668505,0.611382,0.8550,-0.0440,1.4478,0.000,-2.238,174.821,0,0,324,141,100,106
1778106875.184945,21,0.959798,0.630173,0.604839,0.8574,-0.3656,1.5719,0.000,14.909,169.656,0,0,535,63,122,126
1778106875.184945,12,0.970750,0.696731,0.676352,1.0422,0.2870,1.5814,-0.000,10.130,-156.440,0,0,141,108,96,110
1778106875.184945,38,0.916807,0.667813,0.612256,0.8499,-0.0454,1.4428,-0.000,-2.263,173.838,0,0,324,142,102,106
1778106875.184945,21,0.957052,0.631399,0.604282,0.8574,-0.3656,1.5719,0.000,14.909,169.656,0,0,534,63,122,126
1778106875.184945,12,0.970854,0.697214,0.676893,1.0422,0.2870,1.5814,-0.000,10.130,-156.440,0,0,140,108,97,110
1778106875.184945,38,0.941678,0.666960,0.628061,0.8499,-0.0454,1.4428,-0.000,-2.263,173.838,0,0,325,144,100,115
1778106875.251671,21,0.957512,0.630277,0.603498,0.8620,-0.3660,1.5744,0.000,14.040,169.592,0,0,534,63,122,126
1778106875.251671,12,0.969445,0.696631,0.675345,1.0450,0.2897,1.5827,0.000,10.358,-155.832,0,0,140,108,97,110
1778106875.251671,38,0.939207,0.666263,0.625759,0.8447,-0.0467,1.4378,-0.000,1.100,175.773,0,0,324,145,102,114
1778106875.385148,21,0.958647,0.630277,0.604213,0.8574,-0.3641,1.5719,0.000,14.377,169.490,0,0,534,63,120,126
1778106875.385148,12,0.949555,0.666263,0.632653,0.8412,-0.0452,1.4349,0.000,2.892,173.721,0,0,325,145,102,114
1778106875.385148,38,0.975871,0.697315,0.680489,1.0450,0.2879,1.5827,0.000,11.384,-156.761,0,0,141,108,96,110
1778106875.385148,21,0.957967,0.630277,0.603785,0.8574,-0.3641,1.5719,0.000,14.143,169.428,0,0,534,63,120,127
1778106875.385148,38,0.947119,0.665673,0.630471,0.8393,-0.0466,1.4342,-0.000,2.377,173.827,0,0,326,145,100,113
1778106875.385148,12,0.973817,0.697315,0.679057,1.0450,0.2879,1.5827,0.000,10.995,-156.319,0,0,141,108,96,110
1778106875.385148,21,0.958871,0.630277,0.604354,0.8574,-0.3641,1.5719,0.000,14.143,169.428,0,0,533,63,120,127
1778106875.385148,12,0.972088,0.697315,0.677852,0.8393,-0.0466,1.4342,-0.000,2.377,173.827,0,0,140,107,98,110
1778106875.385148,38,0.943418,0.664504,0.626905,1.0450,0.2879,1.5827,0.000,10.995,-156.319,0,0,327,146,100,107
1778106875.451892,21,0.956931,0.631056,0.603877,0.8574,-0.3641,1.5719,0.000,14.400,169.447,0,0,532,63,122,127
1778106875.451892,12,0.973526,0.696746,0.678300,1.0450,0.2879,1.5827,0.000,10.520,-156.339,0,0,140,107,98,111
1778106875.451892,38,0.962022,0.663755,0.638547,0.8355,-0.0480,1.4328,0.000,2.364,171.629,0,0,327,145,100,109
1778106875.518631,21,0.959377,0.630485,0.604872,0.8602,-0.3637,1.5734,0.000,14.254,169.954,0,0,532,64,122,128
1778106875.518631,12,0.971240,0.696746,0.676707,1.0447,0.2897,1.5845,-0.000,10.797,-156.704,0,0,139,108,98,110
1778106875.518631,38,0.939142,0.663329,0.622960,0.8320,-0.0493,1.4300,-0.000,6.701,170.350,0,0,328,146,103,107
1778106875.585369,21,0.959646,0.631553,0.606068,0.8574,-0.3610,1.5719,0.000,14.336,169.363,0,0,532,64,120,128
1778106875.585369,38,0.953027,0.662572,0.631449,1.0447,0.2897,1.5845,0.000,10.356,-156.287,0,0,326,145,104,113
1778106875.585369,12,0.973839,0.697887,0.679630,0.8317,-0.0493,1.4314,0.000,4.013,166.776,0,0,139,108,98,110
1778106875.785577,21,0.959659,0.631657,0.606175,0.8605,-0.3607,1.5719,0.000,14.438,169.573,0,0,531,64,122,128
1778106875.785577,38,0.956032,0.663788,0.634602,0.8320,-0.0465,1.4300,-0.000,3.700,175.021,0,0,325,146,105,113
1778106875.785577,12,0.970071,0.696530,0.675683,1.0422,0.2906,1.5814,0.000,9.481,-157.592,0,0,139,108,98,110
1778106875.785577,21,0.957036,0.664384,0.635840,0.8605,-0.3607,1.5719,0.000,14.438,169.573,0,0,324,146,105,115
1778106875.785577,38,0.960446,0.632555,0.607535,0.8320,-0.0465,1.4300,-0.000,3.700,175.021,0,0,531,64,122,128
1778106875.785577,12,0.971762,0.696530,0.676861,1.0422,0.2906,1.5814,0.000,9.481,-157.592,0,0,139,108,98,109
1778106875.852293,38,0.958362,0.631553,0.605256,0.8339,-0.0451,1.4307,0.000,3.560,177.277,0,0,532,64,120,128
1778106875.852293,21,0.959004,0.663958,0.636738,0.8642,-0.3622,1.5739,0.000,14.179,169.004,0,0,324,145,107,117
1778106875.852293,12,0.971907,0.694667,0.675152,1.0422,0.2906,1.5814,0.000,9.816,-157.902,0,0,138,108,97,109
1778106875.919024,21,0.961208,0.631608,0.607107,0.8605,-0.3622,1.5719,-0.000,13.898,169.263,0,0,532,63,120,127
1778106875.919024,38,0.978443,0.663788,0.649479,0.8336,-0.0451,1.4321,-0.000,4.055,177.255,0,0,325,146,104,115
1778106875.919024,12,0.969884,0.696428,0.675454,1.0338,0.2897,1.5777,0.000,9.767,-158.089,0,0,138,108,98,110
1778106875.985762,21,0.961548,0.631608,0.607322,0.8620,-0.3629,1.5744,-0.000,14.439,168.889,0,0,532,64,122,128
1778106875.985762,38,0.976558,0.663804,0.648243,0.8320,-0.0465,1.4300,-0.000,10.789,171.467,0,0,324,146,105,117
1778106875.985762,12,0.969081,0.695843,0.674329,1.0422,0.2925,1.5814,-0.000,9.387,-157.625,0,0,138,108,98,111
1778106876.119239,21,0.962383,0.632002,0.608228,0.8623,-0.3629,1.5729,0.000,14.907,169.163,0,0,532,64,122,128
1778106876.119239,38,0.978808,0.663631,0.649568,0.8304,-0.0464,1.4279,0.000,12.042,170.013,0,0,325,147,104,115
1778106876.119239,12,0.975034,0.695256,0.677899,1.0366,0.2906,1.5789,0.000,10.406,-158.803,0,0,138,108,98,109
1778106876.185978,21,0.959738,0.632002,0.606557,0.8623,-0.3629,1.5729,-0.000,13.780,168.657,0,0,533,63,122,127
1778106876.185978,38,0.958126,0.663631,0.635843,0.8304,-0.0464,1.4279,0.000,4.659,172.873,0,0,323,148,103,117
1778106876.185978,12,0.974513,0.695256,0.677536,1.0366,0.2906,1.5789,0.000,10.324,-158.553,0,0,138,108,98,110
1778106876.185978,21,0.960646,0.631056,0.606221,0.8623,-0.3629,1.5729,-0.000,13.780,168.657,0,0,534,63,120,127
1778106876.185978,38,0.960814,0.665254,0.639185,0.8304,-0.0464,1.4279,0.000,4.659,172.873,0,0,323,148,105,122
1778106876.185978,12,0.976212,0.695843,0.679290,1.0366,0.2906,1.5789,0.000,10.324,-158.553,0,0,137,108,97,109
1778106876.252716,21,0.962172,0.631399,0.607514,0.8620,-0.3660,1.5744,0.000,14.036,167.884,0,0,534,63,120,126
1778106876.252716,38,0.964884,0.665835,0.642454,0.8364,-0.0437,1.4286,-0.000,5.815,173.773,0,0,323,149,105,124
1778106876.252716,12,0.973963,0.696326,0.678196,1.0422,0.2943,1.5814,0.000,10.088,-158.838,0,0,137,108,98,110
1778106876.252716,21,0.961514,0.631399,0.607099,0.8620,-0.3660,1.5744,0.000,14.036,167.884,0,0,535,63,122,127
1778106876.252716,38,0.972164,0.665682,0.647152,0.8364,-0.0437,1.4286,-0.000,5.815,173.773,0,0,323,151,104,122
1778106876.252716,12,0.972206,0.696908,0.677538,1.0422,0.2943,1.5814,0.000,10.088,-158.838,0,0,137,108,98,111
1778106876.319416,21,0.963378,0.630846,0.607743,0.8620,-0.3660,1.5744,-0.000,14.099,168.201,0,0,536,63,122,127
1778106876.319416,38,0.975661,0.666539,0.650316,0.8348,-0.0437,1.4265,-0.000,7.493,173.817,0,0,322,151,105,121
1778106876.319416,12,0.974139,0.696908,0.678886,1.0450,0.2952,1.5827,0.000,9.871,-157.832,0,0,136,108,97,111
1778106876.452886,38,0.976886,0.667137,0.651717,0.8372,-0.0423,1.4244,0.000,9.116,172.891,0,0,323,152,104,120
1778106876.452886,21,0.960828,0.630741,0.606034,0.8602,-0.3683,1.5734,-0.000,13.523,167.509,0,0,536,63,122,126
1778106876.452886,12,0.973495,0.696805,0.678337,1.0450,0.2971,1.5827,0.000,10.143,-157.917,0,0,136,108,98,111
1778106876.452886,38,0.976728,0.666968,0.651446,0.8372,-0.0423,1.4244,0.000,9.116,172.891,0,0,323,152,104,118
1778106876.452886,21,0.960650,0.630741,0.605922,0.8602,-0.3683,1.5734,-0.000,13.523,167.509,0,0,536,63,122,126
1778106876.452886,12,0.977506,0.696223,0.680562,1.0450,0.2971,1.5827,0.000,10.143,-157.917,0,0,136,109,98,111
1778106876.619735,38,0.962144,0.630741,0.606864,0.8602,-0.3683,1.5734,0.000,13.366,166.778,0,0,536,63,122,126
1778106876.619735,21,0.975027,0.666383,0.649741,0.8337,-0.0436,1.4217,0.000,8.452,172.806,0,0,323,151,106,120
1778106876.619735,12,0.978101,0.696691,0.681435,1.0426,0.2961,1.5796,0.000,11.203,-158.305,0,0,135,109,97,110
1778106876.619735,38,0.972362,0.664781,0.646408,0.8602,-0.3683,1.5734,0.000,13.366,166.778,0,0,323,151,104,120
1778106876.619735,21,0.958922,0.630741,0.604831,0.8337,-0.0436,1.4217,0.000,8.452,172.806,0,0,536,63,122,127
1778106876.619735,12,0.979501,0.696588,0.682308,1.0426,0.2961,1.5796,0.000,11.203,-158.305,0,0,135,109,97,109
1778106876.653100,38,0.979163,0.696588,0.682073,0.8296,-0.0436,1.4217,0.000,7.902,172.596,0,0,135,109,97,109
1778106876.653100,21,0.973203,0.663602,0.645819,0.8602,-0.3683,1.5734,0.000,12.625,166.857,0,0,322,151,105,122
1778106876.653100,12,0.962463,0.630741,0.607065,1.0426,0.2980,1.5796,0.000,11.558,-158.359,0,0,536,63,122,127
1778106876.786581,12,0.969398,0.662134,0.641871,0.8211,-0.0420,1.4186,-0.000,7.199,172.519,0,0,323,152,106,122
1778106876.786581,38,0.962052,0.630741,0.606806,0.8602,-0.3683,1.5734,0.000,13.164,166.495,0,0,535,63,123,127
1778106876.786581,21,0.980170,0.696588,0.682774,1.0426,0.2980,1.5796,0.000,11.603,-159.052,0,0,135,109,98,110
1778106876.786581,38,0.971471,0.658837,0.640041,0.8211,-0.0420,1.4186,-0.000,7.199,172.519,0,0,322,151,107,124
1778106876.786581,21,0.962860,0.631188,0.607746,0.8602,-0.3683,1.5734,0.000,13.164,166.495,0,0,536,63,122,127
1778106876.786581,12,0.978983,0.697942,0.683273,1.0426,0.2980,1.5796,0.000,11.603,-159.052,0,0,135,109,98,110
1778106876.886691,38,0.973310,0.656090,0.638579,0.8106,-0.0419,1.4148,0.000,7.599,172.824,0,0,323,151,106,121
1778106876.886691,21,0.960448,0.630846,0.605895,0.8620,-0.3690,1.5744,0.000,13.275,166.346,0,0,535,63,123,127
1778106876.886691,12,0.980148,0.697942,0.684087,1.0491,0.3002,1.5825,0.000,11.133,-159.863,0,0,135,109,98,110
1778106876.953439,21,0.961011,0.630068,0.605502,0.8021,-0.0431,1.4117,0.000,7.901,173.135,0,0,536,63,122,127
1778106876.953439,38,0.974216,0.654851,0.637966,0.8602,-0.3667,1.5734,0.000,12.893,166.763,0,0,324,151,105,117
1778106877.086907,21,0.962022,0.630741,0.606787,0.8602,-0.3683,1.5734,0.000,13.272,166.680,0,0,536,63,122,127
1778106877.086907,38,0.969210,0.653913,0.633779,0.7954,-0.0457,1.4093,0.000,8.092,170.556,0,0,325,151,104,120
1778106877.086907,12,0.978971,0.695900,0.681266,1.0398,0.2989,1.5784,-0.000,11.237,-158.988,0,0,134,109,97,110
1778106877.153651,38,0.977271,0.654105,0.639238,0.7940,-0.0471,1.4060,0.000,11.261,169.524,0,0,326,153,105,118
1778106877.153651,21,0.962481,0.630068,0.606429,0.8574,-0.3671,1.5719,0.000,13.107,166.224,0,0,536,63,122,127
1778106877.153651,12,0.978964,0.696483,0.681832,1.0426,0.2998,1.5796,0.000,11.133,-159.635,0,0,134,109,97,110
1778106877.153651,21,0.962735,0.630068,0.606589,0.7940,-0.0471,1.4060,0.000,11.261,169.524,0,0,536,63,122,127
1778106877.153651,38,0.972656,0.654105,0.636219,0.8574,-0.3671,1.5719,0.000,13.107,166.224,0,0,327,152,106,120
1778106877.153651,12,0.979219,0.696483,0.682010,1.0426,0.2998,1.5796,0.000,11.133,-159.635,0,0,134,109,97,110
1778106877.253754,21,0.962731,0.630068,0.606586,0.8574,-0.3671,1.5719,0.000,13.815,167.225,0,0,536,63,122,127
1778106877.253754,38,0.978595,0.646456,0.632619,0.7719,-0.0479,1.3995,0.000,9.844,171.882,0,0,326,153,107,121
1778106877.253754,12,0.980038,0.696483,0.682580,1.0426,0.2998,1.5796,-0.000,11.511,-159.182,0,0,134,109,97,111
1778106877.253754,21,0.972958,0.659009,0.641188,0.8574,-0.3671,1.5719,0.000,13.815,167.225,0,0,329,155,110,124
1778106877.253754,38,0.963029,0.630741,0.607422,0.7719,-0.0479,1.3995,0.000,9.844,171.882,0,0,536,63,122,127
1778106877.253754,12,0.977546,0.697065,0.681413,1.0426,0.2998,1.5796,-0.000,11.511,-159.182,0,0,134,108,98,113
1778106877.387235,38,0.984424,0.680418,0.669820,0.8774,-0.0533,1.4326,0.000,15.970,168.484,0,0,328,159,106,120
1778106877.387235,21,0.964828,0.630068,0.607908,0.8574,-0.3671,1.5719,0.000,13.617,166.088,0,0,536,63,122,127
1778106877.387235,12,0.979430,0.696016,0.681699,1.0422,0.2998,1.5814,-0.000,11.370,-159.534,0,0,134,109,98,110
1778106877.387235,38,0.989136,0.840347,0.831217,0.8774,-0.0533,1.4326,0.000,15.970,168.484,0,0,326,160,105,120
1778106877.387235,21,0.964459,0.629618,0.607240,0.8574,-0.3671,1.5719,0.000,13.617,166.088,0,0,536,63,122,127
1778106877.387235,12,0.979811,0.696483,0.682422,1.0422,0.2998,1.5814,-0.000,11.370,-159.534,0,0,134,108,98,111
1778106877.520745,38,0.977123,0.840986,0.821747,1.7919,-0.0681,1.7389,-0.000,16.282,166.211,0,0,328,160,106,121
1778106877.520745,21,0.964390,0.631188,0.608712,0.8620,-0.3690,1.5744,-0.000,13.526,166.124,0,0,536,63,122,127
1778106877.520745,12,0.977891,0.695433,0.680058,1.0394,0.2989,1.5802,0.000,11.010,-159.059,0,0,134,109,98,110
1778106877.520745,57,0.950606,0.840085,0.798590,1.7919,-0.0681,1.7389,-0.000,16.282,166.211,0,0,329,161,106,121
1778106877.520745,21,0.963450,0.630068,0.607039,0.8620,-0.3690,1.5744,-0.000,13.526,166.124,0,0,536,63,122,127
1778106877.520745,58,0.980177,0.696483,0.682677,1.0394,0.2989,1.5802,0.000,11.010,-159.059,0,0,133,109,98,110
1778106877.587484,57,0.931901,0.840631,0.783385,1.7833,-0.0742,1.7359,0.000,16.564,159.747,0,0,329,161,110,124
1778106877.587484,21,0.982398,0.697732,0.685450,0.8574,-0.3671,1.5719,0.000,13.063,165.735,0,0,133,108,98,113
1778106877.587484,59,0.963123,0.629618,0.606399,1.0426,0.2998,1.5796,-0.000,11.514,-159.412,0,0,536,63,122,127
1778106877.720961,57,0.933842,0.840631,0.785016,1.7839,-0.0774,1.7328,-0.000,18.471,156.342,0,0,326,160,113,128
1778106877.720961,21,0.981465,0.697263,0.684339,1.0488,0.3039,1.5843,0.000,12.100,-158.654,0,0,132,108,97,111
1778106877.720961,60,0.963288,0.630068,0.606937,0.8574,-0.3671,1.5719,0.000,13.566,166.637,0,0,536,64,122,128
1778106877.720961,57,0.945000,0.840146,0.793938,1.7839,-0.0774,1.7328,-0.000,18.471,156.342,0,0,323,160,112,129
1778106877.720961,21,0.962108,0.631134,0.607219,1.0488,0.3039,1.5843,0.000,12.100,-158.654,0,0,536,63,122,127
1778106877.720961,61,0.980896,0.696387,0.683083,0.8574,-0.3671,1.5719,0.000,13.566,166.637,0,0,133,109,98,111
1778106877.854438,57,0.964337,0.631188,0.608678,0.8620,-0.3690,1.5744,0.000,13.176,165.544,0,0,536,63,122,127
1778106877.854438,21,0.921241,0.841068,0.774826,1.7919,-0.0586,1.7389,0.000,20.496,154.819,0,0,313,160,115,130
1778106877.854438,62,0.982375,0.697732,0.685434,1.0491,0.3039,1.5825,0.000,12.011,-161.099,0,0,132,108,97,114
1778106877.954546,38,0.924323,0.840445,0.776843,1.7833,-0.0141,1.7359,0.000,21.698,156.811,0,0,309,160,117,130
1778106877.954546,21,0.960581,0.631582,0.606686,0.8623,-0.3690,1.5729,0.000,12.631,166.352,0,0,536,64,122,128
1778106877.954546,64,0.983167,0.697157,0.685422,1.0488,0.3057,1.5843,0.000,12.492,-159.223,0,0,132,108,97,113
1778106878.021281,38,0.926845,0.843478,0.781773,1.8116,0.0601,1.7423,-0.000,20.453,159.626,0,0,286,161,116,126
1778106878.021281,21,0.962949,0.630741,0.607371,0.8602,-0.3683,1.5734,0.000,12.978,165.805,0,0,536,63,123,127
1778106878.021281,65,0.980229,0.697050,0.683269,1.0488,0.3076,1.5843,0.000,11.747,-158.266,0,0,131,108,97,111
1778106878.088004,38,0.926515,0.672756,0.623319,0.8455,0.0440,1.4138,0.000,19.679,162.094,0,0,262,160,118,126
1778106878.088004,21,0.962340,0.631188,0.607418,0.8620,-0.3690,1.5744,0.000,12.914,165.954,0,0,536,63,123,127
1778106878.088004,67,0.983347,0.698094,0.686469,1.0519,0.3085,1.5838,0.000,12.522,-158.725,0,0,131,109,97,110
1778106878.088004,38,0.925334,0.657587,0.608488,0.8455,0.0440,1.4138,0.000,19.679,162.094,0,0,254,160,122,126
1778106878.088004,21,0.965361,0.631083,0.609222,0.8620,-0.3690,1.5744,0.000,12.914,165.954,0,0,537,63,122,127
1778106878.088004,69,0.980138,0.697050,0.683206,1.0519,0.3085,1.5838,0.000,12.522,-158.725,0,0,131,108,97,111
1778106878.221481,38,0.937019,0.665785,0.623853,0.8252,0.0673,1.4083,-0.000,18.366,165.805,0,0,244,159,117,126
1778106878.221481,21,0.962799,0.631528,0.608035,0.8639,-0.3713,1.5754,0.000,12.917,165.695,0,0,537,63,122,127
1778106878.221481,70,0.979366,0.697050,0.682667,1.0488,0.3076,1.5843,0.000,11.371,-158.891,0,0,131,108,97,114
1778106878.221481,38,0.964712,0.631528,0.609243,0.8639,-0.3713,1.5754,0.000,13.089,165.149,0,0,537,63,123,127
1778106878.221481,21,0.949738,0.665785,0.632321,0.8252,0.0673,1.4083,-0.000,19.464,168.068,0,0,223,152,120,136
1778106878.221481,71,0.975333,0.697050,0.679857,1.0488,0.3076,1.5843,0.000,10.384,-158.222,0,0,134,107,102,124
1778106878.354956,0,0.963917,0.632416,0.609596,0.8676,-0.3729,1.5773,0.000,13.344,165.953,0,0,537,63,123,127
1778106878.354956,1,0.936129,0.655301,0.613446,0.8037,0.0991,1.4137,0.000,18.799,168.190,0,0,219,150,123,135
1778106878.354956,21,0.964437,0.632416,0.609926,0.8676,-0.3729,1.5773,0.000,13.203,165.483,0,0,537,63,123,127
1778106878.354956,72,0.935247,0.655301,0.612868,0.8037,0.0991,1.4137,-0.000,20.321,167.924,0,0,216,149,118,137
1778106878.455048,21,0.940972,0.657793,0.618965,0.8145,0.1108,1.4206,0.000,20.599,169.634,0,0,212,148,122,135
1778106878.455048,72,0.962698,0.631528,0.607971,0.8639,-0.3713,1.5754,0.000,12.968,165.829,0,0,537,63,123,127
1778106878.521750,72,0.962238,0.632416,0.608535,0.8676,-0.3729,1.5773,0.000,12.864,165.844,0,0,537,63,122,127
1778106878.521750,21,0.948307,0.658134,0.624113,0.8148,0.1136,1.4192,0.000,19.035,171.303,0,0,210,149,122,135
1778106878.521750,21,0.964988,0.632416,0.610274,0.8676,-0.3729,1.5773,-0.000,13.469,165.704,0,0,537,63,122,127
1778106878.521750,72,0.970803,0.658134,0.638919,0.8148,0.1136,1.4192,0.000,20.041,176.156,0,0,208,150,117,133
1778106878.521750,21,0.961281,0.633079,0.608567,0.8676,-0.3729,1.5773,-0.000,13.469,165.704,0,0,537,63,122,127
1778106878.521750,72,0.962213,0.657755,0.632900,0.8148,0.1136,1.4192,0.000,20.041,176.156,0,0,211,148,118,135
1778106878.621857,21,0.959847,0.633079,0.607659,0.8703,-0.3741,1.5788,0.000,12.214,165.699,0,0,537,63,122,127
1778106878.621857,72,0.972339,0.657755,0.639561,0.8145,0.1122,1.4206,0.000,19.518,176.471,0,0,214,147,117,133
1778106878.688577,21,0.960181,0.632416,0.607234,0.8676,-0.3729,1.5773,0.000,12.508,166.088,0,0,537,63,120,127
1778106878.688577,72,0.988015,0.658038,0.650151,0.8162,0.1084,1.4227,0.000,18.150,-178.692,0,0,214,148,117,132
1778106878.688577,0,0.961870,0.633079,0.608939,0.8676,-0.3729,1.5773,0.000,12.508,166.088,0,0,537,63,120,127
1778106878.688577,1,0.990759,0.658074,0.651993,0.8162,0.1084,1.4227,0.000,18.150,-178.692,0,0,215,147,116,128
1778106878.788704,21,0.956545,0.633079,0.605569,0.8703,-0.3741,1.5788,-0.000,12.720,165.747,0,0,537,63,120,127
1778106878.788704,72,0.993746,0.658074,0.653958,0.8162,0.1070,1.4227,-0.000,19.321,-177.840,0,0,217,148,112,130
1778106878.788704,21,0.959290,0.633079,0.607306,0.8703,-0.3741,1.5788,0.000,12.011,166.694,0,0,536,63,122,127
1778106878.788704,72,0.990252,0.658564,0.652145,0.8162,0.1070,1.4227,-0.000,17.101,-175.657,0,0,219,147,116,132
1778106878.955562,21,0.960806,0.633186,0.608370,0.8703,-0.3725,1.5788,0.000,12.767,166.342,0,0,536,63,122,127
1778106878.955562,72,0.995285,0.658181,0.655078,0.8162,0.1028,1.4227,-0.000,17.238,-175.026,0,0,218,147,115,133
1778106878.955562,21,0.961918,0.633186,0.609073,0.8703,-0.3725,1.5788,0.000,12.767,166.342,0,0,536,63,122,127
1778106878.955562,72,0.998047,0.658215,0.656930,0.8162,0.1028,1.4227,-0.000,17.238,-175.026,0,0,219,147,115,130
1778106879.089039,21,0.962477,0.633186,0.609428,0.8703,-0.3725,1.5788,0.000,12.577,165.274,0,0,536,63,120,127
1778106879.089039,72,0.997790,0.657660,0.656207,0.8143,0.0997,1.4220,-0.000,16.351,-171.385,0,0,220,147,116,130
1778106879.089039,74,0.991499,0.658496,0.652898,0.8210,0.1108,1.4289,0.000,14.068,-164.907,0,0,213,144,118,144
1778106879.089039,21,0.964795,0.633186,0.610895,0.8703,-0.3725,1.5788,0.000,13.066,165.131,0,0,536,63,120,127
1778106879.089039,72,0.996323,0.657660,0.655242,0.8143,0.0997,1.4220,0.000,17.462,-174.570,0,0,221,146,115,133
1778106879.089039,74,0.995160,0.658496,0.655309,0.8210,0.1108,1.4289,0.000,17.538,-164.122,0,0,209,143,133,147
1778106879.222502,21,0.968580,0.633582,0.613675,0.8706,-0.3725,1.5773,-0.000,13.661,164.597,0,0,536,64,120,128
1778106879.222502,72,0.996585,0.657694,0.655448,0.8143,0.0983,1.4220,0.000,16.543,-173.652,0,0,221,147,114,130
1778106879.222502,21,0.963831,0.633582,0.610666,0.8706,-0.3725,1.5773,0.000,12.922,165.471,0,0,536,64,120,128
1778106879.222502,72,0.994652,0.657694,0.654176,0.8143,0.0983,1.4220,0.000,15.679,-174.506,0,0,222,147,114,130
1778106879.322600,21,0.964023,0.634023,0.611213,0.8725,-0.3733,1.5783,0.000,12.519,164.589,0,0,536,64,120,128
1778106879.322600,72,0.994612,0.657727,0.654183,0.8143,0.0969,1.4220,0.000,16.350,-175.277,0,0,222,147,114,130
1778106879.322600,21,0.966324,0.634023,0.612672,0.8725,-0.3733,1.5783,0.000,12.519,164.589,0,0,536,64,120,128
1778106879.322600,72,0.995701,0.657727,0.654900,0.8143,0.0969,1.4220,0.000,16.350,-175.277,0,0,222,146,115,132
1778106879.389339,21,0.965108,0.633582,0.611475,0.8706,-0.3725,1.5773,0.000,12.939,164.907,0,0,536,64,120,128
1778106879.389339,72,0.992900,0.657309,0.652643,0.8140,0.0969,1.4233,0.000,16.160,-176.200,0,0,222,147,115,130
1778106879.489444,21,0.962687,0.633582,0.609941,0.8706,-0.3725,1.5773,-0.000,12.355,164.910,0,0,536,64,120,128
1778106879.489444,72,0.994333,0.657898,0.654170,0.8159,0.0972,1.4240,0.000,15.275,-174.269,0,0,222,146,115,132
1778106879.489444,21,0.962426,0.633186,0.609395,0.8706,-0.3725,1.5773,-0.000,12.355,164.910,0,0,536,63,120,127
1778106879.489444,72,0.993899,0.657898,0.653884,0.8159,0.0972,1.4240,0.000,15.275,-174.269,0,0,222,146,115,132
1778106879.522813,21,0.962841,0.633186,0.609658,0.8703,-0.3725,1.5788,0.000,12.227,164.373,0,0,536,64,120,128
1778106879.522813,72,0.991896,0.657898,0.652567,0.8159,0.0972,1.4240,-0.000,15.053,-175.868,0,0,222,147,115,132
1778106879.622908,21,0.961459,0.632918,0.608524,0.8679,-0.3714,1.5758,0.000,11.884,164.517,0,0,536,64,120,128
1778106879.622908,72,0.992364,0.656751,0.651736,0.8121,0.0952,1.4226,0.000,15.404,-176.002,0,0,223,146,114,132
1778106879.622908,21,0.962917,0.632918,0.609447,0.8679,-0.3714,1.5758,0.000,12.273,164.625,0,0,536,63,120,127
1778106879.622908,72,0.989837,0.656751,0.650077,0.8121,0.0952,1.4226,0.000,15.157,-177.262,0,0,223,147,113,129
1778106879.622908,21,0.961077,0.631634,0.607049,0.8679,-0.3714,1.5758,0.000,12.273,164.625,0,0,536,64,120,128
1778106879.622908,72,0.990960,0.657168,0.651228,0.8121,0.0952,1.4226,0.000,15.157,-177.262,0,0,223,147,113,129
1778106879.756357,21,0.959658,0.632079,0.606580,0.8657,-0.3706,1.5764,0.000,11.601,164.599,0,0,536,63,120,127
1778106879.756357,72,0.990886,0.655746,0.649770,0.8076,0.0916,1.4195,0.000,16.809,-178.056,0,0,225,147,110,130
1778106879.756357,21,0.959099,0.632079,0.606227,0.8657,-0.3706,1.5764,-0.000,11.683,165.049,0,0,537,63,120,127
1778106879.756357,72,0.994649,0.655746,0.652237,0.8076,0.0916,1.4195,0.000,15.481,-174.663,0,0,223,146,114,132
1778106879.856464,21,0.960127,0.631634,0.606449,0.8639,-0.3698,1.5754,-0.000,11.975,165.171,0,0,536,63,122,127
1778106879.856464,72,0.988613,0.655149,0.647689,0.8057,0.0913,1.4188,0.000,15.383,-178.310,0,0,225,147,112,129
1778106879.889832,21,0.955728,0.631083,0.603143,0.8620,-0.3706,1.5744,-0.000,11.154,165.439,0,0,537,63,120,127
1778106879.889832,72,0.984263,0.654765,0.644461,0.8055,0.0900,1.4202,0.000,15.230,179.895,0,0,226,146,110,129
1778106879.889832,21,0.959880,0.631083,0.605764,0.8620,-0.3706,1.5744,0.000,12.165,165.592,0,0,536,63,122,127
1778106879.889832,72,0.994116,0.654765,0.650913,0.8055,0.0900,1.4202,-0.000,16.940,-176.370,0,0,224,146,113,132
1778106879.989941,21,0.957892,0.631528,0.604936,0.8639,-0.3713,1.5754,0.000,11.781,165.728,0,0,537,63,120,127
1778106879.989941,72,0.988821,0.655300,0.647974,0.8074,0.0930,1.4209,0.000,15.219,-177.926,0,0,224,146,113,129
1778106879.989941,21,0.956884,0.631528,0.604299,0.8639,-0.3713,1.5754,0.000,11.706,166.016,0,0,537,63,120,127
1778106879.989941,72,0.985115,0.655300,0.645546,0.8074,0.0930,1.4209,-0.000,13.788,-178.502,0,0,225,147,112,130
1778106879.989941,21,0.955960,0.630636,0.602863,0.8639,-0.3713,1.5754,0.000,11.706,166.016,0,0,537,63,120,127
1778106879.989941,72,0.984841,0.654581,0.644658,0.8074,0.0930,1.4209,-0.000,13.788,-178.502,0,0,226,147,110,132
1778106880.090049,21,0.957314,0.630636,0.603716,0.8602,-0.3698,1.5734,0.000,11.632,165.692,0,0,537,64,120,128
1778106880.090049,72,0.992302,0.654581,0.649542,0.8038,0.0896,1.4181,0.000,14.030,-174.778,0,0,224,146,110,132
1778106880.090049,21,0.958196,0.631476,0.605077,0.8602,-0.3698,1.5734,0.000,11.632,165.692,0,0,537,63,120,127
1778106880.090049,72,0.990250,0.653807,0.647432,0.8038,0.0896,1.4181,0.000,14.030,-174.778,0,0,225,146,112,129
1778106880.223510,21,0.957955,0.631476,0.604925,0.8623,-0.3706,1.5729,-0.000,12.047,166.349,0,0,537,64,122,128
1778106880.223510,72,0.987967,0.656398,0.648500,0.8118,0.0924,1.4240,0.000,15.240,-178.379,0,0,225,145,112,129
1778106880.223510,21,0.960893,0.629904,0.605271,0.8623,-0.3706,1.5729,-0.000,12.047,166.349,0,0,537,64,122,128
1778106880.223510,72,0.987329,0.658551,0.650206,0.8118,0.0924,1.4240,0.000,15.240,-178.379,0,0,224,146,113,129
1778106880.290274,21,0.958143,0.629904,0.603538,0.8559,-0.3678,1.5694,0.000,11.680,165.594,0,0,537,63,122,127
1778106880.290274,72,0.985728,0.658551,0.649152,0.8178,0.0948,1.4247,-0.000,11.572,-175.339,0,0,224,145,112,128
1778106880.290274,21,0.960808,0.629963,0.605273,0.8559,-0.3678,1.5694,0.000,11.680,165.594,0,0,536,63,122,127
1778106880.290274,72,0.979997,0.652795,0.639737,0.8178,0.0948,1.4247,-0.000,11.572,-175.339,0,0,225,144,107,128
1778106880.423726,21,0.961866,0.630741,0.606689,0.8602,-0.3683,1.5734,0.000,12.454,165.318,0,0,536,63,122,127
1778106880.423726,72,0.974388,0.657019,0.640191,0.8137,0.0913,1.4247,-0.000,11.684,179.056,0,0,226,145,108,126
1778106880.423726,21,0.963871,0.630741,0.607953,0.8602,-0.3683,1.5734,0.000,12.454,165.318,0,0,536,63,122,127
1778106880.423726,72,0.974972,0.657019,0.640575,0.8137,0.0913,1.4247,-0.000,11.684,179.056,0,0,226,145,108,126
1778106880.490464,21,0.961087,0.630068,0.605550,0.8574,-0.3671,1.5719,-0.000,12.445,165.650,0,0,536,63,122,127
1778106880.490464,72,0.976936,0.657019,0.641866,0.8137,0.0913,1.4247,-0.000,11.683,179.993,0,0,226,144,110,125
1778106880.490464,21,0.964597,0.630741,0.608411,0.8574,-0.3671,1.5719,-0.000,12.445,165.650,0,0,535,63,122,127
1778106880.490464,72,0.976695,0.657190,0.641874,0.8137,0.0913,1.4247,-0.000,11.683,179.993,0,0,226,143,110,128
1778106880.590572,21,0.959693,0.630173,0.604772,0.8574,-0.3656,1.5719,-0.000,11.991,165.465,0,0,536,63,122,127
1778106880.590572,72,0.975919,0.657358,0.641528,0.8170,0.0920,1.4288,-0.000,9.988,-178.099,0,0,225,145,110,126
1778106880.590572,21,0.961311,0.631188,0.606768,0.8574,-0.3656,1.5719,-0.000,11.991,165.465,0,0,536,63,120,127
1778106880.590572,72,0.974324,0.658361,0.641457,0.8170,0.0920,1.4288,-0.000,9.988,-178.099,0,0,226,144,110,125
1778106880.657308,21,0.964091,0.631188,0.608523,0.8620,-0.3690,1.5744,0.000,13.363,165.978,0,0,535,63,122,127
1778106880.657308,72,0.972703,0.658361,0.640390,0.8191,0.0923,1.4282,0.000,10.384,179.885,0,0,223,142,113,129
1778106880.824131,21,0.964565,0.631294,0.608924,0.8620,-0.3675,1.5744,0.000,13.084,165.337,0,0,535,63,122,127
1778106880.824131,72,0.962519,0.656591,0.631981,0.8180,0.0965,1.4337,0.000,10.478,177.132,0,0,223,140,113,129
1778106880.824131,75,0.934117,0.644750,0.602271,0.7961,0.1451,1.4411,0.000,12.005,-146.940,0,0,185,129,163,149
1778106880.857500,21,0.963615,0.630846,0.607893,0.8602,-0.3667,1.5734,-0.000,13.163,165.907,0,0,535,63,122,127
1778106880.857500,72,0.914767,0.655818,0.599921,0.8191,0.1010,1.4385,0.000,8.101,169.131,0,0,220,137,117,132
1778106880.857500,21,0.964941,0.630846,0.608730,0.8602,-0.3667,1.5734,-0.000,13.225,165.425,0,0,535,63,122,127
1778106880.857500,72,0.809416,0.655818,0.530829,0.8191,0.1010,1.4385,-0.000,4.038,157.258,0,0,217,135,116,126
1778106880.924259,21,0.965173,0.630846,0.608876,0.8602,-0.3667,1.5734,-0.000,13.334,165.517,0,0,535,63,122,127
1778106880.924259,72,0.799721,0.654881,0.523722,0.8185,0.1052,1.4413,0.000,2.430,157.558,0,0,210,134,112,126
1778106880.990977,21,0.963754,0.631399,0.608513,0.8620,-0.3660,1.5744,-0.000,13.082,165.767,0,0,534,63,123,127
1778106880.990977,72,0.688555,0.652701,0.449421,0.8145,0.1269,1.4412,0.000,0.247,149.311,0,0,201,134,136,132
1778106880.990977,21,0.963787,0.631399,0.608534,0.8620,-0.3660,1.5744,0.000,12.994,165.591,0,0,535,63,122,127
1778106880.990977,72,0.670469,0.652701,0.437616,0.8145,0.1269,1.4412,0.000,1.575,146.986,0,0,204,133,122,125
1778106881.057715,0,0.964420,0.630173,0.607751,0.8574,-0.3656,1.5719,0.000,13.261,165.725,0,0,535,63,122,127
1778106881.091101,21,0.965905,0.630173,0.608687,0.8574,-0.3656,1.5719,0.000,13.483,165.452,0,0,534,63,123,127
1778106881.091101,21,0.964909,0.630951,0.608810,0.8574,-0.3656,1.5719,0.000,13.483,165.452,0,0,534,63,123,127
1778106881.157839,0,0.961156,0.630277,0.605794,0.8574,-0.3641,1.5719,0.000,12.496,165.844,0,0,534,63,122,127
1778106881.191170,21,0.962934,0.630951,0.607564,0.8602,-0.3652,1.5734,0.000,12.997,165.977,0,0,533,63,123,126
1778106881.191170,76,0.685340,0.648499,0.444442,0.8175,0.1536,1.4617,0.000,9.566,146.762,0,0,192,127,127,128
1778106881.191170,21,0.966238,0.631056,0.609750,0.8602,-0.3652,1.5734,0.000,12.997,165.977,0,0,533,63,123,126
1778106881.191170,76,0.666336,0.650555,0.433488,0.8175,0.1536,1.4617,0.000,9.566,146.762,0,0,192,131,116,120
1778106881.257936,21,0.964157,0.629930,0.607351,0.8602,-0.3637,1.5734,-0.000,13.271,165.022,0,0,533,63,123,126
1778106881.257936,76,0.664916,0.653968,0.434834,0.8163,0.1403,1.4523,0.000,4.697,146.217,0,0,191,134,118,118
1778106881.324674,21,0.962898,0.629930,0.606558,0.8556,-0.3618,1.5709,0.000,12.973,165.445,0,0,532,63,123,126
1778106881.324674,76,0.737494,0.653968,0.482298,0.8201,0.1421,1.4434,0.000,10.237,143.783,0,0,185,135,117,118
1778106881.391412,21,0.963242,0.630033,0.606874,0.8556,-0.3603,1.5709,0.000,12.862,165.722,0,0,532,63,123,126
1778106881.391412,76,0.946585,0.654941,0.619957,0.8233,0.1512,1.4431,0.000,20.386,173.400,0,0,174,122,143,132
1778106881.391412,0,0.961372,0.630033,0.605696,0.8556,-0.3603,1.5709,0.000,12.862,165.722,0,0,532,63,123,126
1778106881.424781,21,0.962594,0.630033,0.606466,0.8556,-0.3603,1.5709,0.000,12.443,165.778,0,0,532,63,124,126
1778106881.458151,0,0.961218,0.629189,0.604788,0.8556,-0.3603,1.5709,0.000,12.766,165.839,0,0,532,62,123,125
1778106881.524865,0,0.965006,0.629189,0.607171,0.8535,-0.3595,1.5714,0.000,12.677,166.120,0,0,532,62,123,125
1778106881.591603,21,0.963542,0.629580,0.606627,0.8538,-0.3595,1.5699,-0.000,13.223,166.243,0,0,532,63,122,126
1778106881.591603,21,0.963626,0.629580,0.606680,0.8538,-0.3595,1.5699,-0.000,13.223,166.243,0,0,531,63,123,126
1778106881.591603,21,0.963472,0.629683,0.606682,0.8538,-0.3595,1.5699,0.000,13.250,166.253,0,0,531,62,123,125
1778106881.691728,21,0.961674,0.629291,0.605173,0.8535,-0.3580,1.5714,0.000,12.800,166.212,0,0,532,62,122,125
1778106881.725080,21,0.964224,0.629189,0.606679,0.8535,-0.3595,1.5714,0.000,13.224,165.784,0,0,531,62,123,125
1778106881.725080,21,0.963855,0.628838,0.606108,0.8535,-0.3595,1.5714,0.000,13.224,165.784,0,0,531,63,123,126
1778106881.791803,21,0.962405,0.629683,0.606010,0.8538,-0.3580,1.5699,0.000,12.897,166.228,0,0,531,62,123,125
1778106881.825172,21,0.961499,0.628838,0.604627,0.8516,-0.3572,1.5704,0.000,12.939,166.535,0,0,531,62,123,125
1778106881.825172,21,0.962973,0.628838,0.605554,0.8516,-0.3572,1.5704,0.000,12.939,166.535,0,0,531,62,123,125
1778106881.891901,21,0.960844,0.628383,0.603778,0.8498,-0.3565,1.5694,0.000,12.519,166.056,0,0,531,62,123,125
1778106881.925270,21,0.963558,0.628383,0.605483,0.8498,-0.3565,1.5694,0.000,13.060,165.851,0,0,531,62,123,125
1778106881.925270,21,0.963975,0.628383,0.605745,0.8498,-0.3565,1.5694,0.000,13.060,165.851,0,0,531,62,123,125
1778106881.958631,0,0.963016,0.628383,0.605143,0.8498,-0.3565,1.5694,0.000,13.237,165.988,0,0,531,62,123,125
1778106882.058757,21,0.959201,0.628838,0.603182,0.8516,-0.3572,1.5704,-0.000,12.128,166.038,0,0,531,62,123,125
1778106882.058757,78,0.801243,0.649604,0.520491,0.8163,0.1669,1.4523,0.000,13.401,157.068,0,0,176,129,125,128
1778106882.125495,21,0.959046,0.628383,0.602648,0.8498,-0.3565,1.5694,0.000,12.137,166.124,0,0,531,62,123,125
1778106882.125495,78,0.570480,0.656959,0.374782,0.8321,0.1521,1.4496,0.000,6.538,138.249,0,0,186,133,102,115
1778106882.125495,0,0.960611,0.628383,0.603632,0.8498,-0.3565,1.5694,0.000,12.137,166.124,0,0,531,62,123,125
1778106882.192225,21,0.956296,0.627927,0.600484,0.8479,-0.3557,1.5684,0.000,11.847,166.749,0,0,531,62,122,125
1778106882.192225,21,0.960325,0.627927,0.603014,0.8479,-0.3557,1.5684,0.000,11.847,166.749,0,0,531,62,123,125
1778106882.258948,0,0.958607,0.627927,0.601935,0.8479,-0.3557,1.5684,-0.000,12.343,166.692,0,0,531,62,122,124
1778106882.258948,21,0.962512,0.627927,0.604387,0.8479,-0.3557,1.5684,-0.000,12.343,166.692,0,0,531,62,123,124
1778106882.325677,21,0.959777,0.628383,0.603107,0.8498,-0.3565,1.5694,-0.000,12.349,166.206,0,0,531,62,123,124
1778106882.325677,21,0.958985,0.628383,0.602610,0.8498,-0.3565,1.5694,-0.000,12.349,166.206,0,0,531,62,123,125
1778106882.359067,0,0.961925,0.628383,0.604457,0.8498,-0.3565,1.5694,0.000,12.275,166.409,0,0,531,62,123,124
1778106882.459154,0,0.960263,0.627927,0.602975,0.8479,-0.3557,1.5684,-0.000,12.572,166.408,0,0,531,62,123,125
1778106882.492523,21,0.960418,0.628383,0.603510,0.8498,-0.3565,1.5694,-0.000,12.754,166.666,0,0,531,62,123,125
1778106882.525892,21,0.960135,0.627927,0.602894,0.8479,-0.3557,1.5684,-0.000,12.622,166.551,0,0,531,62,123,124
1778106882.559262,0,0.960370,0.628383,0.603480,0.8498,-0.3565,1.5694,-0.000,12.604,166.420,0,0,532,62,122,124
1778106882.559262,21,0.959949,0.627825,0.602681,0.8498,-0.3565,1.5694,-0.000,12.604,166.420,0,0,531,62,123,125
1778106882.592636,21,0.959855,0.628383,0.603156,0.8479,-0.3572,1.5684,-0.000,12.728,166.746,0,0,531,62,123,124
1778106882.692744,0,0.960362,0.628383,0.603475,0.8498,-0.3565,1.5694,-0.000,12.676,166.551,0,0,531,62,123,124
1778106882.692744,21,0.958866,0.628383,0.602535,0.8498,-0.3565,1.5694,-0.000,12.676,166.551,0,0,531,62,123,124
1778106882.792867,21,0.960593,0.627825,0.603085,0.8479,-0.3572,1.5684,-0.000,12.823,166.644,0,0,532,62,124,124
1778106882.826221,0,0.961984,0.628383,0.604494,0.8498,-0.3565,1.5694,0.000,13.365,167.048,0,0,531,62,123,124
1778106882.826221,0,0.959739,0.628383,0.603084,0.8498,-0.3565,1.5694,0.000,13.365,167.048,0,0,531,62,123,124
1778106882.859590,0,0.960048,0.628383,0.603278,0.8498,-0.3565,1.5694,0.000,12.846,166.973,0,0,532,62,124,124
1778106882.959698,21,0.960672,0.628281,0.603572,0.8498,-0.3580,1.5694,0.000,13.434,167.593,0,0,532,62,124,125
1778106882.959698,80,0.948494,0.706645,0.670248,1.0501,0.2345,1.5574,-0.000,15.387,176.834,0,0,170,122,123,125
1778106882.993067,21,0.957920,0.628281,0.601843,0.8498,-0.3580,1.5694,0.000,12.604,167.341,0,0,532,62,124,124
1778106882.993067,21,0.959794,0.628281,0.603021,0.8498,-0.3580,1.5694,0.000,12.604,167.341,0,0,532,62,123,124
1778106883.026436,21,0.959970,0.628281,0.603131,0.8498,-0.3580,1.5694,0.000,12.927,167.070,0,0,532,62,123,124
1778106883.126512,21,0.960166,0.628736,0.603690,0.8516,-0.3587,1.5704,0.000,13.447,167.800,0,0,532,62,123,124
1778106883.126512,21,0.957442,0.628736,0.601978,0.8516,-0.3587,1.5704,0.000,12.997,168.124,0,0,532,62,123,124
1778106883.193250,21,0.959120,0.629189,0.603468,0.8535,-0.3595,1.5714,0.000,13.028,167.557,0,0,532,62,123,124
1778106883.193250,81,0.962420,0.701911,0.675533,1.0519,0.2344,1.5838,0.000,17.217,179.489,0,0,169,109,130,133
1778106883.193250,21,0.957899,0.629189,0.602699,0.8535,-0.3595,1.5714,0.000,13.028,167.557,0,0,532,62,123,124
1778106883.193250,81,0.960911,0.701744,0.674313,1.0519,0.2344,1.5838,0.000,17.217,179.489,0,0,169,109,130,133
1778106883.293358,21,0.958056,0.629189,0.602798,0.8535,-0.3595,1.5714,0.000,12.744,167.513,0,0,532,62,123,124
1778106883.293358,81,0.958324,0.701744,0.672498,1.0519,0.2381,1.5838,0.000,22.857,177.198,0,0,168,109,126,133
1778106883.360135,21,0.958828,0.629189,0.603284,0.8535,-0.3595,1.5714,0.000,12.617,167.008,0,0,533,62,124,124
1778106883.360135,81,0.960154,0.701659,0.673701,1.0519,0.2400,1.5838,0.000,22.447,177.743,0,0,168,111,125,129
1778106883.360135,21,0.957481,0.629086,0.602338,0.8535,-0.3595,1.5714,0.000,12.617,167.008,0,0,533,62,123,124
1778106883.360135,81,0.993850,0.703200,0.698876,1.0519,0.2400,1.5838,0.000,22.447,177.743,0,0,160,106,116,126
1778106883.393468,21,0.957254,0.629086,0.602195,0.8535,-0.3610,1.5714,-0.000,12.793,167.733,0,0,533,62,124,124
1778106883.393468,81,0.989609,0.695414,0.688188,1.0555,0.2407,1.5814,0.000,22.298,-171.520,0,0,161,105,116,128
1778106883.493576,21,0.954157,0.629086,0.600247,0.8535,-0.3610,1.5714,-0.000,11.952,167.624,0,0,533,62,123,124
1778106883.493576,81,0.976856,0.695414,0.679319,1.0327,0.2478,1.5830,-0.000,25.832,-177.283,0,0,165,109,123,128
1778106883.493576,21,0.955294,0.628696,0.600589,0.8535,-0.3610,1.5714,-0.000,11.952,167.624,0,0,533,61,123,123
1778106883.493576,81,0.986324,0.697979,0.688434,1.0327,0.2478,1.5830,-0.000,25.832,-177.283,0,0,162,109,116,126
1778106883.593679,21,0.956611,0.628696,0.601417,0.8532,-0.3610,1.5729,-0.000,12.494,167.449,0,0,533,62,123,124
1778106883.593679,81,0.963871,0.697979,0.672762,1.0370,0.2468,1.5771,0.000,23.020,179.139,0,0,167,109,125,132
1778106883.660411,21,0.954958,0.629086,0.600751,0.8535,-0.3610,1.5714,0.000,12.238,167.791,0,0,533,62,123,124
1778106883.660411,81,0.966177,0.701574,0.677845,1.0519,0.2418,1.5838,0.000,23.235,179.174,0,0,167,109,125,132
1778106883.760522,21,0.954494,0.628179,0.599593,0.8498,-0.3595,1.5694,-0.000,12.229,167.943,0,0,533,62,123,124
1778106883.760522,81,0.968804,0.703309,0.681369,1.0579,0.2415,1.5844,-0.000,22.483,179.779,0,0,168,110,124,132
1778106883.760522,21,0.956595,0.628179,0.600913,0.8498,-0.3595,1.5694,0.000,12.496,167.597,0,0,533,62,123,124
1778106883.760522,81,0.980644,0.703309,0.689696,1.0579,0.2415,1.5844,0.000,23.412,-176.951,0,0,164,107,124,128
1778106883.827257,21,0.957287,0.628633,0.601782,0.8516,-0.3602,1.5704,0.000,12.539,167.407,0,0,533,62,123,124
1778106883.827257,81,0.968728,0.698400,0.676559,1.0419,0.2447,1.5832,-0.000,23.242,-179.896,0,0,166,110,118,130
1778106883.893983,21,0.956240,0.629538,0.601989,0.8553,-0.3618,1.5724,0.000,12.574,167.850,0,0,533,62,123,124
1778106883.893983,81,0.973731,0.701374,0.682950,1.0495,0.2429,1.5807,-0.000,23.391,-178.788,0,0,167,110,122,129
1778106883.927352,21,0.956053,0.628633,0.601007,0.8516,-0.3602,1.5704,-0.000,12.381,167.616,0,0,533,62,123,124
1778106883.927352,81,0.982193,0.702050,0.689548,1.0523,0.2418,1.5819,0.000,22.369,-176.283,0,0,164,108,118,128
1778106883.927352,21,0.959104,0.628179,0.602489,0.8516,-0.3602,1.5704,-0.000,12.381,167.616,0,0,533,62,123,124
1778106883.927352,81,0.985016,0.698872,0.688400,1.0523,0.2418,1.5819,0.000,22.369,-176.283,0,0,162,106,118,129
1778106884.060788,21,0.958125,0.629086,0.602743,0.8535,-0.3610,1.5714,0.000,12.905,167.668,0,0,533,62,123,124
1778106884.060788,81,0.983655,0.697037,0.685644,1.0362,0.2468,1.5807,0.000,23.060,-175.335,0,0,162,107,122,125
1778106884.060788,21,0.959617,0.629086,0.603682,0.8535,-0.3610,1.5714,0.000,12.639,166.660,0,0,534,62,123,124
1778106884.060788,81,0.993314,0.697037,0.692377,1.0362,0.2468,1.5807,0.000,22.886,-171.244,0,0,160,104,115,133
1778106884.127513,21,0.961553,0.628983,0.604801,0.8535,-0.3625,1.5714,0.000,13.184,166.721,0,0,534,61,123,123
1778106884.127513,81,0.980124,0.694858,0.681047,1.0324,0.2496,1.5848,-0.000,22.004,-176.137,0,0,164,107,122,132
1778106884.227618,21,0.959347,0.627585,0.602071,0.8495,-0.3625,1.5709,-0.000,12.911,166.939,0,0,535,61,124,123
1778106884.227618,81,0.997992,0.692685,0.691294,1.0230,0.2505,1.5806,0.000,22.994,-167.549,0,0,158,104,112,133
1778106884.294360,21,0.962153,0.628880,0.605079,0.8535,-0.3640,1.5714,0.000,13.613,167.089,0,0,535,62,123,124
1778106884.294360,81,0.998283,0.693754,0.692563,1.0262,0.2514,1.5801,0.000,23.253,-167.295,0,0,158,105,110,135
1778106884.294360,82,0.940878,0.656019,0.617234,0.8238,0.1442,1.4404,0.000,11.933,174.474,0,0,190,137,96,130
1778106884.294360,21,0.960558,0.628880,0.604076,0.8535,-0.3640,1.5714,-0.000,12.972,166.704,0,0,535,62,123,124
1778106884.294360,83,0.986409,0.693754,0.684326,1.0262,0.2514,1.5801,0.000,23.367,-173.949,0,0,161,109,116,129
1778106884.294360,21,0.960144,0.628880,0.603815,0.8535,-0.3640,1.5714,-0.000,12.972,166.704,0,0,535,62,123,124
1778106884.294360,84,0.982466,0.698872,0.686618,1.0262,0.2514,1.5801,0.000,23.367,-173.949,0,0,164,108,124,128
1778106884.461205,21,0.955942,0.628776,0.601074,0.8535,-0.3655,1.5714,0.000,12.557,167.719,0,0,536,62,122,124
1778106884.461205,85,0.982519,0.698537,0.686326,1.0373,0.2450,1.5753,-0.000,20.059,-175.258,0,0,163,110,118,126
1778106884.461205,21,0.957297,0.628776,0.601925,0.8535,-0.3655,1.5714,0.000,12.477,167.098,0,0,536,61,123,123
1778106884.461205,86,0.945762,0.698537,0.660650,1.0373,0.2450,1.5753,0.000,23.255,175.202,0,0,169,112,126,129
1778106884.527951,21,0.959980,0.627482,0.602370,0.8495,-0.3640,1.5709,0.000,12.720,166.299,0,0,536,62,123,124
1778106884.527951,87,0.963801,0.704351,0.678854,1.0587,0.2396,1.5808,0.000,20.921,178.685,0,0,169,109,130,133
1778106884.628081,21,0.958455,0.628776,0.602653,0.8535,-0.3655,1.5714,0.000,12.582,166.825,0,0,536,62,123,124
1778106884.628081,88,0.962139,0.702808,0.676200,1.0551,0.2389,1.5832,-0.000,20.961,178.318,0,0,169,110,130,132
1778106884.628081,21,0.961400,0.628324,0.604071,0.8516,-0.3648,1.5704,0.000,13.392,166.972,0,0,537,62,124,124
1778106884.628081,89,0.967386,0.702808,0.679887,1.0551,0.2389,1.5832,0.000,18.502,-179.688,0,0,169,108,133,133
1778106884.728167,21,0.961649,0.628220,0.604127,0.8516,-0.3663,1.5704,0.000,13.210,166.520,0,0,537,62,123,124
1778106884.728167,89,0.962565,0.702247,0.675958,1.0548,0.2407,1.5850,0.000,20.626,178.603,0,0,168,109,127,133
1778106884.728167,21,0.959957,0.628220,0.603064,0.8516,-0.3663,1.5704,0.000,13.210,166.520,0,0,537,62,124,124
1778106884.728167,89,0.970189,0.702247,0.681312,1.0548,0.2407,1.5850,0.000,20.626,178.603,0,0,169,109,133,136
1778106884.794927,21,0.961599,0.628220,0.604096,0.8516,-0.3663,1.5704,-0.000,13.124,166.400,0,0,537,62,123,124
1778106884.794927,89,0.956292,0.702917,0.672194,1.0576,0.2396,1.5863,0.000,23.595,176.710,0,0,169,112,128,132
1778106884.794927,21,0.960496,0.627767,0.602968,0.8516,-0.3663,1.5704,-0.000,13.124,166.400,0,0,537,62,123,124
1778106884.794927,89,0.956032,0.704351,0.673382,1.0576,0.2396,1.5863,0.000,23.595,176.710,0,0,170,111,132,133
1778106884.861646,21,0.961731,0.627767,0.603743,0.8498,-0.3655,1.5694,0.000,13.004,166.645,0,0,537,62,123,124
1778106884.861646,89,0.953992,0.702524,0.670202,1.0587,0.2396,1.5808,0.000,21.193,176.906,0,0,170,108,134,135
1778106884.961774,21,0.959584,0.627767,0.602395,0.8498,-0.3655,1.5694,0.000,12.663,166.446,0,0,537,62,123,124
1778106884.961774,89,0.976327,0.702524,0.685893,1.0572,0.2378,1.5881,0.000,22.036,-178.328,0,0,165,107,126,128
1778106884.961774,21,0.961310,0.627767,0.603479,0.8498,-0.3655,1.5694,0.000,12.663,166.446,0,0,537,62,123,124
1778106884.961774,89,0.943398,0.699864,0.660250,1.0572,0.2378,1.5881,0.000,22.036,-178.328,0,0,169,108,135,130
1778106885.128593,21,0.960551,0.628220,0.603438,0.8516,-0.3663,1.5704,-0.000,13.387,167.214,0,0,537,62,123,124
1778106885.128593,89,0.952010,0.702653,0.668933,1.0606,0.2425,1.5916,0.000,12.925,-179.893,0,0,168,107,135,128
1778106885.128593,21,0.959350,0.628220,0.602683,0.8516,-0.3663,1.5704,-0.000,13.387,167.214,0,0,537,62,123,124
1778106885.128593,89,0.972608,0.702653,0.683406,1.0606,0.2425,1.5916,0.000,12.925,-179.893,0,0,165,105,127,126
1778106885.228716,21,0.960731,0.627313,0.602679,0.8479,-0.3647,1.5684,0.000,13.318,167.043,0,0,537,62,123,124
1778106885.228716,89,0.954139,0.704460,0.672152,1.0666,0.2403,1.5923,0.000,14.716,179.075,0,0,170,108,135,130
1778106885.228716,21,0.961958,0.627313,0.603449,0.8479,-0.3647,1.5684,0.000,13.318,167.043,0,0,537,62,124,124
1778106885.228716,89,0.974877,0.704460,0.686762,1.0666,0.2403,1.5923,0.000,14.716,179.075,0,0,165,105,128,129
1778106885.295446,21,0.962917,0.628220,0.604924,0.8516,-0.3663,1.5704,0.000,13.489,166.457,0,0,537,62,123,124
1778106885.295446,89,0.960384,0.701440,0.673651,1.0598,0.2481,1.5953,0.000,17.685,179.515,0,0,167,107,133,133
1778106885.328809,21,0.962277,0.627313,0.603649,0.8479,-0.3647,1.5684,0.000,13.272,166.367,0,0,537,62,124,124
1778106885.328809,89,0.937979,0.703722,0.660077,1.0662,0.2459,1.5941,-0.000,12.518,177.375,0,0,171,109,137,133
1778106885.428916,21,0.959926,0.627871,0.602710,0.8498,-0.3640,1.5694,0.000,13.112,167.104,0,0,536,62,123,124
1778106885.428916,89,0.929553,0.707783,0.657922,1.0776,0.2374,1.5931,0.000,11.638,175.570,0,0,173,110,136,132
1778106885.428916,21,0.960428,0.627871,0.603024,0.8498,-0.3640,1.5694,0.000,12.911,166.588,0,0,536,62,123,124
1778106885.428916,89,0.932600,0.707783,0.660079,1.0776,0.2374,1.5931,0.000,9.285,178.110,0,0,173,110,134,130
1778106885.495656,0,0.958288,0.628324,0.602115,0.8516,-0.3648,1.5704,0.000,12.883,167.363,0,0,536,62,123,124
1778106885.529039,0,0.961302,0.627871,0.603573,0.8498,-0.3640,1.5694,0.000,13.810,167.619,0,0,536,62,123,124
1778106885.629148,21,0.960413,0.627871,0.603015,0.8498,-0.3640,1.5694,0.000,13.639,167.699,0,0,536,62,124,124
1778106885.629148,21,0.959078,0.627871,0.602177,0.8498,-0.3640,1.5694,0.000,13.576,168.083,0,0,536,62,124,124
1778106885.729206,21,0.961408,0.627416,0.603203,0.8479,-0.3632,1.5684,0.000,13.445,167.049,0,0,536,62,123,124
1778106885.729206,89,0.996949,0.704520,0.702370,1.0727,0.2591,1.5970,-0.000,20.277,-167.531,0,0,161,107,125,130
1778106885.795945,21,0.958601,0.627416,0.601442,0.8479,-0.3632,1.5684,-0.000,13.235,167.772,0,0,536,62,123,124
1778106885.795945,89,0.998865,0.704520,0.703720,1.0727,0.2591,1.5970,-0.000,20.617,-164.619,0,0,159,106,125,132
1778106885.795945,21,0.958038,0.627871,0.601524,0.8498,-0.3640,1.5694,0.000,13.358,168.142,0,0,535,62,123,124
1778106885.795945,89,0.998934,0.705173,0.704422,1.0789,0.2648,1.6018,0.000,20.736,-163.290,0,0,158,105,120,128
1778106885.896053,21,0.960934,0.627416,0.602906,0.8479,-0.3632,1.5684,-0.000,13.587,167.436,0,0,536,62,124,124
1778106885.896053,89,0.986637,0.701014,0.691647,1.0651,0.2723,1.5996,-0.000,17.387,-155.521,0,0,153,104,113,125
1778106885.896053,21,0.956518,0.627416,0.600135,0.8479,-0.3632,1.5684,-0.000,12.883,167.997,0,0,535,62,123,124
1778106885.896053,89,0.998152,0.701014,0.699718,1.0651,0.2723,1.5996,0.000,19.984,-163.100,0,0,158,106,120,132
1778106885.962801,21,0.959216,0.627519,0.601926,0.8479,-0.3617,1.5684,0.000,13.419,167.888,0,0,535,61,123,123
1778106885.962801,89,0.998706,0.706940,0.706026,1.0883,0.2695,1.6060,0.000,20.767,-165.133,0,0,157,105,125,130
1778106886.062909,21,0.960051,0.626834,0.601793,0.8452,-0.3606,1.5669,0.000,13.253,167.342,0,0,535,62,123,124
1778106886.062909,89,0.996601,0.708573,0.706165,1.0982,0.2705,1.6126,0.000,21.533,-168.422,0,0,159,105,128,132
1778106886.062909,21,0.959960,0.626834,0.601736,0.8452,-0.3606,1.5669,0.000,13.210,167.310,0,0,535,61,123,123
1778106886.062909,89,0.978395,0.708573,0.693265,1.0982,0.2705,1.6126,-0.000,15.611,-154.177,0,0,149,104,107,126
1778106886.062909,21,0.959495,0.627130,0.601729,0.8452,-0.3606,1.5669,0.000,13.210,167.310,0,0,535,61,123,123
1778106886.062909,89,0.997779,0.702692,0.701131,1.0982,0.2705,1.6126,-0.000,15.611,-154.177,0,0,154,104,120,132
1778106886.229740,21,0.960343,0.626834,0.601976,0.8452,-0.3606,1.5669,0.000,13.494,167.590,0,0,535,62,123,124
1778106886.229740,89,0.982751,0.703329,0.691197,1.0806,0.2847,1.6087,0.000,14.092,-157.478,0,0,149,103,113,130
1778106886.229740,21,0.961108,0.626834,0.602456,0.8452,-0.3606,1.5669,0.000,13.494,167.590,0,0,535,61,123,123
1778106886.229740,89,0.974893,0.703329,0.685670,1.0806,0.2847,1.6087,0.000,14.092,-157.478,0,0,148,102,107,125
1778106886.296479,21,0.959060,0.627130,0.601456,0.8476,-0.3617,1.5699,0.000,12.912,167.051,0,0,535,62,123,124
1778106886.296479,89,0.976040,0.703487,0.686632,1.0839,0.2878,1.6123,-0.000,11.549,-166.403,0,0,156,103,123,129
1778106886.363217,21,0.957278,0.626834,0.600055,0.8452,-0.3606,1.5669,-0.000,12.648,167.444,0,0,535,61,123,123
1778106886.363217,89,0.982415,0.711258,0.698751,1.1179,0.2825,1.6257,-0.000,12.835,-163.710,0,0,153,103,117,130
1778106886.363217,21,0.957332,0.627130,0.600372,0.8452,-0.3606,1.5669,-0.000,12.648,167.444,0,0,535,61,124,123
1778106886.363217,89,0.972669,0.709001,0.689624,1.1179,0.2825,1.6257,-0.000,12.835,-163.710,0,0,146,99,107,135
1778106886.530063,21,0.959068,0.626447,0.600805,0.8449,-0.3606,1.5684,0.000,12.923,167.065,0,0,535,61,123,123
1778106886.530063,89,0.986148,0.712278,0.702411,1.1250,0.2827,1.6311,0.000,15.707,-169.088,0,0,157,102,125,135
1778106886.530063,21,0.957730,0.626447,0.599967,0.8449,-0.3606,1.5684,0.000,12.923,167.065,0,0,535,61,124,123
1778106886.530063,89,0.990445,0.712278,0.705473,1.1250,0.2827,1.6311,0.000,15.707,-169.088,0,0,155,103,116,130
1778106886.530063,21,0.954639,0.626447,0.598031,0.8449,-0.3606,1.5684,0.000,12.870,167.485,0,0,535,61,124,123
1778106886.530063,89,0.973733,0.711158,0.692478,1.1250,0.2827,1.6311,0.000,15.944,-165.292,0,0,159,102,127,129
1778106886.696919,21,0.954779,0.626447,0.598118,0.8449,-0.3606,1.5684,-0.000,12.187,167.497,0,0,535,61,124,123
1778106886.696919,89,0.953596,0.714492,0.681337,1.1353,0.2797,1.6358,0.000,7.487,-170.686,0,0,160,102,127,125
1778106886.696919,0,0.958660,0.626447,0.600550,0.8449,-0.3606,1.5684,-0.000,12.946,167.257,0,0,534,62,123,124
1778106886.696919,21,0.958985,0.626936,0.601223,0.8449,-0.3606,1.5684,-0.000,12.946,167.257,0,0,535,62,124,124
1778106886.797041,21,0.958273,0.626834,0.600679,0.8452,-0.3606,1.5669,0.000,13.063,167.709,0,0,534,61,123,123
1778106886.830411,0,0.954812,0.626548,0.598236,0.8449,-0.3591,1.5684,0.000,12.496,168.035,0,0,534,61,123,123
1778106886.930512,21,0.957752,0.626936,0.600449,0.8452,-0.3591,1.5669,-0.000,13.180,168.136,0,0,534,62,124,124
1778106886.930512,90,0.961636,0.716556,0.689067,1.1428,0.2677,1.6392,0.000,11.993,-175.774,0,0,167,102,137,133
1778106886.930512,21,0.956424,0.626936,0.599617,0.8452,-0.3591,1.5669,-0.000,13.180,168.136,0,0,534,61,124,123
1778106886.930512,90,0.958586,0.716556,0.686881,1.1428,0.2677,1.6392,0.000,11.993,-175.774,0,0,167,103,136,133
1778106886.930512,21,0.955596,0.626548,0.598727,0.8452,-0.3591,1.5669,-0.000,12.422,167.474,0,0,533,62,123,124
1778106886.997245,0,0.956512,0.627724,0.600425,0.8449,-0.3591,1.5684,0.000,12.701,168.066,0,0,533,62,123,124
1778106887.097337,0,0.955554,0.627038,0.599169,0.8452,-0.3576,1.5669,0.000,12.107,167.358,0,0,533,62,123,124
1778106887.097337,1,0.945136,0.709384,0.670464,1.1081,0.2873,1.6191,0.000,11.932,-179.030,0,0,171,104,138,137
1778106887.097337,0,0.956466,0.627038,0.599740,0.8452,-0.3576,1.5669,0.000,12.107,167.358,0,0,533,62,124,124
1778106887.197444,0,0.958774,0.627038,0.601188,0.8452,-0.3576,1.5669,-0.000,12.969,167.526,0,0,533,62,124,124
1778106887.264183,21,0.957642,0.627038,0.600478,0.8452,-0.3576,1.5669,-0.000,12.583,167.343,0,0,533,62,124,124
1778106887.264183,21,0.957801,0.626293,0.599864,0.8452,-0.3576,1.5669,-0.000,12.583,167.343,0,0,532,61,123,123
1778106887.364271,21,0.959084,0.626293,0.600667,0.8431,-0.3553,1.5674,0.000,13.014,167.412,0,0,532,61,124,123
1778106887.431022,21,0.955279,0.625833,0.597846,0.8412,-0.3546,1.5664,-0.000,12.582,168.141,0,0,531,61,123,123
1778106887.497761,21,0.955202,0.626852,0.598770,0.8449,-0.3546,1.5684,0.000,12.995,168.842,0,0,531,61,124,123
1778106887.497761,0,0.954569,0.626852,0.598373,0.8449,-0.3546,1.5684,0.000,12.438,168.244,0,0,531,61,124,123
1778106887.497761,21,0.955691,0.626393,0.598638,0.8449,-0.3546,1.5684,0.000,12.438,168.244,0,0,531,62,124,124
1778106887.631235,21,0.956992,0.626781,0.599824,0.8433,-0.3538,1.5659,0.000,13.168,168.599,0,0,530,62,123,124
1778106887.664623,21,0.957435,0.626881,0.600198,0.8433,-0.3523,1.5659,0.000,12.964,168.222,0,0,530,62,123,124
1778106887.697992,21,0.960036,0.626881,0.601829,0.8433,-0.3523,1.5659,-0.000,13.619,168.240,0,0,530,62,124,124
1778106887.764713,0,0.956207,0.626421,0.598988,0.8415,-0.3516,1.5650,0.000,13.092,168.834,0,0,529,62,123,124
1778106887.798081,21,0.958184,0.626520,0.600321,0.8415,-0.3501,1.5650,0.000,13.348,168.585,0,0,529,62,123,124
1778106887.798081,0,0.957631,0.626520,0.599975,0.8415,-0.3501,1.5650,0.000,13.348,168.585,0,0,529,62,123,124
1778106887.964888,21,0.955613,0.626520,0.598711,0.8415,-0.3501,1.5650,0.000,12.721,168.577,0,0,529,62,124,124
1778106887.964888,92,0.901823,0.707525,0.638062,1.0776,0.2431,1.5931,0.000,2.789,-148.756,0,0,170,110,128,117
1778106887.964888,0,0.956742,0.626520,0.599418,0.8415,-0.3501,1.5650,0.000,12.721,168.577,0,0,529,62,124,124
1778106888.031619,0,0.958588,0.626058,0.600131,0.8397,-0.3493,1.5640,-0.000,13.363,168.465,0,0,528,62,123,124
1778106888.098357,21,0.957850,0.627541,0.601090,0.8452,-0.3501,1.5669,0.000,13.050,168.343,0,0,528,62,123,124
1778106888.131721,21,0.960840,0.627541,0.602966,0.8452,-0.3501,1.5669,-0.000,13.911,168.509,0,0,528,62,123,124
1778106888.131721,0,0.959301,0.627152,0.601627,0.8452,-0.3501,1.5669,-0.000,13.911,168.509,0,0,528,61,123,123
1778106888.265189,21,0.954784,0.627541,0.599166,0.8452,-0.3501,1.5669,-0.000,12.514,168.631,0,0,528,62,123,124
1778106888.265189,93,0.815439,0.697538,0.568800,1.0370,0.2559,1.5771,-0.000,3.849,-132.835,0,0,157,109,117,130
1778106888.265189,21,0.959059,0.627541,0.601848,0.8452,-0.3501,1.5669,-0.000,12.514,168.631,0,0,528,62,123,124
1778106888.265189,93,0.827075,0.697538,0.576916,1.0370,0.2559,1.5771,-0.000,3.849,-132.835,0,0,159,109,115,130
1778106888.331927,0,0.957545,0.626619,0.600016,0.8415,-0.3486,1.5650,0.000,13.061,168.469,0,0,528,62,123,124
1778106888.331927,1,0.766085,0.698312,0.534966,1.0398,0.2531,1.5784,0.000,-1.319,-131.192,0,0,156,109,107,126
1778106888.398665,0,0.956870,0.627541,0.600475,0.8452,-0.3501,1.5669,-0.000,13.242,168.965,0,0,528,62,123,124
1778106888.398665,1,0.856762,0.696850,0.597035,1.0342,0.2569,1.5759,0.000,6.238,-136.352,0,0,161,110,118,129
1778106888.498764,0,0.960724,0.626520,0.601913,0.8415,-0.3501,1.5650,0.000,13.631,168.079,0,0,529,62,124,124
1778106888.498764,21,0.958137,0.626520,0.600292,0.8415,-0.3501,1.5650,0.000,13.631,168.079,0,0,529,62,124,124
1778106888.498764,21,0.958316,0.627441,0.601287,0.8415,-0.3501,1.5650,0.000,13.100,168.243,0,0,529,62,124,124
1778106888.598857,21,0.954859,0.627441,0.599118,0.8452,-0.3516,1.5669,0.000,12.848,169.020,0,0,528,61,123,123
1778106888.698980,21,0.959101,0.627441,0.601779,0.8452,-0.3516,1.5669,0.000,13.653,168.691,0,0,529,62,124,124
1778106888.698980,94,0.800680,0.690861,0.553159,1.0223,0.2686,1.5841,0.000,-0.755,-134.230,0,0,148,102,103,136
1778106888.698980,21,0.957314,0.627441,0.600658,0.8452,-0.3516,1.5669,0.000,13.431,169.001,0,0,529,62,124,124
1778106888.799097,0,0.960074,0.626981,0.601948,0.8433,-0.3508,1.5659,0.000,13.540,168.185,0,0,529,62,124,124
1778106888.799097,1,0.834964,0.690161,0.576260,1.0191,0.2605,1.5846,-0.000,1.958,-136.871,0,0,152,101,107,136
1778106888.799097,21,0.959001,0.626981,0.601275,0.8433,-0.3508,1.5659,0.000,13.544,168.574,0,0,529,61,123,123
1778106888.799097,95,0.850584,0.690161,0.587040,1.0191,0.2605,1.5846,0.000,2.755,-138.405,0,0,152,102,104,133
1778106888.799097,21,0.958543,0.627052,0.601056,0.8433,-0.3508,1.5659,0.000,13.544,168.574,0,0,529,61,123,123
1778106888.799097,95,0.856517,0.688435,0.589656,1.0191,0.2605,1.5846,0.000,2.755,-138.405,0,0,155,98,112,133
1778106888.932573,21,0.959451,0.626952,0.601530,0.8449,-0.3516,1.5684,-0.000,13.447,168.476,0,0,530,61,124,123
1778106888.932573,95,0.883971,0.688573,0.608679,1.0153,0.2543,1.5885,0.000,0.591,-142.264,0,0,155,97,108,133
1778106888.932573,96,0.943802,0.686003,0.647451,1.0159,0.2605,1.6004,0.000,2.700,-157.898,0,0,152,92,102,120
1778106889.066036,0,0.958337,0.627638,0.601489,0.8476,-0.3542,1.5699,0.000,13.535,168.599,0,0,530,61,124,123
1778106889.066036,1,0.890349,0.686132,0.610897,1.0090,0.2561,1.5894,0.000,2.067,-146.950,0,0,153,96,104,133
1778106889.132774,0,0.957653,0.627638,0.601059,0.8476,-0.3542,1.5699,0.000,13.803,169.191,0,0,530,61,124,123
1778106889.132774,1,0.867044,0.686132,0.594907,1.0090,0.2561,1.5894,-0.000,1.117,-143.488,0,0,153,96,108,135
1778106889.132774,2,0.934404,0.685543,0.640574,1.0156,0.2605,1.6022,-0.000,4.151,-158.886,0,0,152,91,102,117
1778106889.132774,21,0.957297,0.627638,0.600836,0.8476,-0.3542,1.5699,0.000,13.803,169.191,0,0,530,61,124,123
1778106889.132774,95,0.854508,0.686132,0.586305,1.0090,0.2561,1.5894,-0.000,1.117,-143.488,0,0,152,100,108,133
1778106889.232880,21,0.960106,0.627638,0.602599,0.8476,-0.3542,1.5699,0.000,13.951,168.554,0,0,530,61,124,123
1778106889.232880,95,0.816085,0.688404,0.561796,1.0132,0.2606,1.5837,0.000,4.045,-132.583,0,0,151,100,107,137
1778106889.232880,21,0.959967,0.627638,0.602512,0.8476,-0.3542,1.5699,0.000,13.951,168.554,0,0,530,61,124,123
1778106889.232880,95,0.832550,0.688404,0.573130,1.0132,0.2606,1.5837,0.000,4.045,-132.583,0,0,154,101,112,136
1778106889.366333,21,0.959286,0.628094,0.602522,0.8495,-0.3550,1.5709,0.000,13.940,168.823,0,0,530,61,123,123
1778106889.366333,95,0.874368,0.690136,0.603433,1.0188,0.2515,1.5863,-0.000,5.168,-140.453,0,0,157,100,116,137
1778106889.366333,21,0.958975,0.626952,0.601231,0.8495,-0.3550,1.5709,0.000,13.940,168.823,0,0,530,61,123,123
1778106889.399702,0,0.959282,0.626952,0.601424,0.8449,-0.3531,1.5684,0.000,13.711,168.621,0,0,530,61,123,123
1778106889.399702,21,0.961446,0.627638,0.603440,0.8449,-0.3531,1.5684,0.000,13.850,168.704,0,0,530,61,124,123
1778106889.566517,21,0.963023,0.627638,0.604430,0.8476,-0.3542,1.5699,-0.000,13.993,167.546,0,0,530,61,123,123
1778106889.566517,97,0.850462,0.687052,0.584312,1.0097,0.2561,1.5859,0.000,4.974,-136.722,0,0,153,98,110,139
1778106889.566517,21,0.961025,0.628094,0.603614,0.8495,-0.3550,1.5709,0.000,13.924,168.191,0,0,530,61,123,123
1778106889.566517,97,0.874999,0.687052,0.601170,1.0097,0.2561,1.5859,-0.000,4.137,-141.266,0,0,155,100,114,133
1778106889.633255,21,0.960196,0.628094,0.603093,0.8495,-0.3550,1.5709,0.000,13.627,168.067,0,0,530,61,123,123
1778106889.633255,97,0.891072,0.689963,0.614807,1.0188,0.2551,1.5863,0.000,4.501,-143.796,0,0,161,99,120,135
1778106889.633255,0,0.959914,0.628094,0.602916,0.8495,-0.3550,1.5709,0.000,13.627,168.067,0,0,531,61,124,123
1778106889.633255,1,0.878980,0.694374,0.610341,1.0188,0.2551,1.5863,0.000,4.501,-143.796,0,0,169,103,124,129
1778106889.699994,21,0.960646,0.627537,0.602841,0.8495,-0.3550,1.5709,0.000,13.726,168.311,0,0,531,61,124,122
1778106889.699994,97,0.849898,0.698893,0.593987,1.0389,0.2502,1.5976,0.000,3.623,-143.294,0,0,202,114,107,128
1778106889.766738,21,0.955504,0.627537,0.599615,0.8476,-0.3557,1.5699,-0.000,13.907,168.231,0,0,531,61,124,123
1778106889.766738,97,0.859983,0.654855,0.563164,1.0497,0.2381,1.5947,0.000,8.394,166.149,0,0,197,110,110,135
1778106889.866830,21,0.954678,0.627537,0.599096,0.8476,-0.3557,1.5699,0.000,13.177,168.993,0,0,531,61,123,123
1778106889.866830,97,0.868423,0.654855,0.568691,0.8500,0.1417,1.4926,0.000,5.231,166.693,0,0,149,95,95,133
1778106889.933569,21,0.954909,0.627993,0.599676,0.8495,-0.3565,1.5709,0.000,12.784,168.641,0,0,531,61,123,123
1778106889.933569,97,0.790980,0.685321,0.542076,1.0086,0.2633,1.5912,0.000,-1.143,-133.939,0,0,163,102,122,132
1778106889.933569,21,0.952713,0.627537,0.597863,0.8495,-0.3565,1.5709,0.000,12.784,168.641,0,0,531,61,123,123
1778106889.933569,97,0.772864,0.695663,0.537653,1.0086,0.2633,1.5912,0.000,-1.143,-133.939,0,0,161,103,118,132
1778106890.033658,21,0.959053,0.628345,0.602617,0.8476,-0.3557,1.5699,0.000,12.617,169.139,0,0,532,61,123,123
1778106890.033658,97,0.748119,0.691238,0.517128,1.0376,0.2494,1.5891,-0.000,0.999,-130.669,0,0,156,97,123,139
1778106890.100394,21,0.954724,0.627335,0.598931,0.8513,-0.3587,1.5719,-0.000,13.557,168.233,0,0,533,61,124,123
1778106890.100394,97,0.738144,0.690623,0.509779,1.0298,0.2569,1.5973,-0.000,-2.019,-130.134,0,0,158,97,130,140
1778106890.167124,21,0.954470,0.627335,0.598772,0.8476,-0.3587,1.5699,-0.000,12.606,168.389,0,0,532,61,123,123
1778106890.167124,97,0.735269,0.690623,0.507793,1.0261,0.2522,1.5955,0.000,-2.508,-129.319,0,0,159,100,127,139
1778106890.233862,0,0.953837,0.628345,0.599339,0.8513,-0.3587,1.5719,0.000,12.980,169.199,0,0,533,61,123,123
1778106890.233862,21,0.954642,0.627335,0.598880,0.8513,-0.3587,1.5719,0.000,12.980,169.199,0,0,533,61,123,123
1778106890.333971,21,0.955622,0.627335,0.599495,0.8476,-0.3587,1.5699,0.000,12.975,168.527,0,0,534,62,124,124
1778106890.367339,21,0.954498,0.627621,0.599063,0.8479,-0.3602,1.5684,0.000,12.956,168.923,0,0,534,61,123,123
1778106890.434078,21,0.954517,0.627233,0.598704,0.8476,-0.3602,1.5699,0.000,12.969,168.816,0,0,534,62,123,124
1778106890.500816,21,0.953789,0.626936,0.597965,0.8452,-0.3591,1.5669,0.000,12.546,168.588,0,0,534,62,123,124
1778106890.500816,21,0.955446,0.626936,0.599004,0.8452,-0.3591,1.5669,0.000,12.838,168.445,0,0,534,61,123,123
1778106890.567544,21,0.954707,0.626548,0.598170,0.8449,-0.3591,1.5684,-0.000,12.975,168.761,0,0,534,61,123,123
1778106890.567544,21,0.960709,0.627233,0.602588,0.8449,-0.3591,1.5684,-0.000,12.975,168.761,0,0,535,61,123,123
1778106890.701021,21,0.955908,0.627130,0.599479,0.8476,-0.3617,1.5699,0.000,12.990,168.307,0,0,535,61,124,123
1778106890.701021,21,0.958648,0.627130,0.601197,0.8476,-0.3617,1.5699,0.000,12.990,168.307,0,0,535,61,124,123
1778106890.801123,21,0.960320,0.626447,0.601590,0.8449,-0.3606,1.5684,0.000,13.992,168.169,0,0,535,61,124,123
1778106890.801123,21,0.958123,0.626447,0.600213,0.8449,-0.3606,1.5684,0.000,13.550,168.329,0,0,535,61,124,123
1778106890.867861,21,0.958183,0.627130,0.600905,0.8476,-0.3617,1.5699,0.000,13.371,168.059,0,0,535,61,123,123
1778106890.867861,0,0.957766,0.625989,0.599551,0.8476,-0.3617,1.5699,0.000,13.371,168.059,0,0,535,61,124,123
1778106891.034708,21,0.958355,0.625429,0.599383,0.8412,-0.3605,1.5664,0.000,13.354,167.904,0,0,536,61,124,123
1778106891.034708,99,0.952094,0.690309,0.657239,1.0312,0.2504,1.6057,0.000,12.920,-149.500,0,0,160,93,126,147
1778106891.034708,21,0.959132,0.625429,0.599869,0.8412,-0.3605,1.5664,0.000,13.354,167.904,0,0,536,61,124,123
1778106891.034708,99,0.815869,0.690309,0.563202,1.0312,0.2504,1.6057,0.000,12.920,-149.500,0,0,149,96,112,137
1778106891.034708,0,0.954872,0.626344,0.598079,0.8412,-0.3605,1.5664,0.000,13.498,167.834,0,0,536,61,124,123
1778106891.134810,0,0.956899,0.626344,0.599348,0.8449,-0.3620,1.5684,0.000,12.738,168.228,0,0,536,61,124,123
1778106891.201544,21,0.959353,0.625429,0.600007,0.8412,-0.3605,1.5664,0.000,13.305,167.475,0,0,536,61,124,123
1778106891.201544,99,0.855334,0.683654,0.584752,1.0027,0.2615,1.5903,0.000,2.500,-139.603,0,0,144,93,104,133
1778106891.301657,21,0.959249,0.624970,0.599502,0.8394,-0.3597,1.5654,0.000,13.397,167.647,0,0,536,61,125,123
1778106891.301657,99,0.921436,0.680720,0.627240,0.9960,0.2668,1.5928,0.000,3.466,-153.140,0,0,145,91,104,133
1778106891.301657,21,0.955709,0.624970,0.597290,0.8394,-0.3597,1.5654,0.000,12.715,167.906,0,0,536,61,123,123
1778106891.301657,99,0.802858,0.680720,0.546521,0.9960,0.2668,1.5928,-0.000,-0.956,-135.216,0,0,147,94,108,137
1778106891.401765,21,0.958125,0.625429,0.599240,0.8412,-0.3605,1.5664,0.000,13.180,167.735,0,0,536,61,124,122
1778106891.401765,0,0.956260,0.625429,0.598073,0.8412,-0.3605,1.5664,0.000,12.849,167.910,0,0,536,61,124,122
1778106891.535237,0,0.957965,0.625429,0.599140,0.8412,-0.3605,1.5664,-0.000,13.060,167.616,0,0,536,61,124,122
1778106891.535237,1,0.665371,0.653732,0.434975,0.8131,0.0972,1.4377,-0.000,0.121,145.134,0,0,222,136,110,122
1778106891.535237,2,0.937244,0.680355,0.637659,0.9957,0.2651,1.5945,0.000,4.823,-157.421,0,0,146,90,107,136
1778106891.535237,3,0.985502,0.697686,0.687571,1.0462,0.2299,1.5970,0.000,16.184,-171.429,0,0,173,101,138,137
1778106891.601959,0,0.957010,0.624970,0.598103,0.8394,-0.3597,1.5654,0.000,13.155,168.091,0,0,536,61,124,122
1778106891.601959,1,0.937583,0.679901,0.637463,0.9954,0.2651,1.5963,-0.000,4.635,-159.209,0,0,146,89,108,135
1778106891.668662,21,0.957308,0.624970,0.598288,0.8394,-0.3597,1.5654,0.000,13.145,167.973,0,0,536,61,124,122
1778106891.668662,100,0.945307,0.678753,0.641630,0.9922,0.2659,1.5966,0.000,5.967,-159.634,0,0,145,88,106,133
1778106891.735394,21,0.959317,0.625429,0.599985,0.8412,-0.3605,1.5664,0.000,13.296,167.475,0,0,536,61,124,122
1778106891.735394,100,0.940983,0.679724,0.639609,0.9954,0.2686,1.5963,0.000,5.652,-156.730,0,0,144,89,110,133
1778106891.735394,21,0.956340,0.625429,0.598123,0.8412,-0.3605,1.5664,0.000,13.052,168.174,0,0,536,61,124,122
1778106891.735394,100,0.958241,0.679724,0.651339,0.9954,0.2686,1.5963,0.000,8.158,-163.376,0,0,145,88,110,130
1778106891.735394,21,0.958817,0.625429,0.599672,0.8412,-0.3605,1.5664,0.000,13.052,168.174,0,0,535,61,124,122
1778106891.735394,100,0.951886,0.679360,0.646673,0.9954,0.2686,1.5963,0.000,8.158,-163.376,0,0,144,88,113,128
1778106891.868867,21,0.958486,0.625989,0.600002,0.8431,-0.3598,1.5674,0.000,13.180,167.677,0,0,535,61,124,122
1778106891.868867,100,0.948946,0.679875,0.645165,0.9978,0.2695,1.5993,0.000,6.489,-163.606,0,0,145,89,112,130
1778106891.868867,21,0.959373,0.624711,0.599330,0.8431,-0.3598,1.5674,0.000,13.180,167.677,0,0,534,61,124,122
1778106891.868867,100,0.937448,0.680239,0.637689,0.9978,0.2695,1.5993,0.000,6.489,-163.606,0,0,143,89,108,128
1778106892.069084,21,0.960108,0.625632,0.600675,0.8412,-0.3575,1.5664,0.000,13.472,167.586,0,0,534,61,124,122
1778106892.069084,100,0.949410,0.680841,0.646397,1.0009,0.2722,1.5990,0.000,6.652,-159.031,0,0,143,89,108,130
1778106892.069084,21,0.959346,0.625632,0.600197,0.8412,-0.3575,1.5664,-0.000,13.174,167.422,0,0,534,61,124,122
1778106892.069084,100,0.955481,0.680841,0.650530,1.0009,0.2722,1.5990,0.000,7.571,-161.457,0,0,143,86,108,133
1778106892.169198,21,0.958600,0.625172,0.599290,0.8394,-0.3568,1.5654,0.000,13.446,168.091,0,0,533,61,124,122
1778106892.169198,100,0.956415,0.681855,0.652136,1.0110,0.2758,1.6096,0.000,8.015,-161.957,0,0,142,87,107,132
1778106892.169198,21,0.961006,0.625272,0.600891,0.8394,-0.3568,1.5654,0.000,13.446,168.091,0,0,532,60,124,121
1778106892.169198,100,0.952182,0.682219,0.649597,1.0110,0.2758,1.6096,0.000,8.015,-161.957,0,0,142,87,107,129
1778106892.269345,21,0.964824,0.624986,0.603002,0.8391,-0.3538,1.5669,-0.000,14.761,167.689,0,0,532,60,124,121
1778106892.269345,100,0.953766,0.682219,0.650678,1.0114,0.2776,1.6079,0.000,7.410,-161.348,0,0,144,86,110,129
1778106892.336097,21,0.960696,0.624986,0.600422,0.8391,-0.3538,1.5669,0.000,13.601,167.571,0,0,532,60,124,121
1778106892.336097,100,0.942176,0.682535,0.643068,1.0138,0.2749,1.6110,0.000,5.581,-159.585,0,0,142,87,113,135
1778106892.402835,21,0.961833,0.625905,0.602017,0.8428,-0.3553,1.5689,0.000,13.907,167.599,0,0,532,61,124,122
1778106892.402835,100,0.927163,0.682808,0.633074,1.0142,0.2785,1.6092,0.000,3.368,-157.209,0,0,143,88,107,135
1778106892.469574,21,0.961569,0.625373,0.601339,0.8394,-0.3538,1.5654,0.000,13.894,167.805,0,0,531,61,125,122
1778106892.469574,100,0.961639,0.683358,0.657143,1.0145,0.2767,1.6075,0.000,8.936,-160.805,0,0,145,87,112,135
1778106892.569682,21,0.960427,0.626852,0.602045,0.8449,-0.3546,1.5684,-0.000,13.242,167.325,0,0,531,61,124,122
1778106892.569682,100,0.944475,0.683891,0.645918,1.0096,0.2588,1.6013,0.000,6.697,-169.773,0,0,152,90,120,124
1778106892.569682,21,0.964176,0.626393,0.603953,0.8449,-0.3546,1.5684,-0.000,13.242,167.325,0,0,531,61,123,122
1778106892.569682,100,0.939061,0.683836,0.642164,1.0096,0.2588,1.6013,0.000,6.697,-169.773,0,0,152,86,117,125
1778106892.636406,21,0.963176,0.626393,0.603327,0.8431,-0.3538,1.5674,0.000,13.866,166.821,0,0,531,61,123,122
1778106892.636406,100,0.939629,0.684536,0.643209,1.0166,0.2613,1.6124,0.000,5.815,-168.869,0,0,151,89,114,122
1778106892.703140,21,0.961043,0.626393,0.601990,0.8431,-0.3538,1.5674,-0.000,13.534,166.694,0,0,531,61,124,122
1778106892.703140,100,0.931821,0.684536,0.637865,1.0149,0.2623,1.6057,-0.000,4.910,-164.982,0,0,150,88,115,125
1778106892.836593,21,0.964235,0.626393,0.603990,0.8431,-0.3538,1.5674,0.000,13.708,166.539,0,0,531,61,124,122
1778106892.836593,100,0.942128,0.686480,0.646752,1.0232,0.2612,1.6098,0.000,5.648,-167.142,0,0,153,89,122,126
1778106892.836593,21,0.963238,0.626005,0.602992,0.8431,-0.3538,1.5674,0.000,13.708,166.539,0,0,531,60,124,121
1778106892.836593,100,0.945942,0.686105,0.649016,1.0232,0.2612,1.6098,0.000,5.648,-167.142,0,0,154,88,120,128
1778106892.903319,21,0.961711,0.625933,0.601967,0.8428,-0.3538,1.5689,0.000,14.193,167.557,0,0,531,61,124,122
1778106892.903319,100,0.938586,0.686942,0.644754,1.0229,0.2594,1.6115,-0.000,6.428,-167.246,0,0,153,90,120,126
1778106892.970042,21,0.962582,0.625933,0.602512,0.8412,-0.3531,1.5664,-0.000,13.317,166.938,0,0,531,60,124,121
1778106892.970042,100,0.953250,0.686942,0.654827,1.0236,0.2612,1.6080,-0.000,5.135,-168.023,0,0,153,89,120,128
1778106893.070120,21,0.963552,0.626005,0.603189,0.8428,-0.3538,1.5689,0.000,14.060,167.237,0,0,531,60,124,121
1778106893.070120,100,0.946433,0.687260,0.650445,1.0270,0.2624,1.6116,0.000,6.158,-165.583,0,0,152,89,122,126
1778106893.070120,21,0.961733,0.626005,0.602050,0.8428,-0.3538,1.5689,0.000,14.060,167.237,0,0,531,61,124,122
1778106893.070120,100,0.944516,0.687171,0.649044,1.0270,0.2624,1.6116,0.000,6.158,-165.583,0,0,152,89,120,126
1778106893.270352,21,0.959475,0.626852,0.601448,0.8449,-0.3546,1.5684,0.000,12.952,167.230,0,0,531,61,124,122
1778106893.270352,100,0.953078,0.686620,0.654402,1.0266,0.2660,1.6133,-0.000,7.663,-166.646,0,0,151,88,123,129
1778106893.337067,21,0.959382,0.625446,0.600042,0.8409,-0.3546,1.5679,0.000,13.004,167.140,0,0,532,60,124,121
1778106893.337067,100,0.944899,0.688037,0.650126,1.0301,0.2687,1.6111,0.000,5.985,-166.717,0,0,150,90,122,129
1778106893.337067,21,0.960709,0.625905,0.601313,0.8409,-0.3546,1.5679,0.000,13.004,167.140,0,0,532,60,124,121
1778106893.337067,100,0.944773,0.688062,0.650062,1.0301,0.2687,1.6111,0.000,5.985,-166.717,0,0,149,89,118,128
1778106893.470530,21,0.960104,0.626363,0.601373,0.8446,-0.3561,1.5699,-0.000,13.211,167.193,0,0,532,60,125,121
1778106893.470530,100,0.947789,0.688617,0.652664,1.0329,0.2696,1.6125,-0.000,6.222,-164.813,0,0,150,90,120,126
1778106893.537283,21,0.960663,0.625905,0.601284,0.8428,-0.3553,1.5689,0.000,13.657,167.667,0,0,532,60,125,121
1778106893.537283,100,0.935191,0.688547,0.643923,1.0353,0.2741,1.6156,0.000,4.353,-166.290,0,0,148,89,122,129
1778106893.604021,21,0.958923,0.627047,0.601290,0.8474,-0.3572,1.5714,0.000,13.142,167.536,0,0,532,60,125,121
1778106893.604021,100,0.944927,0.689586,0.651608,1.0385,0.2750,1.6151,-0.000,5.618,-161.424,0,0,148,90,120,128
1778106893.604021,0,0.959774,0.627047,0.601823,0.8474,-0.3572,1.5714,0.000,13.624,167.945,0,0,532,60,125,121
1778106893.670760,0,0.962589,0.627047,0.603589,0.8474,-0.3572,1.5714,0.000,13.851,167.225,0,0,533,60,124,121
1778106893.737498,0,0.963234,0.626262,0.603237,0.8446,-0.3576,1.5699,0.000,13.765,166.765,0,0,532,60,125,121
1778106893.737498,21,0.962837,0.627502,0.604182,0.8446,-0.3576,1.5699,0.000,13.765,166.765,0,0,532,60,125,121
1778106893.770880,21,0.965539,0.627502,0.605878,0.8492,-0.3580,1.5724,0.000,13.847,167.122,0,0,532,61,125,122
1778106893.870987,21,0.965990,0.628345,0.606975,0.8513,-0.3587,1.5719,0.000,13.977,166.166,0,0,532,60,125,121
1778106893.870987,102,0.962812,0.692698,0.666939,1.0489,0.2816,1.6142,0.000,8.720,-162.393,0,0,147,94,116,129
1778106893.937727,21,0.963620,0.628408,0.605546,0.8529,-0.3595,1.5744,-0.000,13.571,166.354,0,0,532,60,125,121
1778106893.937727,102,0.948781,0.694584,0.659008,1.0558,0.2818,1.6154,0.000,6.495,-157.647,0,0,146,95,115,128
1778106893.937727,21,0.966428,0.628408,0.607311,0.8529,-0.3595,1.5744,-0.000,13.571,166.354,0,0,532,61,124,122
1778106893.937727,102,0.966311,0.694956,0.671544,1.0558,0.2818,1.6154,0.000,6.495,-157.647,0,0,149,96,117,129
1778106894.004455,21,0.964170,0.628798,0.606268,0.8529,-0.3595,1.5744,-0.000,14.118,166.064,0,0,532,60,124,121
1778106894.004455,102,0.967135,0.697590,0.674664,1.0561,0.2837,1.6136,-0.000,9.723,-166.110,0,0,150,97,120,129
1778106894.137932,21,0.965743,0.628859,0.607316,0.8547,-0.3603,1.5754,-0.000,13.822,165.857,0,0,531,60,123,121
1778106894.204672,0,0.965032,0.628509,0.606532,0.8529,-0.3580,1.5744,0.000,13.627,165.897,0,0,531,61,123,122
1778106894.271410,21,0.968097,0.629803,0.609710,0.8568,-0.3595,1.5749,0.000,14.066,165.422,0,0,531,60,123,121
1778106894.271410,21,0.965816,0.628961,0.607461,0.8568,-0.3595,1.5749,0.000,14.066,165.422,0,0,531,61,124,122
1778106894.404891,21,0.965550,0.630477,0.608757,0.8596,-0.3607,1.5764,0.000,13.097,164.776,0,0,531,61,123,122
1778106894.404891,103,0.959335,0.703910,0.675285,1.0897,0.2879,1.6191,0.000,8.516,-156.498,0,0,147,101,110,125
1778106894.505000,21,0.964862,0.630925,0.608755,0.8614,-0.3614,1.5774,0.000,12.763,164.400,0,0,531,61,123,122
1778106894.505000,103,0.972381,0.705648,0.686159,1.0909,0.2821,1.6134,0.000,10.732,-167.481,0,0,152,103,118,128
1778106894.505000,21,0.967255,0.630925,0.610265,0.8614,-0.3614,1.5774,0.000,13.301,164.300,0,0,532,61,124,122
1778106894.505000,103,0.962154,0.705648,0.678942,1.0909,0.2821,1.6134,-0.000,7.750,-162.333,0,0,148,105,114,122
1778106894.505000,21,0.966658,0.631267,0.610219,0.8614,-0.3614,1.5774,0.000,13.301,164.300,0,0,532,61,123,122
1778106894.505000,103,0.956362,0.704137,0.673411,1.0909,0.2821,1.6134,-0.000,7.750,-162.333,0,0,145,104,107,122
1778106894.605101,21,0.960923,0.631163,0.606499,0.8633,-0.3637,1.5784,0.000,12.824,163.436,0,0,533,61,124,123
1778106894.605101,103,0.947452,0.701879,0.664996,1.0847,0.2936,1.6085,-0.000,7.303,-168.080,0,0,141,104,106,128
1778106894.671831,21,0.962414,0.632714,0.608933,0.8633,-0.3652,1.5784,0.000,11.703,163.913,0,0,533,61,124,123
1778106894.671831,103,0.924140,0.703543,0.650172,1.0753,0.2982,1.6043,0.000,6.969,-171.293,0,0,138,107,103,120
1778106894.738568,21,0.964042,0.632609,0.609862,0.8697,-0.3679,1.5818,0.000,11.899,163.549,0,0,534,61,124,123
1778106894.738568,103,0.766687,0.701134,0.537551,1.0793,0.3048,1.6000,0.000,7.861,-178.955,0,0,134,104,103,106
1778106894.805297,21,0.963433,0.632942,0.609797,0.8697,-0.3695,1.5818,0.000,12.219,163.356,0,0,535,61,124,122
1778106894.805297,103,0.770109,0.701134,0.539950,1.0753,0.3115,1.6043,-0.000,1.969,163.811,0,0,134,104,105,110
1778106894.872036,21,0.966907,0.632942,0.611996,0.8716,-0.3718,1.5828,0.000,12.114,163.400,0,0,535,61,124,123
1778106894.872036,103,0.746023,0.701134,0.523062,1.0753,0.3115,1.6043,0.000,3.620,163.066,0,0,133,104,103,109
1778106894.938766,21,0.967476,0.634908,0.614258,0.8798,-0.3752,1.5873,-0.000,12.217,160.580,0,0,537,61,124,122
1778106894.938766,103,0.717812,0.701026,0.503205,1.0753,0.3134,1.6043,0.000,1.870,158.943,0,0,132,105,100,111
1778106895.005505,21,0.956758,0.632289,0.604948,0.8697,-0.3741,1.5818,-0.000,10.090,161.380,0,0,538,61,124,122
1778106895.005505,103,0.699558,0.701389,0.490662,1.0757,0.3153,1.6024,0.000,2.371,156.942,0,0,133,105,100,111
1778106895.072242,21,0.965068,0.633058,0.610944,0.8734,-0.3772,1.5838,0.000,11.621,160.293,0,0,538,61,125,122
1778106895.072242,103,0.715111,0.701499,0.501650,1.0757,0.3134,1.6024,0.000,3.206,157.823,0,0,133,106,100,110
1778106895.138965,21,0.957881,0.633058,0.606395,0.8734,-0.3772,1.5838,0.000,10.166,160.669,0,0,539,60,124,121
1778106895.138965,103,0.706659,0.701232,0.495532,1.0724,0.3121,1.5989,0.000,2.842,157.194,0,0,133,105,100,109
1778106895.205703,21,0.962277,0.632118,0.608272,0.8713,-0.3779,1.5844,0.000,10.901,159.071,0,0,541,60,124,121
1778106895.205703,103,0.719941,0.700202,0.504104,1.0692,0.3112,1.5995,0.000,2.463,158.733,0,0,133,105,102,109
1778106895.305810,21,0.954727,0.630207,0.601676,0.8633,-0.3790,1.5784,0.000,9.401,159.920,0,0,542,61,124,122
1778106895.305810,103,0.728194,0.697579,0.507973,1.0537,0.3039,1.5905,-0.000,1.293,160.146,0,0,134,106,102,106
1778106895.305810,21,0.963180,0.630207,0.607003,0.8633,-0.3790,1.5784,0.000,9.401,159.920,0,0,543,60,124,121
1778106895.305810,103,0.746076,0.697579,0.520447,1.0537,0.3039,1.5905,-0.000,1.293,160.146,0,0,136,106,100,110
1778106895.305810,21,0.962492,0.627991,0.604436,0.8633,-0.3790,1.5784,0.000,11.036,159.324,0,0,544,61,125,122
1778106895.305810,103,0.760558,0.698360,0.531144,1.0537,0.3039,1.5905,0.000,3.115,160.782,0,0,136,106,98,111
1778106895.439287,21,0.953047,0.625273,0.595915,0.8550,-0.3784,1.5739,0.000,10.892,159.359,0,0,549,60,125,121
1778106895.439287,103,0.795688,0.698465,0.555760,1.0565,0.3011,1.5917,0.000,3.735,161.702,0,0,139,108,102,122
1778106895.572764,21,0.962573,0.623479,0.600144,0.8409,-0.3828,1.5679,0.000,10.779,158.031,0,0,551,60,126,120
1778106895.572764,103,0.810897,0.698198,0.566167,1.0512,0.2900,1.5874,-0.000,6.289,165.123,0,0,141,107,103,121
1778106895.572764,21,0.970454,0.619771,0.601459,0.8409,-0.3828,1.5679,0.000,10.779,158.031,0,0,555,61,126,123
1778106895.572764,103,0.825219,0.698489,0.576407,1.0512,0.2900,1.5874,-0.000,6.289,165.123,0,0,145,108,104,121
1778106895.639498,0,0.968746,0.619771,0.600401,0.8265,-0.3820,1.5584,0.000,12.644,158.921,0,0,556,62,126,124
1778106895.639498,21,0.969185,0.619115,0.600037,0.8265,-0.3820,1.5584,0.000,12.073,158.109,0,0,556,61,125,123
1778106895.906452,21,0.973227,0.619221,0.602642,0.8231,-0.3803,1.5550,0.000,13.009,157.703,0,0,555,62,126,124
1778106895.906452,106,0.828022,0.698608,0.578463,1.0561,0.2881,1.5936,-0.000,2.929,169.531,0,0,143,105,103,117
1778106895.906452,21,0.974842,0.619221,0.603643,0.8231,-0.3803,1.5550,0.000,13.391,157.497,0,0,554,62,126,125
1778106895.906452,107,0.829881,0.698608,0.579761,1.0561,0.2881,1.5936,0.000,5.078,168.135,0,0,144,105,102,118
1778106895.973189,21,0.972163,0.619791,0.602538,0.8249,-0.3797,1.5560,-0.000,12.971,158.901,0,0,552,61,125,123
1778106895.973189,108,0.896798,0.699469,0.627283,1.0598,0.2874,1.5953,0.000,6.876,176.394,0,0,145,105,96,117
1778106896.039928,21,0.964353,0.621472,0.599318,0.8320,-0.3801,1.5614,0.000,11.343,159.494,0,0,548,61,125,123
1778106896.039928,109,0.942885,0.698807,0.658895,1.0561,0.2844,1.5936,0.000,9.107,-176.289,0,0,146,104,92,114
1778106896.039928,21,0.967509,0.625089,0.604780,0.8320,-0.3801,1.5614,0.000,11.343,159.494,0,0,548,61,124,123
1778106896.039928,110,0.934146,0.697860,0.651904,1.0561,0.2844,1.5936,0.000,9.107,-176.289,0,0,149,104,98,117
1778106896.206734,21,0.969565,0.627482,0.608385,0.8516,-0.3768,1.5704,-0.000,12.659,160.492,0,0,544,62,125,124
1778106896.206734,111,0.964127,0.703091,0.677869,1.0637,0.2564,1.5910,0.000,10.656,-173.332,0,0,161,108,114,132
1778106896.206734,21,0.966990,0.627482,0.606769,0.8516,-0.3768,1.5704,0.000,11.867,159.700,0,0,544,61,124,123
1778106896.206734,111,0.935657,0.703091,0.657852,1.0637,0.2564,1.5910,0.000,8.927,-179.579,0,0,167,108,122,133
1778106896.206734,0,0.968713,0.627543,0.607909,0.8516,-0.3768,1.5704,0.000,11.867,159.700,0,0,541,61,124,123
1778106896.206734,1,0.979623,0.698815,0.684575,1.0637,0.2564,1.5910,0.000,8.927,-179.579,0,0,152,105,97,124
1778106896.306842,21,0.964920,0.628758,0.606701,0.8532,-0.3776,1.5729,0.000,12.726,161.139,0,0,540,62,123,124
1778106896.306842,111,0.982161,0.698330,0.685873,1.0533,0.2723,1.5923,0.000,12.162,-159.798,0,0,150,105,95,124
1778106896.440322,21,0.966473,0.630370,0.609236,0.8617,-0.3751,1.5759,0.000,12.406,162.244,0,0,539,62,123,124
1778106896.440322,111,0.982719,0.698141,0.686077,1.0505,0.2733,1.5910,0.000,12.709,-161.973,0,0,150,104,96,128
1778106896.507060,21,0.965948,0.630922,0.609437,0.8636,-0.3744,1.5769,0.000,12.576,163.089,0,0,538,61,123,123
1778106896.507060,0,0.965922,0.630636,0.609145,0.8636,-0.3744,1.5769,0.000,12.576,163.089,0,0,538,61,122,123
1778106896.540426,21,0.967380,0.630636,0.610064,0.8633,-0.3729,1.5784,0.000,12.739,163.343,0,0,537,62,123,124
1778106896.673875,21,0.967644,0.632022,0.611572,0.8673,-0.3729,1.5788,0.000,13.468,164.279,0,0,537,62,124,125
1778106896.707232,21,0.966607,0.632684,0.611556,0.8700,-0.3741,1.5803,0.000,13.251,164.368,0,0,537,62,123,124
1778106896.707232,21,0.966441,0.633563,0.612301,0.8700,-0.3741,1.5803,0.000,13.251,164.368,0,0,538,62,124,124
1778106896.840705,21,0.964365,0.633454,0.610881,0.8737,-0.3772,1.5823,0.000,12.413,163.663,0,0,538,62,124,124
1778106896.840705,114,0.739782,0.692392,0.512219,1.0341,0.2833,1.5914,0.000,4.950,158.537,0,0,141,102,97,118
1778106896.907447,21,0.965559,0.634545,0.612691,0.8783,-0.3791,1.5848,0.000,12.403,162.932,0,0,538,62,123,124
1778106896.907447,114,0.772421,0.693344,0.535554,1.0372,0.2860,1.5909,0.000,8.921,159.707,0,0,139,102,94,117
1778106896.907447,21,0.964183,0.634545,0.611818,0.8783,-0.3791,1.5848,0.000,12.403,162.932,0,0,540,62,124,124
1778106896.907447,114,0.802307,0.694307,0.557047,1.0372,0.2860,1.5909,0.000,8.921,159.707,0,0,141,105,100,118
1778106896.974195,21,0.962844,0.633237,0.609708,0.8783,-0.3791,1.5848,0.000,11.880,162.356,0,0,540,62,123,124
1778106896.974195,114,0.822044,0.696477,0.572535,1.0428,0.2915,1.5935,0.000,8.794,163.121,0,0,142,106,100,122
1778106897.174401,21,0.963700,0.632690,0.609723,0.8719,-0.3810,1.5813,-0.000,11.808,162.331,0,0,541,62,123,124
1778106897.174401,114,0.810877,0.693568,0.562399,1.0327,0.2842,1.5830,-0.000,5.639,165.630,0,0,141,105,103,117
1778106897.174401,21,0.967241,0.630933,0.610264,0.8719,-0.3810,1.5813,-0.000,11.808,162.331,0,0,543,62,125,125
1778106897.174401,114,0.826651,0.692186,0.572196,1.0327,0.2842,1.5830,-0.000,5.639,165.630,0,0,141,105,98,121
1778106897.307881,21,0.968818,0.630824,0.611154,0.8654,-0.3828,1.5779,0.000,12.713,161.296,0,0,544,62,125,124
1778106897.307881,114,0.802135,0.693342,0.556154,1.0293,0.2812,1.5795,0.000,6.376,164.028,0,0,142,106,102,120
1778106897.307881,21,0.969164,0.630824,0.611372,0.8654,-0.3828,1.5779,0.000,12.770,161.211,0,0,545,62,124,125
1778106897.374600,21,0.970838,0.631155,0.612749,0.8673,-0.3852,1.5788,-0.000,13.342,161.622,0,0,546,62,124,125
1778106897.474707,0,0.967567,0.630605,0.610152,0.8654,-0.3859,1.5779,0.000,12.472,161.397,0,0,546,62,125,125
1778106897.474707,1,0.813962,0.692315,0.563518,1.0286,0.2830,1.5831,0.000,9.426,163.820,0,0,141,104,103,120
1778106897.474707,21,0.971004,0.630605,0.612320,0.8654,-0.3859,1.5779,0.000,12.472,161.397,0,0,547,63,124,126
1778106897.474707,115,0.804270,0.692315,0.556809,1.0286,0.2830,1.5831,0.000,9.426,163.820,0,0,144,105,104,120
1778106897.641577,21,0.970511,0.630445,0.611854,0.8639,-0.3866,1.5754,0.000,12.969,160.939,0,0,551,64,125,128
1778106897.641577,115,0.775721,0.693860,0.538242,1.0327,0.2788,1.5830,0.000,5.965,161.255,0,0,141,102,103,117
1778106897.641577,116,0.695428,0.659885,0.458903,0.8317,0.1060,1.4419,0.000,2.678,146.774,0,0,218,138,107,120
1778106897.641577,0,0.972248,0.628841,0.611390,0.8577,-0.3898,1.5704,0.000,13.251,160.548,0,0,551,64,125,129
1778106897.641577,1,0.713626,0.659885,0.470911,0.8317,0.1060,1.4419,-0.000,1.205,149.218,0,0,218,137,115,125
1778106897.708295,21,0.975089,0.628395,0.612741,0.8559,-0.3890,1.5694,0.000,14.113,160.841,0,0,552,64,125,128
1778106897.708295,116,0.720386,0.660029,0.475475,0.8333,0.1063,1.4440,-0.000,1.586,149.684,0,0,219,137,114,128
1778106897.708295,21,0.974015,0.626491,0.610212,0.8559,-0.3890,1.5694,0.000,14.113,160.841,0,0,552,64,125,129
1778106897.708295,116,0.686371,0.660064,0.453049,0.8333,0.1063,1.4440,-0.000,1.586,149.684,0,0,220,137,115,128
1778106897.941865,21,0.969241,0.627113,0.607824,0.8519,-0.3873,1.5689,-0.000,12.617,160.657,0,0,551,63,124,127
1778106897.941865,116,0.711965,0.660522,0.470269,0.8336,0.1035,1.4426,0.000,3.688,147.561,0,0,220,138,108,121
1778106897.941865,117,0.922845,0.694603,0.641011,1.0400,0.2741,1.5922,0.000,8.212,179.997,0,0,174,109,125,133
1778106898.041974,21,0.968570,0.628673,0.608914,0.8574,-0.3868,1.5719,0.000,12.209,159.861,0,0,549,63,125,127
1778106898.041974,116,0.710921,0.661088,0.469981,0.8355,0.1038,1.4434,0.000,1.728,148.478,0,0,220,138,112,124
1778106898.041974,118,0.969716,0.695445,0.674383,1.0408,0.2759,1.5886,0.000,15.077,-150.436,0,0,147,104,98,132
1778106898.041974,117,0.868780,0.654007,0.568188,0.8405,0.1451,1.4791,-0.000,9.970,164.761,0,0,193,116,144,148
1778106898.142081,21,0.964363,0.628227,0.605839,0.8556,-0.3860,1.5709,0.000,11.274,159.998,0,0,549,63,124,127
1778106898.142081,116,0.705995,0.660168,0.466075,0.8333,0.1006,1.4440,0.000,1.868,147.787,0,0,222,137,116,125
1778106898.142081,118,0.950941,0.658721,0.626405,0.8646,0.1703,1.4959,0.000,10.992,-179.969,0,0,180,112,152,147
1778106898.142081,117,0.968176,0.694459,0.672359,1.0352,0.2705,1.5861,-0.000,12.573,-152.627,0,0,149,104,103,133
1778106898.142081,0,0.968162,0.628227,0.608225,0.8556,-0.3860,1.5709,0.000,12.073,159.700,0,0,549,63,124,126
1778106898.142081,1,0.744203,0.660168,0.491299,0.8333,0.1006,1.4440,-0.000,1.868,151.426,0,0,221,137,114,124
1778106898.142081,2,0.938102,0.658721,0.617948,0.8646,0.1703,1.4959,0.000,9.747,178.091,0,0,182,112,150,147
1778106898.142081,21,0.966362,0.629449,0.608276,0.8556,-0.3860,1.5709,0.000,12.073,159.700,0,0,548,63,125,126
1778106898.142081,116,0.737187,0.660168,0.486667,0.8333,0.1006,1.4440,-0.000,1.868,151.426,0,0,222,137,116,125
1778106898.142081,117,0.935682,0.696899,0.652076,0.8646,0.1703,1.4959,0.000,9.747,178.091,0,0,177,110,147,149
1778106898.308918,21,0.966891,0.629449,0.608609,0.8602,-0.3865,1.5734,0.000,11.583,159.387,0,0,548,63,124,126
1778106898.308918,116,0.749165,0.660168,0.494575,0.8333,0.1006,1.4440,0.000,2.325,150.480,0,0,221,139,114,122
1778106898.308918,118,0.951796,0.696899,0.663306,1.0473,0.2761,1.5916,0.000,8.247,-177.294,0,0,149,103,100,135
1778106898.475761,21,0.965500,0.629669,0.607945,0.8602,-0.3835,1.5734,-0.000,11.261,158.662,0,0,546,63,124,127
1778106898.475761,116,0.748911,0.660134,0.494382,0.8333,0.1021,1.4440,-0.000,2.477,151.647,0,0,221,137,114,126
1778106898.475761,117,0.908296,0.653517,0.593587,0.8386,0.1432,1.4783,0.000,9.708,170.727,0,0,194,116,146,145
1778106898.475761,118,0.943794,0.697670,0.658456,1.0501,0.2733,1.5928,-0.000,13.235,-145.549,0,0,150,104,102,132
1778106898.575851,21,0.966338,0.629669,0.608472,0.8602,-0.3835,1.5734,0.000,11.408,158.371,0,0,545,63,124,127
1778106898.575851,116,0.740600,0.660168,0.488920,0.8333,0.1006,1.4440,0.000,1.156,151.486,0,0,222,137,116,125
1778106898.575851,117,0.911579,0.654027,0.596197,0.8421,0.1484,1.4813,0.000,8.112,172.874,0,0,191,115,145,147
1778106898.575851,118,0.879629,0.697176,0.613257,1.0477,0.2798,1.5898,-0.000,11.752,-135.167,0,0,146,105,95,137
1778106898.575851,21,0.963840,0.629777,0.607005,0.8602,-0.3819,1.5734,0.000,10.967,159.107,0,0,544,63,124,127
1778106898.575851,116,0.748401,0.660168,0.494070,0.8333,0.1006,1.4440,0.000,1.411,152.113,0,0,222,137,116,126
1778106898.575851,117,0.932572,0.654027,0.609927,0.8421,0.1484,1.4813,0.000,13.585,172.909,0,0,193,115,143,141
1778106898.575851,118,0.914592,0.697176,0.637632,1.0477,0.2798,1.5898,0.000,12.120,-140.286,0,0,147,103,98,137
1778106898.675976,21,0.961721,0.630331,0.606202,0.8620,-0.3812,1.5744,-0.000,10.458,158.728,0,0,543,63,124,126
1778106898.675976,116,0.715691,0.660168,0.472477,0.8333,0.1006,1.4440,-0.000,1.490,148.893,0,0,222,137,116,126
1778106898.675976,117,0.903651,0.653588,0.590616,0.8402,0.1451,1.4805,0.000,10.072,169.867,0,0,196,117,140,141
1778106898.675976,118,0.907861,0.696911,0.632699,1.0497,0.2789,1.5947,0.000,11.761,-139.569,0,0,150,102,103,135
1778106898.842788,21,0.966055,0.631434,0.610001,0.8657,-0.3798,1.5764,0.000,11.447,159.017,0,0,542,63,124,126
1778106898.842788,116,0.737808,0.660592,0.487390,0.8336,0.1006,1.4426,-0.000,0.672,151.450,0,0,222,138,117,126
1778106898.842788,117,0.897099,0.653656,0.586395,0.8418,0.1469,1.4828,-0.000,13.782,166.942,0,0,192,114,136,137
1778106898.842788,118,0.938341,0.697102,0.654120,1.0494,0.2659,1.5965,0.000,13.994,-144.422,0,0,154,102,107,132
1778106898.842788,21,0.966810,0.631434,0.610477,0.8657,-0.3798,1.5764,-0.000,11.584,158.784,0,0,541,63,123,126
1778106898.842788,116,0.732815,0.660592,0.484091,0.8336,0.1006,1.4426,-0.000,1.710,150.358,0,0,222,137,116,128
1778106898.842788,117,0.896103,0.653656,0.585743,0.8418,0.1469,1.4828,-0.000,9.199,169.401,0,0,197,118,138,139
1778106898.842788,118,0.872783,0.697102,0.608419,1.0494,0.2659,1.5965,0.000,11.016,-135.542,0,0,151,105,104,136
1778106898.842788,21,0.966866,0.631543,0.610617,0.8657,-0.3798,1.5764,-0.000,11.584,158.784,0,0,541,63,123,126
1778106898.842788,116,0.743710,0.659602,0.490553,0.8336,0.1006,1.4426,-0.000,1.710,150.358,0,0,222,138,115,126
1778106898.842788,118,0.863329,0.696877,0.601634,0.8418,0.1469,1.4828,-0.000,9.199,169.401,0,0,153,104,108,135
1778106898.842788,117,0.912365,0.655350,0.597918,1.0494,0.2659,1.5965,0.000,11.016,-135.542,0,0,190,117,126,133
1778106899.076351,21,0.965772,0.630655,0.609069,0.8657,-0.3782,1.5764,0.000,11.723,159.583,0,0,541,63,123,126
1778106899.076351,116,0.738125,0.660024,0.487180,0.8314,0.1003,1.4433,0.000,1.948,151.332,0,0,223,137,116,126
1778106899.076351,117,0.916571,0.655350,0.600675,1.0439,0.2695,1.5881,-0.000,11.034,-133.866,0,0,201,124,140,135
1778106899.076351,118,0.837726,0.696594,0.583555,0.8445,0.1503,1.4793,0.000,8.941,172.311,0,0,151,104,105,135
1778106899.076351,21,0.966255,0.630655,0.609374,0.8620,-0.3767,1.5744,0.000,11.544,159.951,0,0,541,63,123,126
1778106899.076351,116,0.719847,0.660024,0.475117,0.8317,0.1003,1.4419,-0.000,2.687,150.331,0,0,222,138,115,126
1778106899.076351,117,0.896374,0.653113,0.585434,0.8445,0.1503,1.4793,0.000,10.106,172.204,0,0,199,121,130,137
1778106899.076351,118,0.845310,0.697464,0.589574,1.0436,0.2658,1.5899,0.000,10.455,-131.201,0,0,154,104,107,135
1778106899.243168,21,0.964287,0.630655,0.608133,0.8620,-0.3767,1.5744,0.000,11.690,160.129,0,0,541,63,123,126
1778106899.376612,0,0.964690,0.630210,0.607957,0.8602,-0.3759,1.5734,0.000,11.336,160.120,0,0,541,63,124,126
1778106899.376612,1,0.722249,0.658852,0.475855,0.8279,0.1011,1.4404,0.000,2.821,148.850,0,0,221,138,108,124
1778106899.376612,2,0.854528,0.651393,0.556634,0.8263,0.1260,1.4684,0.000,8.655,162.420,0,0,204,119,118,147
1778106899.476719,21,0.965816,0.630210,0.608666,0.8602,-0.3759,1.5734,0.000,11.668,160.479,0,0,540,62,123,125
1778106899.476719,119,0.722941,0.658852,0.476311,0.8279,0.1011,1.4404,0.000,1.917,149.400,0,0,221,137,110,121
1778106899.476719,120,0.894535,0.653431,0.584516,0.8277,0.1274,1.4615,0.000,9.442,167.380,0,0,203,124,135,141
1778106899.543458,0,0.966177,0.629197,0.607915,0.8556,-0.3724,1.5709,0.000,11.803,160.727,0,0,540,63,123,126
1778106899.543458,1,0.879529,0.653930,0.575150,0.8280,0.1245,1.4601,-0.000,10.909,164.159,0,0,205,125,130,140
1778106899.543458,0,0.962548,0.628746,0.605199,0.8556,-0.3724,1.5709,0.000,11.803,160.727,0,0,540,63,122,126
1778106899.543458,1,0.726671,0.654090,0.475309,0.8280,0.1245,1.4601,-0.000,10.909,164.159,0,0,221,138,112,124
1778106899.610196,21,0.965741,0.628746,0.607206,0.8538,-0.3716,1.5699,0.000,11.885,161.414,0,0,540,63,122,126
1778106899.610196,119,0.717194,0.654090,0.469110,0.8280,0.1188,1.4601,-0.000,3.165,149.908,0,0,222,138,110,124
1778106899.610196,120,0.797071,0.654090,0.521356,0.8280,0.1188,1.4601,0.000,12.059,-131.333,0,0,149,107,96,135
1778106899.610196,21,0.965085,0.627843,0.605922,0.8538,-0.3716,1.5699,0.000,11.885,161.414,0,0,540,63,122,126
1778106899.610196,119,0.735597,0.650008,0.478144,0.8280,0.1188,1.4601,-0.000,3.165,149.908,0,0,221,137,112,125
1778106899.610196,120,0.894339,0.654700,0.585523,0.8280,0.1188,1.4601,0.000,12.059,-131.333,0,0,190,118,120,135
1778106899.777076,21,0.967978,0.627843,0.607738,0.8501,-0.3700,1.5679,0.000,11.755,161.487,0,0,540,63,122,126
1778106899.777076,119,0.737925,0.651483,0.480746,0.8002,0.0963,1.4312,-0.000,2.870,150.130,0,0,221,137,115,128
1778106899.777076,120,0.911109,0.700517,0.638247,0.8411,0.1494,1.4762,0.000,7.145,170.565,0,0,154,108,106,135
1778106899.877188,0,0.968192,0.627843,0.607872,0.8501,-0.3700,1.5679,0.000,12.332,161.148,0,0,539,63,123,126
1778106899.877188,1,0.707918,0.651483,0.461197,0.8049,0.0971,1.4330,-0.000,2.798,150.393,0,0,222,135,118,129
1778106899.877188,2,0.987194,0.660074,0.651621,1.0544,0.2667,1.5868,0.000,12.451,-140.226,0,0,183,116,138,140
1778106899.977303,21,0.962747,0.628400,0.604991,0.8501,-0.3700,1.5679,0.000,12.459,161.412,0,0,539,63,123,126
1778106899.977303,119,0.724524,0.651483,0.472016,0.8049,0.0971,1.4330,0.000,1.480,148.275,0,0,221,137,114,126
1778106899.977303,120,0.967304,0.657472,0.635975,0.8640,0.1654,1.4892,0.000,15.855,-172.745,0,0,186,115,138,139
1778106899.977303,121,0.861102,0.698974,0.601888,1.0551,0.2723,1.5832,0.000,11.026,-135.373,0,0,150,108,100,135
1778106900.177519,21,0.965128,0.626423,0.604578,0.8452,-0.3665,1.5669,0.000,11.710,160.992,0,0,539,62,123,125
1778106900.177519,119,0.686337,0.654955,0.449520,0.8350,0.1376,1.4660,0.000,1.527,149.252,0,0,221,136,116,128
1778106900.177519,120,0.867173,0.654955,0.567959,0.8350,0.1376,1.4660,0.000,9.521,164.101,0,0,197,123,124,133
1778106900.177519,121,0.809389,0.699364,0.566057,1.0516,0.2770,1.5856,0.000,8.647,-128.266,0,0,148,108,96,135
1778106900.277626,21,0.960283,0.625049,0.600224,0.8397,-0.3642,1.5640,-0.000,10.853,161.766,0,0,539,62,122,124
1778106900.277626,119,0.691730,0.654452,0.452705,0.8331,0.1357,1.4652,0.000,2.361,149.176,0,0,220,137,114,128
1778106900.277626,120,0.877498,0.654452,0.574280,0.8331,0.1357,1.4652,0.000,9.905,165.187,0,0,198,123,133,144
1778106900.277626,121,0.914371,0.699180,0.639310,1.0512,0.2715,1.5874,0.000,10.309,-141.882,0,0,151,107,103,130
1778106900.277626,21,0.960276,0.625049,0.600220,0.8397,-0.3642,1.5640,-0.000,10.853,161.766,0,0,539,62,122,124
1778106900.277626,119,0.694277,0.654365,0.454310,0.8331,0.1357,1.4652,0.000,2.361,149.176,0,0,219,136,115,125
1778106900.277626,120,0.865383,0.654365,0.566276,0.8331,0.1357,1.4652,0.000,9.905,165.187,0,0,199,124,126,133
1778106900.277626,121,0.910557,0.700233,0.637602,1.0512,0.2715,1.5874,0.000,10.309,-141.882,0,0,151,108,102,133
1778106900.511181,21,0.963735,0.625049,0.602382,0.8397,-0.3642,1.5640,0.000,11.376,160.898,0,0,539,62,122,124
1778106900.511181,119,0.719496,0.659498,0.474506,0.8314,0.1046,1.4433,0.000,2.614,148.942,0,0,219,137,112,124
1778106900.511181,120,0.860509,0.654537,0.563235,0.8347,0.1376,1.4674,-0.000,5.976,165.447,0,0,197,122,127,133
1778106900.511181,121,0.877825,0.699760,0.614267,1.0540,0.2723,1.5887,-0.000,9.810,-136.474,0,0,151,107,103,135
1778106900.611276,21,0.961601,0.625225,0.601217,0.8412,-0.3635,1.5664,0.000,11.123,161.430,0,0,538,61,123,123
1778106900.611276,119,0.681036,0.656722,0.447251,0.8345,0.1300,1.4582,0.000,0.897,148.425,0,0,219,136,114,124
1778106900.611276,121,0.855671,0.700517,0.599412,1.0544,0.2667,1.5868,0.000,10.516,-133.378,0,0,154,108,108,128
1778106900.611276,120,0.887396,0.656722,0.582773,0.8345,0.1300,1.4582,-0.000,9.114,166.416,0,0,202,128,130,125
1778106900.711412,0,0.965338,0.625683,0.603995,0.8431,-0.3642,1.5674,0.000,11.891,161.202,0,0,538,61,123,123
1778106900.711412,1,0.881419,0.655508,0.577778,0.8353,0.1333,1.4646,0.000,10.263,165.296,0,0,200,124,134,139
1778106900.711412,2,0.863332,0.701189,0.605359,1.0576,0.2750,1.5863,0.000,9.498,-134.499,0,0,150,109,103,133
1778106900.711412,21,0.967606,0.625683,0.605414,0.8431,-0.3642,1.5674,0.000,11.891,161.202,0,0,538,61,123,123
1778106900.711412,119,0.670228,0.657484,0.440664,0.8353,0.1333,1.4646,0.000,10.263,165.296,0,0,219,134,112,125
1778106900.711412,122,0.976702,0.657484,0.642166,1.0576,0.2750,1.5863,0.000,9.498,-134.499,0,0,193,123,153,133
1778106900.878258,21,0.971845,0.625683,0.608066,0.8431,-0.3642,1.5674,0.000,13.556,161.555,0,0,538,61,124,122
1778106900.878258,119,0.732049,0.658655,0.482168,0.8308,0.1046,1.4461,0.000,2.643,150.195,0,0,219,135,112,124
1778106900.878258,122,0.985845,0.658210,0.648893,0.8510,0.1516,1.4774,0.000,13.420,-170.829,0,0,190,120,152,139
1778106900.878258,121,0.805722,0.703174,0.566563,1.0566,0.2705,1.5759,-0.000,5.977,-129.580,0,0,152,114,105,133
1778106900.944987,0,0.972205,0.626242,0.608835,0.8449,-0.3635,1.5684,0.000,13.667,161.657,0,0,537,61,123,122
1778106900.944987,1,0.722368,0.657669,0.475079,0.8287,0.1042,1.4467,0.000,2.787,149.237,0,0,219,134,115,129
1778106900.944987,2,0.990572,0.662099,0.655857,0.8730,0.1707,1.4947,-0.000,14.895,-165.109,0,0,181,115,156,148
1778106900.944987,21,0.968837,0.626242,0.606727,0.8449,-0.3635,1.5684,0.000,13.667,161.657,0,0,537,60,123,121
1778106900.944987,119,0.718594,0.657669,0.472597,0.8287,0.1042,1.4467,0.000,2.787,149.237,0,0,218,134,113,129
1778106900.944987,121,0.964631,0.662099,0.638681,0.8730,0.1707,1.4947,-0.000,14.895,-165.109,0,0,180,113,143,141
1778106900.944987,21,0.970399,0.625399,0.606886,0.8449,-0.3635,1.5684,0.000,13.165,162.667,0,0,535,60,124,121
1778106900.944987,119,0.958779,0.661186,0.633931,0.8287,0.1042,1.4467,0.000,2.576,148.997,0,0,182,112,142,144
1778106901.145203,21,0.973773,0.626059,0.609639,0.8446,-0.3606,1.5699,0.000,14.426,162.497,0,0,535,60,124,120
1778106901.145203,119,0.874195,0.705184,0.616468,1.0652,0.2527,1.5836,-0.000,4.029,-141.283,0,0,163,112,116,128
1778106901.145203,21,0.976501,0.626059,0.611347,0.8446,-0.3606,1.5699,0.000,14.479,160.178,0,0,535,59,125,119
1778106901.145203,119,0.927875,0.705184,0.654322,1.0652,0.2527,1.5836,0.000,6.280,-179.048,0,0,189,114,167,151
1778106901.211918,21,0.978607,0.625672,0.612287,0.8443,-0.3606,1.5713,0.000,15.067,159.762,0,0,536,59,126,119
1778106901.211918,119,0.927662,0.655629,0.608202,0.8493,0.1531,1.4860,-0.000,6.863,177.652,0,0,185,110,163,152
1778106901.278653,0,0.980030,0.625570,0.613078,0.8443,-0.3620,1.5713,-0.000,15.492,159.814,0,0,536,59,126,118
1778106901.278653,1,0.945765,0.661443,0.625570,0.8762,0.1658,1.5042,-0.000,13.527,-149.179,0,0,156,112,108,121
1778106901.412127,21,0.979917,0.625183,0.612628,0.8440,-0.3620,1.5728,0.000,15.506,159.612,0,0,536,58,126,117
1778106901.412127,119,0.940401,0.714242,0.671674,1.1016,0.2433,1.5954,0.000,4.893,-174.242,0,0,173,114,137,137
1778106901.412127,123,0.876337,0.706615,0.619233,1.0784,0.2811,1.5894,0.000,9.129,-136.389,0,0,150,112,98,133
1778106901.412127,0,0.978687,0.625183,0.611859,0.8440,-0.3620,1.5728,-0.000,15.346,160.487,0,0,537,57,126,115
1778106901.412127,1,0.906585,0.706615,0.640607,1.0784,0.2811,1.5894,-0.000,10.274,-140.249,0,0,151,110,98,129
1778106901.412127,21,0.978485,0.624593,0.611155,0.8440,-0.3620,1.5728,-0.000,15.346,160.487,0,0,538,57,126,115
1778106901.412127,119,0.983844,0.713631,0.702101,1.0784,0.2811,1.5894,-0.000,10.274,-140.249,0,0,167,115,124,124
1778106901.645713,0,0.977094,0.624139,0.609842,0.8419,-0.3642,1.5732,0.000,14.962,160.349,0,0,538,57,126,115
1778106901.645713,1,0.954788,0.705656,0.673751,1.0797,0.2743,1.5981,-0.000,12.041,-149.295,0,0,154,108,112,125
1778106901.712442,21,0.978871,0.625081,0.611874,0.8440,-0.3635,1.5728,-0.000,15.349,160.260,0,0,537,58,125,117
1778106901.712442,119,0.954216,0.704441,0.672189,1.0707,0.2678,1.5921,0.000,13.275,-148.277,0,0,156,109,117,126
1778106901.712442,21,0.978373,0.625081,0.611563,0.8440,-0.3635,1.5728,-0.000,15.349,160.260,0,0,537,58,125,117
1778106901.712442,119,0.936064,0.704441,0.659402,1.0707,0.2678,1.5921,0.000,13.275,-148.277,0,0,160,114,126,126
1778106901.712442,0,0.977642,0.624170,0.610215,0.8440,-0.3635,1.5728,0.000,15.254,160.452,0,0,537,58,125,117
1778106901.712442,1,0.912652,0.710996,0.648891,1.0707,0.2678,1.5921,-0.000,9.703,-147.053,0,0,165,120,133,130
1778106901.845941,21,0.976709,0.625081,0.610523,0.8440,-0.3635,1.5728,0.000,14.764,160.360,0,0,537,59,125,118
1778106901.845941,119,0.768561,0.715885,0.550202,1.1011,0.2581,1.5828,0.000,4.257,-127.705,0,0,162,114,120,137
1778106901.912682,21,0.976144,0.625012,0.610102,0.8425,-0.3628,1.5703,0.000,14.559,160.512,0,0,537,59,125,118
1778106901.912682,119,0.875061,0.708735,0.620186,1.0791,0.2583,1.5857,-0.000,8.103,-138.024,0,0,164,114,125,140
1778106901.979418,21,0.975876,0.624556,0.609489,0.8406,-0.3620,1.5693,0.000,14.453,160.376,0,0,537,59,124,119
1778106901.979418,119,0.740595,0.710057,0.525864,1.0847,0.2561,1.5881,-0.000,6.087,-123.979,0,0,157,117,110,136
1778106902.112856,21,0.975013,0.625114,0.609494,0.8425,-0.3613,1.5703,0.000,14.213,160.367,0,0,536,59,125,118
1778106902.112856,119,0.676346,0.711430,0.481172,1.0842,0.2743,1.5757,0.000,1.543,-119.294,0,0,154,120,104,132
1778106902.112856,126,0.714759,0.664877,0.475226,0.8471,0.1058,1.4463,0.000,1.289,149.034,0,0,220,139,120,128
1778106902.179595,21,0.976435,0.625114,0.610384,0.8425,-0.3613,1.5703,-0.000,14.517,160.008,0,0,536,59,124,119
1778106902.179595,119,0.668801,0.710457,0.475155,1.0855,0.2675,1.5844,0.000,6.584,-116.600,0,0,158,116,116,124
1778106902.246333,21,0.974586,0.625114,0.609228,0.8425,-0.3613,1.5703,0.000,13.990,159.835,0,0,536,59,124,119
1778106902.246333,119,0.673160,0.710959,0.478589,1.0814,0.2716,1.5745,0.000,3.230,-118.216,0,0,155,120,106,126
1778106902.246333,21,0.971480,0.625114,0.607286,0.8425,-0.3613,1.5703,0.000,13.311,160.375,0,0,535,59,125,118
1778106902.246333,119,0.639125,0.710959,0.454391,1.0814,0.2716,1.5745,0.000,1.801,-116.043,0,0,154,120,105,125
1778106902.413186,21,0.973150,0.625216,0.608429,0.8425,-0.3598,1.5703,0.000,13.737,160.426,0,0,535,59,125,119
1778106902.413186,127,0.770058,0.662161,0.509902,0.8422,0.1008,1.4505,-0.000,-0.231,155.440,0,0,223,135,112,117
1778106902.413186,119,0.667399,0.707386,0.472109,1.0620,0.2657,1.5643,-0.000,1.475,-118.615,0,0,155,121,108,126
1778106902.479930,21,0.967876,0.625216,0.605131,0.8425,-0.3598,1.5703,-0.000,12.450,160.405,0,0,535,59,124,118
1778106902.479930,128,0.786813,0.705665,0.555227,1.0643,0.2781,1.5732,0.000,4.680,-127.849,0,0,149,117,100,125
1778106902.546668,21,0.966813,0.625216,0.604466,0.8425,-0.3598,1.5703,0.000,12.147,160.098,0,0,535,59,124,118
1778106902.546668,129,0.829213,0.705089,0.584669,1.0639,0.2799,1.5751,-0.000,6.272,-131.661,0,0,148,116,100,121
1778106902.613407,21,0.967373,0.625773,0.605356,0.8443,-0.3591,1.5713,0.000,12.230,159.822,0,0,534,59,125,119
1778106902.613407,130,0.855493,0.704504,0.602698,1.0577,0.2723,1.5704,0.000,10.179,-132.979,0,0,151,117,112,120
1778106902.613407,21,0.970227,0.625773,0.607142,0.8443,-0.3591,1.5713,0.000,12.928,160.000,0,0,535,60,125,120
1778106902.613407,131,0.892205,0.704504,0.628562,1.0577,0.2723,1.5704,0.000,5.991,-140.893,0,0,152,117,113,126
1778106902.713521,132,0.971387,0.625602,0.607702,0.8428,-0.3598,1.5689,-0.000,13.120,159.981,0,0,534,60,125,120
1778106902.746872,21,0.970032,0.626161,0.607396,0.8446,-0.3591,1.5699,0.000,12.769,159.852,0,0,535,60,125,120
1778106902.813610,21,0.971988,0.625602,0.608078,0.8428,-0.3598,1.5689,0.000,13.192,159.527,0,0,535,60,125,120
1778106902.913718,21,0.965435,0.625773,0.604144,0.8443,-0.3591,1.5713,0.000,11.776,159.712,0,0,534,59,125,118
1778106902.913718,133,0.989175,0.706012,0.698369,1.0592,0.2798,1.5631,0.000,13.430,-161.849,0,0,147,121,103,113
1778106902.913718,134,0.743379,0.662284,0.492328,0.8392,0.1016,1.4448,0.000,-0.037,152.443,0,0,222,138,115,118
1778106902.913718,135,0.966125,0.625773,0.604576,0.8443,-0.3591,1.5713,0.000,11.776,159.712,0,0,534,58,125,117
1778106902.980457,21,0.966851,0.624930,0.604215,0.8422,-0.3583,1.5718,0.000,12.089,158.972,0,0,534,58,125,117
1778106903.080558,0,0.966592,0.625317,0.604426,0.8425,-0.3583,1.5703,0.000,11.939,158.923,0,0,534,59,125,118
1778106903.080558,1,0.873279,0.703703,0.614529,1.0501,0.2915,1.5574,0.000,13.256,168.777,0,0,139,122,95,117
1778106903.080558,21,0.967496,0.625317,0.604991,0.8425,-0.3583,1.5703,0.000,12.179,159.247,0,0,534,58,125,117
1778106903.147303,21,0.969476,0.624930,0.605855,0.8422,-0.3583,1.5718,-0.000,12.715,159.163,0,0,535,58,126,116
1778106903.214041,21,0.968536,0.624373,0.604727,0.8403,-0.3590,1.5708,0.000,12.467,158.958,0,0,535,58,126,116
1778106903.214041,21,0.968804,0.624373,0.604895,0.8403,-0.3590,1.5708,0.000,12.526,158.928,0,0,535,58,126,116
1778106903.280782,21,0.969258,0.624373,0.605178,0.8403,-0.3590,1.5708,0.000,12.623,158.846,0,0,535,58,126,116
1778106903.347507,0,0.968813,0.624373,0.604901,0.8403,-0.3590,1.5708,0.000,12.538,159.016,0,0,535,58,125,116
1778106903.480984,0,0.967452,0.624373,0.604050,0.8403,-0.3590,1.5708,0.000,12.319,159.726,0,0,535,58,125,117
1778106903.480984,21,0.966404,0.624373,0.603396,0.8403,-0.3590,1.5708,0.000,12.072,159.670,0,0,535,58,125,117
1778106903.547726,21,0.971092,0.624829,0.606767,0.8422,-0.3598,1.5718,0.000,13.087,159.085,0,0,536,58,126,117
1778106903.647826,0,0.971072,0.624272,0.606213,0.8403,-0.3605,1.5708,0.000,13.030,158.676,0,0,536,58,125,117
1778106903.647826,1,0.962726,0.705174,0.678889,1.0477,0.2613,1.5544,0.000,8.460,-172.154,0,0,155,123,116,109
1778106903.647826,0,0.970514,0.624272,0.605864,0.8403,-0.3605,1.5708,0.000,13.030,158.676,0,0,536,58,125,117
1778106903.714543,21,0.972412,0.624272,0.607049,0.8403,-0.3605,1.5708,-0.000,13.488,159.633,0,0,536,58,125,116
1778106903.781270,0,0.970568,0.624272,0.605898,0.8403,-0.3605,1.5708,0.000,12.946,159.004,0,0,537,58,126,116
1778106903.781270,21,0.970308,0.623713,0.605194,0.8403,-0.3605,1.5708,0.000,12.946,159.004,0,0,537,58,126,116
1778106903.881362,0,0.968018,0.623713,0.603765,0.8385,-0.3612,1.5698,0.000,12.517,160.112,0,0,537,58,125,116
1778106903.981470,0,0.969293,0.623713,0.604560,0.8385,-0.3612,1.5698,0.000,12.803,160.039,0,0,537,58,125,116
1778106904.081572,21,0.968334,0.623254,0.603518,0.8367,-0.3604,1.5688,0.000,12.530,159.777,0,0,537,58,125,116
1778106904.081572,136,0.909032,0.700864,0.637108,1.0499,0.2632,1.5789,-0.000,11.751,173.528,0,0,155,111,106,121
1778106904.081572,0,0.967867,0.623254,0.603227,0.8367,-0.3604,1.5688,-0.000,12.395,159.620,0,0,538,58,126,116
1778106904.148310,21,0.969329,0.623612,0.604484,0.8385,-0.3627,1.5698,0.000,12.709,159.450,0,0,538,58,126,116
1778106904.215031,21,0.968799,0.623612,0.604154,0.8385,-0.3627,1.5698,0.000,12.573,159.382,0,0,538,58,125,116
1778106904.215031,21,0.967180,0.623612,0.603145,0.8385,-0.3627,1.5698,0.000,12.573,159.382,0,0,538,58,125,116
1778106904.281769,0,0.967323,0.623612,0.603234,0.8385,-0.3627,1.5698,0.000,12.191,159.097,0,0,538,58,126,116
1778106904.381858,21,0.969480,0.623612,0.604579,0.8385,-0.3627,1.5698,0.000,12.669,158.922,0,0,538,58,126,116
1778106904.381858,137,0.872956,0.700315,0.611344,1.0519,0.2678,1.5838,0.000,13.039,167.890,0,0,153,109,98,120
1778106904.448597,0,0.969268,0.623153,0.604003,0.8367,-0.3619,1.5688,0.000,12.591,158.689,0,0,538,58,126,116
1778106904.548700,21,0.968738,0.623612,0.604116,0.8385,-0.3627,1.5698,-0.000,12.455,158.572,0,0,538,58,126,116
1778106904.615450,21,0.968825,0.623153,0.603726,0.8367,-0.3619,1.5688,0.000,12.498,158.783,0,0,538,58,126,116
1778106904.682188,21,0.969492,0.623153,0.604142,0.8367,-0.3619,1.5688,0.000,12.709,159.197,0,0,538,58,126,117
1778106904.682188,21,0.970742,0.623153,0.604921,0.8367,-0.3619,1.5688,0.000,12.931,158.603,0,0,538,58,126,117
1778106904.748925,0,0.969651,0.623153,0.604241,0.8367,-0.3619,1.5688,0.000,12.659,158.476,0,0,538,58,126,117
1778106904.949131,0,0.969002,0.623153,0.603837,0.8367,-0.3619,1.5688,0.000,12.553,158.895,0,0,538,58,126,117
1778106904.949131,1,0.852912,0.700029,0.597063,1.0516,0.2641,1.5856,0.000,10.182,166.582,0,0,155,108,96,121
1778106904.949131,21,0.968655,0.623153,0.603621,0.8367,-0.3619,1.5688,0.000,12.444,158.650,0,0,538,58,126,117
1778106904.949131,138,0.676084,0.700029,0.473278,1.0516,0.2641,1.5856,0.000,1.090,153.283,0,0,220,138,108,124
1778106905.049247,21,0.968656,0.623153,0.603621,0.8367,-0.3619,1.5688,0.000,12.449,158.700,0,0,538,58,126,117
1778106905.049247,139,0.712805,0.655657,0.467356,0.8175,0.1007,1.4364,0.000,-0.205,149.750,0,0,219,136,105,121
1778106905.149348,21,0.969411,0.623153,0.604092,0.8367,-0.3619,1.5688,0.000,12.629,158.726,0,0,537,59,125,118
1778106905.149348,139,0.700024,0.660768,0.462553,0.8368,0.1056,1.4469,-0.000,1.647,147.701,0,0,221,136,108,124
1778106905.149348,138,0.870806,0.701097,0.610519,1.0572,0.2676,1.5881,0.000,12.383,167.855,0,0,155,110,96,120
1778106905.249453,0,0.965963,0.624098,0.602855,0.8388,-0.3612,1.5683,0.000,11.937,159.992,0,0,537,59,126,118
1778106905.249453,1,0.845910,0.702140,0.593947,1.0579,0.2657,1.5844,0.000,6.274,167.971,0,0,189,121,113,121
1778106905.249453,2,0.743931,0.653699,0.486307,0.8131,0.0986,1.4377,0.000,2.895,150.966,0,0,220,138,114,121
1778106905.416268,0,0.965975,0.623713,0.602491,0.8385,-0.3612,1.5698,0.000,11.876,158.978,0,0,537,58,126,117
1778106905.416268,1,0.804942,0.664225,0.534663,0.8812,0.1651,1.4998,-0.000,7.900,158.936,0,0,186,114,116,124
1778106905.449634,0,0.966581,0.623639,0.602797,0.8369,-0.3604,1.5673,-0.000,11.937,159.070,0,0,537,59,126,118
1778106905.549723,0,0.970287,0.623254,0.604736,0.8367,-0.3604,1.5688,-0.000,12.878,159.032,0,0,537,58,126,117
1778106905.549723,1,0.815978,0.655344,0.534746,0.8350,0.1246,1.4660,0.000,9.628,156.974,0,0,206,123,138,133
1778106905.549723,2,0.950966,0.701837,0.667423,1.0551,0.2593,1.5832,0.000,10.871,-177.664,0,0,158,110,97,130
1778106905.549723,21,0.969511,0.623254,0.604252,0.8367,-0.3604,1.5688,0.000,12.824,159.874,0,0,536,58,126,117
1778106905.549723,138,0.830865,0.655344,0.544503,0.8350,0.1246,1.4660,-0.000,7.199,159.951,0,0,207,122,138,135
1778106905.616461,21,0.968562,0.623814,0.604203,0.8385,-0.3597,1.5698,0.000,12.652,160.161,0,0,536,58,126,116
1778106905.616461,138,0.868609,0.654417,0.568432,0.8328,0.1228,1.4666,-0.000,9.964,163.100,0,0,206,123,150,141
1778106905.716569,21,0.971737,0.623814,0.606183,0.8385,-0.3597,1.5698,0.000,13.250,159.162,0,0,536,58,126,117
1778106905.716569,138,0.755083,0.660832,0.498983,0.8384,0.1088,1.4491,0.000,7.982,149.994,0,0,217,135,123,124
1778106905.716569,21,0.969426,0.623814,0.604742,0.8385,-0.3597,1.5698,0.000,12.848,160.118,0,0,536,58,126,117
1778106905.716569,138,0.749616,0.660832,0.495370,0.8384,0.1088,1.4491,0.000,5.213,150.750,0,0,216,132,114,129
1778106905.716569,21,0.970111,0.623355,0.604724,0.8385,-0.3597,1.5698,0.000,12.848,160.118,0,0,536,58,126,117
1778106905.716569,138,0.741880,0.658967,0.488874,0.8384,0.1088,1.4491,0.000,5.213,150.750,0,0,215,135,113,124
1778106905.916780,21,0.970132,0.623455,0.604834,0.8367,-0.3575,1.5688,-0.000,12.894,159.377,0,0,535,58,125,117
1778106905.916780,138,0.695777,0.662068,0.460652,0.8392,0.1102,1.4448,0.000,1.706,147.508,0,0,216,138,113,118
1778106905.983492,21,0.970442,0.623455,0.605027,0.8367,-0.3575,1.5688,0.000,13.052,159.910,0,0,536,58,126,117
1778106905.983492,138,0.682399,0.662068,0.451794,0.8392,0.1102,1.4448,0.000,6.447,144.108,0,0,219,137,108,126
1778106905.983492,21,0.969867,0.621507,0.602779,0.8293,-0.3558,1.5647,0.000,12.930,159.993,0,0,536,58,126,117
1778106905.983492,138,0.744708,0.661192,0.492395,0.8371,0.1056,1.4455,-0.000,9.160,148.276,0,0,217,134,116,132
1778106906.050228,21,0.970422,0.620108,0.601766,0.8238,-0.3535,1.5617,0.000,13.038,159.852,0,0,536,58,126,117
1778106906.050228,138,0.766299,0.659849,0.505641,0.8362,0.1085,1.4497,0.000,14.416,148.753,0,0,216,135,122,126
1778106906.116966,0,0.970441,0.620108,0.601778,0.8238,-0.3535,1.5617,0.000,13.208,160.666,0,0,535,58,125,116
1778106906.116966,1,0.997831,0.660795,0.659361,0.8384,0.1102,1.4491,0.000,17.358,-169.073,0,0,191,121,143,143
1778106906.250446,21,0.967001,0.619639,0.599192,0.8220,-0.3527,1.5607,0.000,12.435,160.853,0,0,536,58,126,116
1778106906.250446,138,0.987511,0.657682,0.649468,0.8399,0.1399,1.4619,0.000,22.827,-177.293,0,0,196,127,142,136
1778106906.250446,140,0.696832,0.657682,0.458294,0.8399,0.1399,1.4619,-0.000,6.554,147.605,0,0,217,137,115,118
1778106906.350555,21,0.967154,0.620206,0.599834,0.8238,-0.3520,1.5617,-0.000,12.388,160.494,0,0,535,58,126,116
1778106906.350555,138,0.962616,0.664601,0.639755,0.8786,0.1734,1.4922,-0.000,15.342,-151.068,0,0,180,118,143,143
1778106906.350555,140,0.688743,0.661616,0.455683,0.8373,0.1056,1.4441,0.000,-0.004,147.502,0,0,219,138,114,122
1778106906.350555,21,0.964294,0.620206,0.598061,0.8238,-0.3520,1.5617,0.000,11.847,160.985,0,0,534,58,126,116
1778106906.350555,140,0.714363,0.661616,0.472634,0.8373,0.1056,1.4441,0.000,2.698,148.383,0,0,218,134,112,124
1778106906.350555,138,0.977028,0.664601,0.649333,0.8786,0.1734,1.4922,0.000,15.825,-154.912,0,0,181,117,137,144
1778106906.550800,21,0.968750,0.618418,0.599093,0.8164,-0.3475,1.5577,0.000,12.626,159.763,0,0,534,58,126,116
1778106906.550800,138,0.737323,0.658199,0.485305,0.8305,0.1060,1.4475,0.000,5.330,149.448,0,0,218,134,120,128
1778106906.550800,142,0.687419,0.658199,0.452458,0.8305,0.1060,1.4475,0.000,-0.122,147.725,0,0,223,139,117,124
1778106906.584140,21,0.967811,0.619460,0.599520,0.8201,-0.3476,1.5597,0.000,12.349,159.306,0,0,533,58,126,117
1778106906.584140,138,0.730621,0.659074,0.481533,0.8327,0.1106,1.4468,0.000,9.006,147.487,0,0,215,135,117,125
1778106906.650870,21,0.969478,0.619179,0.600281,0.8183,-0.3440,1.5587,-0.000,12.732,159.166,0,0,531,58,125,116
1778106906.650870,138,0.722330,0.660029,0.476759,0.8333,0.1063,1.4440,-0.000,3.168,149.018,0,0,218,137,113,125
1778106906.650870,21,0.966196,0.619179,0.598249,0.8183,-0.3440,1.5587,-0.000,12.732,159.166,0,0,531,58,126,116
1778106906.650870,138,0.724846,0.660029,0.478419,0.8333,0.1063,1.4440,-0.000,3.168,149.018,0,0,219,137,113,120
1778106906.650870,21,0.966457,0.618895,0.598135,0.8183,-0.3440,1.5587,-0.000,11.969,159.043,0,0,529,58,125,116
1778106906.650870,138,0.718543,0.653500,0.469568,0.8333,0.1063,1.4440,0.000,3.647,149.007,0,0,220,137,116,121
1778106906.750967,21,0.966015,0.618895,0.597861,0.8164,-0.3403,1.5577,0.000,11.959,159.226,0,0,528,58,125,116
1778106906.750967,138,0.740715,0.653500,0.484057,0.8115,0.0997,1.4356,-0.000,-0.730,152.870,0,0,219,137,117,121
1778106906.750967,21,0.966537,0.618989,0.598276,0.8164,-0.3403,1.5577,0.000,11.959,159.226,0,0,528,58,126,117
1778106906.750967,138,0.711009,0.653947,0.464962,0.8115,0.0997,1.4356,-0.000,-0.730,152.870,0,0,221,138,116,122
1778106906.884444,0,0.966042,0.619559,0.598520,0.8183,-0.3382,1.5587,0.000,11.951,158.757,0,0,527,58,125,117
1778106906.884444,0,0.967068,0.619559,0.599155,0.8183,-0.3382,1.5587,0.000,12.164,158.320,0,0,525,58,126,116
1778106906.951173,21,0.962958,0.619270,0.596331,0.8164,-0.3346,1.5577,0.000,11.341,159.435,0,0,521,58,125,116
1778106906.951173,138,0.727314,0.653898,0.475589,0.8095,0.0978,1.4304,0.000,0.633,150.454,0,0,220,139,116,122
1778106907.051273,21,0.968508,0.622485,0.602881,0.8275,-0.3331,1.5637,-0.000,12.588,159.039,0,0,521,58,125,116
1778106907.051273,138,0.733000,0.653865,0.479283,0.8095,0.0992,1.4304,0.000,2.014,150.322,0,0,220,140,117,122
1778106907.051273,21,0.966668,0.622485,0.601736,0.8275,-0.3331,1.5637,0.000,12.164,158.786,0,0,520,58,126,116
1778106907.051273,138,0.735362,0.653865,0.480828,0.8095,0.0992,1.4304,0.000,1.028,151.107,0,0,219,139,117,121
1778106907.151374,21,0.967316,0.623234,0.602864,0.8293,-0.3295,1.5647,0.000,12.352,158.671,0,0,518,58,125,116
1778106907.151374,138,0.719061,0.652243,0.469002,0.8054,0.0999,1.4303,-0.000,0.103,150.218,0,0,219,139,117,120
1778106907.151374,21,0.966832,0.623234,0.602562,0.8293,-0.3295,1.5647,0.000,12.263,157.946,0,0,518,58,125,117
1778106907.151374,138,0.709106,0.652243,0.462509,0.8054,0.0999,1.4303,0.000,2.512,147.958,0,0,221,138,117,122
1778106907.251482,21,0.965417,0.623234,0.601681,0.8293,-0.3295,1.5647,-0.000,11.942,158.112,0,0,516,58,125,117
1778106907.251482,138,0.703780,0.652484,0.459205,0.8071,0.0975,1.4324,0.000,2.057,147.545,0,0,220,139,117,120
1778106907.284851,21,0.965636,0.624825,0.603354,0.8348,-0.3287,1.5678,0.000,12.047,157.788,0,0,516,58,124,117
1778106907.284851,138,0.717430,0.653037,0.468509,0.8090,0.0992,1.4331,0.000,1.586,149.163,0,0,220,138,118,121
1778106907.351589,21,0.969503,0.627239,0.608110,0.8440,-0.3307,1.5728,-0.000,12.907,158.539,0,0,515,58,124,117
1778106907.351589,138,0.702220,0.653037,0.458576,0.8090,0.0992,1.4331,0.000,2.841,147.100,0,0,220,138,116,120
1778106907.351589,21,0.967694,0.627239,0.606975,0.8440,-0.3307,1.5728,0.000,12.491,158.515,0,0,514,58,124,117
1778106907.351589,138,0.726741,0.653037,0.474589,0.8090,0.0992,1.4331,0.000,3.128,149.212,0,0,221,138,118,124
1778106907.451725,21,0.967567,0.629428,0.609014,0.8507,-0.3302,1.5748,0.000,12.503,157.373,0,0,513,59,124,118
1778106907.451725,138,0.726974,0.653037,0.474741,0.8090,0.0992,1.4331,0.000,0.742,150.550,0,0,220,138,118,121
1778106907.451725,21,0.965577,0.629428,0.607761,0.8507,-0.3302,1.5748,-0.000,12.010,157.840,0,0,512,58,124,117
1778106907.451725,138,0.716724,0.653037,0.468048,0.8090,0.0992,1.4331,-0.000,2.450,148.631,0,0,217,137,113,120
1778106907.518476,0,0.966317,0.628671,0.607495,0.8486,-0.3280,1.5753,0.000,12.328,157.406,0,0,512,59,124,118
1778106907.585222,21,0.963515,0.629522,0.606554,0.8507,-0.3287,1.5748,-0.000,11.615,157.503,0,0,512,59,124,119
1778106907.585222,21,0.962909,0.629522,0.606172,0.8507,-0.3287,1.5748,0.000,11.497,157.399,0,0,512,59,124,118
1778106907.651961,0,0.964186,0.629980,0.607417,0.8526,-0.3294,1.5758,-0.000,11.745,157.658,0,0,511,59,123,118
1778106907.685330,21,0.963473,0.630987,0.607939,0.8562,-0.3292,1.5778,0.000,11.591,157.913,0,0,511,59,123,118
1778106907.752069,21,0.964899,0.630987,0.608838,0.8562,-0.3292,1.5778,0.000,11.901,157.900,0,0,511,59,123,118
1778106907.752069,143,0.714158,0.658639,0.470372,0.8279,0.1096,1.4404,-0.000,1.745,149.272,0,0,215,136,115,121
1778106907.852180,21,0.964691,0.631668,0.609364,0.8590,-0.3303,1.5793,-0.000,11.827,158.261,0,0,511,59,123,118
1778106907.852180,143,0.702126,0.657798,0.461857,0.8273,0.1096,1.4432,0.000,2.484,147.852,0,0,216,136,117,120
1778106907.852180,21,0.961619,0.631668,0.607424,0.8590,-0.3303,1.5793,0.000,11.161,158.413,0,0,511,59,123,119
1778106907.852180,143,0.706450,0.658969,0.465528,0.8311,0.1089,1.4447,-0.000,0.986,148.957,0,0,216,137,116,118
1778106907.918919,21,0.965425,0.632120,0.610265,0.8608,-0.3309,1.5804,0.000,11.981,158.365,0,0,511,59,123,119
1778106907.918919,143,0.714082,0.653945,0.466970,0.8134,0.1056,1.4363,-0.000,1.416,149.387,0,0,215,137,117,118
1778106907.985653,21,0.966393,0.633022,0.611748,0.8645,-0.3323,1.5824,0.000,12.187,158.503,0,0,511,59,123,119
1778106907.985653,143,0.721557,0.659919,0.476169,0.8333,0.1106,1.4440,-0.000,2.360,149.673,0,0,214,137,115,120
1778106908.019022,21,0.965515,0.633022,0.611193,0.8645,-0.3323,1.5824,0.000,12.021,158.079,0,0,512,59,124,119
1778106908.019022,143,0.706144,0.661007,0.466766,0.8371,0.1128,1.4455,-0.000,0.854,149.160,0,0,215,138,114,118
1778106908.085763,21,0.963446,0.632926,0.609790,0.8645,-0.3339,1.5824,0.000,11.551,158.053,0,0,512,59,124,119
1778106908.085763,143,0.697549,0.660906,0.461014,0.8355,0.1110,1.4434,0.000,1.182,148.049,0,0,216,137,116,118
1778106908.119132,21,0.961908,0.633375,0.609249,0.8664,-0.3345,1.5834,0.000,11.236,157.907,0,0,512,60,123,120
1778106908.119132,143,0.720913,0.661082,0.476583,0.8371,0.1099,1.4455,0.000,1.149,150.181,0,0,215,137,114,117
1778106908.219206,21,0.962511,0.634446,0.610661,0.8694,-0.3356,1.5834,-0.000,11.289,157.763,0,0,512,59,123,119
1778106908.219206,143,0.710621,0.659919,0.468952,0.8333,0.1106,1.4440,-0.000,1.566,149.082,0,0,215,137,115,120
1778106908.219206,21,0.956630,0.633375,0.605905,0.8664,-0.3345,1.5834,0.000,10.194,157.532,0,0,513,59,124,119
1778106908.219206,143,0.707547,0.659919,0.466924,0.8333,0.1106,1.4440,0.000,1.344,148.918,0,0,215,137,115,117
1778106908.319283,21,0.961069,0.633279,0.608624,0.8664,-0.3361,1.5834,-0.000,11.079,157.446,0,0,513,59,124,119
1778106908.319283,143,0.728254,0.659956,0.480615,0.8333,0.1092,1.4440,-0.000,2.283,150.248,0,0,216,137,116,122
1778106908.319283,21,0.959998,0.633279,0.607946,0.8664,-0.3361,1.5834,-0.000,11.079,157.446,0,0,512,59,123,119
1778106908.319283,143,0.710792,0.659956,0.469092,0.8333,0.1092,1.4440,-0.000,2.283,150.248,0,0,214,135,113,121
1778106908.419390,21,0.954033,0.634937,0.605751,0.8728,-0.3370,1.5869,-0.000,9.632,158.295,0,0,512,59,123,119
1778106908.419390,143,0.718029,0.659919,0.473841,0.8333,0.1106,1.4440,-0.000,3.206,148.900,0,0,215,137,113,121
1778106908.419390,21,0.954869,0.634937,0.606282,0.8728,-0.3370,1.5869,-0.000,9.632,158.295,0,0,512,59,123,119
1778106908.419390,143,0.704509,0.659919,0.464919,0.8333,0.1106,1.4440,-0.000,3.206,148.900,0,0,216,137,113,124
1778106908.519543,21,0.957673,0.635905,0.608989,0.8759,-0.3396,1.5869,0.000,10.267,157.810,0,0,513,60,122,120
1778106908.519543,143,0.704919,0.659849,0.465140,0.8317,0.1074,1.4419,0.000,3.553,147.291,0,0,217,138,114,120
1778106908.586273,21,0.953427,0.634794,0.605230,0.8713,-0.3378,1.5844,0.000,9.424,158.037,0,0,513,60,123,120
1778106908.586273,143,0.708927,0.659849,0.467785,0.8317,0.1074,1.4419,0.000,4.969,146.977,0,0,217,138,110,121
1778106908.586273,21,0.952448,0.634794,0.604609,0.8713,-0.3378,1.5844,-0.000,9.253,157.828,0,0,513,59,123,119
1778106908.586273,143,0.720090,0.659849,0.475150,0.8317,0.1074,1.4419,0.000,3.873,148.518,0,0,216,137,112,121
1778106908.586273,21,0.954872,0.635946,0.607247,0.8713,-0.3378,1.5844,-0.000,9.253,157.828,0,0,513,59,123,118
1778106908.586273,143,0.709048,0.659812,0.467839,0.8317,0.1074,1.4419,0.000,3.873,148.518,0,0,216,138,108,120
1778106908.686380,21,0.953390,0.635946,0.606305,0.8774,-0.3403,1.5894,0.000,9.833,157.459,0,0,513,59,123,119
1778106908.686380,143,0.711136,0.659812,0.469216,0.8317,0.1089,1.4419,-0.000,3.099,147.992,0,0,216,138,108,117
1778106908.786452,21,0.953642,0.635806,0.606331,0.8759,-0.3411,1.5869,-0.000,9.919,154.736,0,0,514,60,122,120
1778106908.786452,143,0.700734,0.659849,0.462379,0.8317,0.1074,1.4419,-0.000,0.168,148.703,0,0,217,138,110,120
1778106908.786452,21,0.952726,0.635806,0.605749,0.8759,-0.3411,1.5869,0.000,9.772,154.602,0,0,514,60,122,120
1778106908.786452,143,0.711497,0.659849,0.469481,0.8317,0.1074,1.4419,-0.000,2.429,148.460,0,0,217,138,110,120
1778106908.786452,21,0.952648,0.636689,0.606540,0.8759,-0.3411,1.5869,0.000,9.772,154.602,0,0,514,60,123,120
1778106908.786452,143,0.714846,0.651763,0.465911,0.8317,0.1074,1.4419,-0.000,2.429,148.460,0,0,217,138,110,118
1778106908.886555,21,0.954262,0.636689,0.607568,0.8795,-0.3425,1.5888,0.000,9.836,154.280,0,0,515,60,122,120
1778106908.886555,143,0.735618,0.651763,0.479449,0.8052,0.1026,1.4317,-0.000,1.277,149.393,0,0,215,138,113,120
1778106908.886555,21,0.951599,0.636149,0.605358,0.8795,-0.3425,1.5888,0.000,10.054,154.680,0,0,515,60,122,120
1778106908.886555,143,0.713635,0.658639,0.470028,0.8052,0.1026,1.4317,0.000,1.739,151.116,0,0,216,138,110,120
1778106908.953293,21,0.949696,0.636049,0.604053,0.8777,-0.3434,1.5879,0.000,9.591,154.295,0,0,516,60,122,121
1778106908.953293,143,0.725893,0.656959,0.476882,0.8279,0.1096,1.4404,0.000,1.360,149.434,0,0,216,138,112,120
1778106909.020016,21,0.948357,0.636049,0.603201,0.8777,-0.3449,1.5879,0.000,9.371,153.593,0,0,517,60,122,121
1778106909.020016,143,0.707014,0.656959,0.464479,0.8222,0.1071,1.4382,0.000,1.694,150.305,0,0,216,138,110,120
1778106909.020016,21,0.952033,0.635949,0.605444,0.8777,-0.3449,1.5879,0.000,9.038,153.899,0,0,517,60,122,121
1778106909.020016,143,0.717919,0.657533,0.472055,0.8222,0.1071,1.4382,0.000,2.337,148.197,0,0,215,139,108,118
1778106909.153510,21,0.950000,0.635407,0.603637,0.8759,-0.3473,1.5869,-0.000,9.034,154.973,0,0,518,60,122,121
1778106909.153510,143,0.719272,0.657916,0.473220,0.8244,0.1089,1.4376,0.000,2.285,149.419,0,0,215,139,106,118
1778106909.153510,21,0.956864,0.635407,0.607998,0.8759,-0.3473,1.5869,-0.000,9.034,154.973,0,0,518,61,122,122
1778106909.153510,143,0.749310,0.657916,0.492983,0.8244,0.1089,1.4376,0.000,2.285,149.419,0,0,215,138,110,120
1778106909.153510,21,0.953952,0.635407,0.606148,0.8759,-0.3473,1.5869,0.000,9.930,154.319,0,0,519,60,122,121
1778106909.153510,143,0.733516,0.657916,0.482592,0.8244,0.1089,1.4376,0.000,2.698,150.545,0,0,216,139,110,118
1778106909.253618,0,0.955262,0.634644,0.606251,0.8731,-0.3478,1.5854,0.000,10.086,154.610,0,0,520,61,122,122
1778106909.286987,21,0.954656,0.634942,0.606151,0.8734,-0.3493,1.5838,0.000,9.825,154.712,0,0,520,60,122,121
1778106909.353731,21,0.950061,0.634543,0.602854,0.8731,-0.3493,1.5854,0.000,9.065,154.533,0,0,521,60,122,121
1778106909.353731,143,0.734823,0.657150,0.482889,0.8238,0.1061,1.4404,0.000,4.265,149.735,0,0,217,139,108,120
1778106909.353731,0,0.947463,0.634442,0.601110,0.8731,-0.3493,1.5854,0.000,9.065,154.533,0,0,522,60,122,121
1778106909.387101,21,0.948384,0.633898,0.601179,0.8731,-0.3509,1.5854,0.000,8.554,154.515,0,0,523,60,120,121
1778106909.420470,21,0.951712,0.633797,0.603192,0.8713,-0.3517,1.5844,0.000,8.703,154.448,0,0,523,60,122,121
1778106909.453840,21,0.950970,0.633797,0.602721,0.8713,-0.3532,1.5844,0.000,9.293,154.444,0,0,523,60,122,121
1778106909.487208,21,0.949646,0.634239,0.602302,0.8713,-0.3532,1.5844,0.000,9.216,154.134,0,0,523,60,122,121
1778106909.553947,21,0.951498,0.634899,0.604106,0.8759,-0.3551,1.5869,0.000,9.087,155.408,0,0,524,60,122,121
1778106909.587317,21,0.950269,0.634797,0.603227,0.8759,-0.3566,1.5869,0.000,8.790,155.692,0,0,524,60,122,121
1778106909.620685,0,0.954358,0.634797,0.605823,0.8759,-0.3566,1.5869,0.000,9.550,155.805,0,0,525,60,122,121
1778106909.720781,21,0.952823,0.634034,0.604122,0.8731,-0.3571,1.5854,-0.000,9.425,154.517,0,0,525,60,123,120
1778106909.720781,144,0.735902,0.657220,0.483649,0.8238,0.1032,1.4404,0.000,1.369,151.199,0,0,219,137,118,122
1778106909.720781,21,0.957931,0.634034,0.607360,0.8731,-0.3571,1.5854,0.000,10.328,155.108,0,0,525,60,123,120
1778106909.720781,144,0.733718,0.657220,0.482214,0.8238,0.1032,1.4404,0.000,1.770,150.757,0,0,218,136,117,121
1778106909.820869,21,0.952927,0.634590,0.604718,0.8759,-0.3597,1.5869,0.000,9.152,156.562,0,0,526,60,122,120
1778106909.820869,144,0.728076,0.657942,0.479032,0.8273,0.1039,1.4432,0.000,1.358,150.491,0,0,219,136,116,122
1778106909.820869,21,0.951409,0.634590,0.603755,0.8759,-0.3597,1.5869,0.000,9.068,154.843,0,0,527,60,120,120
1778106909.820869,144,0.732082,0.657942,0.481667,0.8273,0.1039,1.4432,0.000,0.715,151.257,0,0,218,136,117,124
1778106909.887597,21,0.949388,0.633827,0.601748,0.8731,-0.3602,1.5854,0.000,8.614,155.163,0,0,527,60,122,120
1778106909.887597,144,0.732555,0.656766,0.481117,0.8235,0.1047,1.4417,-0.000,1.717,150.819,0,0,218,136,117,122
1778106909.954326,21,0.952253,0.633386,0.603144,0.8713,-0.3594,1.5844,0.000,8.995,156.665,0,0,527,60,122,120
1778106909.954326,144,0.730455,0.656766,0.479738,0.8235,0.1047,1.4417,0.000,0.297,151.450,0,0,218,136,117,122
1778106909.954326,21,0.949510,0.633386,0.601407,0.8713,-0.3594,1.5844,0.000,8.460,157.202,0,0,527,60,123,120
1778106909.954326,144,0.726615,0.656766,0.477216,0.8235,0.1047,1.4417,0.000,3.080,149.504,0,0,219,136,118,124
1778106910.054444,21,0.950882,0.632989,0.601898,0.8709,-0.3594,1.5859,0.000,8.806,157.026,0,0,527,59,123,119
1778106910.054444,144,0.734322,0.656382,0.481996,0.8233,0.1032,1.4431,0.000,3.531,149.936,0,0,219,135,117,124
1778106910.054444,21,0.951135,0.632989,0.602058,0.8709,-0.3594,1.5859,0.000,8.843,157.275,0,0,527,59,123,119
1778106910.054444,144,0.745612,0.656382,0.489407,0.8233,0.1032,1.4431,0.000,3.392,151.102,0,0,219,136,116,122
1778106910.121182,21,0.952808,0.633430,0.603537,0.8728,-0.3602,1.5869,-0.000,9.157,157.277,0,0,528,59,123,119
1778106910.121182,144,0.736009,0.657372,0.483832,0.8254,0.1036,1.4425,0.000,3.287,150.188,0,0,219,136,116,121
1778106910.121182,0,0.949995,0.632445,0.600819,0.8728,-0.3602,1.5869,-0.000,9.157,157.277,0,0,529,59,122,119
1778106910.221290,0,0.952643,0.632782,0.602816,0.8709,-0.3625,1.5859,0.000,9.084,157.668,0,0,529,59,123,119
1778106910.221290,1,0.732923,0.657522,0.481913,0.8270,0.1039,1.4446,0.000,1.881,150.705,0,0,219,135,116,121
1778106910.221290,21,0.952066,0.632782,0.602450,0.8709,-0.3625,1.5859,-0.000,8.976,157.928,0,0,530,59,123,118
1778106910.221290,144,0.730533,0.657522,0.480342,0.8270,0.1039,1.4446,-0.000,1.506,150.688,0,0,219,136,116,120
1778106910.288028,21,0.952828,0.632238,0.602413,0.8691,-0.3633,1.5849,-0.000,9.104,157.853,0,0,530,59,123,119
1778106910.321398,21,0.951203,0.632238,0.601386,0.8691,-0.3633,1.5849,0.000,8.803,157.266,0,0,531,59,123,118
1778106910.321398,144,0.732341,0.657757,0.481702,0.8257,0.1050,1.4411,-0.000,0.210,151.639,0,0,218,137,117,120
1778106910.388130,21,0.948872,0.631471,0.599185,0.8664,-0.3637,1.5834,0.000,8.356,157.381,0,0,532,59,123,119
1778106910.388130,144,0.724129,0.657757,0.476301,0.8257,0.1050,1.4411,0.000,0.522,150.651,0,0,219,137,117,120
1778106910.421499,21,0.950242,0.630924,0.599530,0.8645,-0.3645,1.5824,0.000,8.600,156.851,0,0,532,59,123,118
1778106910.488210,0,0.952171,0.630820,0.600648,0.8645,-0.3660,1.5824,0.000,8.934,157.210,0,0,533,59,124,118
1778106910.488210,1,0.723482,0.657860,0.475950,0.8257,0.1007,1.4411,-0.000,0.512,150.294,0,0,221,137,120,122
1778106910.488210,21,0.944869,0.630820,0.596042,0.8645,-0.3660,1.5824,0.000,8.934,157.210,0,0,533,59,123,118
1778106910.488210,145,0.731115,0.657860,0.480972,0.8257,0.1007,1.4411,-0.000,0.512,150.294,0,0,220,137,118,120
1778106910.554963,21,0.944185,0.630376,0.595192,0.8627,-0.3652,1.5814,0.000,7.526,158.571,0,0,533,59,123,118
1778106910.554963,145,0.742778,0.656681,0.487768,0.8219,0.1015,1.4396,0.000,-0.071,152.656,0,0,219,137,117,121
1778106910.554963,21,0.953749,0.630376,0.601221,0.8627,-0.3652,1.5814,0.000,7.526,158.571,0,0,533,59,123,118
1778106910.554963,145,0.768286,0.655589,0.503680,0.8219,0.1015,1.4396,0.000,-0.071,152.656,0,0,218,138,117,118
1778106910.621702,21,0.949028,0.630376,0.598245,0.8627,-0.3652,1.5814,0.000,8.357,157.803,0,0,534,59,123,118
1778106910.621702,145,0.783336,0.655589,0.513546,0.8175,0.1035,1.4364,0.000,-0.010,157.078,0,0,218,136,117,122
1778106910.621702,21,0.950132,0.628990,0.597623,0.8627,-0.3652,1.5814,0.000,8.357,157.803,0,0,534,58,124,117
1778106910.621702,145,0.766206,0.654594,0.501554,0.8175,0.1035,1.4364,0.000,-0.010,157.078,0,0,218,137,117,118
1778106910.721810,21,0.951834,0.628990,0.598695,0.8587,-0.3652,1.5808,0.000,8.958,158.088,0,0,534,58,124,117
1778106910.721810,145,0.768065,0.654594,0.502771,0.8153,0.1031,1.4371,-0.000,2.048,154.148,0,0,218,137,117,118
1778106910.721810,21,0.951283,0.628990,0.598348,0.8587,-0.3652,1.5808,0.000,8.958,158.088,0,0,534,59,123,118
1778106910.721810,145,0.785583,0.652638,0.512701,0.8153,0.1031,1.4371,-0.000,2.048,154.148,0,0,219,135,117,121
1778106910.855295,21,0.955460,0.629435,0.601400,0.8605,-0.3660,1.5818,0.000,9.689,158.764,0,0,534,58,124,117
1778106910.855295,145,0.801449,0.653348,0.523625,0.8145,0.1031,1.4412,0.000,-0.561,159.860,0,0,218,134,114,120
1778106910.855295,0,0.953423,0.629435,0.600118,0.8605,-0.3660,1.5818,0.000,9.689,158.764,0,0,534,58,124,117
1778106910.922025,21,0.952588,0.629435,0.599593,0.8605,-0.3660,1.5818,-0.000,9.332,160.402,0,0,533,58,123,117
1778106910.955402,0,0.953608,0.629539,0.600334,0.8605,-0.3645,1.5818,0.000,9.482,160.093,0,0,533,59,123,118
1778106910.955402,21,0.955359,0.629931,0.601811,0.8605,-0.3645,1.5818,0.000,9.482,160.093,0,0,533,59,123,118
1778106911.022141,21,0.951223,0.629931,0.599205,0.8608,-0.3645,1.5804,-0.000,9.758,160.252,0,0,533,59,124,118
1778106911.022141,147,0.799256,0.655776,0.524133,0.8214,0.1043,1.4424,0.000,0.758,157.623,0,0,219,135,118,118
1778106911.022141,21,0.952324,0.629485,0.599474,0.8608,-0.3645,1.5804,0.000,8.929,159.994,0,0,533,59,124,118
1778106911.022141,147,0.794904,0.658269,0.523260,0.8214,0.1043,1.4424,0.000,-0.797,159.710,0,0,220,134,116,121
1778106911.122217,21,0.954813,0.629485,0.601041,0.8590,-0.3637,1.5793,0.000,9.610,159.966,0,0,533,59,124,118
1778106911.122217,147,0.784972,0.658269,0.516723,0.8305,0.1032,1.4475,0.000,0.101,157.228,0,0,218,134,115,120
1778106911.222307,21,0.961746,0.629485,0.605405,0.8590,-0.3637,1.5793,0.000,11.001,159.861,0,0,532,59,123,118
1778106911.222307,147,0.756300,0.658163,0.497768,0.8305,0.1074,1.4475,0.000,1.030,153.800,0,0,217,134,117,118
1778106911.222307,21,0.960003,0.629589,0.604407,0.8590,-0.3622,1.5793,0.000,10.685,160.183,0,0,531,59,123,118
1778106911.222307,21,0.954091,0.629589,0.600685,0.8590,-0.3622,1.5793,0.000,10.685,160.183,0,0,531,59,123,119
1778106911.322410,21,0.955399,0.629692,0.601607,0.8590,-0.3607,1.5793,-0.000,9.760,160.181,0,0,531,59,123,119
1778106911.322410,21,0.959457,0.629692,0.604162,0.8590,-0.3607,1.5793,-0.000,9.760,160.181,0,0,530,59,123,119
1778106911.389122,21,0.957748,0.629794,0.603184,0.8590,-0.3591,1.5793,-0.000,10.238,160.248,0,0,530,59,123,119
1778106911.422491,21,0.959180,0.630241,0.604514,0.8608,-0.3599,1.5804,0.000,10.513,160.135,0,0,530,59,123,119
1778106911.422491,21,0.959222,0.630187,0.604489,0.8608,-0.3599,1.5804,0.000,10.513,160.135,0,0,530,60,123,120
1778106911.455873,21,0.955971,0.630634,0.602868,0.8593,-0.3591,1.5779,0.000,10.494,160.542,0,0,530,60,123,121
1778106911.489242,21,0.961031,0.631183,0.606587,0.8611,-0.3599,1.5789,0.000,9.844,160.572,0,0,529,60,123,120
1778106911.555990,21,0.960489,0.631183,0.606244,0.8630,-0.3591,1.5799,0.000,10.819,160.918,0,0,529,60,123,120
1778106911.555990,21,0.959914,0.631183,0.605882,0.8630,-0.3591,1.5799,0.000,10.643,160.577,0,0,529,60,123,120
1778106911.622728,21,0.961134,0.631183,0.606652,0.8630,-0.3591,1.5799,0.000,10.958,160.934,0,0,529,60,124,120
1778106911.656098,21,0.959862,0.630289,0.604991,0.8593,-0.3576,1.5779,0.000,10.684,160.889,0,0,528,60,123,120
