stamp,person_id,A_h,A_r,A_m,pos_x,pos_y,pos_z,roll,pitch,yaw,is_target,ptu_blind,bbox_u,bbox_v,bbox_w,bbox_h
1778699018.533675,0,0.986428,0.999895,0.986324,1.1089,-0.0178,1.2538,0.000,0.729,-171.422,0,0,307,232,96,111
1778699018.533675,1,0.969803,0.921595,0.893766,1.1161,-0.4741,1.2824,-0.000,-6.911,154.504,0,0,554,217,107,117
1778699018.533675,2,0.962935,0.894045,0.860907,0.9479,0.3987,1.3565,0.000,0.120,-143.962,0,0,40,156,81,130
1778699018.633785,0,0.988216,0.999895,0.988112,1.1089,-0.0178,1.2538,0.000,1.147,-171.919,0,0,307,232,96,111
1778699018.633785,1,0.972897,0.921595,0.896618,1.1161,-0.4741,1.2824,0.000,-6.083,154.172,0,0,554,217,107,117
1778699018.633785,2,0.958113,0.893869,0.856428,0.9477,0.3987,1.3581,-0.000,0.035,-142.621,0,0,40,155,81,132
1778699018.700523,0,0.987534,0.999895,0.987430,1.1089,-0.0178,1.2538,0.000,1.183,-171.593,0,0,307,232,96,111
1778699018.700523,1,0.975937,0.921595,0.899419,1.1161,-0.4741,1.2824,0.000,-5.455,155.009,0,0,554,217,107,117
1778699018.700523,2,0.957543,0.893869,0.855918,0.9477,0.3987,1.3581,0.000,-0.504,-143.077,0,0,40,155,81,132
1778699018.700523,0,0.987331,0.999895,0.987227,1.1089,-0.0178,1.2538,0.000,1.244,-171.467,0,0,306,232,95,111
1778699018.700523,1,0.974743,0.921595,0.898319,1.1161,-0.4741,1.2824,-0.000,-5.706,154.652,0,0,554,217,107,117
1778699018.700523,2,0.964170,0.893869,0.861842,0.9477,0.3987,1.3581,-0.000,-0.392,-145.230,0,0,40,156,81,130
1778699018.800635,0,0.987755,0.999870,0.987627,1.1089,-0.0160,1.2538,0.000,0.970,-171.732,0,0,307,232,96,111
1778699018.800635,1,0.972718,0.921595,0.896453,1.1161,-0.4741,1.2824,0.000,-5.955,153.470,0,0,555,217,108,117
1778699018.800635,2,0.960355,0.894045,0.858601,0.9449,0.3973,1.3558,0.000,-0.173,-143.467,0,0,40,155,81,132
1778699018.867371,0,0.986679,0.999895,0.986575,1.1089,-0.0178,1.2538,-0.000,1.059,-171.309,0,0,307,232,96,111
1778699018.867371,1,0.972906,0.921018,0.896064,1.1161,-0.4760,1.2824,0.000,-6.044,153.903,0,0,554,217,107,117
1778699018.867371,2,0.963632,0.893869,0.861361,0.9448,0.3973,1.3573,0.000,-0.259,-144.830,0,0,40,156,81,130
1778699019.000848,0,0.987669,0.999870,0.987541,1.1089,-0.0160,1.2538,0.000,1.085,-171.616,0,0,306,232,95,110
1778699019.000848,1,0.973806,0.921595,0.897455,1.1161,-0.4741,1.2824,0.000,-5.768,153.826,0,0,554,217,107,117
1778699019.000848,2,0.963900,0.893869,0.861601,0.9477,0.3987,1.3581,-0.000,0.334,-144.130,0,0,40,155,81,132
1778699019.000848,0,0.986936,0.999870,0.986808,1.1089,-0.0160,1.2538,0.000,1.085,-171.616,0,0,306,232,95,111
1778699019.000848,1,0.974640,0.921595,0.898223,1.1161,-0.4741,1.2824,0.000,-5.768,153.826,0,0,554,217,107,117
1778699019.000848,2,0.964411,0.893869,0.862057,0.9477,0.3987,1.3581,-0.000,0.334,-144.130,0,0,40,155,81,133
1778699019.167682,0,0.987509,0.999870,0.987381,1.1119,-0.0159,1.2541,-0.000,0.832,-171.719,0,0,306,232,95,111
1778699019.167682,1,0.971163,0.921595,0.895019,1.1161,-0.4741,1.2824,0.000,-6.363,153.526,0,0,554,217,107,117
1778699019.167682,2,0.960115,0.894045,0.858386,0.9479,0.3987,1.3565,0.000,-0.292,-143.536,0,0,40,156,81,130
1778699019.167682,0,0.988054,0.999870,0.987926,1.1119,-0.0159,1.2541,-0.000,0.832,-171.719,0,0,306,232,95,111
1778699019.167682,1,0.972899,0.921595,0.896619,1.1161,-0.4741,1.2824,0.000,-6.363,153.526,0,0,554,217,107,117
1778699019.167682,2,0.957971,0.893869,0.856301,0.9479,0.3987,1.3565,0.000,-0.292,-143.536,0,0,40,155,81,132
1778699019.301157,0,0.988768,0.999870,0.988640,1.1089,-0.0160,1.2538,0.000,1.401,-171.900,0,0,306,232,95,111
1778699019.301157,1,0.973465,0.921595,0.897141,1.1161,-0.4741,1.2824,-0.000,-5.836,153.746,0,0,554,217,107,117
1778699019.301157,2,0.963570,0.894045,0.861475,0.9479,0.3987,1.3565,0.000,0.095,-144.213,0,0,40,156,81,130
1778699019.301157,0,0.987880,0.999870,0.987752,1.1089,-0.0160,1.2538,0.000,1.401,-171.900,0,0,306,232,95,111
1778699019.301157,1,0.973676,0.921595,0.897336,1.1161,-0.4741,1.2824,-0.000,-5.836,153.746,0,0,554,217,107,117
1778699019.301157,2,0.964757,0.893869,0.862367,0.9479,0.3987,1.3565,0.000,0.095,-144.213,0,0,40,155,81,132
1778699019.434613,0,0.988163,0.999870,0.988035,1.1089,-0.0160,1.2538,0.000,1.542,-171.542,0,0,306,232,95,111
1778699019.434613,1,0.974339,0.921595,0.897947,1.1161,-0.4741,1.2824,0.000,-5.634,153.846,0,0,554,217,107,117
1778699019.434613,2,0.956782,0.893869,0.855238,0.9477,0.3987,1.3581,0.000,-0.857,-143.277,0,0,40,155,81,132
1778699019.534700,0,0.986634,0.999870,0.986506,1.1089,-0.0160,1.2538,0.000,1.085,-171.173,0,0,306,232,95,111
1778699019.534700,1,0.971050,0.921595,0.894915,1.1161,-0.4741,1.2824,0.000,-6.321,153.271,0,0,554,217,107,117
1778699019.534700,2,0.961289,0.894045,0.859436,0.9479,0.3987,1.3565,-0.000,-0.839,-144.676,0,0,40,156,81,132
1778699019.601440,0,0.986807,0.999879,0.986688,1.1091,-0.0160,1.2520,0.000,0.798,-171.368,0,0,306,233,95,110
1778699019.601440,1,0.975076,0.921595,0.898626,1.1161,-0.4741,1.2824,-0.000,-5.566,154.387,0,0,554,217,107,118
1778699019.601440,2,0.967689,0.894647,0.865740,0.9498,0.3981,1.3570,0.000,-0.353,-146.609,0,0,41,156,82,130
1778699019.601440,0,0.985222,0.999879,0.985103,1.1091,-0.0160,1.2520,0.000,0.930,-170.640,0,0,306,232,95,111
1778699019.601440,1,0.974876,0.921595,0.898441,1.1161,-0.4741,1.2824,0.000,-5.579,154.206,0,0,554,217,107,117
1778699019.601440,2,0.952076,0.894647,0.851772,0.9498,0.3981,1.3570,0.000,-1.074,-142.111,0,0,40,155,81,132
1778699019.701547,0,0.986538,0.999870,0.986410,1.1089,-0.0160,1.2538,0.000,1.147,-171.095,0,0,307,232,96,111
1778699019.701547,1,0.975441,0.921595,0.898962,1.1161,-0.4741,1.2824,0.000,-5.343,153.851,0,0,554,217,107,118
1778699019.701547,2,0.958979,0.893869,0.857202,0.9477,0.3987,1.3581,0.000,-0.925,-144.096,0,0,40,155,81,132
1778699019.768286,0,0.983919,0.999895,0.983816,1.1089,-0.0178,1.2538,0.000,0.584,-170.513,0,0,307,232,96,113
1778699019.768286,1,0.971078,0.921595,0.894941,1.1161,-0.4741,1.2824,-0.000,-6.512,154.057,0,0,554,217,107,117
1778699019.768286,2,0.964590,0.893869,0.862217,0.9477,0.3987,1.3581,-0.000,0.624,-144.009,0,0,40,156,80,130
1778699019.901744,0,0.984623,0.999895,0.984520,1.1089,-0.0178,1.2538,0.000,0.843,-170.621,0,0,307,232,96,113
1778699019.901744,1,0.972725,0.921595,0.896459,1.1161,-0.4741,1.2824,0.000,-6.038,153.793,0,0,554,217,107,118
1778699019.901744,2,0.958850,0.893869,0.857086,0.9497,0.3997,1.3585,0.000,-0.234,-143.162,0,0,40,155,81,132
1778699019.968457,0,0.985258,0.999895,0.985154,1.1059,-0.0179,1.2535,-0.000,0.620,-171.013,0,0,307,232,96,111
1778699019.968457,1,0.975227,0.921550,0.898720,1.1159,-0.4741,1.2843,0.000,-5.466,154.539,0,0,554,216,108,117
1778699019.968457,2,0.956454,0.893869,0.854944,0.9477,0.3987,1.3581,0.000,-0.867,-143.184,0,0,40,155,81,132
1778699020.035195,0,0.985551,0.999895,0.985447,1.1089,-0.0178,1.2538,0.000,0.802,-171.011,0,0,307,232,96,113
1778699020.035195,1,0.973346,0.921595,0.897031,1.1161,-0.4741,1.2824,-0.000,-6.010,154.362,0,0,554,217,107,117
1778699020.035195,2,0.958506,0.894045,0.856948,0.9479,0.3987,1.3565,-0.000,-0.034,-142.724,0,0,40,156,80,130
1778699020.035195,0,0.982801,0.999895,0.982698,1.1089,-0.0178,1.2538,0.000,0.802,-171.011,0,0,307,232,96,113
1778699020.035195,1,0.973093,0.921595,0.896798,1.1161,-0.4741,1.2824,-0.000,-6.010,154.362,0,0,554,217,107,117
1778699020.035195,2,0.959998,0.894045,0.858281,0.9479,0.3987,1.3565,-0.000,-0.034,-142.724,0,0,40,156,80,130
1778699020.135303,0,0.984565,0.999895,0.984461,1.1059,-0.0179,1.2535,0.000,0.940,-170.540,0,0,307,232,96,113
1778699020.135303,1,0.970305,0.921595,0.894228,1.1161,-0.4741,1.2824,0.000,-6.672,153.926,0,0,554,216,107,117
1778699020.135303,2,0.964981,0.894045,0.862736,0.9498,0.3997,1.3570,-0.000,-0.091,-144.977,0,0,40,156,81,130
1778699020.268780,0,0.984126,0.999895,0.984022,1.1089,-0.0178,1.2538,0.000,0.741,-170.494,0,0,307,232,96,113
1778699020.268780,1,0.970812,0.922125,0.895210,1.1159,-0.4723,1.2843,0.000,-6.637,154.971,0,0,553,216,107,117
1778699020.268780,2,0.958696,0.894045,0.857117,0.9498,0.3997,1.3570,0.000,-0.593,-143.450,0,0,40,156,81,130
1778699020.268780,0,0.984742,0.999895,0.984638,1.1089,-0.0178,1.2538,0.000,0.741,-170.494,0,0,307,232,96,113
1778699020.268780,1,0.975332,0.921550,0.898817,1.1159,-0.4723,1.2843,0.000,-6.637,154.971,0,0,554,216,108,117
1778699020.268780,2,0.955562,0.893869,0.854147,0.9498,0.3997,1.3570,0.000,-0.593,-143.450,0,0,40,155,81,132
1778699020.335529,0,0.985076,0.999895,0.984972,1.1089,-0.0178,1.2538,0.000,0.758,-170.850,0,0,307,232,96,113
1778699020.335529,1,0.975231,0.921550,0.898724,1.1159,-0.4741,1.2843,0.000,-5.420,154.323,0,0,554,216,108,117
1778699020.335529,2,0.955585,0.893869,0.854168,0.9477,0.3987,1.3581,-0.000,-1.087,-143.190,0,0,40,155,81,132
1778699020.435646,0,0.985578,0.999895,0.985474,1.1089,-0.0178,1.2538,0.000,0.714,-171.080,0,0,307,232,96,113
1778699020.435646,1,0.972019,0.921550,0.895764,1.1159,-0.4741,1.2843,0.000,-6.089,153.649,0,0,554,216,108,117
1778699020.435646,2,0.953198,0.893869,0.852034,0.9477,0.3987,1.3581,0.000,-1.184,-142.577,0,0,40,156,81,130
1778699020.502423,0,0.984814,0.999895,0.984711,1.1089,-0.0178,1.2538,-0.000,1.070,-170.559,0,0,307,232,96,113
1778699020.502423,1,0.970367,0.921550,0.894241,1.1159,-0.4741,1.2843,0.000,-6.563,153.918,0,0,554,217,107,118
1778699020.502423,2,0.964630,0.894045,0.862422,0.9479,0.3987,1.3565,-0.000,0.069,-144.626,0,0,40,156,81,130
1778699020.502423,0,0.983779,0.999895,0.983676,1.1089,-0.0178,1.2538,-0.000,1.070,-170.559,0,0,307,233,96,111
1778699020.502423,1,0.972620,0.921595,0.896362,1.1159,-0.4741,1.2843,0.000,-6.563,153.918,0,0,554,217,108,118
1778699020.502423,2,0.961449,0.894045,0.859578,0.9479,0.3987,1.3565,-0.000,0.069,-144.626,0,0,40,156,81,130
1778699020.635893,0,0.984575,0.999904,0.984481,1.1091,-0.0178,1.2520,0.000,0.923,-170.496,0,0,307,232,96,113
1778699020.635893,1,0.972951,0.921595,0.896667,1.1161,-0.4741,1.2824,-0.000,-6.000,153.872,0,0,554,217,108,118
1778699020.635893,2,0.958642,0.894045,0.857069,0.9479,0.3987,1.3565,0.000,-0.646,-143.500,0,0,40,155,81,132
1778699020.702631,0,0.982738,0.999895,0.982635,1.1119,-0.0178,1.2541,-0.000,0.876,-169.906,0,0,306,233,96,110
1778699020.702631,1,0.974530,0.921595,0.898122,1.1161,-0.4741,1.2824,0.000,-5.655,154.138,0,0,554,217,108,117
1778699020.702631,2,0.966408,0.893869,0.863842,0.9477,0.3987,1.3581,0.000,0.311,-145.075,0,0,40,155,81,132
1778699020.769374,0,0.982693,0.999879,0.982575,1.1121,-0.0159,1.2523,-0.000,0.051,-170.234,0,0,306,233,96,110
1778699020.769374,1,0.972586,0.921595,0.896331,1.1161,-0.4741,1.2824,0.000,-6.030,153.622,0,0,554,217,107,117
1778699020.769374,2,0.958141,0.893869,0.856452,0.9497,0.3997,1.3585,-0.000,-0.409,-143.149,0,0,40,155,81,132
1778699020.902851,0,0.983857,0.999879,0.983739,1.1091,-0.0160,1.2520,-0.000,0.578,-170.331,0,0,306,233,96,110
1778699020.902851,1,0.971886,0.921595,0.895686,1.1161,-0.4741,1.2824,0.000,-6.266,153.859,0,0,554,217,107,117
1778699020.902851,2,0.962906,0.894045,0.860881,0.9479,0.3987,1.3565,0.000,-0.294,-144.494,0,0,40,156,81,130
1778699020.969584,0,0.985903,0.999870,0.985775,1.1089,-0.0160,1.2538,0.000,1.047,-170.898,0,0,306,232,96,111
1778699020.969584,1,0.974521,0.921595,0.898114,1.1161,-0.4741,1.2824,0.000,-5.710,154.380,0,0,554,217,108,118
1778699020.969584,2,0.962516,0.894045,0.860533,0.9449,0.3973,1.3558,0.000,-0.142,-144.153,0,0,40,156,81,130
1778699021.036324,0,0.987511,0.999879,0.987391,1.1091,-0.0160,1.2520,0.000,1.168,-171.429,0,0,306,233,96,110
1778699021.036324,1,0.978120,0.921595,0.901431,1.1161,-0.4741,1.2824,0.000,-4.720,154.319,0,0,554,217,108,117
1778699021.036324,2,0.953941,0.893869,0.852698,0.9477,0.3987,1.3581,0.000,-0.868,-142.417,0,0,40,155,81,132
1778699021.036324,0,0.985826,0.999879,0.985707,1.1091,-0.0160,1.2520,0.000,0.961,-170.859,0,0,306,233,95,110
1778699021.036324,1,0.973461,0.921595,0.897137,1.1161,-0.4741,1.2824,0.000,-6.063,154.798,0,0,554,217,107,117
1778699021.036324,2,0.962243,0.893869,0.860119,0.9477,0.3987,1.3581,0.000,-0.214,-144.264,0,0,40,156,81,130
1778699021.136414,0,0.985456,0.999879,0.985337,1.1091,-0.0160,1.2520,-0.000,1.186,-170.582,0,0,306,232,96,111
1778699021.136414,1,0.972776,0.921595,0.896506,1.1121,-0.4725,1.2819,-0.000,-6.132,154.256,0,0,554,217,107,117
1778699021.136414,2,0.958600,0.894045,0.857031,0.9498,0.3997,1.3570,0.000,-0.247,-142.998,0,0,40,156,81,130
1778699021.136414,0,0.985242,0.999870,0.985114,1.1091,-0.0160,1.2520,-0.000,1.186,-170.582,0,0,306,232,95,111
1778699021.136414,1,0.972197,0.921595,0.895972,1.1121,-0.4725,1.2819,-0.000,-6.132,154.256,0,0,554,217,107,117
1778699021.136414,2,0.954391,0.894045,0.853268,0.9498,0.3997,1.3570,0.000,-0.247,-142.998,0,0,41,156,82,130
1778699021.336614,0,0.986600,0.999870,0.986472,1.1059,-0.0160,1.2535,-0.000,0.980,-171.226,0,0,306,232,95,111
1778699021.336614,1,0.972982,0.921595,0.896695,1.1161,-0.4741,1.2824,0.000,-6.144,154.575,0,0,554,217,107,117
1778699021.336614,2,0.963395,0.894471,0.861729,0.9517,0.3991,1.3590,0.000,-0.024,-144.512,0,0,41,155,82,133
1778699021.336614,0,0.986226,0.999870,0.986098,1.1059,-0.0160,1.2535,-0.000,0.980,-171.226,0,0,306,232,95,111
1778699021.336614,1,0.970313,0.921595,0.894236,1.1161,-0.4741,1.2824,0.000,-6.144,154.575,0,0,555,217,108,117
1778699021.336614,2,0.963325,0.894471,0.861667,0.9517,0.3991,1.3590,0.000,-0.024,-144.512,0,0,41,156,82,130
1778699021.436736,0,0.985749,0.999870,0.985621,1.1089,-0.0160,1.2538,-0.000,0.661,-171.084,0,0,306,232,96,113
1778699021.436736,1,0.972180,0.921018,0.895395,1.1161,-0.4760,1.2824,-0.000,-6.308,154.277,0,0,554,217,107,117
1778699021.436736,2,0.956133,0.894647,0.855402,0.9498,0.3981,1.3570,0.000,-0.794,-142.982,0,0,41,156,82,130
1778699021.503474,0,0.985838,0.999870,0.985710,1.1089,-0.0160,1.2538,-0.000,0.613,-171.154,0,0,306,232,95,111
1778699021.503474,1,0.973274,0.921595,0.896964,1.1161,-0.4741,1.2824,0.000,-6.125,154.882,0,0,554,217,107,117
1778699021.503474,2,0.958278,0.894647,0.857320,0.9498,0.3981,1.3570,0.000,-1.080,-144.045,0,0,41,156,82,130
1778699021.570188,0,0.986133,0.999870,0.986005,1.1059,-0.0160,1.2535,0.000,0.703,-171.215,0,0,306,232,96,111
1778699021.570188,1,0.974133,0.921595,0.897756,1.1161,-0.4741,1.2824,0.000,-6.020,155.736,0,0,554,217,107,117
1778699021.570188,2,0.953514,0.894647,0.853059,0.9518,0.3991,1.3575,0.000,-0.737,-142.138,0,0,41,156,82,130
1778699021.636918,0,0.985072,0.999870,0.984944,1.1059,-0.0160,1.2535,0.000,0.473,-170.936,0,0,305,232,95,111
1778699021.636918,1,0.973945,0.921595,0.897583,1.1121,-0.4725,1.2819,-0.000,-6.040,155.481,0,0,554,217,107,117
1778699021.636918,2,0.951455,0.894647,0.851217,0.9518,0.3991,1.3575,0.000,-1.783,-142.790,0,0,41,155,82,133
1778699021.803765,0,0.985835,0.999842,0.985680,1.1089,-0.0142,1.2538,0.000,0.850,-170.894,0,0,305,233,95,110
1778699021.803765,1,0.975247,0.921595,0.898783,1.1121,-0.4725,1.2819,0.000,-5.704,155.480,0,0,554,217,107,117
1778699021.803765,2,0.961800,0.894647,0.860471,0.9518,0.3991,1.3575,0.000,-0.600,-144.614,0,0,41,156,82,130
1778699021.803765,0,0.986840,0.999852,0.986694,1.1091,-0.0142,1.2520,-0.000,0.795,-171.283,0,0,305,233,95,110
1778699021.803765,1,0.974599,0.921595,0.898186,1.1121,-0.4725,1.2819,0.000,-5.837,155.218,0,0,554,217,107,117
1778699021.803765,2,0.957038,0.894647,0.856211,0.9518,0.3991,1.3575,0.000,-1.493,-144.201,0,0,41,156,82,130
1778699021.937231,0,0.986357,0.999852,0.986211,1.1091,-0.0142,1.2520,0.000,0.785,-171.086,0,0,305,233,95,110
1778699021.937231,1,0.972300,0.921595,0.896067,1.1161,-0.4741,1.2824,-0.000,-6.405,155.118,0,0,554,217,107,117
1778699021.937231,2,0.964433,0.894647,0.862827,0.9548,0.4005,1.3582,-0.000,-0.387,-145.292,0,0,41,156,82,130
1778699022.003970,0,0.986994,0.999852,0.986848,1.1091,-0.0142,1.2520,0.000,0.873,-171.297,0,0,305,233,95,110
1778699022.003970,1,0.974568,0.921595,0.898157,1.1161,-0.4741,1.2824,0.000,-5.908,155.724,0,0,554,217,107,117
1778699022.003970,2,0.962943,0.894045,0.860914,0.9479,0.3987,1.3565,-0.000,-0.596,-144.935,0,0,40,156,81,130
1778699022.070707,0,0.986319,0.999842,0.986163,1.1089,-0.0142,1.2538,0.000,0.772,-171.144,0,0,305,232,95,109
1778699022.070707,1,0.975389,0.921018,0.898351,1.1121,-0.4743,1.2819,0.000,-5.763,156.577,0,0,555,217,108,117
1778699022.070707,2,0.957049,0.894045,0.855644,0.9479,0.3987,1.3565,0.000,-1.271,-143.798,0,0,40,156,81,130
1778699022.137415,0,0.986075,0.999842,0.985920,1.1089,-0.0142,1.2538,0.000,0.922,-170.945,0,0,305,232,95,109
1778699022.137415,1,0.975802,0.921595,0.899295,1.1161,-0.4741,1.2824,0.000,-5.656,156.978,0,0,554,217,107,117
1778699022.137415,2,0.956517,0.893869,0.855001,0.9477,0.3987,1.3581,0.000,-1.144,-143.565,0,0,40,155,81,132
1778699022.204144,0,0.986664,0.999842,0.986508,1.1089,-0.0142,1.2538,0.000,0.653,-171.374,0,0,305,232,95,109
1778699022.204144,1,0.973945,0.921018,0.897022,1.1161,-0.4760,1.2824,0.000,-6.124,156.350,0,0,555,217,108,117
1778699022.204144,2,0.956987,0.893869,0.855421,0.9497,0.3997,1.3585,0.000,-1.438,-144.132,0,0,40,155,81,132
1778699022.204144,0,0.984799,0.999842,0.984644,1.1089,-0.0142,1.2538,-0.000,0.173,-170.937,0,0,305,232,96,110
1778699022.204144,1,0.970023,0.921018,0.893409,1.1161,-0.4760,1.2824,0.000,-6.819,154.189,0,0,555,217,107,117
1778699022.204144,2,0.955265,0.893869,0.853882,0.9497,0.3997,1.3585,0.000,-1.128,-143.141,0,0,40,155,81,132
1778699022.304261,0,0.983103,0.999842,0.982949,1.1089,-0.0142,1.2538,-0.000,-0.135,-170.487,0,0,305,232,96,110
1778699022.304261,1,0.973027,0.921018,0.896176,1.1121,-0.4743,1.2819,0.000,-6.247,155.169,0,0,555,218,107,117
1778699022.304261,2,0.956615,0.893869,0.855089,0.9477,0.3987,1.3581,0.000,-1.068,-143.496,0,0,40,156,81,132
1778699022.304261,0,0.983515,0.999842,0.983360,1.1089,-0.0142,1.2538,-0.000,-0.135,-170.487,0,0,305,232,96,109
1778699022.304261,1,0.969519,0.921062,0.892986,1.1121,-0.4743,1.2819,0.000,-6.247,155.169,0,0,555,217,107,117
1778699022.304261,2,0.959355,0.894045,0.857706,0.9477,0.3987,1.3581,0.000,-1.068,-143.496,0,0,40,156,80,130
1778699022.504480,0,0.985639,0.999852,0.985493,1.1091,-0.0142,1.2520,0.000,0.508,-170.975,0,0,305,233,96,110
1778699022.504480,1,0.974604,0.921018,0.897628,1.1121,-0.4743,1.2819,0.000,-5.847,155.174,0,0,555,217,107,117
1778699022.504480,2,0.959203,0.894045,0.857570,0.9479,0.3987,1.3565,0.000,-0.462,-143.450,0,0,40,156,80,130
1778699022.504480,0,0.984622,0.999842,0.984467,1.1091,-0.0142,1.2520,0.000,0.508,-170.975,0,0,305,232,96,109
1778699022.504480,1,0.972871,0.921018,0.896032,1.1121,-0.4743,1.2819,0.000,-5.847,155.174,0,0,555,217,107,117
1778699022.504480,2,0.960457,0.894045,0.858692,0.9479,0.3987,1.3565,0.000,-0.462,-143.450,0,0,40,156,80,130
1778699022.637971,0,0.984255,0.999842,0.984100,1.1089,-0.0142,1.2538,-0.000,0.014,-170.833,0,0,305,232,96,109
1778699022.637971,1,0.971696,0.921018,0.894950,1.1121,-0.4743,1.2819,-0.000,-6.556,155.016,0,0,555,217,107,117
1778699022.637971,2,0.952380,0.894045,0.851470,0.9479,0.3987,1.3565,0.000,-1.385,-142.475,0,0,40,156,80,130
1778699022.704706,0,0.984439,0.999842,0.984284,1.1059,-0.0142,1.2535,0.000,0.337,-170.676,0,0,305,232,95,109
1778699022.704706,1,0.971386,0.921018,0.894665,1.1121,-0.4743,1.2819,0.000,-6.614,154.899,0,0,555,217,107,117
1778699022.704706,2,0.959726,0.894045,0.858038,0.9479,0.3987,1.3565,-0.000,-0.714,-143.950,0,0,40,156,80,130
1778699022.704706,0,0.983709,0.999842,0.983554,1.1059,-0.0142,1.2535,0.000,-0.172,-170.753,0,0,305,232,96,109
1778699022.704706,1,0.973408,0.921018,0.896526,1.1121,-0.4743,1.2819,0.000,-6.176,155.363,0,0,555,217,107,117
1778699022.704706,2,0.959011,0.894045,0.857399,0.9479,0.3987,1.3565,-0.000,-0.418,-143.334,0,0,40,155,80,132
1778699022.804801,0,0.984226,0.999842,0.984071,1.1089,-0.0142,1.2538,0.000,-0.687,-171.390,0,0,305,233,96,110
1778699022.804801,1,0.971864,0.921018,0.895104,1.1121,-0.4743,1.2819,0.000,-6.531,155.136,0,0,555,217,107,117
1778699022.804801,2,0.965016,0.893869,0.862598,0.9477,0.3987,1.3581,0.000,-0.626,-145.946,0,0,40,155,81,133
1778699022.804801,0,0.985358,0.999852,0.985212,1.1089,-0.0142,1.2538,0.000,-0.687,-171.390,0,0,305,232,96,109
1778699022.804801,1,0.971851,0.921018,0.895093,1.1121,-0.4743,1.2819,0.000,-6.531,155.136,0,0,555,217,107,117
1778699022.804801,2,0.958991,0.893869,0.857212,0.9477,0.3987,1.3581,0.000,-0.626,-145.946,0,0,40,156,80,130
1778699022.871540,0,0.986296,0.999842,0.986141,1.1061,-0.0142,1.2517,0.000,0.065,-171.175,0,0,305,232,96,109
1778699022.871540,1,0.973400,0.920440,0.895956,1.1121,-0.4743,1.2819,0.000,-6.510,154.963,0,0,556,217,108,117
1778699022.871540,2,0.963381,0.893869,0.861137,0.9477,0.3987,1.3581,-0.000,-0.306,-143.293,0,0,40,155,81,133
1778699023.071755,0,0.985622,0.999842,0.985467,1.1089,-0.0142,1.2538,0.000,0.066,-171.364,0,0,305,232,96,110
1778699023.071755,1,0.971599,0.921018,0.894861,1.1121,-0.4743,1.2819,0.000,-6.618,155.305,0,0,555,217,107,115
1778699023.071755,2,0.965536,0.894045,0.863232,0.9479,0.3987,1.3565,0.000,-0.377,-145.622,0,0,40,156,81,130
1778699023.071755,0,0.985911,0.999842,0.985756,1.1089,-0.0142,1.2538,0.000,0.418,-171.221,0,0,305,232,96,109
1778699023.071755,1,0.969867,0.921018,0.893265,1.1121,-0.4743,1.2819,0.000,-6.935,154.616,0,0,555,217,107,117
1778699023.071755,2,0.957605,0.894045,0.856142,0.9479,0.3987,1.3565,0.000,-1.033,-143.663,0,0,40,155,81,132
1778699023.071755,0,0.985413,0.999842,0.985258,1.1089,-0.0142,1.2538,0.000,0.418,-171.221,0,0,305,232,96,109
1778699023.071755,1,0.973122,0.921018,0.896263,1.1121,-0.4743,1.2819,0.000,-6.935,154.616,0,0,555,217,107,117
1778699023.071755,2,0.957773,0.894045,0.856292,0.9479,0.3987,1.3565,0.000,-1.033,-143.663,0,0,40,156,81,132
1778699023.205187,0,0.982460,0.999842,0.982306,1.1089,-0.0142,1.2538,0.000,-0.442,-170.468,0,0,305,232,96,110
1778699023.205187,1,0.971931,0.921018,0.895166,1.1121,-0.4743,1.2819,0.000,-6.508,155.089,0,0,555,217,107,117
1778699023.205187,2,0.957113,0.894045,0.855702,0.9479,0.3987,1.3565,0.000,-0.752,-143.143,0,0,40,155,80,133
1778699023.305301,0,0.985336,0.999842,0.985181,1.1059,-0.0142,1.2535,0.000,-0.058,-171.339,0,0,305,232,96,109
1778699023.305301,1,0.970266,0.921018,0.893633,1.1121,-0.4743,1.2819,0.000,-6.893,154.954,0,0,555,217,107,117
1778699023.305301,2,0.957173,0.893869,0.855588,0.9497,0.3997,1.3585,0.000,-0.542,-143.008,0,0,40,155,80,133
1778699023.438774,0,0.984704,0.999842,0.984549,1.1059,-0.0142,1.2535,0.000,-0.111,-171.113,0,0,305,232,96,109
1778699023.438774,1,0.972123,0.921018,0.895343,1.1121,-0.4743,1.2819,0.000,-6.462,155.096,0,0,555,217,107,117
1778699023.438774,2,0.959509,0.894045,0.857844,0.9498,0.3997,1.3570,-0.000,-0.328,-143.383,0,0,40,156,80,130
1778699023.438774,0,0.984863,0.999842,0.984708,1.1059,-0.0142,1.2535,0.000,0.297,-170.873,0,0,305,232,96,109
1778699023.438774,1,0.972321,0.921018,0.895525,1.1121,-0.4743,1.2819,-0.000,-6.465,155.519,0,0,555,217,107,117
1778699023.438774,2,0.958986,0.894045,0.857376,0.9498,0.3997,1.3570,0.000,-0.551,-143.491,0,0,40,155,80,133
1778699023.538894,0,0.985925,0.999842,0.985770,1.1089,-0.0142,1.2538,0.000,0.318,-171.301,0,0,305,232,96,109
1778699023.538894,1,0.971087,0.921018,0.894389,1.1121,-0.4743,1.2819,0.000,-6.711,155.065,0,0,555,217,107,117
1778699023.538894,2,0.955059,0.893869,0.853698,0.9497,0.3997,1.3585,-0.000,-0.657,-142.501,0,0,40,155,80,133
1778699023.605633,0,0.985980,0.999842,0.985825,1.1089,-0.0142,1.2538,0.000,0.272,-171.359,0,0,305,232,95,109
1778699023.605633,1,0.971646,0.921018,0.894903,1.1121,-0.4743,1.2819,0.000,-6.672,155.982,0,0,555,217,107,117
1778699023.605633,2,0.955842,0.893869,0.854398,0.9497,0.3997,1.3585,0.000,-0.867,-142.993,0,0,40,155,81,133
1778699023.672371,0,0.988448,0.999842,0.988292,1.1059,-0.0142,1.2535,0.000,1.206,-171.782,0,0,305,232,95,109
1778699023.672371,1,0.973622,0.921018,0.896723,1.1121,-0.4743,1.2819,-0.000,-6.110,155.265,0,0,555,217,107,117
1778699023.672371,2,0.959213,0.893869,0.857410,0.9497,0.3997,1.3585,0.000,-0.546,-143.667,0,0,40,155,81,133
1778699023.672371,0,0.985509,0.999842,0.985354,1.1059,-0.0142,1.2535,0.000,1.206,-171.782,0,0,305,232,96,111
1778699023.672371,1,0.973460,0.921018,0.896575,1.1121,-0.4743,1.2819,-0.000,-6.110,155.265,0,0,555,217,107,117
1778699023.672371,2,0.961761,0.894647,0.860437,0.9497,0.3997,1.3585,0.000,-0.546,-143.667,0,0,41,156,82,130
1778699023.872574,0,0.986387,0.999842,0.986232,1.1029,-0.0143,1.2532,0.000,1.261,-170.863,0,0,305,232,95,113
1778699023.872574,1,0.973968,0.921018,0.897043,1.1121,-0.4743,1.2819,-0.000,-6.118,156.344,0,0,555,217,108,117
1778699023.872574,2,0.959101,0.894045,0.857479,0.9498,0.3997,1.3570,-0.000,-1.104,-144.270,0,0,40,156,81,130
1778699023.872574,0,0.986036,0.999870,0.985908,1.1029,-0.0143,1.2532,0.000,1.261,-170.863,0,0,306,232,96,111
1778699023.872574,1,0.971651,0.921018,0.894908,1.1121,-0.4743,1.2819,-0.000,-6.118,156.344,0,0,555,217,108,117
1778699023.872574,2,0.954704,0.894045,0.853548,0.9498,0.3997,1.3570,-0.000,-1.104,-144.270,0,0,40,156,81,130
1778699024.006024,0,0.988449,0.999870,0.988321,1.1059,-0.0160,1.2535,0.000,1.540,-171.669,0,0,306,232,96,111
1778699024.006024,1,0.972164,0.921018,0.895381,1.1121,-0.4743,1.2819,0.000,-6.436,154.988,0,0,555,217,107,117
1778699024.006024,2,0.959480,0.893869,0.857650,0.9477,0.3987,1.3581,-0.000,-0.376,-143.539,0,0,40,155,81,132
1778699024.006024,0,0.987632,0.999870,0.987504,1.1059,-0.0160,1.2535,0.000,1.396,-171.401,0,0,306,232,96,111
1778699024.006024,1,0.970143,0.921018,0.893519,1.1121,-0.4743,1.2819,0.000,-6.908,154.856,0,0,555,217,107,117
1778699024.006024,2,0.953035,0.893869,0.851888,0.9477,0.3987,1.3581,0.000,-1.180,-142.523,0,0,40,155,81,133
1778699024.172892,0,0.987938,0.999870,0.987810,1.1059,-0.0160,1.2535,0.000,1.698,-171.354,0,0,306,232,96,111
1778699024.172892,1,0.971108,0.921018,0.894409,1.1121,-0.4743,1.2819,0.000,-6.710,155.096,0,0,555,217,107,117
1778699024.172892,2,0.959966,0.893869,0.858084,0.9477,0.3987,1.3581,-0.000,-0.743,-144.186,0,0,40,155,81,133
1778699024.239631,0,0.988161,0.999870,0.988033,1.1029,-0.0161,1.2532,0.000,0.952,-171.928,0,0,306,232,96,111
1778699024.239631,1,0.972381,0.921018,0.895580,1.1121,-0.4743,1.2819,0.000,-6.384,154.995,0,0,555,217,107,117
1778699024.239631,2,0.963732,0.894045,0.861620,0.9479,0.3987,1.3565,-0.000,0.156,-144.191,0,0,40,156,81,132
1778699024.306369,0,0.987746,0.999879,0.987627,1.1061,-0.0160,1.2517,-0.000,1.590,-171.278,0,0,306,233,96,110
1778699024.306369,1,0.972223,0.921018,0.895435,1.1121,-0.4743,1.2819,0.000,-6.451,155.198,0,0,555,217,107,117
1778699024.306369,2,0.955806,0.894045,0.854533,0.9498,0.3997,1.3570,0.000,-1.039,-143.091,0,0,40,156,81,130
1778699024.373081,0,0.988196,0.999870,0.988068,1.1059,-0.0160,1.2535,0.000,2.214,-171.191,0,0,306,232,96,111
1778699024.373081,1,0.972592,0.921018,0.895775,1.1161,-0.4760,1.2824,-0.000,-6.427,155.813,0,0,555,217,108,117
1778699024.373081,2,0.963998,0.894045,0.861857,0.9498,0.3997,1.3570,0.000,-0.044,-144.549,0,0,40,156,81,132
1778699024.439814,0,0.987811,0.999879,0.987692,1.1061,-0.0160,1.2517,0.000,1.733,-171.227,0,0,306,233,96,111
1778699024.439814,1,0.973751,0.921018,0.896842,1.1161,-0.4760,1.2824,0.000,-6.035,154.965,0,0,555,217,108,117
1778699024.439814,2,0.957652,0.894045,0.856184,0.9518,0.4007,1.3575,0.000,-0.749,-143.311,0,0,40,156,81,130
1778699024.506553,0,0.987398,0.999879,0.987279,1.1061,-0.0160,1.2517,0.000,1.412,-171.234,0,0,306,233,96,111
1778699024.506553,1,0.972441,0.921018,0.895636,1.1121,-0.4743,1.2819,0.000,-6.360,154.934,0,0,555,217,108,117
1778699024.506553,2,0.961820,0.894045,0.859910,0.9498,0.3997,1.3570,0.000,-0.480,-144.360,0,0,40,156,81,130
1778699024.573308,0,0.987886,0.999879,0.987766,1.1061,-0.0160,1.2517,-0.000,1.499,-171.389,0,0,306,233,96,111
1778699024.573308,1,0.975664,0.921018,0.898604,1.1121,-0.4743,1.2819,0.000,-5.671,156.151,0,0,555,217,108,117
1778699024.573308,2,0.965966,0.894045,0.863616,0.9498,0.3997,1.3570,0.000,0.156,-145.003,0,0,40,156,81,130
1778699024.673382,0,0.987362,0.999879,0.987243,1.1061,-0.0160,1.2517,0.000,1.536,-171.148,0,0,306,232,96,113
1778699024.673382,1,0.972516,0.921018,0.895705,1.1121,-0.4743,1.2819,-0.000,-6.437,155.722,0,0,555,217,108,117
1778699024.673382,2,0.957380,0.894045,0.855941,0.9498,0.3997,1.3570,0.000,-0.901,-143.416,0,0,40,156,81,130
1778699024.673382,0,0.987207,0.999870,0.987079,1.1059,-0.0160,1.2535,-0.000,1.696,-171.050,0,0,306,233,96,111
1778699024.673382,1,0.974058,0.921018,0.897126,1.1121,-0.4743,1.2819,0.000,-6.054,155.764,0,0,555,217,108,117
1778699024.673382,2,0.958116,0.894045,0.856599,0.9498,0.3997,1.3570,0.000,-0.936,-143.704,0,0,40,156,81,132
1778699024.806877,0,0.987460,0.999870,0.987332,1.1089,-0.0160,1.2538,0.000,1.269,-171.406,0,0,306,232,96,113
1778699024.806877,1,0.972626,0.921018,0.895806,1.1121,-0.4743,1.2819,0.000,-6.398,155.598,0,0,555,217,107,117
1778699024.806877,2,0.961136,0.894647,0.859877,0.9498,0.3981,1.3570,-0.000,-0.541,-144.296,0,0,41,156,82,132
1778699024.806877,0,0.986921,0.999870,0.986792,1.1089,-0.0160,1.2538,0.000,1.686,-170.939,0,0,306,233,96,111
1778699024.806877,1,0.972140,0.921018,0.895359,1.1121,-0.4743,1.2819,0.000,-6.535,155.780,0,0,555,217,108,117
1778699024.806877,2,0.949828,0.894647,0.849761,0.9498,0.3981,1.3570,0.000,-1.907,-142.461,0,0,40,156,81,130
1778699024.906985,0,0.987405,0.999879,0.987286,1.1091,-0.0160,1.2520,0.000,1.720,-171.066,0,0,306,232,96,113
1778699024.906985,1,0.975221,0.921018,0.898196,1.1121,-0.4743,1.2819,0.000,-5.713,155.375,0,0,555,217,108,117
1778699024.906985,2,0.961361,0.894045,0.859499,0.9498,0.3997,1.3570,0.000,-1.263,-145.353,0,0,41,156,82,130
1778699024.906985,0,0.987438,0.999879,0.987319,1.1091,-0.0160,1.2520,0.000,1.720,-171.066,0,0,306,233,96,111
1778699024.906985,1,0.975344,0.921018,0.898310,1.1121,-0.4743,1.2819,0.000,-5.713,155.375,0,0,555,217,107,117
1778699024.906985,2,0.958147,0.894045,0.856626,0.9498,0.3997,1.3570,0.000,-1.263,-145.353,0,0,40,156,81,130
1778699025.040432,0,0.988267,0.999879,0.988148,1.1091,-0.0160,1.2520,0.000,1.577,-171.508,0,0,307,233,96,111
1778699025.040432,1,0.972283,0.921018,0.895490,1.1121,-0.4743,1.2819,0.000,-6.414,155.040,0,0,555,218,107,117
1778699025.040432,2,0.957273,0.894045,0.855844,0.9498,0.3997,1.3570,-0.000,-0.870,-143.343,0,0,40,156,81,132
1778699025.207289,0,0.987310,0.999879,0.987191,1.1091,-0.0160,1.2520,0.000,1.634,-171.073,0,0,306,233,96,110
1778699025.207289,1,0.974641,0.921062,0.897704,1.1163,-0.4760,1.2806,0.000,-5.901,154.985,0,0,555,218,107,115
1778699025.207289,2,0.963602,0.894045,0.861503,0.9498,0.3997,1.3570,-0.000,-0.386,-144.879,0,0,40,156,81,132
1778699025.274014,0,0.987935,0.999895,0.987831,1.1089,-0.0178,1.2538,-0.000,1.191,-171.764,0,0,307,232,96,113
1778699025.274014,1,0.972067,0.921062,0.895334,1.1163,-0.4760,1.2806,0.000,-6.385,154.072,0,0,555,218,107,117
1778699025.274014,2,0.959815,0.894045,0.858117,0.9518,0.4007,1.3575,-0.000,-1.086,-144.498,0,0,40,156,81,130
1778699025.274014,0,0.987346,0.999870,0.987218,1.1089,-0.0178,1.2538,-0.000,1.191,-171.764,0,0,306,232,97,113
1778699025.274014,1,0.972918,0.921018,0.896075,1.1163,-0.4760,1.2806,0.000,-6.385,154.072,0,0,555,217,107,117
1778699025.274014,2,0.962377,0.894045,0.860408,0.9518,0.4007,1.3575,-0.000,-1.086,-144.498,0,0,40,156,81,130
1778699025.340742,0,0.987760,0.999870,0.987631,1.1089,-0.0160,1.2538,0.000,0.883,-171.795,0,0,307,233,96,111
1778699025.340742,1,0.974560,0.921018,0.897588,1.1161,-0.4760,1.2824,-0.000,-5.800,154.798,0,0,555,217,107,117
1778699025.340742,2,0.960033,0.894045,0.858313,0.9518,0.4007,1.3575,-0.000,-0.344,-143.573,0,0,40,156,81,130
1778699025.440841,0,0.988088,0.999904,0.987993,1.1091,-0.0178,1.2520,0.000,1.113,-171.817,0,0,307,233,96,111
1778699025.440841,1,0.973630,0.921018,0.896731,1.1121,-0.4743,1.2819,0.000,-6.118,155.348,0,0,555,217,108,117
1778699025.440841,2,0.961484,0.894045,0.859610,0.9518,0.4007,1.3575,-0.000,-0.499,-144.268,0,0,41,156,82,132
1778699025.507566,0,0.987859,0.999904,0.987764,1.1091,-0.0178,1.2520,0.000,0.433,-172.204,0,0,307,233,96,110
1778699025.507566,1,0.972413,0.921018,0.895610,1.1121,-0.4743,1.2819,-0.000,-6.358,154.876,0,0,555,217,107,117
1778699025.507566,2,0.958513,0.894647,0.857531,0.9518,0.3991,1.3575,0.000,-0.625,-143.524,0,0,41,156,82,132
1778699025.574302,0,0.987934,0.999904,0.987839,1.1091,-0.0178,1.2520,0.000,1.011,-171.817,0,0,307,233,96,111
1778699025.574302,1,0.973275,0.921018,0.896404,1.1121,-0.4743,1.2819,0.000,-6.155,154.964,0,0,555,217,107,117
1778699025.574302,2,0.963214,0.894647,0.861736,0.9548,0.4005,1.3582,0.000,-0.135,-144.483,0,0,40,156,81,132
1778699025.707779,0,0.987601,0.999904,0.987506,1.1121,-0.0178,1.2523,-0.000,0.365,-172.138,0,0,307,233,96,111
1778699025.707779,1,0.973420,0.921018,0.896538,1.1121,-0.4743,1.2819,-0.000,-6.159,155.247,0,0,555,217,107,117
1778699025.707779,2,0.963818,0.894647,0.862277,0.9548,0.4005,1.3582,0.000,-0.153,-144.725,0,0,41,156,82,130
1778699025.774524,0,0.986411,0.999904,0.986317,1.1091,-0.0178,1.2520,-0.000,0.575,-171.453,0,0,307,233,96,111
1778699025.774524,1,0.974826,0.921018,0.897833,1.1121,-0.4743,1.2819,-0.000,-5.807,155.308,0,0,555,217,107,117
1778699025.774524,2,0.958696,0.894647,0.857695,0.9548,0.4005,1.3582,-0.000,-0.829,-143.848,0,0,41,156,82,130
1778699025.841265,0,0.988220,0.999904,0.988125,1.1091,-0.0178,1.2520,0.000,0.980,-171.967,0,0,307,233,96,111
1778699025.841265,1,0.972977,0.921018,0.896130,1.1161,-0.4760,1.2824,0.000,-6.235,154.994,0,0,555,217,107,117
1778699025.841265,2,0.955027,0.894647,0.854412,0.9548,0.4005,1.3582,0.000,-1.344,-143.330,0,0,41,156,82,130
1778699025.841265,0,0.986686,0.999904,0.986591,1.1091,-0.0178,1.2520,0.000,0.827,-171.399,0,0,307,232,96,113
1778699025.841265,1,0.976293,0.921018,0.899184,1.1161,-0.4760,1.2824,-0.000,-5.411,155.236,0,0,555,218,108,114
1778699025.841265,2,0.957947,0.894647,0.857025,0.9548,0.4005,1.3582,-0.000,-0.742,-143.489,0,0,41,156,82,130
1778699025.941370,0,0.986119,0.999895,0.986015,1.1119,-0.0178,1.2541,-0.000,0.106,-171.752,0,0,307,233,96,110
1778699025.941370,1,0.973965,0.921062,0.897082,1.1123,-0.4743,1.2801,0.000,-6.060,154.890,0,0,555,217,107,117
1778699025.941370,2,0.959073,0.894647,0.858032,0.9548,0.4005,1.3582,0.000,-0.073,-143.034,0,0,41,156,82,132
1778699025.941370,0,0.987081,0.999904,0.986986,1.1119,-0.0178,1.2541,-0.000,0.106,-171.752,0,0,307,233,96,110
1778699025.941370,1,0.973685,0.921018,0.896782,1.1123,-0.4743,1.2801,0.000,-6.060,154.890,0,0,555,217,107,117
1778699025.941370,2,0.955527,0.894647,0.854860,0.9548,0.4005,1.3582,0.000,-0.073,-143.034,0,0,41,156,82,130
1778699026.141574,0,0.987136,0.999904,0.987041,1.1091,-0.0178,1.2520,0.000,0.372,-171.919,0,0,307,233,96,111
1778699026.141574,1,0.970352,0.921018,0.893712,1.1121,-0.4743,1.2819,0.000,-6.792,154.460,0,0,555,217,108,117
1778699026.141574,2,0.959733,0.894045,0.858044,0.9518,0.4007,1.3575,0.000,-0.338,-143.467,0,0,40,156,81,132
1778699026.208315,0,0.988537,0.999904,0.988442,1.1091,-0.0178,1.2520,-0.000,0.796,-172.246,0,0,307,233,96,111
1778699026.208315,1,0.972767,0.921018,0.895936,1.1121,-0.4743,1.2819,0.000,-6.341,155.394,0,0,555,217,108,117
1778699026.208315,2,0.956913,0.894471,0.855931,0.9497,0.3981,1.3585,0.000,-0.804,-143.344,0,0,41,155,82,132
1778699026.208315,0,0.989173,0.999904,0.989078,1.1091,-0.0178,1.2520,-0.000,0.796,-172.246,0,0,307,233,96,111
1778699026.208315,1,0.972008,0.921018,0.895237,1.1121,-0.4743,1.2819,0.000,-6.341,155.394,0,0,555,217,108,117
1778699026.208315,2,0.955488,0.894045,0.854249,0.9497,0.3981,1.3585,0.000,-0.804,-143.344,0,0,40,156,81,130
1778699026.275051,0,0.989237,0.999904,0.989142,1.1121,-0.0178,1.2523,0.000,1.310,-172.213,0,0,307,233,96,110
1778699026.275051,1,0.971643,0.921018,0.894901,1.1121,-0.4743,1.2819,-0.000,-6.469,154.415,0,0,555,217,107,117
1778699026.275051,2,0.960352,0.894045,0.858598,0.9498,0.3997,1.3570,-0.000,-0.586,-143.992,0,0,40,156,81,130
1778699026.275051,0,0.988700,0.999904,0.988605,1.1121,-0.0178,1.2523,0.000,1.310,-172.213,0,0,306,233,95,110
1778699026.275051,1,0.970508,0.921018,0.893856,1.1121,-0.4743,1.2819,-0.000,-6.469,154.415,0,0,555,217,108,117
1778699026.275051,2,0.963925,0.894045,0.861792,0.9498,0.3997,1.3570,-0.000,-0.586,-143.992,0,0,40,156,81,130
1778699026.441894,0,0.990837,0.999879,0.990717,1.1121,-0.0159,1.2523,0.000,1.769,-172.591,0,0,307,233,96,111
1778699026.441894,1,0.973753,0.921018,0.896845,1.1121,-0.4743,1.2819,0.000,-6.066,155.189,0,0,555,217,106,117
1778699026.441894,2,0.962360,0.894045,0.860393,0.9518,0.4007,1.3575,0.000,-0.182,-144.150,0,0,40,156,81,130
1778699026.575341,0,0.988616,0.999904,0.988521,1.1091,-0.0178,1.2520,0.000,0.908,-172.201,0,0,307,233,96,111
1778699026.575341,1,0.971349,0.921018,0.894631,1.1121,-0.4743,1.2819,0.000,-6.698,155.474,0,0,555,217,108,117
1778699026.575341,2,0.961125,0.894045,0.859288,0.9479,0.3987,1.3565,-0.000,-0.537,-144.193,0,0,40,156,80,132
1778699026.575341,0,0.987377,0.999904,0.987282,1.1091,-0.0178,1.2520,0.000,0.945,-171.616,0,0,306,233,95,110
1778699026.575341,1,0.971878,0.921018,0.895117,1.1121,-0.4743,1.2819,0.000,-6.453,154.650,0,0,555,217,107,117
1778699026.575341,2,0.961520,0.894045,0.859642,0.9479,0.3987,1.3565,0.000,-0.363,-144.098,0,0,40,155,81,132
1778699026.742187,0,0.989480,0.999904,0.989385,1.1091,-0.0178,1.2520,0.000,1.146,-172.443,0,0,307,233,96,111
1778699026.742187,1,0.972592,0.921018,0.895775,1.1121,-0.4743,1.2819,-0.000,-6.437,155.939,0,0,555,217,108,117
1778699026.742187,2,0.954914,0.893869,0.853568,0.9477,0.3987,1.3581,0.000,-0.346,-142.105,0,0,40,155,80,132
1778699026.808926,0,0.986152,0.999904,0.986058,1.1091,-0.0178,1.2520,0.000,0.687,-171.268,0,0,307,233,96,111
1778699026.808926,1,0.975763,0.921018,0.898696,1.1121,-0.4743,1.2819,-0.000,-5.571,155.378,0,0,555,217,107,117
1778699026.808926,2,0.955609,0.893869,0.854189,0.9497,0.3997,1.3585,0.000,-0.887,-142.945,0,0,40,155,80,132
1778699026.875664,0,0.985262,0.999904,0.985167,1.1061,-0.0179,1.2517,0.000,-0.002,-171.388,0,0,307,233,96,111
1778699026.875664,1,0.975378,0.921062,0.898383,1.1123,-0.4743,1.2801,0.000,-5.758,155.329,0,0,555,218,107,115
1778699026.875664,2,0.959649,0.893869,0.857800,0.9477,0.3987,1.3581,0.000,-0.634,-143.929,0,0,40,155,80,132
1778699026.875664,0,0.984478,0.999904,0.984384,1.1061,-0.0179,1.2517,0.000,0.221,-170.905,0,0,307,233,96,111
1778699026.875664,1,0.975281,0.921062,0.898294,1.1123,-0.4743,1.2801,0.000,-5.644,154.476,0,0,555,217,107,117
1778699026.875664,2,0.959901,0.893869,0.858026,0.9477,0.3987,1.3581,-0.000,-0.517,-143.860,0,0,40,156,80,132
1778699026.975749,0,0.984308,0.999904,0.984214,1.1061,-0.0179,1.2517,0.000,0.083,-170.935,0,0,307,232,96,113
1778699026.975749,1,0.974604,0.921018,0.897628,1.1121,-0.4743,1.2819,0.000,-5.768,154.678,0,0,555,218,107,117
1778699026.975749,2,0.960377,0.894045,0.858620,0.9479,0.3987,1.3565,0.000,-0.248,-143.566,0,0,40,156,80,130
1778699027.109221,0,0.983207,0.999895,0.983103,1.1029,-0.0179,1.2532,0.000,0.016,-170.621,0,0,307,232,96,113
1778699027.109221,1,0.971777,0.921018,0.895024,1.1121,-0.4743,1.2819,0.000,-6.528,154.963,0,0,555,217,107,117
1778699027.109221,2,0.953891,0.893869,0.852654,0.9477,0.3987,1.3581,0.000,-0.645,-142.145,0,0,40,155,80,133
1778699027.175958,0,0.982460,0.999895,0.982357,1.1059,-0.0179,1.2535,-0.000,0.058,-170.310,0,0,307,232,96,113
1778699027.175958,1,0.973841,0.921018,0.896925,1.1121,-0.4743,1.2819,-0.000,-5.978,154.754,0,0,555,217,107,117
1778699027.175958,2,0.957627,0.894045,0.856161,0.9479,0.3987,1.3565,0.000,-0.097,-142.530,0,0,40,156,80,132
1778699027.242696,0,0.983544,0.999895,0.983440,1.1029,-0.0179,1.2532,-0.000,0.108,-170.686,0,0,307,232,96,113
1778699027.242696,1,0.971904,0.921018,0.895141,1.1161,-0.4760,1.2824,0.000,-6.502,155.001,0,0,555,217,108,117
1778699027.242696,2,0.959361,0.893869,0.857544,0.9477,0.3987,1.3581,0.000,-0.523,-143.686,0,0,40,155,80,133
1778699027.242696,0,0.983701,0.999895,0.983598,1.1029,-0.0179,1.2532,0.000,-0.016,-170.837,0,0,307,232,96,113
1778699027.242696,1,0.975071,0.921018,0.898058,1.1161,-0.4760,1.2824,0.000,-5.688,154.926,0,0,555,217,108,117
1778699027.242696,2,0.961353,0.893869,0.859324,0.9477,0.3987,1.3581,0.000,-0.283,-144.047,0,0,40,154,80,133
1778699027.242696,0,0.984647,0.999895,0.984543,1.1029,-0.0179,1.2532,0.000,-0.016,-170.837,0,0,307,233,96,111
1778699027.242696,1,0.973292,0.921018,0.896420,1.1161,-0.4760,1.2824,0.000,-5.688,154.926,0,0,555,217,108,117
1778699027.242696,2,0.952906,0.893691,0.851604,0.9477,0.3987,1.3581,0.000,-0.283,-144.047,0,0,40,155,80,133
1778699027.342806,0,0.983580,0.999895,0.983477,1.1029,-0.0179,1.2532,0.000,0.390,-170.924,0,0,307,232,96,113
1778699027.342806,1,0.975633,0.921018,0.898576,1.1121,-0.4743,1.2819,-0.000,-5.937,153.867,0,0,555,217,108,117
1778699027.342806,2,0.952598,0.893691,0.851328,0.9476,0.3987,1.3596,0.000,-0.526,-141.825,0,0,40,154,80,133
1778699027.543021,0,0.983937,0.999904,0.983843,1.1061,-0.0179,1.2517,0.000,0.115,-170.766,0,0,307,233,96,114
1778699027.543021,1,0.970879,0.921018,0.894197,1.1121,-0.4743,1.2819,0.000,-6.668,154.479,0,0,555,217,108,117
1778699027.543021,2,0.960662,0.894218,0.859042,0.9480,0.3987,1.3549,0.000,0.385,-142.821,0,0,40,157,80,130
1778699027.609745,0,0.984650,0.999895,0.984546,1.1029,-0.0179,1.2532,0.000,0.495,-170.854,0,0,307,232,96,113
1778699027.609745,1,0.972321,0.921018,0.895526,1.1161,-0.4760,1.2824,0.000,-6.458,155.458,0,0,555,217,108,117
1778699027.609745,2,0.955626,0.893869,0.854204,0.9477,0.3987,1.3581,0.000,-0.856,-142.912,0,0,40,155,80,133
1778699027.609745,0,0.985070,0.999895,0.984966,1.1029,-0.0179,1.2532,0.000,0.721,-170.871,0,0,307,232,96,113
1778699027.609745,1,0.973710,0.921018,0.896805,1.1161,-0.4760,1.2824,-0.000,-6.013,154.769,0,0,555,217,108,117
1778699027.609745,2,0.952876,0.893869,0.851746,0.9477,0.3987,1.3581,0.000,-0.913,-142.159,0,0,40,155,81,133
1778699027.709820,0,0.983973,0.999895,0.983870,1.1029,-0.0179,1.2532,0.000,0.737,-170.438,0,0,307,233,96,114
1778699027.709820,1,0.971934,0.921018,0.895169,1.1121,-0.4743,1.2819,0.000,-6.472,154.845,0,0,555,217,108,117
1778699027.709820,2,0.956404,0.893869,0.854900,0.9477,0.3987,1.3581,0.000,0.019,-142.136,0,0,40,155,80,133
1778699027.843297,0,0.984707,0.999904,0.984612,1.1061,-0.0179,1.2517,0.000,0.553,-170.773,0,0,307,233,96,114
1778699027.843297,1,0.975416,0.921018,0.898376,1.1121,-0.4743,1.2819,-0.000,-5.583,154.839,0,0,555,217,108,117
1778699027.843297,2,0.953617,0.893691,0.852239,0.9407,0.3954,1.3579,-0.000,-0.643,-142.159,0,0,40,154,81,133
1778699027.843297,0,0.984297,0.999904,0.984203,1.1061,-0.0179,1.2517,0.000,0.702,-170.522,0,0,307,233,95,114
1778699027.843297,1,0.973300,0.921018,0.896427,1.1121,-0.4743,1.2819,0.000,-6.098,154.652,0,0,555,217,108,117
1778699027.843297,2,0.968022,0.893691,0.865113,0.9407,0.3954,1.3579,0.000,-0.606,-147.487,0,0,40,155,81,133
1778699027.976778,0,0.981948,0.999925,0.981874,1.1061,-0.0197,1.2517,-0.000,0.652,-169.799,0,0,308,233,96,114
1778699027.976778,1,0.976318,0.921018,0.899207,1.1121,-0.4743,1.2819,0.000,-5.386,155.109,0,0,555,217,108,117
1778699027.976778,2,0.956921,0.894045,0.855530,0.9341,0.3920,1.3532,0.000,-0.529,-142.813,0,0,40,156,81,132
1778699028.043526,0,0.981369,0.999925,0.981295,1.1061,-0.0197,1.2517,0.000,0.702,-169.573,0,0,308,233,96,114
1778699028.043526,1,0.975667,0.921062,0.898650,1.1123,-0.4743,1.2801,0.000,-5.661,155.175,0,0,555,218,108,115
1778699028.043526,2,0.954439,0.894045,0.853312,0.9341,0.3920,1.3532,0.000,-0.502,-142.049,0,0,40,156,81,129
1778699028.043526,0,0.981595,0.999925,0.981522,1.1061,-0.0197,1.2517,-0.000,0.854,-169.568,0,0,308,233,96,114
1778699028.043526,1,0.973541,0.921062,0.896691,1.1123,-0.4743,1.2801,0.000,-6.180,154.967,0,0,555,218,108,115
1778699028.043526,2,0.943972,0.894045,0.843953,0.9341,0.3920,1.3532,0.000,-1.418,-140.237,0,0,40,157,81,130
1778699028.043526,0,0.982522,0.999925,0.982449,1.1061,-0.0197,1.2517,-0.000,0.854,-169.568,0,0,308,233,96,114
1778699028.043526,1,0.971811,0.921062,0.895098,1.1123,-0.4743,1.2801,0.000,-6.180,154.967,0,0,555,217,108,117
1778699028.043526,2,0.938235,0.894218,0.838987,0.9341,0.3920,1.3532,0.000,-1.418,-140.237,0,0,40,157,81,128
1778699028.210384,0,0.979493,0.999925,0.979420,1.1031,-0.0197,1.2514,-0.000,1.007,-168.805,0,0,308,233,96,114
1778699028.210384,1,0.973439,0.921018,0.896555,1.1121,-0.4743,1.2819,-0.000,-6.071,154.700,0,0,555,217,108,117
1778699028.210384,2,0.934273,0.894218,0.835444,0.9294,0.3896,1.3505,0.000,-1.471,-137.976,0,0,40,157,81,128
1778699028.343853,0,0.981432,0.999925,0.981359,1.1031,-0.0197,1.2514,-0.000,0.795,-169.545,0,0,308,233,96,114
1778699028.343853,1,0.972860,0.921018,0.896022,1.1121,-0.4743,1.2819,-0.000,-6.288,155.160,0,0,555,217,108,117
1778699028.343853,2,0.921429,0.894993,0.824672,0.9276,0.3871,1.3485,0.000,0.019,-134.417,0,0,41,158,82,126
1778699028.343853,0,0.980228,0.999925,0.980155,1.1031,-0.0197,1.2514,-0.000,0.809,-169.138,0,0,308,233,96,114
1778699028.343853,1,0.971957,0.921018,0.895190,1.1121,-0.4743,1.2819,0.000,-6.442,154.699,0,0,555,217,108,117
1778699028.343853,2,0.911355,0.894993,0.815657,0.9276,0.3871,1.3485,-0.000,-1.295,-133.555,0,0,41,157,82,129
1778699028.510700,0,0.980025,0.999925,0.979952,1.1061,-0.0197,1.2517,0.000,0.697,-169.130,0,0,308,233,96,111
1778699028.510700,1,0.973747,0.921062,0.896881,1.1123,-0.4743,1.2801,0.000,-6.107,154.836,0,0,555,218,108,117
1778699028.510700,2,0.903021,0.894993,0.808198,0.9295,0.3880,1.3489,0.000,0.717,-131.035,0,0,41,158,83,126
1778699028.577438,0,0.981386,0.999925,0.981313,1.1031,-0.0197,1.2514,0.000,1.014,-169.416,0,0,308,233,96,111
1778699028.577438,1,0.972125,0.921018,0.895345,1.1121,-0.4743,1.2819,-0.000,-6.342,154.379,0,0,555,217,108,117
1778699028.577438,2,0.910213,0.895765,0.815337,0.9277,0.3856,1.3469,-0.000,-0.266,-132.749,0,0,42,159,84,126
1778699028.577438,0,0.980060,0.999925,0.979987,1.1031,-0.0197,1.2514,0.000,1.014,-169.416,0,0,308,233,96,114
1778699028.577438,1,0.973417,0.921595,0.897096,1.1121,-0.4743,1.2819,-0.000,-6.342,154.379,0,0,554,217,107,117
1778699028.577438,2,0.908448,0.895163,0.813209,0.9277,0.3856,1.3469,-0.000,-0.266,-132.749,0,0,41,159,83,126
1778699028.644177,0,0.978655,0.999925,0.978582,1.1061,-0.0197,1.2517,0.000,0.836,-168.625,0,0,308,233,96,114
1778699028.644177,1,0.974131,0.921595,0.897755,1.1121,-0.4725,1.2819,-0.000,-5.914,154.931,0,0,555,218,108,117
1778699028.644177,2,0.879743,0.895163,0.787513,0.9277,0.3871,1.3469,-0.000,0.545,-127.800,0,0,41,159,82,126
1778699028.644177,0,0.979797,0.999925,0.979724,1.1061,-0.0197,1.2517,0.000,0.836,-168.625,0,0,308,233,96,113
1778699028.644177,1,0.976324,0.921062,0.899255,1.1121,-0.4725,1.2819,-0.000,-5.914,154.931,0,0,555,218,108,115
1778699028.644177,2,0.885781,0.894993,0.792768,0.9277,0.3871,1.3469,-0.000,0.545,-127.800,0,0,41,158,83,129
1778699028.877749,0,0.980533,0.999925,0.980459,1.1031,-0.0197,1.2514,-0.000,0.862,-169.210,0,0,308,233,95,113
1778699028.877749,1,0.973600,0.921595,0.897265,1.1121,-0.4725,1.2819,0.000,-6.044,154.898,0,0,554,217,107,117
1778699028.877749,2,0.841123,0.894821,0.752655,0.9323,0.3895,1.3512,0.000,-0.337,-123.487,0,0,41,157,83,128
1778699028.877749,0,0.980972,0.999925,0.980899,1.1031,-0.0197,1.2514,-0.000,0.862,-169.210,0,0,308,233,97,114
1778699028.877749,1,0.973894,0.921018,0.896974,1.1121,-0.4725,1.2819,0.000,-6.044,154.898,0,0,555,217,108,117
1778699028.877749,2,0.833308,0.894821,0.745661,0.9323,0.3895,1.3512,0.000,-0.337,-123.487,0,0,41,157,83,128
1778699029.011225,0,0.979075,0.999925,0.979002,1.1031,-0.0197,1.2514,0.000,0.803,-168.772,0,0,308,233,96,113
1778699029.011225,1,0.972064,0.921018,0.895289,1.1121,-0.4743,1.2819,-0.000,-6.218,153.739,0,0,555,217,107,117
1778699029.011225,2,0.836074,0.894993,0.748281,0.9295,0.3880,1.3489,0.000,-1.866,-123.572,0,0,41,158,83,128
1778699029.077964,0,0.981129,0.999925,0.981056,1.1031,-0.0197,1.2514,-0.000,1.025,-169.324,0,0,308,233,97,113
1778699029.077964,1,0.974896,0.921595,0.898460,1.1121,-0.4725,1.2819,0.000,-5.723,154.973,0,0,554,217,107,117
1778699029.077964,2,0.840008,0.895595,0.752308,0.9325,0.3879,1.3496,-0.000,-1.563,-123.971,0,0,42,158,84,128
1778699029.077964,0,0.980023,0.999925,0.979950,1.1031,-0.0197,1.2514,0.000,0.770,-169.091,0,0,308,233,96,113
1778699029.077964,1,0.972494,0.921595,0.896246,1.1121,-0.4725,1.2819,0.000,-6.363,155.166,0,0,555,217,107,115
1778699029.077964,2,0.834967,0.895595,0.747793,0.9325,0.3879,1.3496,0.000,-0.519,-122.917,0,0,42,159,84,126
1778699029.244771,0,0.981271,0.999925,0.981198,1.1031,-0.0197,1.2514,0.000,0.795,-169.490,0,0,308,233,97,113
1778699029.244771,1,0.971165,0.921018,0.894461,1.1121,-0.4743,1.2819,0.000,-6.662,154.860,0,0,555,217,107,117
1778699029.244771,2,0.836876,0.894993,0.748998,0.9276,0.3871,1.3485,0.000,-0.682,-123.120,0,0,41,158,83,125
1778699029.311509,0,0.982259,0.999925,0.982186,1.1061,-0.0197,1.2517,-0.000,1.426,-169.508,0,0,308,233,97,113
1778699029.311509,1,0.972933,0.921018,0.896089,1.1121,-0.4743,1.2819,0.000,-6.326,155.642,0,0,555,217,108,117
1778699029.311509,2,0.838203,0.895163,0.750328,0.9297,0.3880,1.3474,0.000,-1.188,-123.468,0,0,41,159,83,126
1778699029.378247,0,0.982127,0.999925,0.982054,1.1061,-0.0197,1.2517,0.000,1.078,-169.633,0,0,308,233,97,113
1778699029.378247,1,0.973682,0.921018,0.896779,1.1121,-0.4743,1.2819,0.000,-6.000,154.647,0,0,555,217,107,117
1778699029.378247,2,0.835784,0.894993,0.748021,0.9325,0.3895,1.3496,0.000,-1.785,-123.499,0,0,41,158,82,126
1778699029.378247,0,0.981812,0.999925,0.981739,1.1061,-0.0197,1.2517,0.000,0.789,-169.677,0,0,308,233,97,113
1778699029.378247,1,0.970837,0.921018,0.894159,1.1121,-0.4743,1.2819,-0.000,-6.767,155.031,0,0,555,217,108,117
1778699029.378247,2,0.838080,0.894993,0.750076,0.9325,0.3895,1.3496,0.000,-1.411,-123.588,0,0,41,158,83,126
1778699029.478363,0,0.982264,0.999925,0.982190,1.1061,-0.0197,1.2517,0.000,1.199,-169.619,0,0,309,233,96,113
1778699029.478363,1,0.973259,0.921018,0.896389,1.1121,-0.4743,1.2819,-0.000,-6.235,155.554,0,0,555,217,108,117
1778699029.478363,2,0.830281,0.894993,0.743096,0.9295,0.3880,1.3489,0.000,-2.266,-123.098,0,0,41,158,83,128
1778699029.611859,0,0.981481,0.999925,0.981408,1.1031,-0.0197,1.2514,0.000,1.384,-169.268,0,0,308,233,97,113
1778699029.611859,1,0.974003,0.921018,0.897075,1.1121,-0.4743,1.2819,-0.000,-6.027,155.374,0,0,555,217,107,117
1778699029.611859,2,0.826438,0.894993,0.739656,0.9325,0.3895,1.3496,0.000,-2.006,-122.538,0,0,41,158,82,126
1778699029.678597,0,0.982228,0.999944,0.982173,1.1031,-0.0215,1.2514,-0.000,1.522,-169.554,0,0,309,233,96,113
1778699029.678597,1,0.972371,0.921018,0.895572,1.1121,-0.4743,1.2819,0.000,-6.416,155.211,0,0,555,217,107,115
1778699029.678597,2,0.829758,0.895595,0.743128,0.9295,0.3865,1.3489,0.000,-1.920,-122.959,0,0,42,158,84,125
1778699029.678597,0,0.979396,0.999944,0.979341,1.1031,-0.0215,1.2514,-0.000,1.279,-168.750,0,0,308,235,97,110
1778699029.678597,1,0.972611,0.921018,0.895793,1.1121,-0.4743,1.2819,0.000,-6.279,154.698,0,0,555,217,107,115
1778699029.678597,2,0.835185,0.895595,0.747987,0.9295,0.3865,1.3489,0.000,-1.068,-123.184,0,0,41,157,82,129
1778699029.778705,0,0.981624,0.999935,0.981560,1.1065,-0.0197,1.2480,-0.000,1.160,-169.329,0,0,308,234,95,111
1778699029.778705,1,0.971473,0.921018,0.894744,1.1121,-0.4743,1.2819,-0.000,-6.601,154.950,0,0,555,217,107,117
1778699029.778705,2,0.834234,0.894821,0.746490,0.9323,0.3895,1.3512,0.000,-1.373,-123.160,0,0,41,158,82,125
1778699029.845440,0,0.980889,0.999932,0.980822,1.1063,-0.0197,1.2499,0.000,0.681,-169.371,0,0,308,234,96,111
1778699029.845440,1,0.971801,0.921018,0.895047,1.1121,-0.4743,1.2819,0.000,-6.555,155.200,0,0,555,217,107,115
1778699029.845440,2,0.830704,0.894993,0.743474,0.9295,0.3880,1.3489,0.000,-1.226,-122.660,0,0,41,158,82,125
1778699029.978888,0,0.982177,0.999925,0.982104,1.1031,-0.0197,1.2514,0.000,1.387,-169.499,0,0,308,233,97,113
1778699029.978888,1,0.975134,0.921018,0.898116,1.1121,-0.4743,1.2819,0.000,-5.691,155.054,0,0,555,217,107,117
1778699029.978888,2,0.838227,0.894993,0.750207,0.9295,0.3880,1.3489,0.000,-2.380,-124.076,0,0,41,158,82,126
1778699030.078995,0,0.982251,0.999925,0.982178,1.1031,-0.0197,1.2514,0.000,1.058,-169.686,0,0,309,234,96,111
1778699030.078995,1,0.973266,0.921018,0.896396,1.1121,-0.4743,1.2819,0.000,-6.176,155.090,0,0,555,217,108,117
1778699030.078995,2,0.829873,0.894993,0.742731,0.9325,0.3895,1.3496,0.000,-2.056,-122.950,0,0,41,158,82,125
1778699030.145734,0,0.980528,0.999925,0.980454,1.1031,-0.0197,1.2514,0.000,1.108,-169.087,0,0,308,233,97,111
1778699030.145734,1,0.974451,0.921062,0.897529,1.1123,-0.4743,1.2801,-0.000,-5.908,154.727,0,0,555,218,108,117
1778699030.145734,2,0.837385,0.894993,0.749454,0.9325,0.3895,1.3496,0.000,-1.945,-123.762,0,0,41,158,82,125
1778699030.145734,0,0.981306,0.999925,0.981233,1.1031,-0.0197,1.2514,0.000,1.108,-169.087,0,0,308,233,97,111
1778699030.145734,1,0.976094,0.921018,0.899001,1.1123,-0.4743,1.2801,-0.000,-5.908,154.727,0,0,555,217,108,117
1778699030.145734,2,0.824796,0.894993,0.738187,0.9325,0.3895,1.3496,0.000,-1.945,-123.762,0,0,41,158,82,126
1778699030.212472,0,0.981230,0.999925,0.981157,1.1031,-0.0197,1.2514,-0.000,1.170,-169.287,0,0,309,233,96,113
1778699030.212472,1,0.974459,0.921018,0.897494,1.1121,-0.4743,1.2819,0.000,-5.897,155.272,0,0,555,217,108,117
1778699030.212472,2,0.836553,0.894993,0.748709,0.9295,0.3880,1.3489,-0.000,-2.043,-123.713,0,0,41,159,82,124
1778699030.312562,0,0.980534,0.999944,0.980479,1.0991,-0.0216,1.2509,-0.000,0.942,-169.272,0,0,309,234,96,111
1778699030.312562,1,0.974443,0.921018,0.897480,1.1121,-0.4743,1.2819,-0.000,-5.866,155.019,0,0,555,217,107,117
1778699030.312562,2,0.825293,0.895163,0.738772,0.9297,0.3880,1.3474,-0.000,-2.545,-122.632,0,0,42,158,84,128
1778699030.379301,0,0.981889,0.999950,0.981840,1.0993,-0.0216,1.2491,-0.000,1.006,-169.640,0,0,309,233,96,111
1778699030.379301,1,0.974747,0.921018,0.897760,1.1121,-0.4743,1.2819,0.000,-5.880,155.785,0,0,554,217,107,117
1778699030.379301,2,0.833873,0.895595,0.746813,0.9295,0.3865,1.3489,0.000,-1.091,-123.045,0,0,41,159,82,124
1778699030.512767,0,0.981947,0.999950,0.981898,1.0993,-0.0216,1.2491,0.000,1.022,-169.652,0,0,309,234,96,111
1778699030.512767,1,0.975565,0.921639,0.899119,1.1123,-0.4725,1.2801,0.000,-5.637,154.959,0,0,554,218,107,117
1778699030.512767,2,0.830516,0.895163,0.743447,0.9277,0.3871,1.3469,0.000,-1.310,-122.646,0,0,41,159,82,125
1778699030.512767,0,0.982610,0.999950,0.982561,1.0993,-0.0216,1.2491,0.000,1.284,-169.749,0,0,309,234,96,111
1778699030.512767,1,0.971602,0.921639,0.895466,1.1123,-0.4725,1.2801,0.000,-6.690,155.273,0,0,555,218,108,115
1778699030.512767,2,0.836235,0.895163,0.748567,0.9277,0.3871,1.3469,0.000,-0.616,-122.988,0,0,41,159,83,125
1778699030.679613,0,0.981746,0.999944,0.981691,1.0962,-0.0216,1.2506,0.000,1.230,-169.531,0,0,309,233,96,113
1778699030.679613,1,0.974805,0.921062,0.897856,1.1123,-0.4743,1.2801,0.000,-5.854,154.955,0,0,555,218,108,115
1778699030.679613,2,0.823868,0.895423,0.737711,0.9323,0.3879,1.3512,-0.000,-1.288,-122.041,0,0,42,157,84,130
1778699030.746351,0,0.982336,0.999950,0.982287,1.0993,-0.0216,1.2491,0.000,1.191,-169.701,0,1,309,234,96,111
1778699030.746351,1,0.974013,0.921062,0.897126,1.1123,-0.4743,1.2801,0.000,-6.133,155.522,0,1,555,218,107,115
1778699030.746351,2,0.835890,0.895765,0.748761,0.9277,0.3856,1.3469,-0.000,-0.980,-123.194,1,1,42,159,84,126
1778699030.746351,3,0.805172,0.985280,0.793320,1.0993,-0.0216,1.2491,0.000,1.191,-169.701,0,1,216,226,95,113
1778699030.746351,0,0.983645,0.955173,0.939551,1.1123,-0.4743,1.2801,0.000,-6.133,155.522,0,1,482,292,105,117
1778699032.781775,2,0.828594,0.985280,0.816396,0.9481,0.3966,1.3291,0.000,-2.910,-122.839,0,1,221,229,95,107
1778699032.781775,0,0.984186,0.955173,0.940068,1.1154,-0.0371,1.2194,0.000,-0.404,-171.330,0,1,488,293,106,120
1778699032.881882,2,0.818352,0.987866,0.808421,0.9948,0.3858,1.3229,-0.000,-3.571,-123.395,0,1,225,230,95,107
1778699032.881882,0,0.985992,0.949807,0.936502,1.1281,-0.0680,1.2047,0.000,-0.738,-173.420,0,1,492,297,105,114
1778699032.881882,2,0.984631,0.949807,0.935210,1.1281,-0.0680,1.2047,0.000,-1.944,-173.542,0,1,498,299,107,117
1778699032.881882,0,0.811175,0.987866,0.801332,0.9948,0.3858,1.3229,0.000,-2.749,-122.292,0,1,231,233,94,109
1778699032.881882,0,0.812509,0.988904,0.803493,1.1281,-0.0680,1.2047,0.000,-1.944,-173.542,0,1,229,230,95,109
1778699032.881882,2,0.985472,0.948239,0.934463,0.9948,0.3858,1.3229,0.000,-2.749,-122.292,0,1,496,295,107,115
1778699032.981992,2,0.818180,0.988904,0.809102,1.9550,0.7696,1.4942,0.000,-2.950,-124.188,0,1,227,229,95,110
1778699032.981992,0,0.982856,0.948239,0.931982,1.1355,-0.0896,1.2030,-0.000,-1.618,-173.793,0,1,494,295,106,115
1778699032.981992,2,0.797667,0.988373,0.788392,1.9550,0.7696,1.4942,0.000,-2.950,-124.188,0,1,225,228,94,110
1778699032.981992,0,0.983492,0.949186,0.933517,1.1355,-0.0896,1.2030,-0.000,-1.618,-173.793,0,1,492,294,106,115
1778699033.148816,2,0.817302,0.986664,0.806403,1.9465,0.7668,1.4969,0.000,-2.739,-124.027,0,1,221,225,94,107
1778699033.148816,0,0.983930,0.953200,0.937882,1.1458,-0.0896,1.2063,0.000,-1.120,-173.964,0,1,487,290,105,117
1778699033.148816,0,0.980228,0.953200,0.934353,1.1455,-0.1040,1.1997,0.000,-1.531,-173.524,0,1,480,288,105,117
1778699033.148816,2,0.805985,0.986664,0.795237,1.9595,0.7419,1.4842,0.000,-3.029,-123.607,0,1,214,223,95,111
1778699033.215553,0,0.983936,0.956653,0.941285,1.1422,-0.0919,1.2033,0.000,-1.061,-174.001,0,1,477,287,105,118
1778699033.215553,2,0.813932,0.984598,0.801396,1.9418,0.7614,1.4893,-0.000,-3.390,-123.946,0,1,211,221,95,109
1778699033.315660,0,0.984612,0.959703,0.944935,1.1522,-0.1036,1.2000,-0.000,-0.840,-174.640,0,1,474,285,105,117
1778699033.315660,2,0.811930,0.982921,0.798063,1.9224,0.7285,1.4794,-0.000,-4.805,-124.921,0,1,209,219,96,109
1778699033.315660,0,0.982154,0.959703,0.942576,1.1522,-0.1036,1.2000,-0.000,-0.840,-174.640,0,1,468,282,105,117
1778699033.315660,2,0.804467,0.982921,0.790727,1.9224,0.7285,1.4794,-0.000,-4.805,-124.921,0,1,203,217,96,111
1778699033.382398,0,0.985211,0.962660,0.948423,1.1520,-0.1078,1.1989,0.000,-1.727,-175.467,0,1,465,282,103,115
1778699033.382398,2,0.806030,0.980924,0.790654,1.9298,0.7242,1.4739,0.000,-3.608,-123.924,0,1,200,215,96,111
1778699033.449137,0,0.982943,0.963913,0.947472,1.9654,-0.1835,1.2288,-0.000,-1.813,-175.012,0,1,459,279,103,115
1778699033.449137,2,0.807073,0.979830,0.790794,1.9393,0.7095,1.4684,0.000,-3.372,-124.369,0,1,194,212,97,114
1778699033.515873,0,0.985537,0.966733,0.952752,1.9815,-0.1663,1.2393,-0.000,-1.141,-175.211,0,1,457,278,102,114
1778699033.515873,2,0.825426,0.977607,0.806943,1.9231,0.7253,1.4768,0.000,-2.435,-125.465,0,1,191,211,98,107
1778699033.582612,0,0.983468,0.969453,0.953426,1.9768,-0.1473,1.2490,0.000,-1.594,-174.262,0,1,453,276,103,111
1778699033.582612,2,0.817142,0.975272,0.796936,1.9182,0.7456,1.4871,0.000,-3.921,-124.674,0,1,188,209,98,113
1778699033.582612,0,0.804842,0.975272,0.784940,1.9315,0.7192,1.4747,0.000,-3.586,-123.939,0,1,182,206,97,113
1778699033.582612,2,0.981506,0.969453,0.951524,1.9758,-0.1747,1.2373,-0.000,-0.791,-173.937,0,1,447,272,103,117
1778699033.582612,0,0.982851,0.975389,0.958662,1.9315,0.7192,1.4747,0.000,-3.586,-123.939,0,1,439,269,102,115
1778699033.582612,2,0.808568,0.969002,0.783504,1.9758,-0.1747,1.2373,-0.000,-0.791,-173.937,0,1,173,202,98,114
1778699033.682707,0,0.811639,0.969002,0.786480,1.9183,0.7252,1.4775,0.000,-3.828,-124.483,0,1,171,200,100,113
1778699033.682707,2,0.982345,0.975389,0.958169,1.1417,-0.1075,1.1999,0.000,-1.646,-174.450,0,1,436,267,102,115
1778699033.782802,2,0.983853,0.977751,0.961964,1.1528,-0.0975,1.2061,0.000,-1.169,-174.318,0,1,433,266,102,115
1778699033.782802,0,0.803327,0.966600,0.776496,1.9156,0.7127,1.4768,-0.000,-2.765,-123.511,0,1,168,198,100,115
1778699033.782802,0,0.980803,0.977751,0.958981,1.1524,-0.1122,1.1994,0.000,-1.160,-173.910,0,1,427,262,102,117
1778699033.782802,2,0.809907,0.966600,0.782857,1.9156,0.7127,1.4768,-0.000,-3.500,-124.473,0,1,162,195,100,117
1778699033.849541,0,0.821966,0.963797,0.792209,1.9240,0.7080,1.4766,0.000,-3.849,-126.103,0,1,152,192,103,114
1778699033.849541,2,0.984310,0.980078,0.964701,1.1395,-0.1150,1.2004,0.000,-1.339,-175.406,0,1,419,259,98,113
1778699033.949654,2,0.815053,0.957577,0.780476,1.8973,0.7435,1.4898,0.000,-3.812,-124.266,0,1,149,190,103,114
1778699033.949654,0,0.985481,0.983789,0.969505,1.1334,-0.0948,1.2076,0.000,-0.673,-174.649,0,1,416,258,98,111
1778699033.949654,2,0.811328,0.957577,0.776909,1.9077,0.7187,1.4880,0.000,-3.716,-124.581,0,1,146,189,102,113
1778699033.949654,0,0.984144,0.983789,0.968190,1.1323,-0.1093,1.2066,0.000,-0.512,-174.845,0,1,413,258,98,110
1778699034.049759,2,0.812265,0.952835,0.773954,1.9029,0.7487,1.5048,-0.000,-4.016,-124.129,0,1,140,185,103,117
1778699034.049759,0,0.984987,0.986650,0.971837,1.1368,-0.0934,1.2162,0.000,-0.690,-174.595,0,1,407,253,98,115
1778699034.049759,2,0.811342,0.952835,0.773075,1.9175,0.7121,1.5049,0.000,-3.577,-124.970,0,1,137,184,104,115
1778699034.049759,0,0.984091,0.986650,0.970953,1.1349,-0.1147,1.2162,-0.000,-0.588,-175.346,0,1,404,252,98,113
1778699034.149867,2,0.982568,0.989953,0.972696,1.1251,-0.0923,1.2249,0.000,-0.653,-173.925,0,1,395,248,98,115
1778699034.149867,0,0.818951,0.945802,0.774566,1.9119,0.7557,1.5250,-0.000,-3.174,-124.599,0,1,127,179,105,117
1778699034.216597,2,0.818509,0.944525,0.773103,1.9104,0.7329,1.5295,0.000,-2.981,-125.118,0,1,125,177,104,117
1778699034.216597,0,0.988330,0.990463,0.978905,1.1365,-0.1039,1.2278,-0.000,0.753,-176.026,0,1,393,247,98,114
1778699034.216597,0,0.985429,0.990463,0.976031,1.9104,0.7329,1.5295,0.000,-2.981,-125.118,0,1,390,244,98,115
1778699034.216597,2,0.804487,0.944525,0.759859,1.1365,-0.1039,1.2278,-0.000,0.753,-176.026,0,1,121,176,104,118
1778699034.316705,0,0.985042,0.993226,0.978369,1.1299,-0.0951,1.2386,0.000,-0.361,-175.208,0,1,381,241,97,113
1778699034.316705,2,0.821688,0.937221,0.770103,1.9049,0.7485,1.5439,0.000,-2.925,-125.126,0,1,112,172,106,115
1778699034.316705,0,0.814755,0.937221,0.763605,1.9049,0.7485,1.5439,0.000,-3.006,-124.402,0,1,108,170,107,118
1778699034.316705,2,0.988928,0.993226,0.982229,1.1299,-0.0951,1.2386,0.000,1.701,-175.655,0,1,378,240,97,113
1778699034.316705,2,0.815944,0.934833,0.762771,1.9049,0.7485,1.5439,0.000,-3.006,-124.402,0,1,105,168,107,117
1778699034.316705,0,0.990437,0.993829,0.984325,1.1299,-0.0951,1.2386,0.000,1.701,-175.655,0,1,376,239,98,110
1778699034.483551,2,0.805650,0.931021,0.750078,1.8960,0.7366,1.5592,-0.000,-2.803,-123.746,0,1,102,166,106,120
1778699034.483551,0,0.988218,0.994953,0.983231,1.1367,-0.1003,1.2469,0.000,1.421,-175.924,0,1,372,237,97,111
1778699034.483551,2,0.992059,0.994953,0.987052,1.1353,-0.1149,1.2469,0.000,1.298,-178.630,0,1,370,237,97,111
1778699034.483551,0,0.810137,0.931021,0.754255,1.9058,0.7117,1.5592,0.000,-2.653,-124.928,0,1,98,166,107,120
1778699034.550301,0,0.986471,0.995295,0.981830,1.9578,-0.1971,1.3270,-0.000,0.149,-177.256,0,1,364,237,97,111
1778699034.550301,2,0.810931,0.928900,0.753274,1.9048,0.6977,1.5570,0.000,-2.552,-125.320,0,1,92,165,107,121
1778699034.683763,0,0.808795,0.922222,0.745888,1.9088,0.7255,1.5603,0.000,-2.763,-124.487,0,1,86,165,108,122
1778699034.683763,1,0.988649,0.996967,0.985650,1.1331,-0.1109,1.2469,0.000,1.198,-176.791,0,1,359,237,96,114
1778699034.683763,2,0.984845,0.894548,0.880992,1.0866,-0.5376,1.2747,0.000,-3.269,155.128,0,1,600,220,80,126
1778699034.683763,3,0.954775,0.894548,0.854092,1.0866,-0.5376,1.2747,0.000,-4.713,166.632,0,1,599,219,81,109
1778699034.683763,2,0.829865,0.920562,0.763943,1.9088,0.7255,1.5603,0.000,-2.763,-124.487,0,0,83,165,110,122
1778699034.683763,0,0.987685,0.997360,0.985078,1.1331,-0.1109,1.2469,0.000,1.198,-176.791,0,0,356,237,96,113
1778699034.683763,4,0.976483,0.895174,0.874122,1.0866,-0.5376,1.2747,0.000,-3.269,155.128,0,0,598,220,84,109
1778699034.683763,5,0.978814,0.895174,0.876209,1.0866,-0.5376,1.2747,0.000,-4.713,166.632,0,0,598,219,84,125
1778699034.783857,0,0.817037,0.920562,0.752133,1.9114,0.7287,1.5603,0.000,-2.364,-126.561,0,0,80,164,110,121
1778699034.783857,1,0.987081,0.997360,0.984475,1.1327,-0.1092,1.2469,0.000,0.441,-176.754,0,0,353,237,97,111
1778699034.783857,2,0.976443,0.895174,0.874087,1.0847,-0.5396,1.2747,-0.000,-4.769,158.490,0,0,596,220,87,114
1778699034.950685,0,0.987158,0.998068,0.985251,1.1196,-0.0972,1.2475,0.000,0.987,-175.640,0,0,350,236,97,113
1778699034.950685,2,0.827065,0.916474,0.757984,1.0317,0.3774,1.3629,0.000,-2.389,-125.661,0,0,76,164,112,121
1778699034.950685,5,0.973630,0.897667,0.873995,1.0877,-0.5339,1.2750,-0.000,-6.490,155.221,0,0,594,219,91,117
1778699035.017419,2,0.841260,0.910188,0.765705,1.0159,0.3893,1.3593,0.000,-2.052,-126.154,0,0,65,164,113,120
1778699035.017419,0,0.987417,0.998836,0.986268,1.1038,-0.0816,1.2441,0.000,1.468,-174.625,0,0,342,237,96,109
1778699035.017419,4,0.973083,0.900763,0.876517,1.0877,-0.5249,1.2750,-0.000,-6.685,153.756,0,0,589,219,101,120
1778699035.084139,0,0.988814,0.999075,0.987900,1.1038,-0.0761,1.2441,0.000,1.370,-174.967,0,0,339,237,96,111
1778699035.084139,2,0.836634,0.908282,0.759899,1.0001,0.3873,1.3573,0.000,-2.589,-125.645,0,0,62,163,112,122
1778699035.084139,4,0.972553,0.901379,0.876639,1.0877,-0.5231,1.2750,0.000,-6.495,151.274,0,0,588,219,104,118
1778699035.084139,0,0.987210,0.999413,0.986630,1.1038,-0.0761,1.2441,0.000,1.370,-174.967,0,0,334,237,96,111
1778699035.084139,2,0.836434,0.904605,0.756642,1.0001,0.3873,1.3573,0.000,-2.589,-125.645,0,0,56,162,112,126
1778699035.084139,4,0.974600,0.903871,0.880913,1.0877,-0.5231,1.2750,0.000,-6.495,151.274,0,0,584,220,111,115
1778699035.150867,0,0.987600,0.999413,0.987020,1.1038,-0.0670,1.2441,-0.000,1.236,-174.018,0,0,326,237,96,110
1778699035.150867,4,0.973661,0.903871,0.880064,1.0849,-0.5145,1.2729,-0.000,-6.420,152.287,0,0,575,220,112,115
1778699035.150867,2,0.844266,0.904605,0.763727,0.9822,0.3891,1.3549,0.000,-1.119,-125.346,0,0,50,160,101,129
1778699035.250955,0,0.986563,0.999793,0.986359,1.0969,-0.0523,1.2434,0.000,1.033,-172.901,0,0,322,237,95,110
1778699035.250955,4,0.974195,0.909334,0.885869,1.0760,-0.4942,1.2717,0.000,-6.385,154.101,0,0,572,220,110,117
1778699035.250955,2,0.859922,0.900720,0.774549,0.9691,0.3928,1.3551,-0.000,-0.792,-126.629,0,0,49,159,98,133
1778699035.317692,0,0.988685,0.999910,0.988596,1.0939,-0.0451,1.2431,0.000,1.175,-173.311,0,0,320,236,96,111
1778699035.317692,4,0.968162,0.911135,0.882127,1.0760,-0.4889,1.2717,-0.000,-7.640,152.914,0,0,569,221,110,114
1778699035.317692,2,0.874254,0.899955,0.786790,0.9670,0.3935,1.3563,-0.000,-1.212,-128.639,0,0,47,159,95,129
1778699035.317692,0,0.986689,0.999953,0.986643,1.0939,-0.0451,1.2431,0.000,1.175,-173.311,0,0,317,236,96,113
1778699035.317692,4,0.970830,0.912962,0.886330,1.0760,-0.4889,1.2717,-0.000,-7.640,152.914,0,0,565,221,108,111
1778699035.317692,2,0.889767,0.898763,0.799690,0.9670,0.3935,1.3563,-0.000,-1.212,-128.639,0,0,46,159,92,128
1778699035.517907,0,0.987847,0.999978,0.987825,1.1038,-0.0252,1.2441,-0.000,1.686,-171.569,0,0,311,237,97,111
1778699035.517907,4,0.966853,0.918819,0.888363,1.1097,-0.4804,1.2760,0.000,-7.988,154.669,0,0,559,220,108,113
1778699035.517907,2,0.924588,0.895595,0.828057,0.9521,0.3975,1.3543,0.000,-2.028,-136.582,0,0,42,158,85,125
1778699035.517907,0,0.987548,0.999978,0.987526,1.1038,-0.0252,1.2441,-0.000,1.686,-171.569,0,0,311,236,96,111
1778699035.517907,4,0.970383,0.918819,0.891606,1.1097,-0.4804,1.2760,0.000,-7.988,154.669,0,0,557,221,107,114
1778699035.517907,2,0.949323,0.895595,0.850210,0.9521,0.3975,1.3543,0.000,-2.028,-136.582,0,0,41,158,83,126
1778699035.618036,0,0.988396,0.999981,0.988377,1.1037,-0.0252,1.2459,0.000,0.895,-172.308,0,0,311,236,96,113
1778699035.618036,4,0.972544,0.920018,0.894759,1.1129,-0.4780,1.2746,0.000,-6.568,153.989,0,0,557,221,107,114
1778699035.618036,2,0.955522,0.894993,0.855186,0.9551,0.4005,1.3550,0.000,-2.204,-144.471,0,0,41,158,82,126
1778699035.684782,0,0.987431,0.999981,0.987412,1.1037,-0.0252,1.2459,0.000,0.897,-171.884,0,0,310,236,95,113
1778699035.684782,4,0.971035,0.920018,0.893370,1.1129,-0.4780,1.2746,-0.000,-6.752,153.190,0,0,558,221,108,115
1778699035.684782,2,0.945379,0.894993,0.846108,0.9521,0.3991,1.3543,0.000,-3.038,-142.400,0,0,41,157,83,128
1778699035.818251,0,0.987227,0.999968,0.987196,1.1037,-0.0234,1.2459,-0.000,0.725,-171.805,0,0,310,236,96,113
1778699035.818251,4,0.970658,0.919982,0.892988,1.1127,-0.4780,1.2764,0.000,-6.872,153.662,0,0,557,220,107,115
1778699035.818251,2,0.954908,0.894993,0.854636,0.9521,0.3991,1.3543,0.000,-2.208,-144.262,0,0,41,158,82,126
1778699035.884983,0,0.988080,0.999981,0.988061,1.0995,-0.0252,1.2473,0.000,0.919,-172.216,0,0,311,235,96,113
1778699035.884983,4,0.972628,0.919982,0.894801,1.1127,-0.4780,1.2764,0.000,-6.456,153.991,0,0,557,220,108,117
1778699035.884983,2,0.955690,0.894993,0.855336,0.9521,0.3991,1.3543,-0.000,-2.572,-145.124,0,0,41,158,82,128
1778699035.951720,0,0.987542,0.999981,0.987523,1.0995,-0.0252,1.2473,0.000,0.863,-172.016,0,0,311,235,96,113
1778699035.951720,4,0.969726,0.919437,0.891603,1.1099,-0.4786,1.2742,0.000,-7.263,153.901,0,0,558,221,110,114
1778699035.951720,2,0.958004,0.894821,0.857242,0.9500,0.3981,1.3554,0.000,-2.031,-145.253,0,0,41,157,82,129
1778699035.951720,0,0.986869,0.999981,0.986850,1.0995,-0.0252,1.2473,-0.000,0.720,-171.820,0,0,311,236,96,111
1778699035.951720,4,0.970115,0.919437,0.891959,1.1099,-0.4786,1.2742,0.000,-6.837,152.594,0,0,558,221,110,115
1778699035.951720,2,0.960643,0.894821,0.859603,0.9500,0.3981,1.3554,-0.000,-2.111,-146.498,0,0,41,157,82,130
1778699036.051828,0,0.986587,0.999981,0.986568,1.1037,-0.0252,1.2459,-0.000,0.580,-171.728,0,0,311,235,96,113
1778699036.051828,4,0.972955,0.919437,0.894571,1.1099,-0.4786,1.2742,0.000,-6.223,152.940,0,0,557,221,107,115
1778699036.051828,2,0.961215,0.894821,0.860115,0.9520,0.3991,1.3559,0.000,-1.862,-146.277,0,0,40,156,81,132
1778699036.185303,0,0.986900,0.999981,0.986881,1.1037,-0.0252,1.2459,-0.000,0.819,-171.708,0,0,311,236,96,111
1778699036.185303,4,0.968999,0.919401,0.890899,1.1127,-0.4798,1.2764,0.000,-7.280,153.595,0,0,558,220,110,117
1778699036.185303,2,0.962909,0.894218,0.861051,0.9480,0.3987,1.3549,0.000,-2.378,-148.147,0,0,40,157,81,130
1778699036.252042,0,0.985077,0.999968,0.985046,1.1037,-0.0234,1.2459,0.000,0.359,-171.156,0,0,310,236,97,113
1778699036.252042,4,0.968439,0.919437,0.890419,1.1099,-0.4786,1.2742,-0.000,-7.243,152.586,0,0,558,221,108,115
1778699036.252042,2,0.962291,0.894045,0.860331,0.9479,0.3987,1.3565,-0.000,-2.233,-147.656,0,0,40,156,81,132
1778699036.352131,0,0.984827,0.999968,0.984796,1.1037,-0.0234,1.2459,0.000,0.154,-171.191,0,0,310,236,96,114
1778699036.352131,4,0.966724,0.919437,0.888842,1.1099,-0.4786,1.2742,0.000,-7.734,152.895,0,0,558,221,110,115
1778699036.352131,2,0.965380,0.894045,0.863093,0.9479,0.3987,1.3565,0.000,-1.568,-147.792,0,0,40,156,81,132
1778699036.418870,0,0.985967,0.999968,0.985935,1.0997,-0.0234,1.2455,0.000,0.788,-171.245,0,0,310,236,96,111
1778699036.418870,4,0.968234,0.920018,0.890793,1.1129,-0.4780,1.2746,0.000,-7.329,152.812,0,0,557,221,107,117
1778699036.418870,2,0.965618,0.894045,0.863306,0.9498,0.3997,1.3570,0.000,-1.866,-148.684,0,0,40,156,81,130
1778699036.485575,0,0.987647,0.999968,0.987616,1.1037,-0.0234,1.2459,0.000,1.790,-171.384,0,0,310,236,96,113
1778699036.485575,4,0.966210,0.919437,0.888369,1.1099,-0.4786,1.2742,-0.000,-7.939,153.235,0,0,558,221,110,115
1778699036.485575,2,0.961160,0.894045,0.859320,0.9498,0.3997,1.3570,0.000,-2.705,-148.204,0,0,40,156,81,132
1778699036.485575,0,0.987355,0.999968,0.987324,1.1037,-0.0234,1.2459,-0.000,1.014,-171.680,0,0,310,235,96,113
1778699036.485575,4,0.968570,0.919437,0.890539,1.1099,-0.4786,1.2742,0.000,-7.410,153.320,0,0,557,220,108,117
1778699036.485575,2,0.960145,0.894045,0.858412,0.9498,0.3997,1.3570,0.000,-3.204,-149.021,0,0,40,156,81,132
1778699036.485575,0,0.987131,0.999968,0.987100,1.1037,-0.0234,1.2459,-0.000,1.014,-171.680,0,0,310,236,96,111
1778699036.485575,4,0.966911,0.919982,0.889541,1.1099,-0.4786,1.2742,0.000,-7.410,153.320,0,0,557,221,108,115
1778699036.485575,2,0.964207,0.894045,0.862044,0.9498,0.3997,1.3570,0.000,-3.204,-149.021,0,0,40,156,80,132
1778699036.652422,0,0.987778,0.999968,0.987746,1.0997,-0.0234,1.2455,0.000,1.153,-171.776,0,0,310,235,96,113
1778699036.652422,4,0.968145,0.920018,0.890711,1.1099,-0.4767,1.2742,-0.000,-7.402,152.998,0,0,557,221,108,115
1778699036.652422,2,0.961257,0.894045,0.859407,0.9479,0.3987,1.3565,0.000,-2.556,-147.875,0,0,40,156,80,132
1778699036.785921,0,0.986804,0.999968,0.986772,1.0997,-0.0234,1.2455,0.000,0.867,-171.538,0,0,310,236,95,111
1778699036.785921,4,0.965240,0.920018,0.888038,1.1099,-0.4767,1.2742,-0.000,-8.076,153.000,0,0,557,221,108,117
1778699036.785921,2,0.961580,0.894045,0.859696,0.9498,0.3997,1.3570,-0.000,-2.888,-149.004,0,0,40,156,80,132
1778699036.785921,0,0.987551,0.999968,0.987520,1.0997,-0.0234,1.2455,0.000,1.076,-171.726,0,0,310,236,95,111
1778699036.785921,4,0.967083,0.920018,0.889734,1.1099,-0.4767,1.2742,0.000,-7.563,152.681,0,0,557,221,108,115
1778699036.785921,2,0.965612,0.894045,0.863301,0.9498,0.3997,1.3570,0.000,-1.781,-148.452,0,0,40,157,80,130
1778699036.785921,0,0.985129,0.999968,0.985098,1.0997,-0.0234,1.2455,0.000,1.076,-171.726,0,0,310,236,95,111
1778699036.785921,4,0.967291,0.920018,0.889926,1.1099,-0.4767,1.2742,0.000,-7.563,152.681,0,0,558,221,110,117
1778699036.785921,2,0.965410,0.894218,0.863288,0.9498,0.3997,1.3570,0.000,-1.781,-148.452,0,0,40,157,80,130
1778699036.952782,0,0.986894,0.999968,0.986863,1.0997,-0.0234,1.2455,0.000,0.917,-171.545,0,0,311,236,96,111
1778699036.952782,4,0.968753,0.919437,0.890708,1.1099,-0.4786,1.2742,-0.000,-7.286,153.005,0,0,557,221,108,115
1778699036.952782,2,0.955114,0.894218,0.854081,0.9520,0.4007,1.3559,0.000,-3.725,-147.265,0,0,40,156,80,133
1778699037.052890,0,0.986418,0.999981,0.986399,1.0997,-0.0252,1.2455,0.000,0.700,-171.582,0,0,311,236,96,111
1778699037.052890,4,0.968852,0.920018,0.891362,1.1129,-0.4780,1.2746,0.000,-7.188,152.839,0,0,557,220,110,117
1778699037.052890,2,0.965180,0.894045,0.862914,0.9498,0.3997,1.3570,0.000,-2.238,-149.509,0,0,39,156,79,133
1778699037.186352,0,0.986914,0.999981,0.986895,1.0997,-0.0252,1.2455,0.000,1.188,-171.498,0,0,310,236,97,111
1778699037.186352,4,0.969778,0.919982,0.892179,1.1127,-0.4780,1.2764,-0.000,-6.891,152.903,0,0,557,221,108,117
1778699037.186352,2,0.970720,0.893614,0.867449,0.9520,0.4022,1.3559,0.000,-1.112,-149.756,0,0,39,157,79,130
1778699037.253090,0,0.986285,0.999981,0.986266,1.0997,-0.0252,1.2455,-0.000,0.720,-171.515,0,0,311,236,96,111
1778699037.253090,4,0.966349,0.919982,0.889024,1.1127,-0.4780,1.2764,-0.000,-7.840,153.443,0,0,557,220,108,117
1778699037.253090,2,0.964175,0.893614,0.861601,0.9520,0.4022,1.3559,0.000,-2.111,-148.107,0,0,39,157,79,132
1778699037.253090,0,0.985455,0.999981,0.985436,1.0997,-0.0252,1.2455,0.000,0.412,-171.374,0,0,311,236,96,111
1778699037.253090,4,0.965658,0.919982,0.888389,1.1127,-0.4780,1.2764,0.000,-7.857,152.879,0,0,557,221,108,117
1778699037.253090,2,0.965388,0.893614,0.862685,0.9520,0.4022,1.3559,0.000,-1.954,-148.436,0,0,39,156,79,132
1778699037.419919,0,0.987311,0.999981,0.987292,1.0997,-0.0252,1.2455,-0.000,1.304,-171.596,0,0,311,236,96,111
1778699037.419919,4,0.969772,0.919982,0.892174,1.1127,-0.4780,1.2764,0.000,-6.987,153.252,0,0,557,220,110,117
1778699037.419919,2,0.959501,0.894218,0.858004,0.9500,0.3997,1.3554,0.000,-2.640,-146.951,0,0,40,157,80,132
1778699037.419919,0,0.987159,0.999981,0.987140,1.0997,-0.0252,1.2455,0.000,0.927,-171.751,0,0,311,236,96,111
1778699037.419919,4,0.967813,0.919982,0.890371,1.1127,-0.4780,1.2764,0.000,-7.468,153.305,0,0,557,220,108,117
1778699037.419919,2,0.966752,0.894218,0.864488,0.9500,0.3997,1.3554,0.000,-1.937,-149.428,0,0,40,157,80,130
1778699037.520021,0,0.986235,0.999981,0.986216,1.0997,-0.0252,1.2455,0.000,0.736,-171.485,0,0,311,236,96,111
1778699037.520021,4,0.967546,0.919982,0.890125,1.1127,-0.4780,1.2764,-0.000,-7.434,152.931,0,0,557,221,108,117
1778699037.520021,2,0.960803,0.894218,0.859168,0.9500,0.3997,1.3554,0.000,-2.769,-147.937,0,0,40,156,80,133
1778699037.586746,0,0.986500,0.999981,0.986481,1.0997,-0.0252,1.2455,0.000,0.864,-171.516,0,0,311,236,96,111
1778699037.586746,4,0.967706,0.920018,0.890307,1.1129,-0.4780,1.2746,-0.000,-7.543,153.139,0,0,557,220,108,117
1778699037.586746,2,0.964212,0.894045,0.862049,0.9479,0.3987,1.3565,-0.000,-2.365,-149.204,0,0,39,157,79,130
1778699037.720237,0,0.986771,0.999981,0.986752,1.1037,-0.0252,1.2459,0.000,1.006,-171.544,0,0,311,236,96,111
1778699037.720237,4,0.968509,0.920018,0.891046,1.1129,-0.4780,1.2746,0.000,-7.325,153.033,0,0,557,221,108,115
1778699037.720237,2,0.965678,0.893614,0.862944,0.9520,0.4022,1.3559,0.000,-1.888,-148.440,0,0,39,157,79,130
1778699037.786980,0,0.986952,0.999968,0.986921,1.1037,-0.0234,1.2459,0.000,0.908,-171.575,0,0,310,236,97,111
1778699037.786980,4,0.969937,0.919437,0.891796,1.1099,-0.4786,1.2742,0.000,-7.002,153.012,0,0,558,221,110,117
1778699037.786980,2,0.969889,0.893614,0.866707,0.9520,0.4022,1.3559,-0.000,-1.182,-149.322,0,0,39,157,79,129
1778699037.853740,0,0.987527,0.999968,0.987496,1.1037,-0.0234,1.2459,-0.000,0.971,-171.778,0,0,310,236,97,111
1778699037.853740,4,0.969799,0.919982,0.892198,1.1127,-0.4780,1.2764,-0.000,-7.022,153.414,0,0,557,220,108,117
1778699037.853740,2,0.965178,0.893614,0.862497,0.9520,0.4022,1.3559,0.000,-2.018,-148.476,0,0,39,157,79,132
1778699037.920457,0,0.987553,0.999968,0.987522,1.1037,-0.0234,1.2459,-0.000,0.920,-171.821,0,0,310,236,97,111
1778699037.920457,4,0.968677,0.919982,0.891166,1.1127,-0.4780,1.2764,-0.000,-7.251,153.253,0,0,557,220,108,117
1778699037.920457,2,0.969850,0.893614,0.866672,0.9520,0.4022,1.3559,0.000,-1.281,-149.603,0,0,39,157,79,130
1778699037.920457,0,0.987253,0.999968,0.987222,1.1037,-0.0234,1.2459,0.000,1.084,-171.596,0,0,310,236,96,114
1778699037.920457,4,0.966303,0.919982,0.888982,1.1127,-0.4780,1.2764,0.000,-7.684,152.787,0,0,557,220,108,117
1778699037.920457,2,0.957303,0.893614,0.855460,0.9520,0.4022,1.3559,0.000,-2.628,-145.832,0,0,39,156,79,133
1778699038.020565,0,0.986599,0.999968,0.986568,1.1037,-0.0234,1.2459,0.000,1.051,-171.347,0,0,310,235,96,113
1778699038.020565,4,0.968742,0.919982,0.891226,1.1127,-0.4780,1.2764,-0.000,-7.202,153.126,0,0,558,220,110,117
1778699038.020565,2,0.962606,0.893441,0.860031,0.9518,0.4022,1.3575,0.000,-1.964,-147.110,0,0,39,156,79,132
1778699038.087291,0,0.986234,0.999968,0.986203,1.1035,-0.0234,1.2477,0.000,0.796,-171.408,0,0,310,236,96,114
1778699038.087291,4,0.968787,0.919401,0.890704,1.1097,-0.4786,1.2760,-0.000,-7.324,153.564,0,0,557,220,108,117
1778699038.087291,2,0.966895,0.893441,0.863864,0.9518,0.4022,1.3575,-0.000,-1.372,-148.090,0,0,39,157,79,130
1778699038.220747,0,0.987853,0.999968,0.987822,1.1037,-0.0234,1.2459,0.000,0.795,-172.030,0,0,310,236,96,111
1778699038.220747,4,0.972914,0.919982,0.895064,1.1127,-0.4780,1.2764,0.000,-6.379,153.971,0,0,557,220,108,117
1778699038.220747,2,0.958712,0.893441,0.856552,0.9498,0.4013,1.3570,-0.000,-2.812,-147.035,0,0,39,156,79,132
1778699038.287490,0,0.986486,0.999968,0.986455,1.1037,-0.0234,1.2459,0.000,0.979,-171.342,0,0,310,236,97,111
1778699038.287490,4,0.972602,0.919982,0.894777,1.1127,-0.4780,1.2764,0.000,-6.487,154.109,0,0,557,220,108,117
1778699038.287490,2,0.959188,0.894045,0.857557,0.9498,0.3997,1.3570,0.000,-2.614,-146.932,0,0,40,156,80,132
1778699038.354228,0,0.986667,0.999981,0.986648,1.1037,-0.0252,1.2459,0.000,1.112,-171.441,0,0,311,236,96,111
1778699038.354228,4,0.969639,0.919437,0.891522,1.1099,-0.4786,1.2742,-0.000,-7.146,153.288,0,0,558,221,110,115
1778699038.354228,2,0.965454,0.893614,0.862744,0.9520,0.4022,1.3559,-0.000,-1.866,-148.244,0,0,39,157,79,130
1778699038.420967,0,0.986032,0.999981,0.986014,1.1037,-0.0252,1.2459,-0.000,1.006,-171.247,0,0,311,236,96,111
1778699038.420967,4,0.971890,0.919982,0.894122,1.1127,-0.4780,1.2764,-0.000,-6.692,154.249,0,0,557,220,108,117
1778699038.420967,2,0.964792,0.893614,0.862152,0.9520,0.4022,1.3559,0.000,-2.172,-148.653,0,0,39,157,79,130
1778699038.487700,0,0.986564,0.999981,0.986545,1.1037,-0.0252,1.2459,0.000,0.957,-171.488,0,0,311,236,96,111
1778699038.487700,4,0.968716,0.919982,0.891202,1.1097,-0.4767,1.2760,0.000,-7.382,153.861,0,0,557,220,107,117
1778699038.487700,2,0.962873,0.893614,0.860437,0.9520,0.4022,1.3559,-0.000,-2.633,-148.723,0,0,39,157,79,130
1778699038.554439,0,0.985474,0.999981,0.985455,1.1037,-0.0252,1.2459,-0.000,0.741,-171.180,0,0,311,236,96,111
1778699038.554439,4,0.968259,0.919982,0.890782,1.1127,-0.4780,1.2764,-0.000,-7.453,153.689,0,0,557,220,108,117
1778699038.554439,2,0.967690,0.893614,0.864742,0.9520,0.4022,1.3559,-0.000,-1.650,-149.117,0,0,39,157,79,130
1778699038.554439,0,0.986089,0.999981,0.986070,1.1037,-0.0252,1.2459,0.000,1.619,-170.953,0,0,311,236,96,111
1778699038.554439,4,0.970529,0.919982,0.892870,1.1127,-0.4780,1.2764,-0.000,-6.956,153.902,0,0,557,220,108,117
1778699038.554439,2,0.965786,0.893614,0.863040,0.9520,0.4022,1.3559,-0.000,-1.826,-148.345,0,0,39,157,79,130
1778699038.721274,0,0.985529,0.999981,0.985510,1.1037,-0.0252,1.2459,0.000,1.291,-170.901,0,0,311,236,96,111
1778699038.721274,4,0.969125,0.920562,0.892140,1.1127,-0.4761,1.2764,-0.000,-7.443,154.870,0,0,556,220,107,117
1778699038.721274,2,0.966351,0.893614,0.863545,0.9520,0.4022,1.3559,0.000,-1.867,-148.822,0,0,39,157,79,130
1778699038.788012,0,0.986064,0.999981,0.986045,1.1037,-0.0252,1.2459,0.000,1.260,-171.122,0,0,311,236,96,111
1778699038.788012,4,0.967671,0.919982,0.890240,1.1127,-0.4780,1.2764,-0.000,-7.436,153.049,0,0,557,220,108,117
1778699038.788012,2,0.959993,0.893441,0.857698,0.9518,0.4022,1.3575,-0.000,-2.263,-146.477,0,0,39,156,79,132
1778699038.788012,0,0.985944,0.999981,0.985925,1.1037,-0.0252,1.2459,0.000,1.260,-171.122,0,0,311,236,96,111
1778699038.788012,4,0.968124,0.919982,0.890657,1.1127,-0.4780,1.2764,-0.000,-7.436,153.049,0,0,557,220,108,117
1778699038.788012,2,0.963544,0.893614,0.861037,0.9518,0.4022,1.3575,-0.000,-2.263,-146.477,0,0,39,157,79,130
1778699038.854736,0,0.986029,0.999981,0.986010,1.1037,-0.0252,1.2459,0.000,0.690,-171.430,0,0,310,236,95,111
1778699038.854736,4,0.967861,0.919982,0.890416,1.1127,-0.4780,1.2764,-0.000,-7.482,153.409,0,0,557,220,108,117
1778699038.854736,2,0.963508,0.893614,0.861005,0.9520,0.4022,1.3559,0.000,-1.950,-147.351,0,0,40,157,80,130
1778699039.021582,0,0.985553,0.999968,0.985522,1.1037,-0.0234,1.2459,0.000,0.563,-171.217,0,0,310,236,95,111
1778699039.021582,4,0.971243,0.919982,0.893526,1.1127,-0.4780,1.2764,0.000,-6.759,153.796,0,0,557,220,108,117
1778699039.021582,2,0.964410,0.893614,0.861810,0.9520,0.4022,1.3559,0.000,-1.872,-147.657,0,0,39,157,79,130
1778699039.021582,0,0.986203,0.999968,0.986172,1.1037,-0.0234,1.2459,0.000,0.991,-171.222,0,0,311,236,96,111
1778699039.021582,4,0.970795,0.919982,0.893114,1.1127,-0.4780,1.2764,0.000,-6.837,153.655,0,0,557,220,108,117
1778699039.021582,2,0.961353,0.893614,0.859079,0.9520,0.4022,1.3559,0.000,-2.095,-146.595,0,0,39,157,79,130
1778699039.155035,0,0.985264,0.999981,0.985245,1.1037,-0.0252,1.2459,0.000,0.435,-171.283,0,0,311,236,96,111
1778699039.155035,4,0.971252,0.919982,0.893535,1.1127,-0.4780,1.2764,0.000,-6.636,153.298,0,0,557,220,108,117
1778699039.155035,2,0.959792,0.894045,0.858097,0.9498,0.3997,1.3570,0.000,-2.362,-146.685,0,0,40,156,80,132
1778699039.155035,0,0.985985,0.999981,0.985966,1.1037,-0.0252,1.2459,0.000,0.435,-171.283,0,0,310,236,95,111
1778699039.155035,4,0.968834,0.919982,0.891310,1.1127,-0.4780,1.2764,0.000,-6.636,153.298,0,0,557,221,108,115
1778699039.155035,2,0.964440,0.894045,0.862253,0.9498,0.3997,1.3570,0.000,-2.362,-146.685,0,0,39,157,79,130
1778699039.321897,0,0.986355,0.999968,0.986324,1.1037,-0.0234,1.2459,-0.000,1.026,-171.263,0,0,310,236,95,111
1778699039.321897,4,0.969863,0.919982,0.892257,1.1127,-0.4780,1.2764,0.000,-6.842,152.808,0,0,557,220,108,117
1778699039.321897,2,0.964627,0.894045,0.862420,0.9498,0.3997,1.3570,0.000,-2.261,-149.173,0,0,40,156,80,132
1778699039.388636,0,0.984575,0.999968,0.984544,1.1037,-0.0234,1.2459,0.000,0.752,-170.728,0,0,310,236,95,111
1778699039.388636,4,0.967954,0.919982,0.890500,1.1127,-0.4780,1.2764,0.000,-7.483,153.505,0,0,557,220,108,117
1778699039.388636,2,0.962119,0.894045,0.860177,0.9498,0.3997,1.3570,-0.000,-2.083,-147.225,0,0,40,156,80,132
1778699039.455374,0,0.985732,0.999981,0.985713,1.1037,-0.0252,1.2459,0.000,1.030,-171.116,0,0,311,236,96,111
1778699039.455374,4,0.967472,0.919982,0.890058,1.1127,-0.4780,1.2764,0.000,-7.491,153.081,0,0,557,220,108,117
1778699039.455374,2,0.961046,0.894045,0.859218,0.9518,0.4007,1.3575,0.000,-2.518,-147.665,0,0,40,156,80,132
1778699039.455374,0,0.986904,0.999981,0.986885,1.1037,-0.0252,1.2459,0.000,1.255,-171.457,0,0,311,236,96,111
1778699039.455374,4,0.969372,0.919982,0.891806,1.1127,-0.4780,1.2764,0.000,-7.169,153.602,0,0,557,220,110,117
1778699039.455374,2,0.965831,0.894045,0.863496,0.9518,0.4007,1.3575,0.000,-1.774,-148.571,0,0,40,156,80,132
1778699039.622193,0,0.985816,0.999981,0.985797,1.1037,-0.0252,1.2459,0.000,1.138,-171.090,0,0,311,236,96,111
1778699039.622193,4,0.968730,0.919982,0.891215,1.1127,-0.4780,1.2764,0.000,-7.312,153.555,0,0,557,220,108,117
1778699039.622193,2,0.961572,0.894045,0.859688,0.9498,0.3997,1.3570,0.000,-2.444,-147.770,0,0,40,156,80,132
1778699039.688938,0,0.985275,0.999981,0.985256,1.1037,-0.0252,1.2459,0.000,1.346,-170.778,0,0,311,236,96,111
1778699039.688938,4,0.967315,0.919982,0.889913,1.1127,-0.4780,1.2764,0.000,-7.319,152.356,0,0,557,220,108,117
1778699039.688938,2,0.960007,0.894045,0.858289,0.9479,0.3987,1.3565,-0.000,-2.546,-147.185,0,0,40,156,80,132
1778699039.688938,0,0.985080,0.999981,0.985061,1.1037,-0.0252,1.2459,0.000,1.228,-170.764,0,0,311,236,96,111
1778699039.688938,4,0.968178,0.919982,0.890707,1.1127,-0.4780,1.2764,-0.000,-7.343,153.151,0,0,557,220,108,117
1778699039.688938,2,0.964029,0.894045,0.861885,0.9479,0.3987,1.3565,0.000,-2.174,-148.519,0,0,40,157,80,130
1778699039.688938,0,0.984874,0.999981,0.984855,1.1037,-0.0252,1.2459,0.000,1.228,-170.764,0,0,311,236,96,111
1778699039.688938,4,0.970500,0.919982,0.892843,1.1127,-0.4780,1.2764,-0.000,-7.343,153.151,0,0,557,220,108,117
1778699039.688938,2,0.959684,0.893441,0.857421,0.9479,0.3987,1.3565,0.000,-2.174,-148.519,0,0,39,156,79,132
1778699039.855785,0,0.984129,0.999981,0.984110,1.1037,-0.0252,1.2459,0.000,1.471,-170.302,0,0,311,236,96,111
1778699039.855785,4,0.969321,0.919982,0.891758,1.1127,-0.4780,1.2764,0.000,-7.175,153.574,0,0,557,220,110,117
1778699039.855785,2,0.965269,0.893441,0.862411,0.9518,0.4022,1.3575,-0.000,-2.229,-149.439,0,0,40,156,80,132
1778699040.022631,0,0.984261,0.999981,0.984243,1.1037,-0.0252,1.2459,-0.000,1.584,-170.298,0,0,311,236,96,111
1778699040.022631,4,0.967013,0.919982,0.889635,1.1127,-0.4780,1.2764,-0.000,-7.595,153.069,0,0,557,220,110,117
1778699040.022631,2,0.960571,0.894218,0.858961,0.9500,0.3997,1.3554,0.000,-2.658,-147.536,0,0,40,157,80,130
1778699040.089369,0,0.983502,0.999981,0.983483,1.1037,-0.0252,1.2459,-0.000,1.416,-170.107,0,0,311,236,96,111
1778699040.089369,4,0.969273,0.919982,0.891715,1.1127,-0.4780,1.2764,-0.000,-7.122,153.310,0,0,557,220,108,117
1778699040.089369,2,0.961324,0.894045,0.859467,0.9518,0.4007,1.3575,-0.000,-2.335,-147.382,0,0,40,156,80,132
1778699040.156128,0,0.984953,0.999981,0.984934,1.0997,-0.0252,1.2455,-0.000,1.431,-170.618,0,0,311,236,96,111
1778699040.156128,4,0.969786,0.919982,0.892186,1.1127,-0.4780,1.2764,0.000,-6.907,152.967,0,0,557,220,110,117
1778699040.156128,2,0.964011,0.894045,0.861869,0.9518,0.4007,1.3575,0.000,-1.739,-147.440,0,0,40,156,80,132
1778699040.156128,0,0.985729,0.999981,0.985710,1.0997,-0.0252,1.2455,-0.000,1.431,-170.618,0,0,311,236,96,111
1778699040.156128,4,0.969219,0.920562,0.892226,1.1127,-0.4780,1.2764,0.000,-6.907,152.967,0,0,556,220,108,117
1778699040.156128,2,0.961379,0.894045,0.859516,0.9518,0.4007,1.3575,0.000,-1.739,-147.440,0,0,40,156,80,132
1778699040.222867,0,0.984926,0.999981,0.984907,1.0997,-0.0252,1.2455,0.000,1.292,-170.976,0,0,311,236,96,113
1778699040.222867,4,0.966232,0.919982,0.888917,1.1127,-0.4761,1.2764,0.000,-7.218,153.760,0,0,557,220,110,117
1778699040.222867,2,0.963756,0.894218,0.861808,0.9498,0.3997,1.3570,0.000,-2.299,-147.328,0,0,40,157,80,130
1778699040.389658,0,0.986344,0.999981,0.986325,1.0997,-0.0252,1.2455,-0.000,1.550,-171.084,0,0,311,236,96,111
1778699040.389658,4,0.967885,0.919982,0.890437,1.1127,-0.4780,1.2764,0.000,-7.457,153.327,0,0,557,220,110,117
1778699040.389658,2,0.964629,0.894045,0.862422,0.9498,0.3997,1.3570,0.000,-1.851,-148.043,0,0,40,156,80,132
1778699040.456414,0,0.985025,0.999981,0.985006,1.0997,-0.0252,1.2455,-0.000,1.487,-170.618,0,0,311,236,96,113
1778699040.456414,4,0.968492,0.919982,0.890996,1.1127,-0.4780,1.2764,-0.000,-7.371,153.568,0,0,557,220,110,117
1778699040.456414,2,0.960840,0.894045,0.859034,0.9518,0.4007,1.3575,0.000,-2.267,-146.987,0,0,40,156,80,132
1778699040.456414,0,0.983711,0.999981,0.983692,1.0997,-0.0252,1.2455,-0.000,0.187,-170.840,0,0,311,236,96,113
1778699040.456414,4,0.969251,0.919982,0.891694,1.1127,-0.4780,1.2764,0.000,-7.149,153.393,0,0,557,220,110,117
1778699040.456414,2,0.966887,0.894045,0.864441,0.9518,0.4007,1.3575,0.000,-1.355,-148.146,0,0,39,157,79,130
1778699040.623239,0,0.982583,0.999978,0.982561,1.0999,-0.0252,1.2437,0.000,0.212,-170.352,0,0,311,237,96,111
1778699040.623239,4,0.970440,0.919982,0.892788,1.1127,-0.4780,1.2764,0.000,-6.785,153.105,0,0,557,220,110,117
1778699040.623239,2,0.961161,0.893614,0.858908,0.9520,0.4022,1.3559,-0.000,-2.250,-146.822,0,0,39,157,79,130
1778699040.623239,0,0.982308,0.999968,0.982277,1.0999,-0.0252,1.2437,0.000,0.212,-170.352,0,0,310,236,97,113
1778699040.623239,4,0.968893,0.920562,0.891927,1.1127,-0.4780,1.2764,0.000,-6.785,153.105,0,0,556,220,108,117
1778699040.623239,2,0.962041,0.894045,0.860108,0.9520,0.4022,1.3559,-0.000,-2.250,-146.822,0,0,40,156,80,132
1778699040.756708,0,0.984634,0.999981,0.984615,1.0967,-0.0252,1.2452,-0.000,-0.190,-171.451,0,0,311,236,96,113
1778699040.756708,4,0.969776,0.919982,0.892177,1.1127,-0.4780,1.2764,0.000,-7.086,153.664,0,0,557,220,110,117
1778699040.756708,2,0.966362,0.894045,0.863971,0.9518,0.4007,1.3575,0.000,-1.537,-148.283,0,0,40,156,80,132
1778699040.756708,0,0.985551,0.999981,0.985532,1.0967,-0.0252,1.2452,-0.000,-0.190,-171.451,0,0,311,236,96,111
1778699040.756708,4,0.969293,0.919982,0.891733,1.1127,-0.4780,1.2764,0.000,-7.086,153.664,0,0,557,220,110,117
1778699040.756708,2,0.961957,0.894045,0.860032,0.9518,0.4007,1.3575,0.000,-1.537,-148.283,0,0,40,156,80,132
1778699040.890183,0,0.984112,0.999965,0.984078,1.0969,-0.0234,1.2434,0.000,-0.456,-171.262,0,0,310,237,97,111
1778699040.890183,4,0.969943,0.919982,0.892331,1.1127,-0.4780,1.2764,-0.000,-6.908,153.110,0,0,557,220,108,117
1778699040.890183,2,0.960133,0.894218,0.858569,0.9520,0.4007,1.3559,0.000,-2.773,-147.578,0,0,40,157,80,130
1778699040.890183,0,0.986537,0.999965,0.986503,1.0969,-0.0234,1.2434,0.000,-0.456,-171.262,0,0,310,236,96,114
1778699040.890183,4,0.972273,0.919982,0.894474,1.1127,-0.4780,1.2764,-0.000,-6.908,153.110,0,0,556,219,107,117
1778699040.890183,2,0.960490,0.894218,0.858887,0.9520,0.4007,1.3559,0.000,-2.773,-147.578,0,0,40,156,80,129
1778699040.990286,0,0.986251,0.999968,0.986220,1.0967,-0.0234,1.2452,-0.000,0.795,-171.355,0,0,310,236,96,114
1778699040.990286,4,0.967573,0.920524,0.890674,1.1125,-0.4761,1.2783,0.000,-7.316,152.961,0,0,557,220,108,117
1778699040.990286,2,0.959914,0.894045,0.858206,0.9498,0.3997,1.3570,0.000,-3.205,-148.866,0,0,40,157,80,129
1778699040.990286,0,0.986397,0.999968,0.986366,1.0967,-0.0234,1.2452,-0.000,0.795,-171.355,0,0,310,236,96,114
1778699040.990286,4,0.968332,0.919982,0.890848,1.1125,-0.4761,1.2783,0.000,-7.316,152.961,0,0,557,220,108,117
1778699040.990286,2,0.959330,0.894218,0.857851,0.9498,0.3997,1.3570,0.000,-3.205,-148.866,0,0,40,157,80,130
1778699041.123763,0,0.986555,0.999968,0.986524,1.0967,-0.0234,1.2452,0.000,1.125,-171.288,0,0,310,236,97,114
1778699041.123763,4,0.970080,0.919982,0.892456,1.1127,-0.4780,1.2764,0.000,-6.848,153.012,0,0,557,220,108,117
1778699041.123763,2,0.956522,0.894218,0.855340,0.9520,0.4007,1.3559,0.000,-2.992,-146.304,0,0,40,156,80,129
1778699041.190501,0,0.986552,0.999968,0.986521,1.0967,-0.0234,1.2452,0.000,0.925,-171.400,0,0,310,236,97,114
1778699041.190501,4,0.969184,0.919982,0.891632,1.1127,-0.4780,1.2764,0.000,-7.399,154.551,0,0,556,220,107,117
1778699041.190501,2,0.963011,0.894045,0.860975,0.9498,0.3997,1.3570,0.000,-1.628,-146.712,0,0,40,157,80,132
1778699041.323967,0,0.986429,0.999968,0.986398,1.0967,-0.0234,1.2452,0.000,1.129,-171.235,0,0,310,236,97,115
1778699041.323967,4,0.967163,0.919982,0.889773,1.1127,-0.4780,1.2764,-0.000,-7.573,153.119,0,0,557,220,108,117
1778699041.323967,2,0.959446,0.894045,0.857788,0.9498,0.3997,1.3570,0.000,-2.426,-146.655,0,0,40,156,80,132
1778699041.390693,0,0.983390,0.999965,0.983356,1.0969,-0.0234,1.2434,0.000,0.486,-170.385,0,0,310,237,96,111
1778699041.390693,4,0.971240,0.919982,0.893524,1.1127,-0.4780,1.2764,0.000,-6.811,154.036,0,0,557,220,108,117
1778699041.390693,2,0.957529,0.893441,0.855496,0.9518,0.4022,1.3575,0.000,-2.809,-146.463,0,0,39,156,79,132
1778699041.390693,0,0.981951,0.999965,0.981917,1.0969,-0.0234,1.2434,-0.000,0.029,-170.134,0,0,309,237,96,113
1778699041.390693,4,0.973043,0.919982,0.895183,1.1127,-0.4780,1.2764,0.000,-6.201,153.369,0,0,557,219,108,117
1778699041.390693,2,0.959643,0.893441,0.857384,0.9518,0.4022,1.3575,0.000,-1.980,-145.781,0,0,39,156,79,132
1778699041.390693,0,0.983036,0.999953,0.982990,1.0969,-0.0234,1.2434,-0.000,0.029,-170.134,0,0,309,236,96,113
1778699041.390693,4,0.971322,0.919944,0.893562,1.1127,-0.4780,1.2764,0.000,-6.201,153.369,0,0,557,219,108,117
1778699041.390693,2,0.960110,0.893441,0.857802,0.9518,0.4022,1.3575,0.000,-1.980,-145.781,0,0,39,156,79,132
1778699041.624290,0,0.985768,0.999932,0.985700,1.1038,-0.0197,1.2441,0.000,0.739,-170.935,0,0,308,237,96,114
1778699041.624290,4,0.972663,0.919982,0.894833,1.1127,-0.4780,1.2764,-0.000,-6.548,154.517,0,0,557,220,108,117
1778699041.624290,2,0.961813,0.893614,0.859490,0.9549,0.4037,1.3566,0.000,-2.481,-147.680,0,0,39,157,79,130
1778699041.724405,0,0.983626,0.999935,0.983561,1.1037,-0.0197,1.2459,0.000,0.147,-170.529,0,0,308,236,96,113
1778699041.724405,4,0.969611,0.919982,0.892025,1.1127,-0.4780,1.2764,0.000,-7.152,153.782,0,0,557,220,108,117
1778699041.724405,2,0.967207,0.893614,0.864310,0.9549,0.4037,1.3566,-0.000,-1.510,-148.408,0,0,39,157,79,128
1778699041.791142,0,0.988444,0.999879,0.988325,1.1070,-0.0160,1.2426,0.000,0.233,-172.151,0,0,306,238,95,111
1778699041.791142,4,0.969681,0.919982,0.892089,1.1127,-0.4780,1.2764,-0.000,-7.056,153.437,0,0,557,220,108,115
1778699041.791142,2,0.963052,0.893614,0.860597,0.9549,0.4037,1.3566,-0.000,-1.757,-146.717,0,0,39,157,79,129
1778699041.891235,0,0.987228,0.999879,0.987109,1.1070,-0.0160,1.2426,0.000,0.133,-171.668,0,0,306,238,96,110
1778699041.891235,4,0.969412,0.919982,0.891842,1.1127,-0.4780,1.2764,0.000,-7.151,153.566,0,0,557,220,108,117
1778699041.891235,2,0.965118,0.893614,0.862443,0.9520,0.4022,1.3559,0.000,-1.683,-147.610,0,0,39,157,79,129
1778699041.957954,0,0.989159,0.999861,0.989022,1.1066,-0.0142,1.2462,0.000,0.269,-172.529,0,0,305,236,96,113
1778699041.957954,4,0.970602,0.920562,0.893500,1.1166,-0.4778,1.2769,0.000,-7.002,154.326,0,0,556,220,107,117
1778699041.957954,2,0.967294,0.893614,0.864388,0.9520,0.4022,1.3559,0.000,-1.326,-148.005,0,0,39,157,79,130
1778699041.957954,0,0.988040,0.999861,0.987902,1.1066,-0.0142,1.2462,-0.000,0.714,-171.662,0,0,305,237,96,111
1778699041.957954,4,0.969266,0.920562,0.892270,1.1166,-0.4778,1.2769,0.000,-7.347,154.467,0,0,557,220,108,117
1778699041.957954,2,0.958076,0.893614,0.856150,0.9520,0.4022,1.3559,0.000,-2.479,-145.878,0,0,39,156,79,132
1778699042.124774,0,0.989303,0.999858,0.989163,1.1128,-0.0141,1.2450,0.000,0.471,-172.360,0,0,305,236,96,113
1778699042.124774,4,0.969873,0.919982,0.892266,1.1127,-0.4780,1.2764,0.000,-7.097,153.817,0,0,557,220,108,117
1778699042.124774,2,0.963075,0.893614,0.860618,0.9549,0.4037,1.3566,0.000,-1.719,-146.654,0,0,39,157,79,130
1778699042.191513,0,0.989388,0.999861,0.989251,1.1126,-0.0141,1.2468,-0.000,0.549,-172.418,0,0,305,236,96,113
1778699042.191513,4,0.972134,0.919982,0.894347,1.1127,-0.4780,1.2764,-0.000,-6.562,153.907,0,0,557,220,108,117
1778699042.191513,2,0.965612,0.893614,0.862885,0.9520,0.4022,1.3559,-0.000,-1.317,-147.079,0,0,39,157,79,130
1778699042.191513,0,0.990760,0.999858,0.990619,1.1126,-0.0141,1.2468,-0.000,0.549,-172.418,0,0,305,237,96,110
1778699042.191513,4,0.969271,0.919982,0.891713,1.1127,-0.4780,1.2764,-0.000,-6.562,153.907,0,0,557,220,108,117
1778699042.191513,2,0.962281,0.893614,0.859908,0.9520,0.4022,1.3559,-0.000,-1.317,-147.079,0,0,39,157,79,130
1778699042.324994,0,0.989833,0.999885,0.989719,1.1038,-0.0161,1.2441,0.000,0.237,-172.922,0,0,306,237,96,110
1778699042.324994,4,0.971413,0.919982,0.893683,1.1097,-0.4767,1.2760,0.000,-6.732,153.865,0,0,557,220,110,117
1778699042.324994,2,0.963974,0.893614,0.861421,0.9520,0.4022,1.3559,0.000,-1.830,-147.329,0,0,39,157,79,130
1778699042.391733,0,0.991301,0.999885,0.991188,1.1068,-0.0160,1.2444,0.000,0.793,-173.258,0,0,306,237,96,110
1778699042.391733,4,0.970679,0.919982,0.893007,1.1097,-0.4767,1.2760,0.000,-6.962,154.105,0,0,557,220,108,117
1778699042.391733,2,0.959727,0.893441,0.857460,0.9518,0.4022,1.3575,0.000,-1.997,-145.848,0,0,39,156,79,132
1778699042.391733,0,0.989868,0.999885,0.989755,1.1068,-0.0160,1.2444,-0.000,0.730,-172.547,0,0,307,236,96,113
1778699042.391733,4,0.969270,0.919982,0.891712,1.1097,-0.4767,1.2760,-0.000,-7.215,153.696,0,0,557,220,108,117
1778699042.391733,2,0.959360,0.893441,0.857132,0.9518,0.4022,1.3575,-0.000,-2.277,-146.216,0,0,39,157,79,130
1778699042.558567,0,0.987007,0.999935,0.986943,1.1156,-0.0196,1.2471,0.000,1.051,-171.311,0,0,308,236,96,111
1778699042.558567,4,0.968399,0.919982,0.890910,1.1097,-0.4767,1.2760,0.000,-7.388,153.546,0,0,557,220,108,117
1778699042.558567,2,0.963159,0.893614,0.860693,0.9549,0.4037,1.3566,0.000,-2.079,-147.459,0,0,39,157,79,130
1778699042.625305,0,0.987191,0.999935,0.987126,1.1196,-0.0195,1.2475,0.000,0.775,-171.555,0,0,308,236,96,113
1778699042.625305,4,0.969566,0.919982,0.891983,1.1127,-0.4780,1.2764,0.000,-7.075,153.400,0,0,557,220,108,117
1778699042.625305,2,0.956136,0.894045,0.854829,0.9518,0.4007,1.3575,0.000,-2.620,-145.590,0,0,40,156,80,132
1778699042.625305,0,0.986091,0.999935,0.986027,1.1196,-0.0195,1.2475,0.000,0.566,-171.230,0,0,309,236,96,113
1778699042.625305,4,0.967174,0.919982,0.889784,1.1127,-0.4780,1.2764,-0.000,-7.558,153.073,0,0,557,220,108,117
1778699042.625305,2,0.956311,0.894045,0.854985,0.9518,0.4007,1.3575,-0.000,-2.825,-146.052,0,0,40,157,80,130
1778699042.792128,0,0.987204,0.999953,0.987158,1.1226,-0.0214,1.2478,0.000,0.995,-171.527,0,0,309,236,96,114
1778699042.792128,4,0.968530,0.919982,0.891031,1.1127,-0.4780,1.2764,-0.000,-7.403,153.755,0,0,557,220,110,117
1778699042.792128,2,0.962045,0.894218,0.860278,0.9480,0.3987,1.3549,0.000,-2.520,-148.011,0,0,40,157,80,130
1778699042.858866,0,0.987778,0.999953,0.987732,1.1226,-0.0214,1.2478,-0.000,0.856,-171.858,0,0,309,236,96,113
1778699042.858866,4,0.969351,0.919982,0.891786,1.1097,-0.4767,1.2760,0.000,-7.128,153.407,0,0,557,220,108,117
1778699042.858866,2,0.964231,0.894218,0.862233,0.9520,0.4007,1.3559,-0.000,-2.221,-148.535,0,0,40,157,80,130
1778699042.858866,0,0.991080,0.999953,0.991034,1.1226,-0.0214,1.2478,-0.000,0.856,-171.858,0,0,311,235,95,111
1778699042.858866,4,0.969971,0.919982,0.892356,1.1097,-0.4767,1.2760,0.000,-7.128,153.407,0,0,557,220,110,117
1778699042.858866,2,0.963604,0.894218,0.861672,0.9520,0.4007,1.3559,-0.000,-2.221,-148.535,0,0,40,156,80,132
1778699042.858866,0,0.994165,0.999981,0.994146,1.1226,-0.0214,1.2478,0.000,-1.796,-177.687,0,0,312,236,95,110
1778699042.858866,4,0.969886,0.919982,0.892278,1.1097,-0.4767,1.2760,-0.000,-7.037,153.655,0,0,557,220,108,117
1778699042.858866,2,0.959607,0.894045,0.857932,0.9520,0.4007,1.3559,-0.000,-1.793,-147.162,0,0,40,156,80,132
1778699043.059051,0,0.943983,0.999981,0.943965,1.1220,-0.0269,1.2533,0.000,-4.132,163.815,0,0,312,233,95,111
1778699043.059051,4,0.965878,0.919982,0.888591,1.1127,-0.4780,1.2764,0.000,-7.907,153.271,0,0,557,220,112,117
1778699043.059051,2,0.968376,0.894218,0.865940,0.9363,0.3930,1.3521,-0.000,-1.918,-150.812,0,0,40,157,81,130
1778699043.059051,0,0.880212,0.999972,0.880187,1.1220,-0.0269,1.2533,0.000,-4.132,163.815,0,0,312,232,95,111
1778699043.059051,4,0.968113,0.919982,0.890647,1.1127,-0.4780,1.2764,0.000,-7.907,153.271,0,0,557,220,108,117
1778699043.059051,2,0.968072,0.894045,0.865500,0.9363,0.3930,1.3521,-0.000,-1.918,-150.812,0,0,40,156,81,129
1778699043.125789,0,0.843415,0.999972,0.843391,1.1218,-0.0269,1.2552,-0.000,-4.380,153.875,0,0,312,231,95,111
1778699043.125789,4,0.971434,0.919982,0.893703,1.1127,-0.4780,1.2764,0.000,-7.347,153.106,0,0,557,221,108,115
1778699043.125789,2,0.964459,0.894045,0.862269,0.9391,0.3944,1.3544,0.000,-1.634,-149.749,0,0,39,157,79,128
1778699043.292644,0,0.775260,0.999959,0.775229,1.1187,-0.0269,1.2567,0.000,-6.109,142.981,0,0,312,230,94,113
1778699043.292644,4,0.967440,0.920018,0.890062,1.1129,-0.4780,1.2746,0.000,-7.485,152.701,0,0,558,221,110,117
1778699043.292644,2,0.949363,0.894390,0.849101,0.9364,0.3930,1.3506,0.000,-0.985,-140.996,0,0,40,158,80,129
1778699043.359383,0,0.726729,0.999944,0.726689,1.1185,-0.0269,1.2585,-0.000,-7.180,138.903,0,0,312,230,92,109
1778699043.359383,4,0.967130,0.919982,0.889743,1.1127,-0.4780,1.2764,-0.000,-7.598,153.185,0,0,557,220,108,117
1778699043.359383,2,0.913284,0.894559,0.816986,0.9346,0.3920,1.3486,-0.000,-2.692,-134.762,0,0,40,159,81,125
1778699043.426121,0,0.723924,0.999950,0.723887,1.1145,-0.0288,1.2581,-0.000,-6.129,138.245,0,0,313,230,90,109
1778699043.426121,4,0.968306,0.920018,0.890859,1.1129,-0.4780,1.2746,0.000,-7.316,152.829,0,0,557,221,108,117
1778699043.426121,2,0.917453,0.895163,0.821270,0.9346,0.3904,1.3486,0.000,-2.265,-135.271,0,0,41,159,82,125
1778699043.492846,0,0.694962,0.999944,0.694923,1.1185,-0.0269,1.2585,0.000,-6.186,135.906,0,0,312,230,92,109
1778699043.492846,4,0.966476,0.919982,0.889141,1.1127,-0.4780,1.2764,0.000,-7.803,153.406,0,0,557,220,110,117
1778699043.492846,2,0.883735,0.894892,0.790847,0.9349,0.3920,1.3455,0.000,-0.498,-128.692,0,0,40,161,81,124
1778699043.492846,0,0.685534,0.999959,0.685506,1.1185,-0.0269,1.2585,0.000,-6.186,135.906,0,0,312,231,88,109
1778699043.492846,4,0.966298,0.919982,0.888977,1.1127,-0.4780,1.2764,0.000,-7.803,153.406,0,0,557,220,108,117
1778699043.492846,2,0.886180,0.894892,0.793035,0.9349,0.3920,1.3455,0.000,-0.498,-128.692,0,0,40,161,81,124
1778699043.559584,0,0.969939,0.919982,0.892327,1.1127,-0.4780,1.2764,0.000,-6.938,153.219,0,0,557,220,108,117
1778699043.559584,4,0.667441,0.999959,0.667414,1.1216,-0.0269,1.2570,-0.000,-7.583,134.010,0,0,314,230,90,109
1778699043.559584,2,0.873917,0.894892,0.782061,0.9369,0.3930,1.3460,0.000,-0.864,-127.555,0,0,40,161,81,122
1778699043.559584,4,0.967387,0.919982,0.889979,1.1127,-0.4780,1.2764,0.000,-6.938,153.219,0,0,557,220,110,117
1778699043.559584,0,0.655192,0.999953,0.655161,1.1216,-0.0269,1.2570,-0.000,-7.583,134.010,0,0,314,230,88,109
1778699043.559584,2,0.870328,0.894892,0.778849,0.9369,0.3930,1.3460,0.000,-0.864,-127.555,0,0,40,161,81,124
1778699043.726431,4,0.969045,0.919982,0.891505,1.1127,-0.4780,1.2764,0.000,-7.122,153.095,0,0,557,220,108,117
1778699043.726431,0,0.630013,0.999953,0.629984,1.1185,-0.0306,1.2585,-0.000,-8.340,131.096,0,0,314,231,86,107
1778699043.726431,2,0.860226,0.894892,0.769809,0.9349,0.3920,1.3455,0.000,-1.348,-126.036,0,0,41,161,82,124
1778699043.893292,4,0.968869,0.919982,0.891343,1.1127,-0.4780,1.2764,-0.000,-7.280,153.562,0,0,557,220,110,117
1778699043.893292,0,0.615529,0.999968,0.615509,1.1246,-0.0306,1.2573,0.000,-7.235,129.677,0,0,314,231,86,109
1778699043.893292,2,0.828967,0.895496,0.742337,0.9369,0.3914,1.3460,-0.000,-1.529,-122.507,0,0,41,161,82,126
1778699043.960030,4,0.967259,0.919982,0.889861,1.1127,-0.4780,1.2764,0.000,-7.604,153.334,0,0,557,220,108,117
1778699043.960030,0,0.624121,0.999965,0.624100,1.1246,-0.0288,1.2573,-0.000,-8.283,130.699,0,0,313,231,87,107
1778699043.960030,2,0.856660,0.895496,0.767136,0.9369,0.3914,1.3460,0.000,-2.069,-126.040,0,0,41,161,83,125
1778699044.026769,4,0.968140,0.919982,0.890672,1.1127,-0.4780,1.2764,-0.000,-7.420,153.425,0,0,557,220,110,117
1778699044.026769,0,0.627353,0.999965,0.627332,1.1246,-0.0288,1.2573,0.000,-7.854,130.834,0,0,313,231,87,109
1778699044.026769,2,0.833859,0.895496,0.746717,0.9349,0.3904,1.3455,-0.000,-1.796,-123.182,0,0,41,161,83,126
1778699044.093507,4,0.969292,0.919982,0.891732,1.1127,-0.4780,1.2764,0.000,-7.102,153.247,0,0,557,220,108,117
1778699044.093507,0,0.628857,0.999981,0.628845,1.1278,-0.0306,1.2558,0.000,-8.293,130.936,0,0,314,232,88,109
1778699044.093507,2,0.816763,0.895933,0.731766,0.9348,0.3889,1.3470,-0.000,-1.781,-121.389,0,0,42,160,85,128
1778699044.093507,4,0.968503,0.919982,0.891006,1.1127,-0.4780,1.2764,-0.000,-7.278,153.197,0,0,557,220,108,117
1778699044.093507,0,0.621632,0.999981,0.621620,1.1278,-0.0306,1.2558,0.000,-8.404,130.411,0,0,315,232,88,107
1778699044.093507,2,0.812545,0.895933,0.727986,0.9348,0.3889,1.3470,-0.000,-1.808,-120.945,0,0,42,160,84,126
1778699044.193613,4,0.967842,0.919982,0.890398,1.1127,-0.4780,1.2764,0.000,-7.509,153.505,0,0,557,220,108,117
1778699044.193613,0,0.636576,0.999981,0.636563,1.1248,-0.0325,1.2555,0.000,-8.567,131.507,0,0,315,232,88,107
1778699044.193613,2,0.810800,0.895933,0.726423,0.9328,0.3879,1.3466,0.000,-2.561,-121.095,0,0,43,160,86,128
1778699044.260352,4,0.969384,0.919982,0.891816,1.1127,-0.4780,1.2764,0.000,-7.025,153.041,0,0,557,220,108,117
1778699044.260352,0,0.629836,0.999981,0.629824,1.1248,-0.0325,1.2555,0.000,-7.721,130.760,0,0,314,233,87,107
1778699044.260352,2,0.807040,0.896535,0.723540,0.9348,0.3874,1.3470,0.000,-2.081,-120.564,0,0,43,159,86,129
1778699044.260352,4,0.972292,0.919982,0.894491,1.1127,-0.4780,1.2764,0.000,-7.025,153.041,0,0,557,220,108,117
1778699044.260352,0,0.610355,0.999990,0.610349,1.1248,-0.0325,1.2555,0.000,-7.721,130.760,0,0,314,232,87,107
1778699044.260352,2,0.800161,0.896367,0.717238,0.9348,0.3874,1.3470,0.000,-2.081,-120.564,0,0,42,159,85,128
1778699044.393838,4,0.972006,0.919982,0.894229,1.1166,-0.4797,1.2769,-0.000,-6.649,154.175,0,0,557,220,108,117
1778699044.393838,0,0.618234,0.999981,0.618222,1.1248,-0.0306,1.2555,0.000,-7.665,129.962,0,0,315,232,86,109
1778699044.393838,2,0.799989,0.895765,0.716603,0.9346,0.3889,1.3486,0.000,-2.191,-119.815,0,0,43,159,86,128
1778699044.393838,4,0.969545,0.919982,0.891964,1.1166,-0.4797,1.2769,-0.000,-6.649,154.175,0,0,557,220,108,117
1778699044.393838,0,0.613155,0.999981,0.613143,1.1248,-0.0306,1.2555,0.000,-7.665,129.962,0,0,315,232,87,109
1778699044.393838,2,0.794408,0.896367,0.712082,0.9346,0.3889,1.3486,0.000,-2.191,-119.815,0,0,42,159,85,128
1778699044.527313,4,0.970810,0.919982,0.893128,1.1127,-0.4780,1.2764,0.000,-6.929,154.103,0,0,557,220,108,117
1778699044.527313,0,0.629289,0.999981,0.629277,1.1218,-0.0325,1.2552,0.000,-6.736,130.473,0,0,316,233,93,103
1778699044.527313,2,0.802121,0.895765,0.718512,0.9366,0.3899,1.3490,-0.000,-2.387,-120.124,0,0,42,159,85,128
1778699044.660790,4,0.969084,0.919982,0.891540,1.1127,-0.4780,1.2764,-0.000,-7.524,155.323,0,0,557,220,108,117
1778699044.660790,0,0.630518,0.999972,0.630500,1.1121,-0.0380,1.2523,0.000,-8.636,130.723,0,0,318,233,92,103
1778699044.660790,2,0.791218,0.895595,0.708611,0.9364,0.3899,1.3506,-0.000,-2.373,-119.019,0,0,42,158,85,130
1778699044.660790,4,0.970951,0.919982,0.893258,1.1127,-0.4780,1.2764,-0.000,-7.524,155.323,0,0,557,220,108,117
1778699044.660790,0,0.646963,0.999950,0.646930,1.1121,-0.0380,1.2523,0.000,-8.636,130.723,0,0,319,232,90,106
1778699044.660790,2,0.798556,0.895765,0.715319,0.9364,0.3899,1.3506,-0.000,-2.373,-119.019,0,0,42,159,85,128
1778699044.727499,4,0.968037,0.919401,0.890015,1.1127,-0.4780,1.2764,0.000,-7.083,155.342,0,0,558,220,108,117
1778699044.727499,0,0.639353,0.999935,0.639311,1.1089,-0.0398,1.2538,0.000,-8.125,131.794,0,0,320,232,90,105
1778699044.727499,2,0.798373,0.895595,0.715019,0.9326,0.3879,1.3481,-0.000,-2.897,-119.980,0,0,42,158,85,130
1778699044.794235,4,0.972594,0.919401,0.894204,1.1127,-0.4798,1.2764,0.000,-6.493,154.024,0,0,557,221,107,115
1778699044.794235,0,0.648573,0.999935,0.648531,1.1059,-0.0416,1.2535,0.000,-8.349,131.882,0,0,320,232,88,105
1778699044.794235,2,0.807658,0.895595,0.723335,0.9394,0.3913,1.3513,0.000,-1.709,-120.441,0,0,42,158,85,129
1778699044.894332,4,0.973235,0.920018,0.895395,1.1099,-0.4767,1.2742,-0.000,-6.384,153.947,0,0,557,220,108,117
1778699044.894332,0,0.667817,0.999935,0.667774,1.0990,-0.0415,1.2527,0.000,-6.734,132.977,0,0,320,232,92,107
1778699044.894332,2,0.808579,0.895595,0.724160,0.9364,0.3899,1.3506,-0.000,-2.539,-120.910,0,0,42,158,85,129
1778699045.027803,4,0.647307,0.999904,0.647244,1.0991,-0.0451,1.2509,0.000,-8.748,131.662,0,0,322,233,92,106
1778699045.027803,0,0.968798,0.920018,0.891312,1.1099,-0.4767,1.2742,-0.000,-7.626,154.852,0,0,557,221,108,115
1778699045.027803,2,0.805435,0.896367,0.721965,0.9366,0.3883,1.3490,0.000,-2.203,-120.478,0,0,43,159,86,129
1778699045.027803,4,0.968135,0.919982,0.890668,1.0991,-0.0451,1.2509,0.000,-8.748,131.662,0,0,557,220,108,117
1778699045.027803,0,0.663328,0.999879,0.663248,1.1099,-0.4767,1.2742,-0.000,-7.626,154.852,0,0,323,233,90,105
1778699045.027803,2,0.796024,0.896535,0.713664,0.9366,0.3883,1.3490,0.000,-2.203,-120.478,0,0,43,160,86,126
1778699045.161279,4,0.968837,0.919437,0.890785,1.1099,-0.4786,1.2742,0.000,-7.623,154.784,0,0,558,221,108,114
1778699045.161279,0,0.671252,0.999821,0.671131,1.0902,-0.0504,1.2500,0.000,-8.051,133.077,0,0,325,233,90,110
1778699045.161279,2,0.796402,0.896197,0.713733,0.9325,0.3864,1.3496,0.000,-3.104,-119.968,0,0,43,158,86,129
1778699045.228018,4,0.971517,0.919401,0.893214,1.1127,-0.4798,1.2764,0.000,-6.751,153.970,0,0,558,220,108,117
1778699045.228018,0,0.685743,0.999821,0.685621,1.0902,-0.0504,1.2500,-0.000,-7.205,134.024,0,0,325,233,92,111
1778699045.228018,2,0.817146,0.895765,0.731971,0.9395,0.3913,1.3497,0.000,-2.104,-121.606,0,0,42,159,84,128
1778699045.228018,4,0.685873,0.999821,0.685750,1.0902,-0.0504,1.2500,0.000,-7.506,134.119,0,0,325,233,93,111
1778699045.228018,0,0.968976,0.919401,0.890878,1.1127,-0.4798,1.2764,-0.000,-7.292,153.623,0,0,558,221,108,114
1778699045.228018,2,0.810907,0.895765,0.726382,0.9395,0.3913,1.3497,0.000,-2.539,-121.128,0,0,42,158,84,129
1778699045.394865,0,0.697164,0.999821,0.697039,1.0902,-0.0504,1.2500,0.000,-7.326,135.006,0,0,325,234,93,110
1778699045.394865,4,0.968526,0.920018,0.891062,1.1099,-0.4767,1.2742,0.000,-7.474,153.655,0,0,557,221,107,115
1778699045.394865,2,0.810740,0.895595,0.726095,0.9364,0.3899,1.3506,0.000,-2.830,-121.280,0,0,42,158,84,129
1778699045.461606,0,0.679724,0.999827,0.679606,1.0904,-0.0504,1.2482,0.000,-7.395,133.555,0,0,325,234,93,110
1778699045.461606,4,0.972861,0.920018,0.895050,1.1099,-0.4767,1.2742,0.000,-6.701,155.288,0,0,557,221,108,115
1778699045.461606,2,0.818442,0.895595,0.732992,0.9364,0.3899,1.3506,0.000,-2.776,-122.098,0,0,42,158,84,129
1778699045.461606,0,0.672690,0.999827,0.672574,1.0904,-0.0504,1.2482,0.000,-7.915,133.126,0,0,325,234,93,109
1778699045.461606,4,0.970360,0.920018,0.892749,1.1099,-0.4767,1.2742,0.000,-6.930,153.230,0,0,558,221,108,115
1778699045.461606,2,0.810272,0.895595,0.725675,0.9364,0.3899,1.3506,0.000,-2.480,-121.065,0,0,42,159,84,128
1778699045.561708,0,0.673450,0.999827,0.673333,1.0874,-0.0504,1.2479,0.000,-8.296,133.295,0,0,325,235,92,106
1778699045.561708,4,0.973762,0.919437,0.895313,1.1099,-0.4786,1.2742,-0.000,-6.100,153.245,0,0,558,221,108,115
1778699045.561708,2,0.817798,0.895765,0.732555,0.9366,0.3899,1.3490,0.000,-2.366,-121.798,0,0,42,159,84,128
1778699045.561708,0,0.667950,0.999830,0.667837,1.0874,-0.0504,1.2479,0.000,-8.296,133.295,0,0,325,234,94,107
1778699045.561708,4,0.968893,0.919437,0.890836,1.1099,-0.4786,1.2742,-0.000,-6.100,153.245,0,0,558,221,108,115
1778699045.561708,2,0.813008,0.895765,0.728264,0.9366,0.3899,1.3490,0.000,-2.366,-121.798,0,0,42,158,84,129
1778699045.628448,0,0.671952,0.999827,0.671836,1.0876,-0.0504,1.2461,0.000,-8.401,132.849,0,0,324,235,93,107
1778699045.628448,4,0.969724,0.919437,0.891601,1.1069,-0.4773,1.2738,0.000,-7.271,153.073,0,0,558,221,108,115
1778699045.628448,2,0.816761,0.895595,0.731488,0.9366,0.3899,1.3490,0.000,-2.358,-121.272,0,0,42,159,84,128
1778699045.695174,0,0.680369,0.999861,0.680274,1.0844,-0.0503,1.2476,-0.000,-8.388,133.200,0,0,324,235,93,107
1778699045.695174,4,0.968541,0.920018,0.891076,1.1099,-0.4786,1.2742,0.000,-7.062,153.045,0,0,557,221,107,115
1778699045.695174,2,0.816148,0.895765,0.731077,0.9394,0.3913,1.3513,0.000,-2.271,-121.674,0,0,42,159,84,128
1778699045.895342,0,0.681631,0.999830,0.681515,1.0905,-0.0504,1.2464,0.000,-7.276,133.650,0,1,325,235,94,109
1778699045.895342,4,0.970158,0.919437,0.891999,1.1069,-0.4773,1.2738,0.000,-7.071,153.499,0,1,558,221,110,115
1778699045.895342,2,0.819816,0.895765,0.734363,0.9395,0.3913,1.3497,0.000,-2.584,-122.124,1,1,42,159,84,128
1778699047.930827,6,0.769537,0.985924,0.758705,0.9518,0.4115,1.3323,0.000,-4.037,-116.521,0,1,218,229,95,106
1778699047.930827,0,0.674747,0.949791,0.640869,1.1142,-0.0414,1.2270,0.000,-7.382,133.112,0,1,494,291,100,115
1778699047.930827,0,0.788886,0.985924,0.777781,0.9518,0.4115,1.3323,-0.000,-3.422,-118.184,0,1,223,229,95,107
1778699047.930827,7,0.674711,0.949791,0.640835,1.1142,-0.0414,1.2270,0.000,-7.124,133.049,0,1,499,292,100,115
1778699048.030920,0,0.768590,0.988405,0.759678,1.0082,0.3972,1.3280,0.000,-4.773,-118.575,0,1,227,231,95,106
1778699048.030920,8,0.671727,0.944525,0.634464,1.1139,-0.0792,1.2124,0.000,-9.280,131.045,0,1,504,294,102,117
1778699048.030920,9,0.665409,0.944525,0.628495,1.0082,0.3972,1.3280,0.000,-4.773,-118.575,0,1,508,295,100,117
1778699048.030920,0,0.783116,0.988405,0.774036,1.1139,-0.0792,1.2124,0.000,-9.280,131.045,0,1,232,232,94,107
1778699048.097657,0,0.767523,0.989681,0.759603,1.9514,0.7744,1.4926,0.000,-3.755,-119.208,0,1,233,233,93,109
1778699048.097657,10,0.675964,0.942396,0.637025,1.1158,-0.0998,1.2044,-0.000,-9.794,130.266,0,1,510,297,102,118
1778699048.164378,0,0.775286,0.989935,0.767482,1.9538,0.7412,1.4741,-0.000,-2.196,-120.164,0,1,230,229,95,107
1778699048.164378,11,0.669847,0.941086,0.630383,1.1294,-0.1182,1.1952,0.000,-9.355,128.583,0,1,506,292,100,115
1778699048.164378,0,0.775658,0.989139,0.767234,1.9538,0.7412,1.4741,-0.000,-2.196,-120.164,0,1,228,229,96,107
1778699048.164378,12,0.661792,0.943837,0.624624,1.1294,-0.1182,1.1952,0.000,-9.355,128.583,0,1,504,292,100,113
1778699048.264486,0,0.761937,0.988631,0.753275,1.9600,0.7331,1.4755,-0.000,-4.466,-119.951,0,1,223,225,95,107
1778699048.264486,13,0.705208,0.944823,0.666297,1.1376,-0.1236,1.1982,-0.000,-8.048,130.972,0,1,497,289,103,113
1778699048.264486,0,0.747672,0.987211,0.738111,1.9600,0.7331,1.4755,-0.000,-4.466,-119.951,0,1,217,224,94,110
1778699048.264486,14,0.679254,0.948650,0.644374,1.1376,-0.1236,1.1982,-0.000,-8.048,130.972,0,1,492,287,100,110
1778699048.397943,15,0.768409,0.984560,0.756544,1.9423,0.7335,1.4782,-0.000,-4.159,-120.297,0,1,214,222,95,110
1778699048.397943,0,0.674599,0.953298,0.643093,1.1288,-0.1182,1.1995,-0.000,-8.026,128.747,0,1,488,286,98,115
1778699048.397943,0,0.774352,0.984560,0.762396,1.9423,0.7335,1.4782,-0.000,-4.892,-121.148,0,1,211,221,95,106
1778699048.397943,16,0.685137,0.953298,0.653140,1.1288,-0.1182,1.1995,-0.000,-8.991,129.809,0,1,486,283,100,113
1778699048.464681,0,0.770529,0.983622,0.757909,1.9522,0.7189,1.4691,0.000,-4.834,-121.144,0,1,208,219,96,110
1778699048.464681,17,0.668805,0.954611,0.638449,1.1298,-0.1294,1.1985,0.000,-9.425,127.979,0,1,482,283,98,111
1778699048.564783,18,0.775810,0.980545,0.760716,1.9222,0.7407,1.4827,-0.000,-3.666,-120.482,0,1,202,216,97,110
1778699048.564783,0,0.666503,0.959348,0.639408,1.1321,-0.1126,1.2023,0.000,-9.443,128.773,0,1,476,281,98,111
1778699048.631531,0,0.763347,0.979436,0.747650,1.9204,0.7215,1.4769,0.000,-3.617,-119.720,0,1,199,214,97,111
1778699048.631531,19,0.660109,0.961327,0.634581,1.1896,-0.1251,1.2035,-0.000,-8.924,127.720,0,1,472,279,97,114
1778699048.631531,0,0.767126,0.979436,0.751351,1.9204,0.7215,1.4769,-0.000,-4.166,-120.276,0,1,193,212,97,110
1778699048.631531,20,0.685191,0.961327,0.658692,1.1896,-0.1251,1.2035,0.000,-9.373,129.838,0,1,467,276,96,113
1778699048.731631,0,0.780013,0.975195,0.760665,1.9236,0.7340,1.4852,0.000,-4.700,-121.501,0,1,188,208,98,113
1778699048.731631,21,0.686951,0.966495,0.663934,1.1985,-0.1211,1.2068,0.000,-10.253,130.496,0,1,461,274,96,114
1778699048.731631,0,0.767741,0.975195,0.748697,1.9236,0.7340,1.4852,-0.000,-4.302,-120.150,0,1,184,207,97,110
1778699048.731631,22,0.679547,0.966495,0.656778,1.1985,-0.1211,1.2068,-0.000,-10.332,129.907,0,1,458,273,96,114
1778699048.831739,23,0.763761,0.972450,0.742719,1.9275,0.7156,1.4726,-0.000,-4.925,-120.411,0,1,181,206,97,110
1778699048.831739,0,0.677551,0.969495,0.656882,1.9837,-0.2030,1.2406,0.000,-10.903,129.278,0,1,454,272,97,114
1778699048.831739,0,0.772734,0.972450,0.751445,1.9402,0.6890,1.4603,0.000,-4.307,-121.757,0,1,176,202,98,113
1778699048.831739,24,0.714644,0.969495,0.692844,1.9819,-0.2306,1.2288,-0.000,-10.275,131.294,0,1,449,269,96,114
1778699048.898477,0,0.768828,0.970179,0.745901,1.9260,0.7018,1.4722,0.000,-4.444,-121.067,0,1,173,201,98,111
1778699048.898477,25,0.720750,0.971716,0.700364,1.9786,-0.2145,1.2386,0.000,-10.342,132.403,0,1,446,267,95,114
1778699048.965206,0,0.769141,0.968907,0.745227,1.9250,0.6826,1.4614,-0.000,-3.705,-121.241,0,1,170,200,98,111
1778699048.965206,26,0.725001,0.973027,0.705445,1.9749,-0.2306,1.2333,0.000,-10.184,132.195,0,1,444,267,97,114
1778699048.998572,26,0.786480,0.973767,0.765849,1.9741,-0.2241,1.2333,0.000,-9.029,137.734,0,1,435,262,97,113
1778699048.998572,0,0.762990,0.967612,0.738278,1.9129,0.6887,1.4630,-0.000,-3.566,-120.350,0,1,161,194,102,115
1778699049.065301,26,0.791864,0.977392,0.773962,1.9770,-0.2219,1.2433,0.000,-9.223,138.508,0,1,433,262,98,114
1778699049.065301,0,0.760878,0.963264,0.732926,1.9183,0.6939,1.4763,-0.000,-3.651,-120.198,0,1,158,194,100,114
1778699049.065301,0,0.779571,0.961989,0.749938,1.9770,-0.2219,1.2433,0.000,-9.223,138.508,0,1,151,191,103,113
1778699049.065301,26,0.832239,0.978079,0.813996,1.9183,0.6939,1.4763,-0.000,-3.651,-120.198,0,1,428,259,100,114
1778699049.198762,0,0.765088,0.954352,0.730163,1.9096,0.7254,1.5015,0.000,-4.370,-120.156,0,1,143,186,102,114
1778699049.198762,26,0.892201,0.983374,0.877367,1.9564,-0.1915,1.2655,0.000,-5.103,149.704,0,1,418,255,98,110
1778699049.198762,0,0.758804,0.954352,0.724166,1.9096,0.7254,1.5015,0.000,-3.917,-119.383,0,1,139,184,102,115
1778699049.198762,26,0.907582,0.983374,0.892493,1.9564,-0.1915,1.2655,0.000,-4.843,151.762,0,1,414,253,97,113
1778699049.265501,0,0.759631,0.952235,0.723347,1.9115,0.6979,1.5061,0.000,-4.354,-120.443,0,1,136,183,102,113
1778699049.265501,26,0.921816,0.984671,0.907686,1.9710,-0.2180,1.2734,0.000,-4.929,153.301,0,1,410,251,97,113
1778699049.298869,0,0.773554,0.950691,0.735410,1.8999,0.7036,1.5074,-0.000,-4.100,-121.431,0,1,130,180,104,113
1778699049.298869,26,0.953254,0.985915,0.939828,1.9693,-0.2049,1.2800,0.000,-3.089,158.677,0,1,403,248,97,117
1778699049.365602,0,0.763252,0.947403,0.723108,1.9177,0.7029,1.5195,-0.000,-3.868,-120.642,0,1,127,178,104,115
1778699049.365602,26,0.957274,0.987943,0.945732,1.9641,-0.2076,1.2898,-0.000,-3.003,159.550,0,1,400,247,97,115
1778699049.432347,0,0.977228,0.990786,0.968223,1.9716,-0.1723,1.3039,0.000,-1.769,165.389,0,1,392,244,98,114
1778699049.432347,26,0.779602,0.941743,0.734184,1.9034,0.7319,1.5339,0.000,-3.024,-121.109,0,1,120,175,105,117
1778699049.432347,26,0.978265,0.990786,0.969251,1.9693,-0.1981,1.3039,0.000,-2.500,165.478,0,1,387,243,97,115
1778699049.432347,0,0.787246,0.941743,0.741383,1.9132,0.7069,1.5339,0.000,-3.159,-122.699,0,1,117,174,105,114
1778699049.499073,26,0.985030,0.991933,0.977084,1.9681,-0.1815,1.3072,-0.000,-1.962,168.291,0,1,383,241,97,117
1778699049.499073,0,0.796827,0.940081,0.749081,1.9027,0.7130,1.5352,0.000,-2.344,-123.089,0,1,113,173,105,115
1778699049.565798,27,0.994267,0.992819,0.987128,1.9633,-0.2060,1.3138,-0.000,0.041,171.266,0,1,369,237,97,114
1778699049.565798,0,0.793763,0.937892,0.744464,1.9159,0.6896,1.5385,0.000,-3.763,-124.171,0,1,103,167,106,117
1778699049.599166,0,0.811650,0.931719,0.756230,1.9130,0.7228,1.5583,-0.000,-3.101,-125.048,0,1,99,166,107,118
1778699049.599166,26,0.991719,0.995462,0.987219,1.9498,-0.1588,1.3260,-0.000,-0.296,171.579,0,1,365,237,97,114
1778699049.599166,0,0.838256,0.925129,0.775495,1.9130,0.7228,1.5583,-0.000,-3.101,-125.048,0,1,91,166,107,122
1778699049.599166,26,0.994728,0.997488,0.992229,1.9498,-0.1588,1.3260,-0.000,-0.296,171.579,0,1,355,236,97,109
1778699049.699273,0,0.859329,0.925129,0.794990,1.9006,0.7307,1.5570,-0.000,-2.680,-130.081,0,1,88,165,108,120
1778699049.699273,26,0.993342,0.997488,0.990847,1.9676,-0.1376,1.3313,0.000,-0.711,174.953,0,1,351,235,97,114
1778699049.832750,0,0.993234,0.998380,0.991625,1.1358,-0.0857,1.2509,0.000,-0.434,174.581,0,1,347,235,97,114
1778699049.832750,1,0.869330,0.920773,0.800456,1.9061,0.7371,1.5668,0.000,-1.361,-130.669,0,1,84,163,110,125
1778699049.832750,2,0.984047,0.894583,0.880312,1.0882,-0.5349,1.2729,-0.000,-3.746,153.955,0,1,599,220,81,130
1778699049.832750,3,0.952324,0.894583,0.851933,1.0882,-0.5349,1.2729,0.000,-5.238,167.031,0,1,600,221,80,111
1778699049.832750,26,0.994574,0.998380,0.992963,1.1353,-0.0925,1.2509,0.000,-0.175,177.472,0,0,338,236,97,110
1778699049.832750,0,0.900875,0.920773,0.829501,1.9107,0.7254,1.5668,0.000,-1.666,-135.703,0,0,77,164,112,120
1778699049.832750,28,0.977740,0.894583,0.874670,1.0849,-0.5413,1.2729,0.000,-5.479,155.118,0,0,596,220,87,111
1778699049.999604,0,0.919677,0.912324,0.839043,1.0285,0.3881,1.3639,0.000,-1.934,-137.693,0,0,69,163,113,121
1778699049.999604,29,0.995084,0.999581,0.994667,1.1065,-0.0617,1.2480,0.000,0.076,178.535,0,0,331,235,96,110
1778699049.999604,28,0.977123,0.898288,0.877738,1.0877,-0.5321,1.2750,0.000,-5.663,153.752,0,0,593,219,94,117
1778699049.999604,0,0.922362,0.910599,0.839901,1.0285,0.3881,1.3639,0.000,-1.934,-137.693,0,0,66,163,114,122
1778699049.999604,26,0.994198,0.999760,0.993959,1.1065,-0.0617,1.2480,0.000,0.076,178.535,0,0,327,235,97,111
1778699049.999604,28,0.969255,0.899597,0.871939,1.0877,-0.5321,1.2750,0.000,-5.663,153.752,0,0,591,221,98,118
1778699050.133085,0,0.930899,0.908114,0.845362,1.0097,0.3917,1.3613,0.000,-1.908,-139.280,0,0,62,162,114,121
1778699050.133085,26,0.992796,0.999861,0.992658,1.1065,-0.0489,1.2480,-0.000,-0.959,-179.463,0,0,324,235,97,111
1778699050.133085,28,0.974356,0.900799,0.877699,1.0849,-0.5234,1.2729,0.000,-6.407,152.951,0,0,589,220,101,118
1778699050.199804,0,0.991505,0.999981,0.991486,1.0965,-0.0379,1.2470,-0.000,-1.264,-177.794,0,0,318,235,97,111
1778699050.199804,26,0.942336,0.904436,0.852283,0.9889,0.3922,1.3581,0.000,-1.307,-140.783,0,0,56,161,113,124
1778699050.199804,28,0.970543,0.902645,0.876056,1.0879,-0.5195,1.2733,0.000,-7.031,151.245,0,0,586,220,108,117
1778699050.199804,26,0.992231,0.999981,0.992212,1.0965,-0.0379,1.2470,0.000,-0.734,-177.363,0,0,316,235,97,109
1778699050.199804,0,0.945647,0.904436,0.855278,0.9889,0.3922,1.3581,0.000,-1.025,-141.308,0,0,54,160,109,125
1778699050.199804,28,0.971642,0.902645,0.877048,1.0879,-0.5195,1.2733,0.000,-6.950,152.219,0,0,584,220,111,117
1778699050.199804,26,0.992026,0.999999,0.992026,1.0965,-0.0379,1.2470,0.000,-0.734,-177.363,0,0,314,235,96,111
1778699050.199804,28,0.975645,0.905126,0.883082,0.9889,0.3922,1.3581,0.000,-1.025,-141.308,0,0,582,221,110,114
1778699050.199804,0,0.953475,0.902153,0.860180,1.0879,-0.5195,1.2733,0.000,-6.950,152.219,0,0,53,158,106,129
1778699050.433384,26,0.992004,0.999935,0.991939,1.0997,-0.0198,1.2455,0.000,-0.982,-176.428,0,0,308,236,96,111
1778699050.433384,28,0.965285,0.911170,0.879539,1.0791,-0.4903,1.2703,-0.000,-8.395,152.969,0,0,572,221,108,117
1778699050.433384,0,0.962747,0.898592,0.865116,0.9688,0.3976,1.3583,0.000,-1.390,-146.523,0,0,47,158,95,129
1778699050.533469,26,0.992313,0.999885,0.992199,1.1038,-0.0161,1.2441,0.000,-0.882,-176.125,0,0,306,237,96,110
1778699050.533469,28,0.966100,0.912994,0.882044,1.0882,-0.4889,1.2697,0.000,-8.318,153.387,0,0,569,222,110,114
1778699050.533469,0,0.972200,0.897396,0.872448,0.9639,0.3984,1.3571,-0.000,0.002,-148.280,0,0,45,158,91,129
1778699050.600212,26,0.994385,0.999827,0.994213,1.1038,-0.0124,1.2441,-0.000,0.076,-176.317,0,0,304,237,96,110
1778699050.600212,28,0.970028,0.916512,0.889043,1.1039,-0.4851,1.2735,-0.000,-7.388,154.545,0,0,563,221,110,113
1778699050.600212,0,0.972366,0.895933,0.871176,0.9554,0.3989,1.3519,0.000,-1.323,-151.591,0,0,42,160,85,124
1778699050.666938,26,0.993641,0.999796,0.993438,1.1037,-0.0106,1.2459,0.000,-0.422,-176.636,0,0,303,236,95,110
1778699050.666938,28,0.963895,0.918271,0.885117,1.1069,-0.4809,1.2738,0.000,-8.693,154.255,0,0,560,221,108,111
1778699050.666938,0,0.964894,0.894821,0.863407,0.9520,0.3991,1.3559,-0.000,-2.080,-148.675,0,0,41,157,83,129
1778699050.733659,26,0.992923,0.999796,0.992721,1.1037,-0.0106,1.2459,0.000,-0.774,-176.565,0,0,303,236,96,109
1778699050.733659,28,0.966883,0.918271,0.887860,1.1069,-0.4809,1.2738,0.000,-7.876,153.429,0,0,560,221,108,113
1778699050.733659,0,0.961523,0.894821,0.860392,0.9520,0.3991,1.3559,-0.000,-2.917,-148.894,0,0,41,157,82,130
1778699050.733659,26,0.993532,0.999796,0.993330,1.1037,-0.0106,1.2459,0.000,-0.774,-176.565,0,0,304,237,96,110
1778699050.733659,28,0.966038,0.918271,0.887085,1.1069,-0.4809,1.2738,0.000,-7.876,153.429,0,0,558,222,107,114
1778699050.733659,0,0.967016,0.894821,0.865306,0.9520,0.3991,1.3559,-0.000,-2.917,-148.894,0,0,39,158,79,130
1778699050.833766,26,0.991199,0.999827,0.991027,1.1038,-0.0124,1.2441,0.000,-1.431,-175.929,0,0,306,237,96,111
1778699050.833766,28,0.969686,0.919471,0.891598,1.1101,-0.4786,1.2724,0.000,-7.190,153.146,0,0,558,221,108,115
1778699050.833766,0,0.968935,0.893786,0.866021,0.9521,0.4022,1.3543,0.000,-2.113,-152.119,0,0,40,157,80,132
1778699050.900505,26,0.989706,0.999885,0.989593,1.1038,-0.0161,1.2441,0.000,-1.492,-174.893,0,0,306,238,95,110
1778699050.900505,28,0.968426,0.919437,0.890407,1.1129,-0.4798,1.2746,-0.000,-7.349,152.948,0,0,558,221,108,114
1778699050.900505,0,0.968536,0.894218,0.866082,0.9520,0.4007,1.3559,0.000,-1.976,-151.294,0,0,39,157,79,132
1778699050.900505,26,0.989746,0.999879,0.989627,1.1038,-0.0161,1.2441,0.000,-1.492,-174.893,0,0,306,237,95,109
1778699050.900505,28,0.971464,0.919437,0.893201,1.1129,-0.4798,1.2746,-0.000,-7.349,152.948,0,0,558,221,108,114
1778699050.900505,0,0.969180,0.893614,0.866073,0.9520,0.4007,1.3559,0.000,-1.976,-151.294,0,0,39,157,78,132
1778699050.967268,26,0.990686,0.999879,0.990566,1.1040,-0.0161,1.2423,-0.000,-1.604,-174.944,0,0,306,238,95,110
1778699050.967268,28,0.971011,0.919437,0.892784,1.1129,-0.4798,1.2746,-0.000,-6.657,153.134,0,0,558,221,108,115
1778699050.967268,0,0.970466,0.893441,0.867055,0.9549,0.4037,1.3566,0.000,-2.056,-153.274,0,0,39,156,79,132
1778699051.200846,26,0.990932,0.999885,0.990818,1.0999,-0.0161,1.2437,0.000,-1.000,-175.059,0,0,306,237,96,111
1778699051.200846,28,0.968958,0.919437,0.890896,1.1099,-0.4786,1.2742,0.000,-7.369,153.539,0,0,558,221,108,113
1778699051.200846,0,0.969510,0.893441,0.866200,0.9548,0.4037,1.3582,-0.000,-1.886,-154.393,0,0,39,156,79,133
1778699051.267584,26,0.990549,0.999885,0.990436,1.0999,-0.0161,1.2437,0.000,-1.313,-175.272,0,0,306,237,96,111
1778699051.267584,28,0.965033,0.919471,0.887319,1.1101,-0.4786,1.2724,0.000,-8.324,153.353,0,0,558,222,107,113
1778699051.267584,0,0.968710,0.893441,0.865486,0.9548,0.4037,1.3582,-0.000,-1.986,-155.480,0,0,39,156,79,132
1778699051.267584,26,0.989893,0.999879,0.989773,1.0999,-0.0161,1.2437,0.000,-1.313,-175.272,0,0,306,238,96,110
1778699051.267584,28,0.966870,0.919471,0.889009,1.1101,-0.4786,1.2724,0.000,-8.324,153.353,0,0,558,222,107,114
1778699051.267584,0,0.968271,0.893614,0.865261,0.9548,0.4037,1.3582,-0.000,-1.986,-155.480,0,0,39,157,79,132
1778699051.334316,26,0.990203,0.999879,0.990084,1.0970,-0.0162,1.2416,0.000,-0.928,-174.271,0,0,306,237,96,111
1778699051.334316,28,0.967495,0.919471,0.889583,1.1101,-0.4786,1.2724,0.000,-7.885,153.930,0,0,558,221,108,115
1778699051.334316,0,0.971087,0.893614,0.867778,0.9549,0.4037,1.3566,0.000,-1.568,-152.649,0,0,39,157,79,130
1778699051.434423,26,0.989678,0.999885,0.989565,1.0939,-0.0162,1.2431,0.000,-1.036,-174.194,0,0,306,238,96,110
1778699051.434423,28,0.967133,0.919437,0.889219,1.1129,-0.4798,1.2746,0.000,-7.967,154.449,0,0,557,221,107,113
1778699051.434423,0,0.968591,0.893614,0.865547,0.9549,0.4037,1.3566,0.000,-2.098,-152.060,0,0,40,157,80,132
1778699051.501163,26,0.990781,0.999879,0.990661,1.0941,-0.0162,1.2414,0.000,-0.936,-174.692,0,0,307,238,96,111
1778699051.501163,28,0.962257,0.920018,0.885294,1.1129,-0.4780,1.2746,0.000,-8.638,152.620,0,0,559,221,108,115
1778699051.501163,0,0.965454,0.894218,0.863326,0.9520,0.4007,1.3559,0.000,-2.361,-149.852,0,0,40,157,80,132
1778699051.634636,26,0.989888,0.999904,0.989793,1.0911,-0.0181,1.2411,0.000,-1.025,-174.289,0,0,307,238,96,110
1778699051.634636,28,0.961239,0.919437,0.883799,1.1129,-0.4798,1.2746,0.000,-9.192,154.041,0,0,558,221,108,113
1778699051.634636,0,0.966435,0.894390,0.864369,0.9521,0.4007,1.3543,-0.000,-2.494,-151.004,0,0,40,158,80,130
1778699051.701361,26,0.990206,0.999904,0.990111,1.0881,-0.0181,1.2408,0.000,-1.328,-174.951,0,0,307,238,95,111
1778699051.701361,28,0.958797,0.918888,0.881027,1.1071,-0.4791,1.2720,0.000,-9.717,153.518,0,0,559,222,108,113
1778699051.701361,0,0.973863,0.894218,0.870846,0.9520,0.4007,1.3559,0.000,-0.914,-154.384,0,0,40,157,81,132
1778699051.768097,26,0.990542,0.999910,0.990453,1.0849,-0.0181,1.2423,0.000,-1.036,-174.911,0,0,307,237,97,113
1778699051.768097,28,0.965118,0.919437,0.887366,1.1099,-0.4786,1.2742,0.000,-8.282,153.673,0,0,558,221,107,114
1778699051.768097,0,0.970239,0.894218,0.867605,0.9520,0.4007,1.3559,0.000,-1.771,-154.898,0,0,40,157,81,130
1778699051.834835,26,0.989673,0.999932,0.989606,1.0819,-0.0200,1.2420,-0.000,-0.491,-173.738,0,0,308,237,96,113
1778699051.834835,28,0.961172,0.918888,0.883209,1.1130,-0.4817,1.2728,0.000,-9.353,154.272,0,0,559,222,110,111
1778699051.834835,0,0.965236,0.894218,0.863131,0.9500,0.3997,1.3554,0.000,-2.819,-151.902,0,0,40,157,81,129
1778699051.834835,26,0.990467,0.999932,0.990400,1.0819,-0.0200,1.2420,0.000,-0.465,-174.197,0,0,308,238,96,114
1778699051.834835,28,0.965596,0.918888,0.887275,1.1130,-0.4817,1.2728,0.000,-8.023,152.566,0,0,559,222,108,114
1778699051.834835,0,0.965391,0.894218,0.863270,0.9500,0.3997,1.3554,0.000,-2.360,-149.798,0,0,40,158,81,130
1778699051.934943,26,0.990951,0.999925,0.990877,1.0791,-0.0200,1.2399,0.000,-0.173,-174.064,0,0,308,238,97,113
1778699051.934943,28,0.963812,0.918888,0.885635,1.1101,-0.4804,1.2724,0.000,-8.593,153.237,0,0,558,222,107,111
1778699051.934943,0,0.960976,0.894390,0.859487,0.9502,0.3997,1.3539,0.000,-3.446,-149.892,0,0,40,157,81,130
1778699052.068423,26,0.991725,0.999925,0.991651,1.0791,-0.0200,1.2399,0.000,0.014,-174.359,0,0,308,238,97,113
1778699052.068423,28,0.964428,0.919471,0.886763,1.1101,-0.4786,1.2724,0.000,-8.460,153.357,0,0,558,222,107,114
1778699052.068423,0,0.965048,0.894218,0.862964,0.9549,0.4021,1.3566,0.000,-2.801,-151.486,0,0,40,157,81,130
1778699052.135155,26,0.990861,0.999925,0.990787,1.0791,-0.0200,1.2399,0.000,0.040,-173.790,0,0,308,238,97,115
1778699052.135155,28,0.963905,0.918888,0.885721,1.1130,-0.4817,1.2728,-0.000,-8.441,152.697,0,0,559,222,108,114
1778699052.135155,0,0.964335,0.894218,0.862326,0.9520,0.4007,1.3559,0.000,-2.297,-148.816,0,0,40,157,81,133
1778699052.135155,26,0.990059,0.999925,0.989985,1.0791,-0.0200,1.2399,0.000,-0.248,-173.606,0,0,309,238,97,115
1778699052.135155,28,0.962486,0.918888,0.884417,1.1130,-0.4817,1.2728,0.000,-9.117,154.575,0,0,559,222,110,113
1778699052.135155,0,0.962051,0.894218,0.860284,0.9520,0.4007,1.3559,0.000,-3.391,-151.120,0,0,40,157,81,132
1778699052.301985,26,0.990276,0.999944,0.990221,1.0791,-0.0218,1.2399,0.000,-0.006,-173.597,0,0,309,238,97,115
1778699052.301985,28,0.960895,0.918888,0.882955,1.1071,-0.4791,1.2720,-0.000,-9.428,154.394,0,0,559,222,108,114
1778699052.301985,0,0.957884,0.894218,0.856557,0.9500,0.3997,1.3554,-0.000,-3.392,-147.905,0,0,40,157,80,132
1778699052.368717,26,0.989594,0.999944,0.989539,1.0791,-0.0218,1.2399,0.000,-0.412,-173.606,0,0,309,238,97,117
1778699052.368717,28,0.963869,0.918888,0.885688,1.1071,-0.4791,1.2720,0.000,-8.744,154.074,0,0,558,222,107,114
1778699052.368717,0,0.963107,0.894218,0.861228,0.9520,0.4007,1.3559,-0.000,-2.818,-149.600,0,0,40,157,80,132
1778699052.368717,26,0.990096,0.999944,0.990040,1.0791,-0.0218,1.2399,0.000,-0.412,-173.606,0,0,309,239,97,115
1778699052.368717,28,0.960481,0.919471,0.883134,1.1071,-0.4791,1.2720,0.000,-8.744,154.074,0,0,559,222,108,111
1778699052.368717,0,0.962323,0.894218,0.860527,0.9520,0.4007,1.3559,-0.000,-2.818,-149.600,0,0,40,157,80,132
1778699052.502200,26,0.991500,0.999922,0.991423,1.0795,-0.0218,1.2364,0.000,-0.210,-174.338,0,0,309,240,97,114
1778699052.502200,28,0.963512,0.918888,0.885360,1.1101,-0.4804,1.2724,0.000,-8.940,154.924,0,0,559,222,108,113
1778699052.502200,0,0.967450,0.893614,0.864527,0.9549,0.4037,1.3566,-0.000,-2.095,-150.512,0,0,39,157,79,132
1778699052.502200,26,0.991204,0.999935,0.991139,1.0795,-0.0218,1.2364,0.000,-0.210,-174.338,0,0,309,239,97,115
1778699052.502200,28,0.962514,0.918888,0.884443,1.1101,-0.4804,1.2724,0.000,-8.940,154.924,0,0,559,222,108,113
1778699052.502200,0,0.965551,0.893614,0.862830,0.9549,0.4037,1.3566,-0.000,-2.095,-150.512,0,0,39,157,79,129
1778699052.635687,26,0.991970,0.999935,0.991905,1.0823,-0.0217,1.2384,0.000,0.045,-174.480,0,0,309,239,97,115
1778699052.635687,28,0.966358,0.918919,0.888005,1.1073,-0.4791,1.2702,0.000,-8.443,155.275,0,0,559,223,108,111
1778699052.635687,0,0.964988,0.893614,0.862328,0.9549,0.4037,1.3566,0.000,-2.693,-150.688,0,0,39,157,79,132
1778699052.702431,26,0.992167,0.999935,0.992102,1.0823,-0.0217,1.2384,0.000,0.150,-174.499,0,0,309,239,98,115
1778699052.702431,28,0.961753,0.918888,0.883743,1.1101,-0.4804,1.2724,-0.000,-9.362,155.440,0,0,559,222,108,113
1778699052.702431,0,0.965249,0.893614,0.862560,0.9549,0.4037,1.3566,-0.000,-2.562,-150.355,0,0,39,157,79,132
1778699052.702431,26,0.993131,0.999935,0.993066,1.0823,-0.0217,1.2384,0.000,0.827,-174.473,0,0,309,239,98,117
1778699052.702431,28,0.963710,0.918888,0.885542,1.1101,-0.4804,1.2724,-0.000,-8.908,155.022,0,0,560,223,108,111
1778699052.702431,0,0.961778,0.893614,0.859459,0.9549,0.4037,1.3566,0.000,-3.375,-150.597,0,0,39,158,79,130
1778699052.802534,26,0.994101,0.999935,0.994036,1.0823,-0.0217,1.2384,-0.000,1.104,-174.889,0,0,309,239,98,115
1778699052.802534,28,0.967346,0.918335,0.888348,1.1073,-0.4809,1.2702,0.000,-8.200,154.951,0,0,560,223,108,113
1778699052.802534,0,0.964745,0.893786,0.862275,0.9551,0.4037,1.3550,0.000,-2.447,-149.186,0,0,39,158,79,130
1778699052.935979,26,0.993891,0.999935,0.993826,1.0823,-0.0217,1.2384,0.000,0.989,-174.846,0,0,309,239,98,117
1778699052.935979,28,0.968056,0.918335,0.889000,1.1073,-0.4809,1.2702,0.000,-7.905,154.031,0,0,560,221,108,113
1778699052.935979,0,0.964873,0.893614,0.862225,0.9549,0.4037,1.3566,0.000,-2.722,-150.704,0,0,39,157,79,130
1778699053.002706,26,0.993355,0.999950,0.993305,1.0823,-0.0235,1.2384,0.000,0.895,-174.662,0,0,310,239,98,117
1778699053.002706,28,0.965246,0.918304,0.886390,1.1071,-0.4809,1.2720,-0.000,-8.620,155.412,0,0,560,222,108,114
1778699053.002706,0,0.965220,0.893614,0.862535,0.9569,0.4046,1.3571,0.000,-2.794,-151.550,0,0,39,157,79,130
1778699053.002706,26,0.992483,0.999950,0.992434,1.0823,-0.0235,1.2384,0.000,0.849,-174.143,0,0,310,239,98,117
1778699053.002706,28,0.966558,0.918304,0.887594,1.1071,-0.4809,1.2720,-0.000,-8.322,155.331,0,0,560,221,108,115
1778699053.002706,0,0.963631,0.893614,0.861115,0.9569,0.4046,1.3571,0.000,-2.524,-148.908,0,0,39,157,79,130
1778699053.102813,26,0.992535,0.999950,0.992485,1.0823,-0.0235,1.2384,0.000,0.786,-174.228,0,0,310,239,98,117
1778699053.102813,28,0.967882,0.918271,0.888778,1.1099,-0.4822,1.2742,-0.000,-7.872,154.760,0,0,560,222,108,114
1778699053.102813,0,0.966888,0.893614,0.864026,0.9549,0.4037,1.3566,0.000,-2.183,-150.332,0,0,39,157,79,129
1778699053.169547,26,0.993097,0.999950,0.993047,1.0823,-0.0235,1.2384,0.000,0.944,-174.447,0,0,310,239,98,117
1778699053.169547,28,0.967676,0.918304,0.888622,1.1071,-0.4809,1.2720,0.000,-7.991,154.612,0,0,560,221,108,115
1778699053.169547,0,0.963231,0.893614,0.860758,0.9549,0.4037,1.3566,0.000,-2.939,-150.055,0,0,39,157,79,130
1778699053.169547,26,0.992910,0.999950,0.992861,1.0823,-0.0235,1.2384,0.000,0.944,-174.447,0,0,310,239,98,117
1778699053.169547,28,0.967632,0.918271,0.888548,1.1071,-0.4809,1.2720,0.000,-7.991,154.612,0,0,560,221,108,113
1778699053.169547,0,0.964054,0.893614,0.861493,0.9549,0.4037,1.3566,0.000,-2.939,-150.055,0,0,39,157,79,130
1778699053.369768,26,0.992315,0.999950,0.992265,1.0853,-0.0235,1.2387,-0.000,0.602,-174.254,0,0,310,239,98,117
1778699053.369768,28,0.964374,0.918271,0.885557,1.1099,-0.4822,1.2742,0.000,-8.713,155.336,0,0,560,221,108,115
1778699053.369768,0,0.962994,0.893614,0.860545,0.9549,0.4037,1.3566,0.000,-2.648,-148.850,0,0,39,157,79,130
1778699053.369768,26,0.992520,0.999950,0.992470,1.0853,-0.0235,1.2387,-0.000,0.602,-174.254,0,0,310,239,97,117
1778699053.369768,28,0.970589,0.918271,0.891263,1.1099,-0.4822,1.2742,0.000,-8.713,155.336,0,0,560,221,108,114
1778699053.369768,0,0.965425,0.893614,0.862717,0.9549,0.4037,1.3566,0.000,-2.648,-148.850,0,0,39,157,79,129
1778699053.536614,26,0.992733,0.999950,0.992683,1.0853,-0.0235,1.2387,-0.000,1.138,-174.061,0,0,310,239,98,117
1778699053.536614,28,0.967224,0.918271,0.888174,1.1099,-0.4822,1.2742,-0.000,-8.123,156.053,0,0,560,221,108,114
1778699053.536614,0,0.965041,0.893614,0.862375,0.9549,0.4037,1.3566,-0.000,-2.469,-149.793,0,0,39,157,79,130
1778699053.603353,26,0.992007,0.999938,0.991946,1.0855,-0.0235,1.2369,0.000,0.686,-173.910,0,0,310,240,98,115
1778699053.603353,28,0.967440,0.918271,0.888372,1.1069,-0.4809,1.2738,0.000,-8.049,155.569,0,0,560,221,108,115
1778699053.603353,0,0.960634,0.893614,0.858437,0.9569,0.4046,1.3571,0.000,-2.759,-147.714,0,0,39,157,79,132
1778699053.603353,26,0.992001,0.999938,0.991939,1.0855,-0.0235,1.2369,0.000,0.601,-173.976,0,0,310,239,98,117
1778699053.603353,28,0.967915,0.918271,0.888808,1.1069,-0.4809,1.2738,0.000,-7.894,155.021,0,0,560,222,108,114
1778699053.603353,0,0.968810,0.893614,0.865742,0.9569,0.4046,1.3571,0.000,-1.993,-151.656,0,0,39,157,79,129
1778699053.703460,26,0.992273,0.999950,0.992223,1.0853,-0.0235,1.2387,0.000,0.515,-174.307,0,0,310,239,98,117
1778699053.703460,28,0.970651,0.918304,0.891353,1.1071,-0.4809,1.2720,0.000,-7.392,155.541,0,0,560,221,108,115
1778699053.703460,0,0.965037,0.893614,0.862371,0.9549,0.4037,1.3566,0.000,-2.220,-148.959,0,0,39,157,79,130
1778699053.703460,26,0.992637,0.999950,0.992588,1.0853,-0.0235,1.2387,0.000,0.515,-174.307,0,0,310,239,98,117
1778699053.703460,28,0.971037,0.918271,0.891675,1.1071,-0.4809,1.2720,0.000,-7.392,155.541,0,0,560,221,108,114
1778699053.703460,0,0.966973,0.893614,0.864101,0.9549,0.4037,1.3566,0.000,-2.220,-148.959,0,0,39,157,79,129
1778699053.937020,26,0.992419,0.999950,0.992370,1.0853,-0.0235,1.2387,0.000,0.772,-174.169,0,0,310,239,98,117
1778699053.937020,28,0.969003,0.918271,0.889807,1.1099,-0.4822,1.2742,0.000,-7.696,155.654,0,0,560,221,108,115
1778699053.937020,0,0.965407,0.894218,0.863285,0.9569,0.4031,1.3571,-0.000,-2.260,-149.463,0,0,40,157,80,132
1778699053.937020,26,0.992504,0.999950,0.992454,1.0853,-0.0235,1.2387,0.000,0.917,-174.098,0,0,309,239,97,117
1778699053.937020,28,0.968337,0.918271,0.889196,1.1069,-0.4809,1.2738,0.000,-7.822,155.276,0,0,560,221,108,114
1778699053.937020,0,0.964611,0.894218,0.862572,0.9569,0.4031,1.3571,0.000,-1.958,-148.081,0,0,40,157,80,130
1778699053.937020,26,0.993106,0.999935,0.993041,1.0853,-0.0235,1.2387,0.000,0.917,-174.098,0,0,309,239,97,117
1778699053.937020,28,0.970563,0.918271,0.891240,1.1069,-0.4809,1.2738,0.000,-7.822,155.276,0,0,560,221,108,114
1778699053.937020,0,0.963862,0.894218,0.861903,0.9569,0.4031,1.3571,0.000,-1.958,-148.081,0,0,40,157,80,132
1778699054.070497,26,0.992479,0.999935,0.992414,1.0823,-0.0217,1.2384,0.000,0.769,-174.108,0,0,310,239,98,117
1778699054.070497,28,0.969384,0.918271,0.890158,1.1099,-0.4822,1.2742,0.000,-7.562,155.108,0,0,560,221,108,114
1778699054.070497,0,0.967584,0.894218,0.865231,0.9549,0.4021,1.3566,0.000,-1.723,-149.372,0,0,40,157,80,130
1778699054.170623,26,0.992978,0.999950,0.992928,1.0853,-0.0235,1.2387,0.000,0.796,-174.502,0,0,310,239,98,117
1778699054.170623,28,0.968625,0.918271,0.889461,1.1069,-0.4809,1.2738,-0.000,-7.784,155.671,0,0,559,221,107,115
1778699054.170623,0,0.969287,0.894218,0.866754,0.9569,0.4031,1.3571,0.000,-1.939,-152.243,0,0,40,157,80,130
1778699054.170623,26,0.991634,0.999950,0.991584,1.0853,-0.0235,1.2387,0.000,0.796,-174.502,0,0,310,239,98,117
1778699054.170623,28,0.966108,0.918855,0.887713,1.1069,-0.4809,1.2738,-0.000,-7.784,155.671,0,0,560,221,108,114
1778699054.170623,0,0.960994,0.894218,0.859339,0.9569,0.4031,1.3571,0.000,-1.939,-152.243,0,0,40,157,80,129
1778699054.304081,26,0.991624,0.999950,0.991574,1.0853,-0.0235,1.2387,-0.000,0.830,-173.656,0,0,310,239,98,117
1778699054.304081,28,0.966637,0.918271,0.887635,1.1099,-0.4822,1.2742,0.000,-8.238,155.690,0,0,559,221,108,114
1778699054.304081,0,0.967335,0.894218,0.865009,0.9569,0.4031,1.3571,-0.000,-1.759,-149.300,0,0,40,157,80,132
1778699054.437553,26,0.991498,0.999950,0.991449,1.0853,-0.0235,1.2387,-0.000,0.773,-173.629,0,0,310,239,98,117
1778699054.437553,28,0.969612,0.918855,0.890933,1.1099,-0.4804,1.2742,-0.000,-7.437,154.642,0,0,559,221,107,115
1778699054.437553,0,0.966110,0.894218,0.863914,0.9569,0.4031,1.3571,-0.000,-1.959,-149.031,0,0,40,157,80,130
1778699054.504287,26,0.991562,0.999950,0.991513,1.0853,-0.0235,1.2387,0.000,0.588,-173.815,0,0,310,239,98,117
1778699054.504287,28,0.973568,0.918855,0.894567,1.1099,-0.4804,1.2742,0.000,-6.565,155.438,0,0,559,221,107,115
1778699054.504287,0,0.970276,0.894218,0.867639,0.9569,0.4031,1.3571,-0.000,-1.351,-150.335,0,0,40,157,80,130
1778699054.571009,26,0.991434,0.999950,0.991385,1.0853,-0.0235,1.2387,0.000,0.587,-173.743,0,0,310,239,98,117
1778699054.571009,28,0.972288,0.918888,0.893424,1.1101,-0.4804,1.2724,0.000,-6.843,154.400,0,0,559,222,107,114
1778699054.571009,0,0.968306,0.894218,0.865877,0.9549,0.4021,1.3566,0.000,-1.500,-149.222,0,0,40,157,80,130
1778699054.637744,26,0.992062,0.999935,0.991997,1.0853,-0.0217,1.2387,0.000,0.849,-173.790,0,0,309,239,97,117
1778699054.637744,28,0.968875,0.918855,0.890256,1.1069,-0.4791,1.2738,0.000,-7.585,154.466,0,0,559,221,107,115
1778699054.637744,0,0.965415,0.894218,0.863292,0.9549,0.4021,1.3566,0.000,-2.231,-149.377,0,0,40,157,80,130
1778699054.704483,26,0.991049,0.999935,0.990985,1.0853,-0.0217,1.2387,0.000,0.706,-173.333,0,0,309,239,97,117
1778699054.704483,28,0.970502,0.918855,0.891751,1.0910,-0.4722,1.2718,0.000,-7.342,155.784,0,0,559,221,107,114
1778699054.704483,0,0.968044,0.894218,0.865643,0.9569,0.4031,1.3571,-0.000,-1.685,-149.605,0,0,40,157,80,130
1778699054.704483,26,0.990406,0.999935,0.990341,1.0853,-0.0217,1.2387,0.000,0.521,-173.133,0,0,309,239,97,117
1778699054.704483,28,0.966836,0.918855,0.888382,1.0910,-0.4722,1.2718,0.000,-8.162,155.391,0,0,560,221,110,115
1778699054.704483,0,0.966757,0.894218,0.864492,0.9569,0.4031,1.3571,0.000,-1.742,-148.845,0,0,39,156,79,133
1778699054.804588,26,0.991700,0.999935,0.991636,1.0853,-0.0217,1.2387,0.000,0.709,-173.694,0,0,310,239,98,117
1778699054.804588,28,0.970801,0.918271,0.891459,1.0880,-0.4728,1.2715,-0.000,-7.134,154.405,0,0,560,221,108,115
1778699054.804588,0,0.970116,0.893441,0.866741,0.9548,0.4037,1.3582,0.000,-1.113,-149.556,0,0,40,157,80,130
1778699054.804588,26,0.991202,0.999935,0.991138,1.0853,-0.0217,1.2387,0.000,0.709,-173.694,0,0,309,239,97,117
1778699054.804588,28,0.970691,0.918855,0.891924,1.0880,-0.4728,1.2715,-0.000,-7.134,154.405,0,0,559,221,108,115
1778699054.804588,0,0.970517,0.894218,0.867854,0.9548,0.4037,1.3582,0.000,-1.113,-149.556,0,0,40,157,80,130
1778699054.938055,26,0.991594,0.999935,0.991529,1.0853,-0.0217,1.2387,0.000,0.889,-173.279,0,0,309,239,97,117
1778699054.938055,28,0.968204,0.918855,0.889639,1.0970,-0.4748,1.2726,0.000,-7.263,155.347,0,0,559,221,107,114
1778699054.938055,0,0.964363,0.894218,0.862351,0.9569,0.4031,1.3571,0.000,-1.204,-150.011,0,0,40,157,80,130
1778699055.071512,26,0.991162,0.999950,0.991113,1.0883,-0.0235,1.2390,0.000,0.704,-173.498,0,0,310,239,98,117
1778699055.071512,28,0.970186,0.918271,0.890894,1.1009,-0.4783,1.2731,-0.000,-7.432,155.891,0,0,560,221,110,114
1778699055.071512,0,0.967926,0.894218,0.865537,0.9569,0.4031,1.3571,0.000,-1.721,-149.630,0,0,40,157,80,130
1778699055.138248,26,0.990564,0.999950,0.990515,1.0853,-0.0235,1.2387,0.000,0.641,-173.226,0,0,310,239,98,117
1778699055.138248,28,0.967659,0.918855,0.889138,1.1009,-0.4765,1.2731,0.000,-7.869,154.481,0,0,559,221,107,114
1778699055.138248,0,0.964312,0.894218,0.862305,0.9549,0.4021,1.3566,0.000,-2.240,-148.639,0,0,40,157,81,130
1778699055.138248,26,0.990986,0.999950,0.990937,1.0853,-0.0235,1.2387,0.000,0.722,-173.388,0,0,310,239,98,117
1778699055.138248,28,0.965462,0.918855,0.887119,1.1009,-0.4765,1.2731,0.000,-8.507,156.036,0,0,559,221,107,114
1778699055.138248,0,0.968944,0.894218,0.866447,0.9549,0.4021,1.3566,0.000,-1.292,-149.068,0,0,40,157,80,130
1778699055.305096,26,0.990513,0.999950,0.990464,1.0853,-0.0235,1.2387,0.000,0.646,-173.196,0,0,310,239,98,117
1778699055.305096,28,0.957029,0.919471,0.879960,1.1011,-0.4747,1.2713,0.000,-9.518,151.439,0,0,558,222,107,114
1778699055.305096,0,0.966239,0.894218,0.864029,0.9569,0.4031,1.3571,0.000,-1.797,-148.657,0,0,40,157,80,130
1778699055.305096,26,0.991703,0.999950,0.991654,1.0853,-0.0235,1.2387,0.000,0.687,-173.815,0,0,310,239,98,117
1778699055.305096,28,0.952469,0.919471,0.875767,1.1011,-0.4747,1.2713,0.000,-9.106,148.262,0,0,558,221,108,115
1778699055.305096,0,0.968189,0.894218,0.865773,0.9569,0.4031,1.3571,0.000,-1.662,-149.642,0,0,40,157,81,130
1778699055.471946,26,0.991257,0.999950,0.991207,1.0853,-0.0235,1.2387,0.000,0.765,-173.502,0,0,310,239,98,117
1778699055.471946,28,0.936394,0.920018,0.861500,1.1039,-0.4742,1.2735,-0.000,-9.044,143.437,0,0,557,221,106,115
1778699055.471946,0,0.963692,0.894218,0.861751,0.9598,0.4045,1.3578,0.000,-1.796,-147.211,0,0,40,157,81,132
1778699055.538683,26,0.990304,0.999950,0.990254,1.0853,-0.0235,1.2387,0.000,0.481,-173.212,0,0,310,239,98,117
1778699055.538683,28,0.909902,0.921141,0.838148,1.1037,-0.4705,1.2753,-0.000,-9.047,138.128,0,0,555,220,103,113
1778699055.538683,0,0.968599,0.894218,0.866139,0.9598,0.4045,1.3578,0.000,-1.537,-149.557,0,0,40,157,81,129
1778699055.605416,26,0.990548,0.999935,0.990484,1.0883,-0.0217,1.2390,0.000,0.518,-173.211,0,0,309,239,97,117
1778699055.605416,28,0.899237,0.921718,0.828843,1.1037,-0.4687,1.2753,0.000,-9.355,136.611,0,0,554,220,103,114
1778699055.605416,0,0.967531,0.894218,0.865184,0.9598,0.4045,1.3578,0.000,-1.652,-149.119,0,0,40,157,81,132
1778699055.672153,26,0.989835,0.999935,0.989771,1.0883,-0.0217,1.2390,0.000,0.780,-172.658,0,0,309,239,97,117
1778699055.672153,28,0.843446,0.922214,0.777838,1.1034,-0.4669,1.2789,-0.000,-10.455,129.542,0,0,553,218,103,113
1778699055.672153,0,0.965369,0.894218,0.863251,0.9618,0.4055,1.3583,-0.000,-1.408,-147.243,0,0,40,157,81,132
1778699055.738883,26,0.990512,0.999935,0.990447,1.0883,-0.0217,1.2390,0.000,0.677,-173.071,0,0,309,239,97,117
1778699055.738883,28,0.826511,0.922255,0.762254,1.1036,-0.4669,1.2771,-0.000,-9.547,126.924,0,0,553,219,105,114
1778699055.738883,0,0.969849,0.894218,0.867256,0.9618,0.4055,1.3583,-0.000,-1.278,-149.702,0,0,40,157,81,132
1778699055.738883,26,0.991178,0.999935,0.991113,1.0883,-0.0217,1.2390,-0.000,0.891,-173.264,0,0,309,239,98,117
1778699055.738883,28,0.806291,0.922255,0.743606,1.1036,-0.4669,1.2771,0.000,-11.005,125.398,0,0,552,218,103,111
1778699055.738883,0,0.965478,0.894218,0.863348,0.9618,0.4055,1.3583,0.000,-2.114,-149.055,0,0,40,158,81,130
1778699055.738883,26,0.989834,0.999935,0.989769,1.0883,-0.0217,1.2390,-0.000,0.891,-173.264,0,0,309,239,98,117
1778699055.738883,28,0.799201,0.922789,0.737493,1.1036,-0.4669,1.2771,0.000,-11.005,125.398,0,0,552,218,104,113
1778699055.738883,0,0.966060,0.894390,0.864034,0.9618,0.4055,1.3583,0.000,-2.114,-149.055,0,0,40,157,80,132
1778699055.905739,26,0.989863,0.999935,0.989798,1.0883,-0.0217,1.2390,0.000,0.467,-172.896,0,0,309,239,98,117
1778699055.905739,28,0.794838,0.922789,0.733468,1.1063,-0.4663,1.2793,0.000,-10.789,124.164,0,0,551,218,103,113
1778699055.905739,0,0.966598,0.894218,0.864350,0.9618,0.4055,1.3583,0.000,-1.168,-147.373,0,0,40,158,80,130
1778699056.039193,26,0.989630,0.999935,0.989565,1.0883,-0.0217,1.2390,0.000,0.771,-172.565,0,0,309,239,98,117
1778699056.039193,28,0.779001,0.922789,0.718854,1.1063,-0.4663,1.2793,0.000,-9.769,122.016,0,0,552,218,104,113
1778699056.039193,0,0.963183,0.894390,0.861461,0.9619,0.4055,1.3567,0.000,-2.254,-147.779,0,0,40,158,81,130
1778699056.105930,26,0.989711,0.999935,0.989646,1.0883,-0.0217,1.2390,-0.000,0.831,-172.564,0,0,309,239,98,117
1778699056.105930,28,0.784673,0.923403,0.724570,1.1036,-0.4632,1.2771,0.000,-10.596,123.034,0,0,551,219,103,114
1778699056.105930,0,0.964569,0.894390,0.862701,0.9600,0.4045,1.3562,0.000,-2.264,-148.628,0,0,40,158,81,129
1778699056.206031,26,0.990527,0.999935,0.990462,1.0883,-0.0217,1.2390,0.000,1.066,-172.808,0,0,309,239,98,117
1778699056.206031,28,0.769069,0.922789,0.709688,1.1063,-0.4663,1.2793,0.000,-9.950,121.100,0,0,552,218,102,113
1778699056.206031,0,0.961827,0.894993,0.860828,0.9619,0.4039,1.3567,0.000,-1.181,-145.230,0,0,41,158,82,130
1778699056.272797,26,0.989605,0.999935,0.989540,1.0883,-0.0217,1.2390,-0.000,0.546,-172.709,0,0,309,239,98,117
1778699056.272797,28,0.783287,0.923403,0.723290,1.1036,-0.4632,1.2771,-0.000,-9.508,122.383,0,0,551,219,103,111
1778699056.272797,0,0.938536,0.894559,0.839576,0.9523,0.4007,1.3528,-0.000,-0.663,-138.064,0,0,40,159,80,126
1778699056.272797,26,0.989836,0.999935,0.989772,1.0883,-0.0217,1.2390,-0.000,0.546,-172.709,0,0,308,239,97,117
1778699056.272797,28,0.779777,0.923403,0.720048,1.1036,-0.4632,1.2771,-0.000,-9.508,122.383,0,0,551,218,103,113
1778699056.272797,0,0.929481,0.894559,0.831476,0.9523,0.4007,1.3528,-0.000,-0.663,-138.064,0,0,40,159,80,125
1778699056.372876,26,0.988382,0.999916,0.988299,1.0913,-0.0199,1.2393,0.000,0.787,-171.879,0,0,308,240,97,115
1778699056.372876,28,0.787888,0.923362,0.727506,1.1063,-0.4645,1.2793,0.000,-9.344,122.822,0,0,551,219,102,111
1778699056.372876,0,0.905105,0.894559,0.809670,0.9395,0.3944,1.3497,-0.000,-2.384,-133.126,0,0,40,159,81,125
1778699056.439615,26,0.987396,0.999904,0.987301,1.0914,-0.0199,1.2375,-0.000,0.618,-171.495,0,0,308,240,98,115
1778699056.439615,28,0.787983,0.923403,0.727626,1.1036,-0.4632,1.2771,0.000,-9.914,123.054,0,0,551,219,103,114
1778699056.439615,0,0.898835,0.894559,0.804061,0.9366,0.3930,1.3490,-0.000,-1.233,-131.372,0,0,40,160,81,126
1778699056.439615,26,0.987675,0.999904,0.987580,1.0914,-0.0199,1.2375,-0.000,0.618,-171.495,0,0,308,240,98,114
1778699056.439615,28,0.781475,0.923403,0.721617,1.1036,-0.4632,1.2771,0.000,-9.914,123.054,0,0,552,218,104,113
1778699056.439615,0,0.893420,0.894727,0.799366,0.9366,0.3930,1.3490,-0.000,-1.233,-131.372,0,0,40,159,81,125
1778699056.639831,26,0.986786,0.999895,0.986682,1.0883,-0.0181,1.2390,-0.000,0.631,-171.192,0,0,307,239,97,117
1778699056.639831,28,0.784400,0.922789,0.723836,1.1063,-0.4663,1.2793,0.000,-10.083,122.714,0,0,552,218,104,113
1778699056.639831,0,0.897553,0.894727,0.803064,0.9397,0.3944,1.3482,0.000,-0.531,-130.725,0,0,40,160,81,125
1778699056.706565,26,0.987752,0.999904,0.987657,1.0884,-0.0199,1.2372,-0.000,0.641,-171.632,0,0,308,240,98,115
1778699056.706565,28,0.777466,0.923362,0.717882,1.1034,-0.4632,1.2789,0.000,-10.097,122.098,0,0,551,218,103,113
1778699056.706565,0,0.904730,0.894727,0.809486,0.9397,0.3944,1.3482,0.000,-0.138,-131.592,0,0,40,160,81,124
1778699056.706565,26,0.987327,0.999904,0.987232,1.0884,-0.0199,1.2372,-0.000,0.697,-171.420,0,0,307,240,97,115
1778699056.706565,28,0.780940,0.923362,0.721090,1.1034,-0.4632,1.2789,-0.000,-9.561,122.207,0,0,551,218,103,113
1778699056.706565,0,0.897622,0.894727,0.803127,0.9397,0.3944,1.3482,0.000,-0.438,-130.683,0,0,40,160,81,125
1778699056.873400,26,0.987709,0.999882,0.987593,1.0884,-0.0181,1.2372,0.000,0.897,-171.365,0,0,307,240,97,115
1778699056.873400,28,0.787814,0.922830,0.727018,1.1036,-0.4650,1.2771,-0.000,-10.568,123.261,0,0,552,219,104,114
1778699056.873400,0,0.896360,0.894727,0.801997,0.9397,0.3944,1.3482,-0.000,-0.100,-130.313,0,0,40,160,81,125
1778699056.873400,26,0.988430,0.999882,0.988314,1.0884,-0.0181,1.2372,0.000,0.716,-171.781,0,0,307,240,97,115
1778699056.873400,28,0.781907,0.922830,0.721567,1.1036,-0.4650,1.2771,0.000,-11.415,123.065,0,0,552,218,104,113
1778699056.873400,0,0.893498,0.894727,0.799437,0.9397,0.3944,1.3482,-0.000,-0.658,-130.198,0,0,40,160,81,124
1778699056.873400,26,0.986382,0.999882,0.986266,1.0884,-0.0181,1.2372,0.000,0.716,-171.781,0,0,307,240,97,114
1778699056.873400,28,0.782290,0.922789,0.721889,1.1036,-0.4650,1.2771,0.000,-11.415,123.065,0,0,552,218,104,113
1778699056.873400,0,0.876959,0.894727,0.784638,0.9397,0.3944,1.3482,-0.000,-0.658,-130.198,0,0,40,159,81,128
1778699057.106984,26,0.986579,0.999882,0.986463,1.0855,-0.0181,1.2369,-0.000,0.608,-171.063,0,0,307,240,97,114
1778699057.106984,28,0.779749,0.922789,0.719543,1.1063,-0.4663,1.2793,0.000,-10.519,122.442,0,0,552,218,103,114
1778699057.106984,0,0.872789,0.894727,0.780908,0.9397,0.3944,1.3482,0.000,-0.526,-127.275,0,0,40,160,81,124
1778699057.106984,26,0.985680,0.999882,0.985564,1.0855,-0.0181,1.2369,0.000,0.468,-170.785,0,0,307,240,97,114
1778699057.106984,28,0.788001,0.922789,0.727159,1.1063,-0.4663,1.2793,0.000,-9.540,122.834,0,0,552,218,103,113
1778699057.106984,0,0.868413,0.894727,0.776992,0.9397,0.3944,1.3482,0.000,-0.958,-126.920,0,0,40,161,81,122
1778699057.273818,26,0.986679,0.999916,0.986596,1.0853,-0.0199,1.2387,0.000,0.237,-171.494,0,0,308,239,98,115
1778699057.273818,28,0.794857,0.922830,0.733518,1.1036,-0.4650,1.2771,-0.000,-9.870,123.666,0,0,552,219,105,114
1778699057.273818,0,0.870508,0.895496,0.779536,0.9369,0.3914,1.3460,-0.000,-1.159,-127.343,0,0,41,161,82,122
1778699057.340550,26,0.985382,0.999916,0.985299,1.0823,-0.0200,1.2384,0.000,0.472,-170.825,0,0,308,239,98,115
1778699057.340550,28,0.791708,0.922789,0.730579,1.1063,-0.4663,1.2793,-0.000,-9.604,123.250,0,0,552,218,105,113
1778699057.340550,0,0.872957,0.895496,0.781730,0.9369,0.3914,1.3460,0.000,-1.142,-127.656,0,0,41,161,83,124
1778699057.407287,26,0.984863,0.999882,0.984748,1.0855,-0.0181,1.2369,0.000,0.957,-170.220,0,0,307,240,97,114
1778699057.407287,28,0.793731,0.922789,0.732446,1.1063,-0.4663,1.2793,-0.000,-10.054,123.678,0,0,552,218,103,113
1778699057.407287,0,0.863012,0.895496,0.772823,0.9369,0.3914,1.3460,0.000,-1.385,-126.492,0,0,41,161,82,124
1778699057.474012,26,0.981475,0.999904,0.981381,1.0855,-0.0199,1.2369,0.000,0.624,-169.301,0,0,308,240,96,113
1778699057.474012,28,0.798367,0.922830,0.736757,1.1006,-0.4638,1.2767,0.000,-10.223,124.213,0,0,552,219,104,114
1778699057.474012,0,0.864966,0.895496,0.774574,0.9369,0.3914,1.3460,-0.000,-2.207,-127.171,0,0,41,161,83,122
1778699057.540751,26,0.929621,0.999904,0.929532,1.0855,-0.0199,1.2369,-0.000,-0.158,-158.380,0,0,308,240,97,114
1778699057.540751,28,0.807998,0.922830,0.745644,1.1006,-0.4638,1.2767,0.000,-9.694,124.997,0,0,552,219,105,113
1778699057.540751,0,0.836739,0.896099,0.749802,0.9369,0.3899,1.3460,0.000,-2.685,-124.030,0,0,42,161,84,122
1778699057.607490,26,0.892916,0.999922,0.892847,1.0825,-0.0217,1.2367,-0.000,-1.128,-153.429,0,0,309,240,97,114
1778699057.607490,28,0.801735,0.922255,0.739404,1.1006,-0.4656,1.2767,0.000,-9.676,124.219,0,0,553,219,104,114
1778699057.607490,0,0.839901,0.895765,0.752354,0.9395,0.3913,1.3497,0.000,-1.469,-123.880,0,0,42,159,84,126
1778699057.607490,26,0.875825,0.999922,0.875757,1.0825,-0.0217,1.2367,0.000,-0.537,-151.139,0,0,309,240,95,113
1778699057.607490,28,0.803337,0.922255,0.740882,1.1006,-0.4656,1.2767,-0.000,-10.124,124.613,0,0,552,219,105,113
1778699057.607490,0,0.846265,0.895765,0.758055,0.9395,0.3913,1.3497,0.000,-1.784,-124.784,0,0,42,159,84,128
1778699057.607490,26,0.856496,0.999922,0.856430,1.0825,-0.0217,1.2367,0.000,-0.537,-151.139,0,0,309,240,95,111
1778699057.607490,28,0.795248,0.922868,0.733909,1.1006,-0.4656,1.2767,-0.000,-10.124,124.613,0,0,552,220,105,114
1778699057.607490,0,0.840421,0.895765,0.752820,0.9395,0.3913,1.3497,0.000,-1.784,-124.784,0,0,42,159,84,126
1778699057.774329,26,0.857810,0.999922,0.857743,1.0825,-0.0217,1.2367,-0.000,-1.322,-149.189,0,0,309,241,95,110
1778699057.774329,28,0.809721,0.922868,0.747266,1.1008,-0.4638,1.2749,-0.000,-9.618,125.105,0,0,552,219,105,113
1778699057.774329,0,0.833014,0.895765,0.746185,0.9346,0.3889,1.3486,0.000,-2.121,-123.393,0,0,42,159,84,126
1778699057.941157,26,0.855536,0.999907,0.855457,1.0856,-0.0217,1.2352,-0.000,-1.061,-148.855,0,0,309,241,95,110
1778699057.941157,28,0.796178,0.922255,0.734279,1.1006,-0.4656,1.2767,0.000,-9.988,123.775,0,0,553,219,105,113
1778699057.941157,0,0.833595,0.895163,0.746203,0.9395,0.3928,1.3497,0.000,-1.819,-123.229,0,0,41,159,83,125
1778699058.007896,26,0.859177,0.999907,0.859097,1.0856,-0.0217,1.2352,-0.000,-1.494,-149.364,0,1,309,241,95,110
1778699058.007896,28,0.823368,0.922255,0.759355,1.1006,-0.4656,1.2767,0.000,-10.006,126.803,1,1,553,219,104,113
1778699058.007896,0,0.843934,0.895933,0.756109,0.9397,0.3913,1.3482,0.000,-1.997,-124.574,0,1,42,160,84,126
1778699059.976601,26,0.838697,0.969986,0.813524,1.0698,-0.0368,1.2157,0.000,-3.325,-147.954,0,1,169,256,104,115
1778699059.976601,28,0.801914,0.986225,0.790868,1.0753,-0.4772,1.2528,-0.000,-11.020,123.518,0,1,407,240,93,103
1778699060.076709,26,0.852309,0.965057,0.822527,1.0717,-0.0169,1.2155,-0.000,-2.563,-148.148,0,1,161,256,104,117
1778699060.076709,30,0.803743,0.989157,0.795028,1.1037,-0.4664,1.2553,-0.000,-10.691,124.650,0,1,399,241,90,102
1778699060.076709,31,0.845582,0.965057,0.816036,1.0721,-0.0115,1.2128,-0.000,-3.038,-147.166,0,1,157,255,105,117
1778699060.076709,26,0.817943,0.989157,0.809075,1.1066,-0.4609,1.2523,0.000,-11.950,127.106,0,1,395,242,93,106
1778699060.143479,26,0.844354,0.963398,0.813450,1.0775,0.0134,1.2076,0.000,-2.959,-145.553,0,1,149,256,105,117
1778699060.143479,32,0.798718,0.990123,0.790828,1.1319,-0.4400,1.2435,-0.000,-11.915,126.102,0,1,389,240,92,105
1778699060.243586,33,0.853151,0.958507,0.817752,1.1180,0.0341,1.2099,0.000,-3.966,-145.727,0,1,146,255,106,117
1778699060.243586,26,0.849773,0.958507,0.814513,1.1174,0.0475,1.2099,0.000,-3.964,-144.627,0,1,145,254,105,115
1778699060.343673,35,0.844658,0.961477,0.812119,1.1524,0.0399,1.2233,-0.000,-3.692,-144.675,0,1,152,249,105,117
1778699060.343673,26,0.795763,0.991121,0.788697,1.9604,-0.7132,1.3483,-0.000,-10.263,126.518,0,1,391,234,92,105
1778699060.343673,26,0.846157,0.961477,0.813560,1.1524,0.0399,1.2233,-0.000,-3.692,-144.675,0,1,154,248,104,117
1778699060.343673,36,0.803442,0.991121,0.796308,1.9604,-0.7132,1.3483,-0.000,-10.263,126.518,0,1,393,232,92,105
1778699060.443781,26,0.848158,0.962397,0.816264,1.1508,0.0491,1.2251,0.000,-3.466,-144.548,0,1,157,246,105,117
1778699060.443781,37,0.791797,0.990642,0.784387,1.9550,-0.6937,1.3540,0.000,-9.255,126.221,0,1,396,231,90,105
1778699060.443781,38,0.839573,0.963770,0.809155,1.1452,0.0622,1.2285,0.000,-3.696,-143.005,0,1,159,245,105,117
1778699060.443781,26,0.809026,0.989914,0.800866,1.9756,-0.6753,1.3588,0.000,-8.031,128.233,0,1,398,230,92,103
1778699060.577243,26,0.853366,0.968089,0.826134,1.1484,0.0448,1.2365,0.000,-3.128,-145.427,0,1,167,242,105,115
1778699060.577243,39,0.800401,0.987241,0.790189,1.9562,-0.7055,1.3749,0.000,-9.207,127.044,0,1,406,226,90,105
1778699060.577243,26,0.849719,0.968089,0.822603,1.1476,0.0585,1.2365,0.000,-3.258,-144.329,0,1,170,242,104,114
1778699060.577243,40,0.789882,0.987241,0.779804,1.9648,-0.6816,1.3749,0.000,-9.152,126.640,0,1,408,224,90,105
1778699060.677341,41,0.844620,0.970547,0.819743,1.1485,0.0479,1.2404,0.000,-2.994,-144.307,0,1,173,240,104,115
1778699060.677341,26,0.800036,0.986039,0.788867,1.9614,-0.6952,1.3853,0.000,-9.613,127.657,0,1,410,223,92,103
1778699060.677341,26,0.855699,0.970547,0.830497,1.1477,0.0606,1.2404,0.000,-2.905,-144.863,0,1,175,240,103,113
1778699060.677341,42,0.789179,0.986039,0.778161,1.9693,-0.6729,1.3853,0.000,-9.976,127.349,0,1,413,222,92,105
1778699060.777449,26,0.849917,0.973682,0.827549,1.1407,0.0586,1.2493,-0.000,-2.573,-144.328,0,1,181,235,103,117
1778699060.777449,43,0.809235,0.983579,0.795946,1.9603,-0.6741,1.3942,-0.000,-8.094,128.616,0,1,418,220,92,105
1778699060.844187,26,0.846679,0.973682,0.824396,1.1407,0.0586,1.2493,-0.000,-2.392,-143.918,0,1,189,238,102,114
1778699060.844187,44,0.815815,0.981395,0.800637,1.9568,-0.6982,1.3942,-0.000,-6.929,128.126,0,1,425,220,93,107
1778699060.844187,26,0.854732,0.976627,0.834754,1.1391,0.0439,1.2438,0.000,-1.273,-145.265,0,1,191,236,102,114
1778699060.844187,45,0.824090,0.981395,0.808757,1.9647,-0.6760,1.3942,0.000,-8.163,130.267,0,1,428,219,93,107
1778699060.944278,26,0.844578,0.978398,0.826334,1.1603,0.0491,1.2479,0.000,-1.219,-143.957,0,1,194,237,100,114
1778699060.944278,46,0.826355,0.979422,0.809350,1.9619,-0.6966,1.3942,-0.000,-7.897,129.806,0,1,431,220,94,106
1778699060.944278,26,0.859382,0.978398,0.840818,1.1591,0.0690,1.2479,-0.000,-2.036,-144.784,0,1,197,236,102,117
1778699060.944278,47,0.824964,0.979422,0.807987,1.9740,-0.6623,1.3942,0.000,-7.698,130.584,0,1,433,220,93,105
1778699060.944278,26,0.853633,0.979431,0.836074,1.1591,0.0690,1.2479,-0.000,-2.036,-144.784,0,1,202,237,100,114
1778699060.944278,48,0.834036,0.978744,0.816308,1.9740,-0.6623,1.3942,0.000,-7.698,130.584,0,1,439,220,93,106
1778699061.011011,26,0.850658,0.981093,0.834575,1.1714,0.0645,1.2511,0.000,-1.467,-144.300,0,1,204,238,98,111
1778699061.011011,49,0.842160,0.976650,0.822495,1.9626,-0.6656,1.3928,0.000,-6.055,130.684,0,1,442,220,94,106
1778699061.144488,26,0.848874,0.983315,0.834711,1.1727,0.0480,1.2495,0.000,-1.628,-144.647,0,1,209,237,98,113
1778699061.144488,49,0.857245,0.973719,0.834715,1.9502,-0.6997,1.3914,0.000,-8.202,133.452,0,1,447,220,93,106
1778699061.144488,26,0.855029,0.983315,0.840763,1.1714,0.0691,1.2495,-0.000,-2.160,-144.390,0,1,214,237,98,113
1778699061.144488,49,0.859448,0.973719,0.836861,1.9629,-0.6638,1.3914,-0.000,-8.783,135.151,0,1,453,219,95,109
1778699061.244601,26,0.845043,0.985403,0.832708,1.1915,0.0574,1.2496,0.000,-2.654,-144.059,0,1,216,238,98,110
1778699061.244601,49,0.877570,0.970280,0.851489,1.9604,-0.6946,1.3880,0.000,-9.646,137.280,0,1,456,221,95,106
1778699061.244601,26,0.852019,0.985403,0.839582,1.1915,0.0574,1.2496,0.000,-2.654,-144.059,0,1,222,238,100,111
1778699061.244601,49,0.901465,0.970280,0.874673,1.9604,-0.6946,1.3880,0.000,-9.646,137.280,0,1,462,221,96,110
1778699061.244601,26,0.855426,0.987093,0.844385,1.1907,0.0706,1.2496,-0.000,-2.138,-144.040,0,1,224,238,98,113
1778699061.244601,49,0.907641,0.967855,0.878465,1.9683,-0.6724,1.3880,-0.000,-9.297,141.473,0,1,465,220,96,110
1778699061.311334,26,0.861916,0.988946,0.852388,1.1898,0.0590,1.2496,0.000,-1.595,-144.886,0,1,229,237,98,115
1778699061.311334,49,0.930098,0.964453,0.897036,1.9550,-0.6889,1.3865,0.000,-9.059,141.775,0,1,470,220,97,111
1778699061.411442,26,0.875611,0.988946,0.865932,1.1984,0.0656,1.2526,-0.000,-1.309,-146.929,0,1,233,237,97,113
1778699061.411442,49,0.940375,0.964453,0.906948,1.9642,-0.6836,1.3899,0.000,-9.487,149.891,0,1,476,219,97,113
1778699061.511560,26,0.604687,0.960057,0.580534,1.9595,-0.6916,1.3885,-0.000,-2.228,-147.141,0,1,236,238,96,111
1778699061.511560,26,0.641080,0.960057,0.615473,1.9595,-0.6916,1.3885,0.000,-1.727,-149.761,0,1,238,237,98,115
1778699061.611677,26,0.687504,0.954507,0.656228,1.9451,-0.7027,1.3859,0.000,-1.916,-153.864,0,1,244,237,97,111
1778699061.611677,26,0.715777,0.954507,0.683214,1.9451,-0.7027,1.3859,-0.000,-1.013,-156.004,0,1,247,237,97,114
1778699061.711742,26,0.725364,0.951625,0.690274,1.9525,-0.7007,1.3859,-0.000,-0.735,-156.637,0,1,249,237,97,115
1778699061.711742,26,0.754541,0.951625,0.718040,1.9525,-0.7007,1.3859,0.000,-0.862,-159.197,0,1,254,238,97,110
1778699061.811867,26,0.770032,0.947675,0.729740,1.9746,-0.6989,1.3872,0.000,-0.906,-160.355,0,1,257,237,98,113
1778699061.811867,26,0.789791,0.947675,0.748466,1.9746,-0.6989,1.3872,-0.000,0.709,-161.880,0,1,259,238,97,110
1778699061.878606,26,0.819208,0.946628,0.775485,1.9683,-0.6881,1.3892,0.000,0.271,-164.646,0,1,266,237,97,115
1778699061.878606,26,0.825704,0.946628,0.781635,1.9683,-0.6881,1.3892,-0.000,-0.256,-165.431,0,1,269,236,98,115
1778699062.012075,26,0.983273,0.997363,0.980680,1.1425,0.0468,1.2498,0.000,-0.081,-167.008,0,0,273,236,97,114
1778699062.012075,26,0.984504,0.997363,0.981908,1.1425,0.0468,1.2498,-0.000,-0.214,-167.577,0,0,278,236,97,114
1778699062.112178,26,0.985540,0.998175,0.983742,1.1255,0.0326,1.2481,0.000,0.620,-168.147,0,0,280,236,97,114
1778699062.112178,49,0.972642,0.934063,0.908509,1.1742,-0.4556,1.2843,0.000,-6.170,162.531,0,0,532,220,106,117
1778699062.112178,26,0.985691,0.998175,0.983892,1.1255,0.0326,1.2481,0.000,0.620,-168.147,0,0,285,237,97,110
1778699062.112178,49,0.961954,0.934063,0.898525,1.1742,-0.4556,1.2843,0.000,-6.170,162.531,0,0,537,220,105,110
1778699062.112178,26,0.984337,0.998919,0.983272,1.1255,0.0326,1.2481,0.000,-0.442,-168.954,0,0,288,237,97,111
1778699062.112178,49,0.964348,0.929615,0.896473,1.1742,-0.4556,1.2843,0.000,-8.410,163.517,0,0,540,219,106,117
1778699062.212253,26,0.985589,0.998919,0.984523,1.1068,0.0168,1.2444,0.000,-0.276,-169.513,0,0,292,237,97,113
1778699062.212253,49,0.964395,0.929615,0.896517,1.1492,-0.4613,1.2830,0.000,-7.260,164.301,0,0,545,219,106,113
1778699062.312355,26,0.983288,0.999413,0.982710,1.0999,0.0038,1.2437,0.000,-0.327,-169.334,0,0,295,237,96,113
1778699062.312355,49,0.967099,0.925721,0.895264,1.1325,-0.4677,1.2790,0.000,-6.785,163.569,0,0,547,220,107,115
1778699062.312355,26,0.986816,0.999413,0.986236,1.0999,0.0038,1.2437,0.000,0.016,-170.532,0,0,298,238,96,110
1778699062.312355,49,0.969102,0.925721,0.897118,1.1325,-0.4677,1.2790,0.000,-6.467,163.145,0,0,550,219,106,117
1778699062.312355,26,0.985661,0.999572,0.985239,1.0999,0.0038,1.2437,0.000,0.016,-170.532,0,0,300,238,96,110
1778699062.312355,49,0.964471,0.922294,0.889526,1.1325,-0.4677,1.2790,0.000,-6.467,163.145,0,0,553,220,107,115
1778699062.479194,26,0.984033,0.999821,0.983857,1.1000,-0.0125,1.2419,0.000,-1.061,-171.016,0,0,304,238,96,110
1778699062.479194,49,0.968572,0.919982,0.891069,1.1127,-0.4780,1.2764,-0.000,-7.320,160.182,0,0,557,220,107,114
1778699062.479194,50,0.969506,0.893010,0.865778,0.9569,0.4062,1.3571,-0.000,-1.117,-148.757,0,0,38,157,77,129
1778699062.479194,26,0.986659,0.999821,0.986483,1.1000,-0.0125,1.2419,0.000,-1.061,-171.016,0,0,304,238,97,110
1778699062.479194,49,0.962655,0.919982,0.885626,1.1127,-0.4780,1.2764,-0.000,-7.320,160.182,0,0,559,219,108,113
1778699062.479194,50,0.981488,0.893010,0.876478,0.9569,0.4062,1.3571,-0.000,-1.117,-148.757,0,0,38,155,77,133
1778699062.646040,26,0.986711,0.999821,0.986535,1.1000,-0.0125,1.2419,0.000,-0.537,-171.753,0,0,305,238,96,110
1778699062.646040,49,0.961245,0.918819,0.883210,1.1097,-0.4804,1.2760,0.000,-8.972,160.003,0,0,559,220,107,114
1778699062.646040,50,0.977763,0.893266,0.873403,0.9546,0.4037,1.3597,0.000,0.783,-150.265,0,0,39,155,78,133
1778699062.712779,26,0.987655,0.999852,0.987508,1.1000,-0.0143,1.2419,0.000,0.142,-171.752,0,0,305,238,96,110
1778699062.712779,49,0.963456,0.918781,0.885205,1.1125,-0.4817,1.2783,0.000,-8.386,160.073,0,0,559,219,107,113
1778699062.712779,50,0.968968,0.893614,0.865884,0.9549,0.4037,1.3566,0.000,-1.653,-150.165,0,0,39,157,78,130
1778699062.779517,26,0.987790,0.999852,0.987643,1.1000,-0.0143,1.2419,0.000,-0.226,-172.100,0,0,305,238,96,110
1778699062.779517,49,0.963116,0.918819,0.884930,1.1097,-0.4804,1.2760,0.000,-8.477,160.400,0,0,559,220,107,114
1778699062.779517,50,0.966987,0.893614,0.864113,0.9549,0.4037,1.3566,0.000,-2.443,-151.877,0,0,39,157,78,130
1778699062.846256,26,0.987650,0.999852,0.987503,1.1000,-0.0143,1.2419,0.000,-0.243,-172.047,0,0,305,238,96,110
1778699062.846256,49,0.961128,0.918819,0.883103,1.1097,-0.4804,1.2760,0.000,-8.941,160.256,0,0,559,220,107,114
1778699062.846256,50,0.966138,0.893614,0.863355,0.9549,0.4037,1.3566,0.000,-2.517,-151.111,0,0,39,157,79,130
1778699062.846256,0,0.986983,0.999852,0.986837,1.1000,-0.0143,1.2419,-0.000,-0.655,-172.082,0,0,305,237,95,111
1778699062.846256,1,0.962407,0.918819,0.884278,1.1097,-0.4804,1.2760,-0.000,-8.613,160.476,0,0,559,220,107,115
1778699062.912990,26,0.987369,0.999858,0.987228,1.0999,-0.0143,1.2437,0.000,-0.611,-172.318,0,0,306,237,96,111
1778699062.912990,49,0.964569,0.918819,0.886264,1.1097,-0.4804,1.2760,0.000,-8.262,159.948,0,0,559,220,107,114
1778699063.046464,26,0.986343,0.999858,0.986203,1.0969,-0.0144,1.2434,0.000,-1.057,-172.241,0,0,305,237,97,111
1778699063.046464,49,0.963160,0.918819,0.884970,1.1097,-0.4804,1.2760,0.000,-8.378,160.744,0,0,559,220,107,114
1778699063.046464,50,0.982325,0.893180,0.877393,0.9570,0.4062,1.3555,0.000,1.977,-157.480,0,0,38,158,76,132
1778699063.146555,26,0.986950,0.999858,0.986810,1.0969,-0.0144,1.2434,0.000,-1.137,-172.625,0,0,306,237,96,113
1778699063.146555,49,0.965032,0.918819,0.886690,1.1097,-0.4804,1.2760,0.000,-7.723,161.510,0,0,559,220,107,114
1778699063.146555,50,0.969716,0.893614,0.866553,0.9549,0.4037,1.3566,-0.000,-1.854,-152.231,0,0,39,157,78,130
1778699063.146555,0,0.986627,0.999885,0.986514,1.0969,-0.0144,1.2434,0.000,-1.137,-172.625,0,0,306,237,96,113
1778699063.146555,1,0.969127,0.918819,0.890453,1.1097,-0.4804,1.2760,0.000,-7.723,161.510,0,0,560,220,108,114
1778699063.246645,26,0.986591,0.999885,0.986478,1.0999,-0.0161,1.2437,-0.000,-0.391,-171.861,0,0,306,237,96,113
1778699063.246645,49,0.964904,0.918235,0.886009,1.1067,-0.4809,1.2757,-0.000,-8.015,160.576,0,0,560,220,108,114
1778699063.313375,0,0.988208,0.999895,0.988104,1.1002,-0.0180,1.2401,0.000,-0.044,-172.276,0,0,307,239,96,114
1778699063.313375,1,0.963124,0.918235,0.884375,1.1067,-0.4809,1.2757,0.000,-8.252,161.137,0,0,560,220,108,114
1778699063.313375,2,0.969503,0.893614,0.866362,0.9549,0.4037,1.3566,-0.000,-1.658,-150.725,0,0,39,157,78,132
1778699063.313375,0,0.986912,0.999904,0.986817,1.1002,-0.0180,1.2401,0.000,-0.044,-172.276,0,0,307,238,96,115
1778699063.313375,1,0.966947,0.918235,0.887884,1.1067,-0.4809,1.2757,0.000,-8.252,161.137,0,0,560,220,107,115
1778699063.380122,0,0.986515,0.999904,0.986421,1.1000,-0.0180,1.2419,0.000,0.414,-171.274,0,0,307,238,96,115
1778699063.380122,1,0.967982,0.918235,0.888835,1.1067,-0.4809,1.2757,0.000,-7.250,160.752,0,0,560,220,107,114
1778699063.513599,26,0.990430,0.999904,0.990335,1.0970,-0.0180,1.2416,0.000,0.852,-172.772,0,0,307,238,96,113
1778699063.513599,51,0.965775,0.918235,0.886809,1.1097,-0.4822,1.2760,-0.000,-7.552,161.431,0,0,560,220,108,115
1778699063.513599,50,0.967897,0.893614,0.864927,0.9549,0.4037,1.3566,0.000,-1.971,-150.428,0,0,39,157,78,132
1778699063.580349,26,0.988516,0.999904,0.988421,1.1000,-0.0180,1.2419,0.000,0.550,-172.057,0,0,307,238,96,114
1778699063.580349,51,0.966944,0.918235,0.887882,1.1067,-0.4809,1.2757,-0.000,-7.352,161.208,0,0,560,220,107,115
1778699063.580349,50,0.973311,0.893614,0.869765,0.9549,0.4037,1.3566,0.000,-0.939,-151.918,0,0,39,157,79,132
1778699063.580349,26,0.988499,0.999904,0.988404,1.1000,-0.0180,1.2419,0.000,0.066,-172.407,0,0,307,237,96,113
1778699063.580349,51,0.967176,0.918235,0.888095,1.1067,-0.4809,1.2757,0.000,-7.380,160.952,0,0,560,220,107,115
1778699063.580349,0,0.987523,0.999910,0.987435,1.1000,-0.0180,1.2419,0.000,0.066,-172.407,0,0,306,237,97,113
1778699063.580349,1,0.967766,0.918235,0.888637,1.1067,-0.4809,1.2757,0.000,-7.380,160.952,0,0,560,220,108,115
1778699063.780565,26,0.989386,0.999904,0.989291,1.1000,-0.0180,1.2419,0.000,0.168,-172.765,0,0,307,238,96,114
1778699063.780565,52,0.967608,0.918271,0.888526,1.1069,-0.4809,1.2738,0.000,-7.232,161.373,0,0,560,221,108,114
1778699063.780565,50,0.969088,0.893614,0.865991,0.9549,0.4037,1.3566,0.000,-1.751,-150.693,0,0,39,157,78,132
1778699063.780565,0,0.988667,0.999904,0.988572,1.1000,-0.0180,1.2419,0.000,0.666,-172.048,0,0,306,238,97,113
1778699063.780565,1,0.971428,0.918271,0.892034,1.1069,-0.4809,1.2738,0.000,-6.571,160.510,0,0,560,221,107,114
1778699063.847278,26,0.987862,0.999879,0.987743,1.1000,-0.0161,1.2419,0.000,0.268,-171.855,0,0,307,238,96,113
1778699063.847278,52,0.967717,0.918271,0.888627,1.1069,-0.4809,1.2738,0.000,-7.148,161.534,0,0,560,221,108,114
1778699063.880648,26,0.987731,0.999904,0.987636,1.1000,-0.0180,1.2419,0.000,0.595,-171.675,0,0,307,238,96,114
1778699063.880648,53,0.970960,0.918271,0.891604,1.1069,-0.4809,1.2738,0.000,-6.837,159.971,0,0,561,220,108,115
1778699063.980754,26,0.987590,0.999904,0.987495,1.1000,-0.0180,1.2419,-0.000,0.783,-171.496,0,0,307,238,96,113
1778699063.980754,54,0.966300,0.917686,0.886760,1.1039,-0.4815,1.2735,0.000,-7.784,160.522,0,0,561,221,108,114
1778699063.980754,55,0.987916,0.999904,0.987821,1.1000,-0.0180,1.2419,0.000,0.901,-171.565,0,0,307,238,96,113
1778699063.980754,26,0.964610,0.917686,0.885209,1.1039,-0.4815,1.2735,-0.000,-7.827,161.614,0,0,560,221,108,114
1778699063.980754,0,0.987940,0.999904,0.987845,1.1000,-0.0180,1.2419,0.000,0.901,-171.565,0,0,307,238,96,113
1778699063.980754,1,0.971272,0.918271,0.891891,1.1039,-0.4815,1.2735,-0.000,-7.827,161.614,0,0,561,221,108,115
1778699064.147601,0,0.987303,0.999904,0.987208,1.1000,-0.0180,1.2419,0.000,0.591,-171.493,0,0,307,238,96,113
1778699064.147601,1,0.966762,0.918271,0.887750,1.1069,-0.4809,1.2738,0.000,-7.402,161.463,0,0,560,221,107,114
1778699064.147601,26,0.987750,0.999904,0.987656,1.1000,-0.0180,1.2419,-0.000,0.487,-171.755,0,0,307,238,96,114
1778699064.147601,56,0.968889,0.918271,0.889702,1.1069,-0.4809,1.2738,-0.000,-6.960,161.258,0,0,560,220,107,115
1778699064.214340,26,0.987191,0.999904,0.987097,1.0970,-0.0180,1.2416,0.000,0.531,-171.483,0,0,307,238,96,115
1778699064.214340,57,0.969678,0.918235,0.890392,1.1067,-0.4809,1.2757,0.000,-6.828,160.788,0,0,560,221,107,114
1778699064.214340,26,0.987039,0.999904,0.986944,1.0970,-0.0180,1.2416,0.000,0.531,-171.483,0,0,307,238,97,114
1778699064.214340,58,0.964248,0.918271,0.885441,1.1067,-0.4809,1.2757,0.000,-6.828,160.788,0,0,561,221,108,114
1778699064.314447,59,0.985614,0.999904,0.985519,1.0970,-0.0180,1.2416,0.000,-0.290,-171.380,0,0,307,237,97,115
1778699064.314447,26,0.962567,0.917686,0.883334,1.1069,-0.4828,1.2738,0.000,-8.078,162.196,0,0,560,220,108,113
1778699064.314447,26,0.985038,0.999910,0.984949,1.0970,-0.0180,1.2416,0.000,-0.290,-171.380,0,0,307,238,97,114
1778699064.314447,60,0.963318,0.917686,0.884023,1.1069,-0.4828,1.2738,0.000,-8.078,162.196,0,0,561,221,108,114
1778699064.481295,26,0.985625,0.999932,0.985558,1.0939,-0.0198,1.2431,0.000,-0.199,-171.492,0,0,308,237,96,115
1778699064.481295,61,0.963342,0.918271,0.884609,1.1069,-0.4809,1.2738,0.000,-8.179,161.507,0,0,560,221,107,114
1778699064.481295,26,0.985551,0.999932,0.985483,1.0939,-0.0198,1.2431,0.000,0.155,-171.212,0,0,308,237,96,115
1778699064.481295,62,0.964965,0.918271,0.886100,1.1069,-0.4809,1.2738,0.000,-7.645,161.960,0,0,560,220,107,115
1778699064.581397,26,0.983114,0.999935,0.983050,1.0937,-0.0198,1.2449,0.000,0.142,-170.342,0,0,308,236,96,117
1778699064.581397,63,0.967682,0.918235,0.888560,1.1097,-0.4822,1.2760,0.000,-7.081,161.484,0,0,560,220,107,115
1778699064.581397,64,0.981947,0.999935,0.981883,1.0937,-0.0198,1.2449,0.000,0.142,-170.342,0,0,308,237,96,114
1778699064.581397,26,0.965842,0.918235,0.886871,1.1097,-0.4822,1.2760,0.000,-7.081,161.484,0,0,560,220,107,115
1778699064.581397,26,0.982204,0.999935,0.982140,1.0937,-0.0198,1.2449,0.000,-0.490,-170.325,0,0,308,236,97,115
1778699064.581397,65,0.966512,0.918235,0.887486,1.1097,-0.4822,1.2760,-0.000,-7.240,162.225,0,0,560,220,107,114
1778699064.681501,26,0.981859,0.999935,0.981795,1.0937,-0.0198,1.2449,0.000,-0.028,-169.994,0,0,308,237,97,115
1778699064.681501,66,0.964409,0.918235,0.885554,1.1067,-0.4809,1.2757,-0.000,-7.688,161.941,0,0,560,220,107,114
1778699064.681501,67,0.984306,0.999950,0.984257,1.0937,-0.0198,1.2449,0.000,-0.028,-169.994,0,0,309,237,96,115
1778699064.681501,26,0.967257,0.918235,0.888170,1.1067,-0.4809,1.2757,-0.000,-7.688,161.941,0,0,560,220,107,115
1778699064.781593,26,0.985069,0.999950,0.985020,1.0909,-0.0217,1.2429,0.000,0.852,-170.419,0,0,308,237,97,115
1778699064.781593,68,0.966977,0.918235,0.887913,1.1097,-0.4822,1.2760,0.000,-6.888,162.249,0,0,560,221,107,114
1778699064.848315,26,0.985528,0.999932,0.985461,1.0939,-0.0198,1.2431,0.000,0.463,-171.005,0,0,308,237,97,115
1778699064.848315,69,0.970284,0.918271,0.890984,1.1069,-0.4809,1.2738,0.000,-6.609,161.272,0,0,560,221,107,115
1778699064.848315,26,0.985930,0.999932,0.985862,1.0939,-0.0198,1.2431,0.000,0.463,-171.005,0,0,308,237,97,115
1778699064.848315,70,0.968046,0.918271,0.888929,1.1069,-0.4809,1.2738,0.000,-6.609,161.272,0,0,560,221,107,114
1778699064.948411,0,0.986506,0.999932,0.986438,1.0939,-0.0198,1.2431,0.000,0.623,-171.068,0,0,309,237,96,117
1778699064.948411,1,0.968561,0.918235,0.889367,1.1069,-0.4809,1.2738,-0.000,-6.840,162.123,0,0,560,220,107,115
1778699065.015149,0,0.986449,0.999950,0.986400,1.0909,-0.0217,1.2429,0.000,0.476,-171.472,0,0,308,237,97,115
1778699065.015149,1,0.966417,0.918235,0.887398,1.1067,-0.4809,1.2757,-0.000,-6.948,162.587,0,0,560,220,107,114
1778699065.081888,71,0.986544,0.999932,0.986476,1.0939,-0.0198,1.2431,-0.000,0.848,-171.182,0,0,308,237,97,115
1778699065.081888,26,0.965848,0.918235,0.886876,1.1097,-0.4822,1.2760,0.000,-7.352,161.937,0,0,560,220,107,115
1778699065.148607,26,0.987949,0.999932,0.987882,1.0969,-0.0198,1.2434,0.000,1.390,-171.459,0,0,308,237,97,117
1778699065.148607,72,0.964446,0.918235,0.885589,1.1097,-0.4822,1.2760,0.000,-7.555,162.263,0,0,560,220,107,114
1778699065.148607,0,0.987470,0.999932,0.987403,1.0969,-0.0198,1.2434,0.000,1.390,-171.459,0,0,308,237,97,117
1778699065.148607,1,0.962950,0.918235,0.884215,1.1097,-0.4822,1.2760,0.000,-7.555,162.263,0,0,560,220,107,115
1778699065.282084,0,0.987447,0.999932,0.987379,1.0969,-0.0198,1.2434,0.000,0.948,-171.497,0,0,308,237,97,115
1778699065.282084,1,0.967198,0.918271,0.888149,1.1099,-0.4822,1.2742,0.000,-7.246,161.609,0,0,560,221,107,114
1778699065.282084,26,0.986248,0.999932,0.986180,1.0969,-0.0198,1.2434,0.000,0.615,-171.201,0,0,308,237,97,117
1778699065.282084,72,0.962397,0.918271,0.883741,1.1099,-0.4822,1.2742,-0.000,-8.099,162.315,0,0,561,220,108,113
1778699065.348842,0,0.986026,0.999932,0.985959,1.0969,-0.0198,1.2434,0.000,0.564,-171.143,0,0,308,237,97,115
1778699065.348842,1,0.962009,0.917650,0.882788,1.1067,-0.4828,1.2757,0.000,-8.157,162.074,0,0,561,220,108,114
1778699065.482333,26,0.986654,0.999932,0.986587,1.0969,-0.0198,1.2434,-0.000,1.387,-170.935,0,0,308,237,96,117
1778699065.482333,72,0.960385,0.917650,0.881298,1.1067,-0.4828,1.2757,0.000,-8.525,162.053,0,0,561,220,108,115
1778699065.482333,73,0.969663,0.893614,0.866505,0.9549,0.4037,1.3566,-0.000,-0.705,-147.943,0,0,39,157,79,130
1778699065.482333,0,0.986814,0.999932,0.986747,1.0969,-0.0198,1.2434,-0.000,1.114,-171.142,0,0,308,237,96,117
1778699065.482333,1,0.959576,0.917650,0.880555,1.1067,-0.4828,1.2757,0.000,-8.609,162.303,0,0,561,220,110,115
1778699065.482333,0,0.986795,0.999932,0.986727,1.0969,-0.0198,1.2434,-0.000,1.114,-171.142,0,0,308,238,96,115
1778699065.482333,1,0.961638,0.917650,0.882447,1.1067,-0.4828,1.2757,0.000,-8.609,162.303,0,0,561,220,110,115
1778699065.649140,26,0.985327,0.999932,0.985259,1.0969,-0.0198,1.2434,0.000,1.045,-170.597,0,0,308,237,96,117
1778699065.649140,72,0.961874,0.918271,0.883261,1.1069,-0.4809,1.2738,0.000,-7.970,162.917,0,0,560,221,107,113
1778699065.649140,26,0.986840,0.999932,0.986773,1.0969,-0.0198,1.2434,0.000,1.045,-170.597,0,0,308,238,96,115
1778699065.649140,74,0.963423,0.918271,0.884684,1.1069,-0.4809,1.2738,0.000,-7.970,162.917,0,0,561,220,110,114
1778699065.649140,26,0.984318,0.999925,0.984245,1.0969,-0.0198,1.2434,-0.000,1.292,-171.057,0,0,307,238,97,115
1778699065.649140,75,0.961261,0.917650,0.882102,1.1069,-0.4809,1.2738,0.000,-7.620,162.897,0,0,560,221,107,114
1778699065.782617,26,0.985631,0.999904,0.985537,1.1000,-0.0180,1.2419,0.000,0.128,-171.096,0,0,307,237,97,115
1778699065.782617,75,0.969759,0.918271,0.890502,1.1069,-0.4809,1.2738,0.000,-6.498,161.910,0,0,561,221,108,114
1778699065.882714,26,0.986997,0.999910,0.986908,1.0969,-0.0180,1.2434,0.000,-0.411,-172.166,0,0,307,237,97,115
1778699065.882714,76,0.964669,0.918271,0.885827,1.1069,-0.4809,1.2738,0.000,-7.503,162.489,0,0,560,221,107,114
1778699065.882714,77,0.985157,0.999910,0.985069,1.0969,-0.0180,1.2434,0.000,-0.661,-171.549,0,0,307,237,97,114
1778699065.882714,26,0.964213,0.918271,0.885409,1.1069,-0.4809,1.2738,0.000,-7.739,162.169,0,0,561,221,108,113
1778699065.982811,26,0.986891,0.999910,0.986802,1.0969,-0.0180,1.2434,-0.000,-0.094,-171.862,0,0,307,237,97,115
1778699065.982811,78,0.965386,0.918271,0.886486,1.1069,-0.4809,1.2738,0.000,-7.495,162.091,0,0,560,221,107,114
1778699065.982811,26,0.985316,0.999910,0.985227,1.0969,-0.0180,1.2434,-0.000,-0.599,-171.568,0,0,307,237,97,115
1778699065.982811,79,0.963918,0.918271,0.885138,1.1069,-0.4809,1.2738,0.000,-7.844,162.076,0,0,561,221,108,114
1778699066.049518,26,0.986328,0.999910,0.986239,1.0969,-0.0180,1.2434,0.000,0.254,-171.366,0,0,307,237,97,113
1778699066.049518,80,0.962241,0.917686,0.883035,1.1069,-0.4828,1.2738,-0.000,-7.977,162.628,0,0,561,221,110,114
1778699066.149626,81,0.984529,0.999910,0.984441,1.0969,-0.0180,1.2434,0.000,0.027,-170.788,0,0,307,237,97,115
1778699066.149626,26,0.964964,0.917686,0.885534,1.1069,-0.4828,1.2738,0.000,-7.349,162.610,0,0,561,221,108,114
1778699066.149626,26,0.985418,0.999910,0.985329,1.0969,-0.0180,1.2434,0.000,0.027,-170.788,0,0,307,237,97,114
1778699066.149626,82,0.961551,0.917686,0.882402,1.1069,-0.4828,1.2738,0.000,-7.349,162.610,0,0,561,220,108,115
1778699066.216354,26,0.984787,0.999910,0.984698,1.0969,-0.0180,1.2434,0.000,-0.242,-171.076,0,0,307,237,97,115
1778699066.216354,83,0.960656,0.917650,0.881546,1.1067,-0.4828,1.2757,0.000,-8.325,162.424,0,0,561,221,110,114
1778699066.283103,26,0.985583,0.999910,0.985495,1.0999,-0.0180,1.2437,0.000,-0.135,-171.326,0,0,307,237,97,114
1778699066.283103,84,0.958188,0.917686,0.879316,1.1039,-0.4815,1.2735,-0.000,-8.654,163.164,0,0,560,220,107,113
1778699066.416606,26,0.985433,0.999904,0.985338,1.0970,-0.0180,1.2416,0.000,0.710,-170.664,0,0,307,238,97,114
1778699066.416606,84,0.964010,0.918271,0.885223,1.1069,-0.4809,1.2738,-0.000,-7.760,162.238,0,0,560,221,107,113
1778699066.416606,73,0.980072,0.893614,0.875806,0.9569,0.4046,1.3571,0.000,0.847,-152.209,0,0,39,157,79,132
1778699066.449975,0,0.984520,0.999925,0.984446,1.0970,-0.0198,1.2416,-0.000,0.105,-170.771,0,0,308,238,96,114
1778699066.449975,1,0.961751,0.917650,0.882551,1.1097,-0.4841,1.2760,0.000,-7.884,162.887,0,0,561,220,110,115
1778699066.449975,26,0.984628,0.999925,0.984554,1.0970,-0.0198,1.2416,0.000,0.371,-170.651,0,0,307,237,97,115
1778699066.449975,84,0.959727,0.917650,0.880694,1.1097,-0.4841,1.2760,0.000,-8.470,162.575,0,0,561,220,108,113
1778699066.449975,26,0.985642,0.999904,0.985547,1.0970,-0.0198,1.2416,0.000,0.371,-170.651,0,0,307,238,97,114
1778699066.449975,85,0.960012,0.917650,0.880956,1.1097,-0.4841,1.2760,0.000,-8.470,162.575,0,0,561,220,108,114
1778699066.550096,86,0.985471,0.999904,0.985377,1.0970,-0.0180,1.2416,0.000,0.058,-171.077,0,0,307,237,97,115
1778699066.550096,26,0.962326,0.917650,0.883079,1.1097,-0.4841,1.2760,0.000,-7.839,162.688,0,0,561,220,108,113
1778699066.650206,26,0.986693,0.999925,0.986619,1.0941,-0.0198,1.2414,-0.000,0.500,-171.394,0,0,308,238,96,115
1778699066.650206,87,0.958599,0.917650,0.879659,1.1067,-0.4828,1.2757,0.000,-8.707,162.597,0,0,561,220,108,113
1778699066.650206,26,0.986393,0.999925,0.986320,1.0941,-0.0198,1.2414,0.000,0.770,-171.109,0,0,308,238,96,115
1778699066.650206,88,0.960411,0.917650,0.881322,1.1067,-0.4828,1.2757,-0.000,-8.181,162.903,0,0,560,221,107,111
1778699066.750314,26,0.986622,0.999925,0.986549,1.0911,-0.0199,1.2411,-0.000,1.312,-170.910,0,0,308,238,96,115
1778699066.750314,89,0.962345,0.917686,0.883131,1.1039,-0.4815,1.2735,-0.000,-7.684,163.231,0,0,561,221,110,114
1778699066.750314,90,0.985704,0.999925,0.985631,1.0911,-0.0199,1.2411,-0.000,0.621,-170.922,0,0,307,238,97,115
1778699066.750314,26,0.965784,0.917686,0.886287,1.1039,-0.4815,1.2735,0.000,-7.245,162.396,0,0,561,221,108,114
1778699066.750314,26,0.986318,0.999904,0.986224,1.0911,-0.0199,1.2411,-0.000,0.621,-170.922,0,0,307,238,97,114
1778699066.750314,91,0.967723,0.918304,0.888664,1.1039,-0.4815,1.2735,0.000,-7.245,162.396,0,0,560,222,107,114
1778699066.917155,26,0.986416,0.999910,0.986327,1.0879,-0.0181,1.2426,0.000,1.248,-170.811,0,0,307,237,96,115
1778699066.917155,92,0.964729,0.917686,0.885319,1.1039,-0.4815,1.2735,0.000,-7.571,162.215,0,0,561,221,108,114
1778699066.917155,26,0.988859,0.999910,0.988770,1.0879,-0.0181,1.2426,0.000,0.435,-172.372,0,0,307,237,96,115
1778699066.917155,93,0.964820,0.917686,0.885402,1.1039,-0.4815,1.2735,0.000,-7.741,161.718,0,0,561,221,108,114
1778699067.017223,26,0.989464,0.999904,0.989369,1.0911,-0.0181,1.2411,0.000,0.430,-172.597,0,0,307,238,96,115
1778699067.017223,94,0.961089,0.918271,0.882540,1.1069,-0.4809,1.2738,0.000,-8.076,163.082,0,0,560,221,108,114
1778699067.017223,26,0.989763,0.999904,0.989668,1.0911,-0.0181,1.2411,0.000,0.202,-172.932,0,0,307,238,96,117
1778699067.017223,95,0.961091,0.918271,0.882542,1.1069,-0.4809,1.2738,0.000,-8.337,162.460,0,0,560,221,107,111
1778699067.083948,96,0.988901,0.999904,0.988806,1.0881,-0.0181,1.2408,0.000,0.003,-172.656,0,0,307,238,96,117
1778699067.083948,26,0.961602,0.918271,0.883011,1.1069,-0.4809,1.2738,0.000,-8.014,162.958,0,0,560,220,107,113
1778699067.083948,0,0.989173,0.999904,0.989078,1.0881,-0.0181,1.2408,0.000,0.003,-172.656,0,0,307,238,96,117
1778699067.083948,1,0.966258,0.917686,0.886721,1.1069,-0.4809,1.2738,0.000,-8.014,162.958,0,0,561,221,108,114
1778699067.184055,0,0.991507,0.999904,0.991412,1.0881,-0.0181,1.2408,0.000,0.792,-173.395,0,0,307,238,96,115
1778699067.184055,1,0.969168,0.917686,0.889392,1.1039,-0.4815,1.2735,0.000,-6.771,161.517,0,0,561,221,108,115
1778699067.184055,26,0.989536,0.999904,0.989441,1.0881,-0.0181,1.2408,0.000,0.792,-173.395,0,0,307,238,96,113
1778699067.184055,97,0.965800,0.918271,0.886866,1.1039,-0.4815,1.2735,0.000,-6.771,161.517,0,0,560,221,107,114
1778699067.284172,26,0.990325,0.999904,0.990230,1.0881,-0.0181,1.2408,0.000,-0.060,-173.038,0,0,306,239,97,113
1778699067.284172,98,0.964916,0.918271,0.886054,1.1069,-0.4809,1.2738,-0.000,-7.446,161.967,0,0,560,221,107,115
1778699067.350911,26,0.991241,0.999870,0.991113,1.0913,-0.0163,1.2393,0.000,0.021,-173.738,0,0,307,239,98,115
1778699067.350911,99,0.968248,0.918271,0.889114,1.1069,-0.4809,1.2738,-0.000,-6.876,161.909,0,0,560,221,107,113
1778699067.451018,100,0.989552,0.999858,0.989412,1.0914,-0.0163,1.2375,-0.000,-0.153,-172.853,0,0,306,240,97,115
1778699067.451018,26,0.967841,0.917686,0.888174,1.1069,-0.4828,1.2738,0.000,-7.040,161.670,0,0,561,221,108,114
1778699067.451018,26,0.989580,0.999858,0.989439,1.0914,-0.0163,1.2375,-0.000,-0.153,-172.853,0,0,307,239,98,117
1778699067.451018,101,0.964695,0.917686,0.885287,1.1069,-0.4828,1.2738,0.000,-7.040,161.670,0,0,560,221,107,113
1778699067.551126,26,0.988788,0.999895,0.988684,1.0913,-0.0181,1.2393,0.000,0.313,-172.282,0,0,307,239,98,117
1778699067.551126,102,0.973895,0.918304,0.894332,1.1041,-0.4796,1.2716,0.000,-5.670,161.504,0,0,560,222,107,115
1778699067.551126,103,0.988876,0.999895,0.988772,1.0913,-0.0181,1.2393,0.000,0.223,-172.390,0,0,307,239,98,117
1778699067.551126,26,0.973243,0.918304,0.893733,1.1041,-0.4796,1.2716,0.000,-5.722,161.803,0,0,560,222,107,114
1778699067.651235,26,0.989584,0.999895,0.989480,1.0913,-0.0181,1.2393,0.000,0.556,-172.490,0,0,307,239,98,117
1778699067.651235,104,0.969028,0.918271,0.889830,1.1069,-0.4809,1.2738,0.000,-6.498,162.346,0,0,560,221,107,113
1778699067.651235,26,0.989815,0.999895,0.989710,1.0913,-0.0181,1.2393,0.000,0.556,-172.490,0,0,307,239,98,117
1778699067.651235,104,0.973674,0.918271,0.894097,1.1069,-0.4809,1.2738,0.000,-6.498,162.346,0,0,561,221,108,117
1778699067.751343,26,0.987867,0.999895,0.987763,1.0913,-0.0181,1.2393,0.000,-0.263,-172.288,0,0,307,238,98,117
1778699067.751343,104,0.970828,0.918271,0.891483,1.1069,-0.4809,1.2738,0.000,-6.444,161.348,0,0,560,222,107,114
1778699067.751343,26,0.989263,0.999904,0.989168,1.0911,-0.0181,1.2411,0.000,0.318,-172.583,0,0,307,239,97,115
1778699067.751343,104,0.971362,0.918304,0.892006,1.1071,-0.4809,1.2720,0.000,-6.205,161.846,0,0,560,221,107,114
1778699067.751343,26,0.990870,0.999895,0.990766,1.0911,-0.0181,1.2411,0.000,0.318,-172.583,0,0,307,239,97,115
1778699067.751343,104,0.963202,0.918271,0.884481,1.1071,-0.4809,1.2720,0.000,-6.205,161.846,0,0,560,221,107,113
1778699067.851450,26,0.990808,0.999895,0.990704,1.0942,-0.0180,1.2396,0.000,1.629,-172.407,0,0,307,239,97,115
1778699067.851450,104,0.967759,0.918271,0.888665,1.1069,-0.4809,1.2738,0.000,-7.128,161.562,0,0,561,221,108,113
1778699067.918192,26,0.992067,0.999895,0.991962,1.0913,-0.0181,1.2393,-0.000,1.976,-172.847,0,0,307,239,97,115
1778699067.918192,104,0.966377,0.917686,0.886831,1.1069,-0.4828,1.2738,0.000,-7.287,161.947,0,0,560,222,107,114
1778699068.018295,26,0.991459,0.999882,0.991342,1.0914,-0.0181,1.2375,0.000,1.127,-172.978,0,0,307,240,97,114
1778699068.018295,104,0.964943,0.918271,0.886079,1.1069,-0.4809,1.2738,0.000,-7.578,162.146,0,0,560,221,107,113
1778699068.018295,26,0.991090,0.999882,0.990974,1.0914,-0.0181,1.2375,0.000,1.220,-172.728,0,0,308,240,97,114
1778699068.018295,104,0.966921,0.918271,0.887896,1.1069,-0.4809,1.2738,0.000,-7.183,161.952,0,0,561,222,108,114
1778699068.118383,26,0.990874,0.999904,0.990778,1.0944,-0.0198,1.2378,-0.000,0.706,-173.065,0,0,308,240,98,113
1778699068.118383,104,0.962296,0.917686,0.883086,1.1069,-0.4828,1.2738,0.000,-7.882,162.822,0,0,561,221,108,113
1778699068.118383,26,0.991076,0.999904,0.990981,1.0944,-0.0198,1.2378,-0.000,1.058,-172.926,0,0,307,239,97,117
1778699068.118383,104,0.964547,0.917686,0.885151,1.1069,-0.4828,1.2738,0.000,-7.602,162.244,0,0,561,221,107,113
1778699068.185121,26,0.989557,0.999895,0.989452,1.0913,-0.0181,1.2393,0.000,0.563,-172.471,0,0,307,239,97,117
1778699068.185121,104,0.962480,0.917686,0.883254,1.1069,-0.4828,1.2738,0.000,-7.772,162.974,0,0,560,221,107,113
1778699068.251853,26,0.989584,0.999895,0.989479,1.0942,-0.0180,1.2396,-0.000,0.626,-172.440,0,0,307,239,97,117
1778699068.251853,104,0.963664,0.918271,0.884905,1.1069,-0.4809,1.2738,-0.000,-7.905,162.068,0,0,561,222,108,114
1778699068.351967,0,0.990487,0.999895,0.990382,1.0972,-0.0180,1.2398,-0.000,0.653,-172.874,0,0,307,239,97,115
1778699068.351967,1,0.964539,0.917719,0.885176,1.1071,-0.4828,1.2720,0.000,-7.698,162.244,0,0,561,222,108,114
1778699068.351967,2,0.974169,0.893614,0.870532,0.9569,0.4046,1.3571,-0.000,-0.006,-149.129,0,0,39,157,79,132
1778699068.351967,26,0.989871,0.999895,0.989767,1.0972,-0.0180,1.2398,-0.000,0.653,-172.874,0,0,307,239,97,115
1778699068.351967,104,0.963667,0.917686,0.884344,1.1071,-0.4828,1.2720,0.000,-7.698,162.244,0,0,561,221,108,113
1778699068.351967,105,0.966905,0.894218,0.864624,0.9569,0.4046,1.3571,-0.000,-0.006,-149.129,0,0,40,157,80,129
1778699068.485445,26,0.991183,0.999895,0.991078,1.0942,-0.0180,1.2396,-0.000,1.193,-172.856,0,0,307,239,97,115
1778699068.485445,104,0.965873,0.917686,0.886368,1.1069,-0.4828,1.2738,0.000,-7.601,161.420,0,0,561,221,108,113
1778699068.485445,105,0.965750,0.894218,0.863591,0.9549,0.4021,1.3566,0.000,-1.221,-147.053,0,0,40,157,80,130
1778699068.485445,26,0.991758,0.999895,0.991654,1.0942,-0.0180,1.2396,0.000,1.130,-173.205,0,0,307,239,97,115
1778699068.485445,104,0.964182,0.917686,0.884816,1.1069,-0.4828,1.2738,0.000,-7.789,161.987,0,0,561,221,108,114
1778699068.485445,105,0.964264,0.894218,0.862262,0.9549,0.4021,1.3566,-0.000,-1.869,-147.672,0,0,40,157,80,130
1778699068.485445,26,0.991040,0.999895,0.990936,1.0942,-0.0180,1.2396,0.000,1.130,-173.205,0,0,307,239,98,114
1778699068.485445,104,0.967892,0.917686,0.888221,1.1069,-0.4828,1.2738,0.000,-7.789,161.987,0,0,561,221,108,113
1778699068.485445,105,0.970843,0.894218,0.868146,0.9549,0.4021,1.3566,-0.000,-1.869,-147.672,0,0,39,157,79,130
1778699068.585552,0,0.989753,0.999895,0.989649,1.0942,-0.0180,1.2396,0.000,0.924,-172.966,0,0,307,239,97,115
1778699068.585552,1,0.963936,0.917686,0.884591,1.1069,-0.4828,1.2738,-0.000,-7.192,161.217,0,0,561,221,108,111
1778699068.685669,26,0.989643,0.999895,0.989538,1.0942,-0.0180,1.2396,0.000,0.600,-172.541,0,0,307,239,96,115
1778699068.685669,104,0.966596,0.917686,0.887032,1.1069,-0.4828,1.2738,-0.000,-7.911,161.812,0,0,561,221,107,113
1778699068.819124,0,0.989616,0.999895,0.989511,1.0972,-0.0180,1.2398,0.000,0.585,-172.485,0,0,307,239,96,115
1778699068.819124,1,0.965118,0.917686,0.885676,1.1069,-0.4828,1.2738,0.000,-7.624,161.846,0,0,561,221,107,113
1778699068.819124,2,0.964568,0.894218,0.862535,0.9569,0.4031,1.3571,0.000,-1.541,-147.117,0,0,40,157,80,130
1778699068.819124,26,0.990585,0.999895,0.990481,1.0972,-0.0180,1.2398,0.000,0.928,-172.728,0,0,307,240,97,114
1778699068.819124,106,0.964199,0.917686,0.884832,1.1069,-0.4828,1.2738,0.000,-8.052,161.230,0,0,561,221,107,113
1778699068.819124,105,0.967328,0.894218,0.865003,0.9569,0.4031,1.3571,0.000,-1.574,-148.758,0,0,39,157,79,132
1778699068.919226,26,0.990827,0.999882,0.990711,1.0944,-0.0180,1.2378,0.000,0.999,-172.736,0,0,307,239,97,115
1778699068.919226,106,0.964980,0.917686,0.885549,1.1069,-0.4828,1.2738,0.000,-7.248,162.825,0,0,561,220,108,114
1778699068.919226,105,0.971880,0.893614,0.868486,0.9569,0.4046,1.3571,-0.000,-0.945,-150.191,0,0,40,157,80,130
1778699068.985965,0,0.990794,0.999895,0.990690,1.0942,-0.0180,1.2396,0.000,0.825,-172.908,0,0,307,240,97,114
1778699068.985965,1,0.963478,0.917650,0.884136,1.1097,-0.4841,1.2760,0.000,-7.871,161.949,0,0,561,221,108,111
1778699069.086097,26,0.990820,0.999882,0.990704,1.0944,-0.0180,1.2378,0.000,0.957,-172.760,0,0,307,240,97,114
1778699069.086097,106,0.964915,0.917650,0.885454,1.1097,-0.4841,1.2760,-0.000,-7.784,161.262,0,0,561,220,108,113
1778699069.152810,26,0.989124,0.999882,0.989008,1.0944,-0.0180,1.2378,0.000,0.442,-172.278,0,0,307,240,97,114
1778699069.152810,107,0.963117,0.917686,0.883839,1.1069,-0.4828,1.2738,0.000,-8.069,161.892,0,0,561,221,108,114
1778699069.219511,0,0.989498,0.999895,0.989394,1.0942,-0.0180,1.2396,-0.000,0.567,-172.440,0,0,307,239,97,117
1778699069.219511,1,0.963007,0.917650,0.883704,1.1067,-0.4828,1.2757,0.000,-7.777,162.462,0,0,561,220,108,113
1778699069.219511,2,0.971162,0.894218,0.868431,0.9569,0.4031,1.3571,0.000,-0.527,-148.530,0,0,40,157,80,129
1778699069.319618,26,0.988256,0.999895,0.988152,1.0942,-0.0180,1.2396,0.000,0.566,-171.862,0,0,308,239,96,115
1778699069.319618,108,0.963752,0.917650,0.884387,1.1067,-0.4828,1.2757,0.000,-8.018,161.357,0,0,561,220,108,113
1778699069.319618,105,0.970285,0.894390,0.867813,0.9570,0.4031,1.3555,0.000,-0.926,-148.746,0,0,40,158,80,130
1778699069.319618,26,0.989357,0.999916,0.989274,1.0913,-0.0199,1.2393,0.000,0.668,-172.403,0,0,308,240,97,115
1778699069.319618,108,0.962240,0.917650,0.883000,1.1067,-0.4828,1.2757,0.000,-7.869,162.662,0,0,561,220,108,114
1778699069.319618,105,0.970586,0.894390,0.868082,0.9570,0.4031,1.3555,-0.000,-0.870,-148.800,0,0,40,157,80,129
1778699069.319618,26,0.988205,0.999904,0.988110,1.0913,-0.0199,1.2393,0.000,0.668,-172.403,0,0,308,239,96,117
1778699069.319618,108,0.960862,0.917650,0.881735,1.1067,-0.4828,1.2757,0.000,-7.869,162.662,0,0,560,220,107,113
1778699069.319618,105,0.974338,0.894218,0.871271,0.9570,0.4031,1.3555,-0.000,-0.870,-148.800,0,0,40,157,80,129
1778699069.553186,26,0.988810,0.999916,0.988727,1.0913,-0.0199,1.2393,0.000,0.531,-172.239,0,0,308,239,97,117
1778699069.553186,108,0.961807,0.918235,0.883165,1.1097,-0.4822,1.2760,0.000,-8.147,162.296,0,0,561,220,108,113
1778699069.553186,105,0.966928,0.894218,0.864645,0.9569,0.4031,1.3571,0.000,-1.287,-147.809,0,0,40,157,80,132
1778699069.619942,26,0.988331,0.999916,0.988248,1.0913,-0.0199,1.2393,0.000,0.419,-172.095,0,0,308,239,97,115
1778699069.619942,108,0.960907,0.917686,0.881811,1.1099,-0.4841,1.2742,0.000,-8.562,161.895,0,0,561,221,108,113
1778699069.619942,105,0.973702,0.894218,0.870702,0.9569,0.4031,1.3571,0.000,-0.436,-150.156,0,0,40,157,80,129
1778699069.619942,26,0.989190,0.999916,0.989108,1.0913,-0.0199,1.2393,0.000,0.419,-172.095,0,0,308,239,97,115
1778699069.619942,108,0.960484,0.917686,0.881423,1.1099,-0.4841,1.2742,0.000,-8.562,161.895,0,0,561,221,108,111
1778699069.619942,105,0.963543,0.894218,0.861618,0.9569,0.4031,1.3571,0.000,-0.436,-150.156,0,0,40,157,80,132
1778699069.753397,26,0.990380,0.999916,0.990297,1.0883,-0.0199,1.2390,0.000,1.324,-172.475,0,0,308,239,97,115
1778699069.753397,108,0.961693,0.917686,0.882532,1.1069,-0.4828,1.2738,0.000,-8.528,161.488,0,0,561,221,108,113
1778699069.753397,105,0.972356,0.894218,0.869498,0.9569,0.4031,1.3571,0.000,-0.749,-150.034,0,0,40,157,80,130
1778699069.753397,26,0.989382,0.999916,0.989299,1.0883,-0.0199,1.2390,0.000,0.882,-172.274,0,0,308,239,97,117
1778699069.753397,108,0.963954,0.917686,0.884607,1.1069,-0.4828,1.2738,0.000,-7.967,161.645,0,0,561,221,108,111
1778699069.753397,105,0.970124,0.894218,0.867503,0.9569,0.4031,1.3571,-0.000,-0.947,-148.925,0,0,40,157,80,129
1778699069.853487,26,0.988792,0.999916,0.988709,1.0883,-0.0199,1.2390,-0.000,0.919,-171.981,0,0,308,239,97,117
1778699069.853487,108,0.959146,0.917686,0.880195,1.1069,-0.4828,1.2738,0.000,-8.484,163.070,0,0,560,221,107,111
1778699069.853487,105,0.970264,0.894218,0.867628,0.9569,0.4031,1.3571,0.000,-1.128,-149.552,0,0,40,157,80,130
1778699069.920225,26,0.989278,0.999916,0.989195,1.0883,-0.0199,1.2390,0.000,1.102,-172.091,0,0,308,239,97,117
1778699069.920225,108,0.965659,0.918271,0.886737,1.1069,-0.4809,1.2738,0.000,-7.647,161.508,0,0,561,221,108,111
1778699069.920225,105,0.971546,0.894218,0.868774,0.9569,0.4031,1.3571,0.000,-0.781,-149.477,0,0,40,157,80,130
1778699070.053702,26,0.988433,0.999916,0.988350,1.0883,-0.0199,1.2390,0.000,1.055,-171.742,0,0,308,239,97,117
1778699070.053702,108,0.964475,0.917686,0.885085,1.1069,-0.4828,1.2738,0.000,-7.634,162.207,0,0,560,221,107,113
1778699070.053702,105,0.972039,0.894218,0.869215,0.9598,0.4045,1.3578,0.000,-0.831,-150.039,0,0,40,157,80,130
1778699070.120439,26,0.989271,0.999916,0.989188,1.0883,-0.0199,1.2390,0.000,1.034,-172.128,0,0,308,239,97,117
1778699070.120439,108,0.964214,0.918271,0.885410,1.1099,-0.4822,1.2742,0.000,-7.949,161.598,0,0,560,221,107,113
1778699070.120439,105,0.971573,0.894218,0.868798,0.9569,0.4031,1.3571,0.000,-0.196,-148.022,0,0,40,157,80,132
1778699070.120439,26,0.989427,0.999916,0.989344,1.0883,-0.0199,1.2390,0.000,1.364,-172.009,0,0,309,239,98,117
1778699070.120439,108,0.964819,0.918271,0.885966,1.1099,-0.4822,1.2742,0.000,-7.403,162.640,0,0,561,221,108,113
1778699070.120439,105,0.970993,0.894218,0.868280,0.9569,0.4031,1.3571,0.000,-0.570,-148.528,0,0,40,157,80,132
1778699070.287288,26,0.988047,0.999935,0.987983,1.0883,-0.0217,1.2390,0.000,0.890,-171.771,0,0,309,239,97,117
1778699070.287288,108,0.963050,0.917686,0.883778,1.1099,-0.4841,1.2742,-0.000,-8.085,161.888,0,0,561,221,108,111
1778699070.287288,105,0.972901,0.894218,0.869986,0.9598,0.4045,1.3578,0.000,-0.784,-150.688,0,0,40,157,80,132
1778699070.354032,26,0.987754,0.999935,0.987690,1.0913,-0.0217,1.2393,0.000,1.296,-171.425,0,0,309,239,97,117
1778699070.354032,108,0.961174,0.917686,0.882056,1.1069,-0.4828,1.2738,-0.000,-8.197,162.683,0,0,561,221,108,114
1778699070.354032,105,0.971379,0.894218,0.868625,0.9569,0.4031,1.3571,0.000,-0.960,-149.912,0,0,40,157,80,132
1778699070.387395,0,0.987936,0.999935,0.987871,1.0913,-0.0217,1.2393,-0.000,1.689,-171.309,0,0,309,239,97,117
1778699070.387395,1,0.963623,0.918271,0.884867,1.1099,-0.4822,1.2742,0.000,-7.811,162.334,0,0,560,221,107,114
1778699070.387395,0,0.988132,0.999935,0.988068,1.0913,-0.0217,1.2393,0.000,1.756,-171.359,0,0,309,239,97,117
1778699070.387395,1,0.961597,0.918271,0.883007,1.1099,-0.4822,1.2742,-0.000,-8.245,162.405,0,0,561,220,108,114
1778699070.554245,26,0.987719,0.999935,0.987655,1.0913,-0.0217,1.2393,0.000,1.684,-171.224,0,0,309,239,97,117
1778699070.554245,108,0.957974,0.917650,0.879085,1.1097,-0.4841,1.2760,0.000,-8.981,162.231,0,0,561,220,107,113
1778699070.554245,105,0.973175,0.894218,0.870231,0.9569,0.4031,1.3571,0.000,-0.263,-149.208,0,0,40,157,80,129
1778699070.620989,26,0.986567,0.999935,0.986503,1.0913,-0.0217,1.2393,0.000,1.488,-170.859,0,0,309,239,97,117
1778699070.620989,108,0.960879,0.917686,0.881785,1.1099,-0.4841,1.2742,-0.000,-8.479,162.137,0,0,561,221,107,114
1778699070.620989,105,0.974546,0.894218,0.871457,0.9569,0.4031,1.3571,0.000,-0.335,-150.598,0,0,40,157,80,130
1778699070.620989,26,0.986139,0.999935,0.986075,1.0913,-0.0217,1.2393,0.000,1.488,-170.859,0,0,309,240,97,117
1778699070.620989,108,0.965013,0.917686,0.885579,1.1099,-0.4841,1.2742,-0.000,-8.479,162.137,0,0,561,221,108,111
1778699070.620989,105,0.969897,0.894218,0.867300,0.9569,0.4031,1.3571,0.000,-0.335,-150.598,0,0,40,157,80,130
1778699070.787829,26,0.985807,0.999935,0.985743,1.0913,-0.0217,1.2393,0.000,1.491,-170.570,0,0,309,239,97,117
1778699070.787829,108,0.960957,0.917650,0.881822,1.1067,-0.4828,1.2757,0.000,-7.983,163.074,0,0,561,220,108,113
1778699070.787829,105,0.966135,0.894218,0.863935,0.9569,0.4031,1.3571,0.000,-1.257,-147.320,0,0,40,157,80,130
