stamp,person_id,A_h,A_r,A_m,pos_x,pos_y,pos_z,roll,pitch,yaw,is_target,ptu_blind,bbox_u,bbox_v,bbox_w,bbox_h
1778699290.148332,0,0.984718,0.999821,0.984542,1.0872,-0.0127,1.2497,0.000,-0.649,-171.382,0,0,304,233,97,111
1778699290.148332,1,0.952922,0.913671,0.870658,1.0668,-0.4756,1.3026,0.000,-8.683,151.131,0,0,566,202,114,114
1778699290.148332,2,0.959697,0.893441,0.857432,0.9567,0.4046,1.3586,0.000,1.707,-141.246,0,0,39,156,79,132
1778699290.148332,0,0.985043,0.999858,0.984903,1.0872,-0.0127,1.2497,0.000,-0.649,-171.382,0,0,305,234,96,110
1778699290.148332,1,0.956219,0.913592,0.873594,1.0668,-0.4756,1.3026,0.000,-8.683,151.131,0,0,566,201,113,115
1778699290.148332,2,0.954623,0.893441,0.852899,0.9567,0.4046,1.3586,0.000,1.707,-141.246,0,0,39,156,78,130
1778699290.215070,0,0.983266,0.999858,0.983127,1.0904,-0.0145,1.2482,0.000,-0.275,-171.229,0,0,305,233,96,111
1778699290.215070,1,0.955149,0.913592,0.872616,1.0667,-0.4756,1.3044,-0.000,-7.576,150.057,0,0,566,201,114,117
1778699290.215070,2,0.965257,0.893441,0.862401,0.9548,0.4037,1.3582,-0.000,1.068,-140.471,0,0,39,156,78,130
1778699290.315177,0,0.982239,0.999852,0.982094,1.0904,-0.0145,1.2482,0.000,-1.341,-171.391,0,0,305,233,96,111
1778699290.315177,1,0.953446,0.913671,0.871137,1.0637,-0.4743,1.3039,0.000,-7.952,150.499,0,0,566,202,114,115
1778699290.315177,2,0.960027,0.893614,0.857894,0.9548,0.4037,1.3582,0.000,1.790,-142.768,0,0,39,157,78,130
1778699290.448638,0,0.982302,0.999852,0.982156,1.0872,-0.0145,1.2497,0.000,-1.163,-170.915,0,0,305,233,96,111
1778699290.448638,1,0.952671,0.913592,0.870352,1.0667,-0.4756,1.3044,0.000,-8.636,151.112,0,0,566,201,113,117
1778699290.448638,2,0.957940,0.893441,0.855863,0.9548,0.4037,1.3582,0.000,1.804,-140.699,0,0,39,156,78,132
1778699290.448638,0,0.981894,0.999852,0.981749,1.0872,-0.0145,1.2497,-0.000,-1.280,-170.853,0,0,305,233,96,111
1778699290.448638,1,0.946527,0.913592,0.864739,1.0667,-0.4756,1.3044,-0.000,-9.604,150.416,0,0,566,201,115,117
1778699290.448638,2,0.960089,0.893441,0.857783,0.9548,0.4037,1.3582,0.000,1.657,-141.397,0,0,38,156,77,129
1778699290.615484,0,0.982948,0.999852,0.982802,1.0872,-0.0145,1.2497,0.000,-0.974,-171.014,0,0,305,233,96,113
1778699290.615484,1,0.950925,0.913671,0.868833,1.0668,-0.4756,1.3026,-0.000,-9.064,151.103,0,0,566,202,114,114
1778699290.615484,2,0.959252,0.893266,0.856867,0.9517,0.4022,1.3590,-0.000,2.171,-140.806,0,0,39,155,78,133
1778699290.615484,0,0.981705,0.999852,0.981559,1.0872,-0.0145,1.2497,0.000,-0.974,-171.014,0,0,305,233,96,113
1778699290.615484,1,0.953787,0.913671,0.871448,1.0668,-0.4756,1.3026,-0.000,-9.064,151.103,0,0,566,202,114,114
1778699290.615484,2,0.965082,0.893441,0.862244,0.9517,0.4022,1.3590,-0.000,2.171,-140.806,0,0,39,156,78,130
1778699290.748961,0,0.983065,0.999852,0.982920,1.0872,-0.0145,1.2497,0.000,-1.151,-171.221,0,0,305,233,97,111
1778699290.748961,1,0.955910,0.913592,0.873312,1.0667,-0.4756,1.3044,-0.000,-8.166,151.758,0,0,566,201,114,114
1778699290.748961,2,0.960395,0.893441,0.858057,0.9567,0.4046,1.3586,0.000,1.283,-141.823,0,0,39,156,78,130
1778699290.748961,0,0.982118,0.999852,0.981972,1.0872,-0.0145,1.2497,-0.000,-1.419,-171.071,0,0,305,233,97,111
1778699290.748961,1,0.955513,0.913592,0.872948,1.0667,-0.4756,1.3044,-0.000,-7.955,150.737,0,0,566,201,113,115
1778699290.748961,2,0.976244,0.893441,0.872217,0.9567,0.4046,1.3586,-0.000,2.064,-146.503,0,0,38,155,77,135
1778699290.849084,0,0.981820,0.999852,0.981674,1.0872,-0.0145,1.2497,0.000,-1.403,-170.934,0,0,305,233,97,111
1778699290.849084,1,0.952032,0.913592,0.869768,1.0696,-0.4769,1.3048,-0.000,-8.853,151.453,0,0,566,202,112,114
1778699290.849084,2,0.959705,0.892662,0.856692,0.9517,0.4038,1.3590,0.000,2.066,-140.923,0,0,39,156,78,129
1778699290.982566,0,0.981054,0.999852,0.980909,1.0872,-0.0145,1.2497,-0.000,-1.445,-170.663,0,0,305,233,97,113
1778699290.982566,1,0.954283,0.913671,0.871901,1.0698,-0.4769,1.3031,0.000,-8.407,151.107,0,0,566,201,114,117
1778699290.982566,2,0.961153,0.893441,0.858734,0.9548,0.4037,1.3582,0.000,1.725,-141.630,0,0,39,156,78,129
1778699291.049300,0,0.981485,0.999852,0.981339,1.0872,-0.0145,1.2497,0.000,-1.842,-171.214,0,0,305,233,97,111
1778699291.049300,1,0.946487,0.913592,0.864703,1.0696,-0.4769,1.3048,0.000,-10.003,151.912,0,0,566,201,112,115
1778699291.049300,2,0.972351,0.893441,0.868739,0.9548,0.4037,1.3582,-0.000,1.438,-145.675,0,0,39,156,78,133
1778699291.116029,0,0.981665,0.999852,0.981520,1.0872,-0.0145,1.2497,0.000,-1.880,-171.329,0,0,305,233,97,113
1778699291.116029,1,0.945366,0.913671,0.863754,1.0698,-0.4769,1.3031,-0.000,-10.545,153.307,0,0,566,202,114,114
1778699291.116029,2,0.973145,0.893441,0.869448,0.9518,0.4022,1.3575,-0.000,1.365,-146.116,0,0,39,156,78,133
1778699291.216105,0,0.980633,0.999842,0.980479,1.0870,-0.0145,1.2515,0.000,-2.058,-171.176,0,0,305,232,97,113
1778699291.216105,1,0.949400,0.913592,0.867363,1.0696,-0.4769,1.3048,-0.000,-9.284,151.177,0,0,566,201,113,115
1778699291.216105,2,0.966629,0.893441,0.863626,0.9518,0.4022,1.3575,0.000,1.863,-143.124,0,0,39,156,79,132
1778699291.216105,0,0.982751,0.999852,0.982606,1.0870,-0.0145,1.2515,0.000,-2.058,-171.176,0,0,305,233,97,113
1778699291.216105,1,0.948352,0.913592,0.866406,1.0696,-0.4769,1.3048,-0.000,-9.284,151.177,0,0,566,201,114,115
1778699291.216105,2,0.960524,0.893441,0.858171,0.9518,0.4022,1.3575,0.000,1.863,-143.124,0,0,39,156,79,132
1778699291.282875,0,0.983550,0.999852,0.983404,1.0842,-0.0146,1.2494,0.000,-0.871,-171.175,0,0,305,233,97,113
1778699291.282875,1,0.945463,0.913592,0.863767,1.0667,-0.4756,1.3044,0.000,-10.256,152.239,0,0,567,202,114,114
1778699291.282875,2,0.946764,0.893441,0.845878,0.9518,0.4022,1.3575,-0.000,1.030,-138.628,0,0,39,157,79,130
1778699291.282875,0,0.983188,0.999852,0.983042,1.0842,-0.0146,1.2494,0.000,-0.871,-171.175,0,0,305,233,97,113
1778699291.282875,1,0.947986,0.913592,0.866072,1.0667,-0.4756,1.3044,0.000,-10.256,152.239,0,0,566,201,113,115
1778699291.282875,2,0.953092,0.893441,0.851532,0.9518,0.4022,1.3575,-0.000,1.030,-138.628,0,0,39,156,79,132
1778699291.483058,0,0.983431,0.999852,0.983285,1.0842,-0.0146,1.2494,0.000,-0.465,-170.791,0,0,305,233,97,113
1778699291.483058,1,0.949903,0.913671,0.867899,1.0668,-0.4756,1.3026,0.000,-9.380,151.567,0,0,566,202,113,114
1778699291.483058,2,0.957479,0.893614,0.855617,0.9569,0.4046,1.3571,0.000,1.966,-140.386,0,0,39,157,79,130
1778699291.549808,0,0.983847,0.999885,0.983734,1.0874,-0.0163,1.2479,-0.000,-0.706,-171.176,0,0,306,234,97,111
1778699291.549808,1,0.948278,0.913592,0.866339,1.0696,-0.4769,1.3048,0.000,-9.700,152.028,0,0,566,201,113,113
1778699291.549808,2,0.956222,0.893441,0.854328,0.9548,0.4037,1.3582,-0.000,0.962,-140.980,0,0,39,156,79,132
1778699291.549808,0,0.984837,0.999885,0.984724,1.0874,-0.0163,1.2479,-0.000,-0.390,-171.334,0,0,306,234,97,111
1778699291.549808,1,0.947136,0.913592,0.865295,1.0696,-0.4769,1.3048,0.000,-9.552,150.622,0,0,567,201,114,115
1778699291.549808,2,0.961561,0.893441,0.859098,0.9548,0.4037,1.3582,-0.000,2.037,-141.470,0,0,39,157,79,130
1778699291.716655,0,0.985189,0.999885,0.985077,1.0874,-0.0163,1.2479,0.000,0.113,-171.098,0,0,306,234,97,111
1778699291.716655,1,0.944250,0.913001,0.862101,1.0667,-0.4774,1.3044,0.000,-10.011,150.276,0,0,567,201,114,115
1778699291.716655,2,0.956656,0.893614,0.854881,0.9569,0.4046,1.3571,0.000,1.042,-140.948,0,0,39,157,79,130
1778699291.716655,0,0.984796,0.999885,0.984683,1.0874,-0.0163,1.2479,0.000,0.109,-170.940,0,0,306,234,97,111
1778699291.716655,1,0.949660,0.913001,0.867041,1.0667,-0.4774,1.3044,-0.000,-9.343,151.490,0,0,567,202,114,114
1778699291.716655,2,0.961892,0.893614,0.859561,0.9569,0.4046,1.3571,0.000,1.071,-142.382,0,0,39,156,79,132
1778699291.716655,0,0.985467,0.999885,0.985354,1.0874,-0.0163,1.2479,0.000,0.109,-170.940,0,0,306,234,97,111
1778699291.716655,1,0.948038,0.913081,0.865635,1.0667,-0.4774,1.3044,-0.000,-9.343,151.490,0,0,566,201,113,113
1778699291.716655,2,0.963683,0.893441,0.860994,0.9569,0.4046,1.3571,0.000,1.071,-142.382,0,0,39,156,78,132
1778699291.883447,0,0.985323,0.999885,0.985210,1.0874,-0.0163,1.2479,0.000,-0.219,-171.404,0,0,306,234,97,111
1778699291.883447,1,0.950142,0.913592,0.868041,1.0696,-0.4769,1.3048,0.000,-9.290,151.753,0,0,567,202,114,114
1778699292.016930,0,0.985169,0.999885,0.985057,1.0874,-0.0163,1.2479,0.000,-0.366,-171.456,0,0,306,234,97,111
1778699292.016930,1,0.949762,0.913001,0.867134,1.0667,-0.4774,1.3044,-0.000,-9.263,151.250,0,0,567,201,114,115
1778699292.016930,2,0.959935,0.893441,0.857645,0.9518,0.4022,1.3575,-0.000,1.948,-141.104,0,0,39,156,79,132
1778699292.083668,0,0.986512,0.999885,0.986399,1.0874,-0.0163,1.2479,0.000,-0.051,-171.792,0,0,306,234,97,111
1778699292.083668,3,0.947971,0.913001,0.865499,1.0696,-0.4787,1.3048,0.000,-9.589,151.213,0,0,567,201,114,115
1778699292.083668,2,0.959068,0.893441,0.856871,0.9518,0.4022,1.3575,0.000,0.242,-142.495,0,0,39,156,78,130
1778699292.083668,0,0.986532,0.999885,0.986419,1.0874,-0.0163,1.2479,-0.000,0.108,-171.675,0,0,306,234,97,111
1778699292.083668,3,0.947191,0.913001,0.864786,1.0696,-0.4787,1.3048,0.000,-9.563,150.590,0,0,567,201,114,115
1778699292.083668,2,0.963021,0.893441,0.860403,0.9518,0.4022,1.3575,0.000,1.118,-142.760,0,0,39,156,78,133
1778699292.083668,0,0.985785,0.999885,0.985672,1.0874,-0.0163,1.2479,-0.000,0.108,-171.675,0,0,306,234,97,111
1778699292.083668,3,0.942879,0.913001,0.860850,1.0696,-0.4787,1.3048,0.000,-9.563,150.590,0,0,567,201,114,115
1778699292.283874,0,0.983051,0.999885,0.982939,1.0874,-0.0163,1.2479,0.000,-1.253,-171.319,0,0,306,234,98,111
1778699292.283874,1,0.951244,0.913001,0.868487,1.0667,-0.4774,1.3044,0.000,-8.772,150.528,0,0,567,201,113,115
1778699292.283874,2,0.953008,0.893441,0.851457,0.9548,0.4037,1.3582,0.000,0.906,-140.203,0,0,39,156,78,132
1778699292.283874,0,0.982174,0.999861,0.982037,1.0874,-0.0163,1.2479,0.000,-1.253,-171.319,0,0,305,235,97,111
1778699292.283874,4,0.953488,0.913001,0.870536,1.0667,-0.4774,1.3044,0.000,-8.772,150.528,0,0,567,201,114,117
1778699292.283874,2,0.956629,0.893441,0.854692,0.9548,0.4037,1.3582,0.000,0.906,-140.203,0,0,39,156,78,132
1778699292.417333,0,0.982565,0.999858,0.982425,1.0874,-0.0145,1.2479,0.000,-1.129,-170.906,0,0,305,234,97,111
1778699292.417333,4,0.953626,0.913001,0.870662,1.0667,-0.4774,1.3044,-0.000,-8.257,150.389,0,0,567,201,113,117
1778699292.417333,2,0.973838,0.893614,0.870236,0.9569,0.4046,1.3571,-0.000,1.715,-145.807,0,0,39,157,78,132
1778699292.417333,0,0.985368,0.999885,0.985256,1.0874,-0.0145,1.2479,0.000,-1.129,-170.906,0,0,306,234,96,113
1778699292.417333,4,0.950549,0.913001,0.867853,1.0667,-0.4774,1.3044,-0.000,-8.257,150.389,0,0,567,201,113,117
1778699292.417333,2,0.961873,0.893441,0.859377,0.9569,0.4046,1.3571,-0.000,1.715,-145.807,0,0,39,156,78,130
1778699292.484070,0,0.987686,0.999885,0.987573,1.0874,-0.0163,1.2479,0.000,-0.657,-171.792,0,0,306,234,96,111
1778699292.484070,4,0.953564,0.913001,0.870606,1.0696,-0.4787,1.3048,0.000,-8.654,149.767,0,0,567,201,114,117
1778699292.484070,2,0.972279,0.893441,0.868674,0.9518,0.4022,1.3575,0.000,1.126,-142.405,0,0,38,155,76,133
1778699292.650917,0,0.985704,0.999885,0.985591,1.0874,-0.0163,1.2479,0.000,-0.316,-171.648,0,0,306,234,98,114
1778699292.650917,4,0.946499,0.913001,0.864155,1.0667,-0.4774,1.3044,0.000,-9.778,150.896,0,0,567,201,114,115
1778699292.650917,2,0.969967,0.893266,0.866439,0.9517,0.4022,1.3590,0.000,1.828,-144.374,0,0,39,155,78,133
1778699292.717655,0,0.986430,0.999885,0.986317,1.0844,-0.0164,1.2476,0.000,-0.176,-171.858,0,0,306,234,96,113
1778699292.717655,4,0.946250,0.913001,0.863928,1.0667,-0.4774,1.3044,-0.000,-9.921,151.270,0,0,567,201,114,115
1778699292.717655,2,0.962662,0.893266,0.859913,0.9517,0.4022,1.3590,0.000,1.578,-142.274,0,0,39,155,79,133
1778699292.717655,0,0.986519,0.999885,0.986406,1.0844,-0.0164,1.2476,0.000,-0.176,-171.858,0,0,306,234,97,111
1778699292.717655,1,0.948931,0.913001,0.866375,1.0667,-0.4774,1.3044,-0.000,-9.921,151.270,0,0,567,201,114,117
1778699292.784394,0,0.984748,0.999885,0.984636,1.0844,-0.0164,1.2476,0.000,-0.342,-171.258,0,0,306,234,96,113
1778699292.784394,1,0.946635,0.913001,0.864279,1.0667,-0.4774,1.3044,0.000,-10.018,151.995,0,0,566,201,113,113
1778699292.917885,0,0.986589,0.999885,0.986476,1.0874,-0.0163,1.2479,0.000,0.342,-171.523,0,0,306,234,96,111
1778699292.917885,4,0.946566,0.913001,0.864217,1.0667,-0.4774,1.3044,0.000,-9.526,150.092,0,0,567,201,114,115
1778699292.917885,2,0.972230,0.893614,0.868799,0.9549,0.4037,1.3566,0.000,1.633,-145.257,0,0,39,157,78,133
1778699292.984623,0,0.985175,0.999885,0.985062,1.0874,-0.0163,1.2479,0.000,-0.104,-171.252,0,0,306,234,96,111
1778699292.984623,4,0.948827,0.913592,0.866840,1.0667,-0.4756,1.3044,0.000,-9.285,150.795,0,0,566,201,115,115
1778699292.984623,2,0.956012,0.893441,0.854140,0.9548,0.4037,1.3582,0.000,0.601,-141.260,0,0,39,156,78,132
1778699292.984623,0,0.985815,0.999885,0.985702,1.0874,-0.0163,1.2479,-0.000,0.185,-171.307,0,0,306,234,96,113
1778699292.984623,1,0.952510,0.913592,0.870205,1.0667,-0.4756,1.3044,-0.000,-8.776,151.513,0,0,566,201,113,117
1778699293.084741,0,0.986230,0.999885,0.986117,1.0874,-0.0163,1.2479,-0.000,0.540,-171.231,0,0,306,234,97,113
1778699293.084741,4,0.952314,0.913671,0.870102,1.0668,-0.4756,1.3026,0.000,-8.762,150.990,0,0,566,202,114,117
1778699293.084741,0,0.985089,0.999885,0.984976,1.0874,-0.0163,1.2479,-0.000,-0.218,-171.304,0,0,306,234,97,113
1778699293.084741,5,0.953556,0.913671,0.871237,1.0668,-0.4756,1.3026,0.000,-8.521,151.004,0,0,567,202,114,117
1778699293.218218,6,0.984695,0.999885,0.984582,1.0874,-0.0163,1.2479,0.000,0.125,-170.888,0,0,306,234,97,113
1778699293.218218,0,0.948328,0.913671,0.866460,1.0668,-0.4756,1.3026,0.000,-9.913,152.696,0,0,566,202,114,117
1778699293.218218,2,0.959387,0.893614,0.857322,0.9549,0.4037,1.3566,0.000,1.082,-141.653,0,0,39,157,79,132
1778699293.284956,6,0.986453,0.999885,0.986340,1.0874,-0.0163,1.2479,0.000,0.042,-171.692,0,0,306,234,97,111
1778699293.284956,0,0.951324,0.913749,0.869271,1.0640,-0.4743,1.3004,0.000,-9.597,153.659,0,0,566,203,114,115
1778699293.284956,2,0.966376,0.893441,0.863400,0.9548,0.4037,1.3582,0.000,1.762,-143.144,0,0,39,156,78,132
1778699293.385067,6,0.986153,0.999885,0.986040,1.0874,-0.0163,1.2479,0.000,-0.005,-171.596,0,0,306,234,97,111
1778699293.385067,0,0.949196,0.913749,0.867327,1.0640,-0.4743,1.3004,0.000,-9.722,152.079,0,0,566,203,113,114
1778699293.385067,2,0.966055,0.893441,0.863113,0.9548,0.4037,1.3582,0.000,1.974,-142.835,0,0,39,156,79,132
1778699293.485182,6,0.985520,0.999885,0.985407,1.0874,-0.0163,1.2479,0.000,0.148,-171.210,0,0,306,234,97,113
1778699293.485182,0,0.944080,0.913749,0.862652,1.0670,-0.4756,1.3008,-0.000,-10.798,152.876,0,0,566,202,113,117
1778699293.485182,2,0.967806,0.893266,0.864508,0.9546,0.4037,1.3597,0.000,1.038,-144.540,0,0,39,155,78,135
1778699293.551905,6,0.985800,0.999885,0.985687,1.0874,-0.0163,1.2479,-0.000,-0.148,-171.554,0,0,306,234,97,113
1778699293.551905,0,0.949252,0.913081,0.866744,1.0639,-0.4760,1.3021,0.000,-9.757,152.656,0,0,567,202,114,117
1778699293.551905,2,0.969097,0.893441,0.865832,0.9548,0.4037,1.3582,-0.000,2.131,-143.654,0,0,39,156,79,132
1778699293.551905,0,0.985424,0.999885,0.985311,1.0874,-0.0163,1.2479,-0.000,-0.043,-171.311,0,0,306,234,97,113
1778699293.551905,1,0.946522,0.913081,0.864252,1.0639,-0.4760,1.3021,0.000,-10.247,152.612,0,0,566,202,113,117
1778699293.618634,0,0.985785,0.999885,0.985672,1.0874,-0.0163,1.2479,0.000,0.373,-171.160,0,0,306,234,97,113
1778699293.618634,1,0.949496,0.913671,0.867527,1.0668,-0.4756,1.3026,0.000,-9.479,151.658,0,0,567,202,114,117
1778699293.752073,6,0.984400,0.999910,0.984311,1.0874,-0.0181,1.2479,0.000,0.025,-170.942,0,0,307,234,96,113
1778699293.752073,0,0.953574,0.913081,0.870690,1.0639,-0.4760,1.3021,0.000,-8.803,151.998,0,0,567,202,114,120
1778699293.752073,2,0.969111,0.893441,0.865844,0.9567,0.4046,1.3586,-0.000,1.272,-144.624,0,0,39,156,78,133
1778699293.818781,6,0.984768,0.999910,0.984679,1.0874,-0.0181,1.2479,0.000,-0.194,-171.252,0,0,307,234,97,113
1778699293.818781,0,0.956449,0.913671,0.873880,1.0668,-0.4756,1.3026,0.000,-8.082,151.507,0,0,566,202,113,117
1778699293.818781,2,0.962024,0.892662,0.858762,0.9546,0.4053,1.3597,0.000,0.246,-143.421,0,0,38,155,77,133
1778699293.818781,6,0.983863,0.999910,0.983775,1.0874,-0.0181,1.2479,0.000,-0.016,-170.759,0,0,307,235,97,111
1778699293.818781,0,0.947472,0.913671,0.865678,1.0668,-0.4756,1.3026,-0.000,-9.784,151.364,0,0,567,203,114,118
1778699293.818781,2,0.957536,0.892662,0.854756,0.9546,0.4053,1.3597,0.000,1.228,-141.073,0,0,39,156,78,132
1778699293.918889,6,0.983758,0.999913,0.983673,1.0876,-0.0181,1.2461,0.000,-0.615,-171.087,0,0,307,234,97,113
1778699293.918889,0,0.949316,0.913158,0.866875,1.0640,-0.4760,1.3004,0.000,-9.520,151.219,0,0,566,202,113,120
1778699293.918889,2,0.963606,0.893441,0.860926,0.9548,0.4037,1.3582,0.000,1.704,-142.353,0,0,39,156,78,132
1778699293.985608,6,0.981586,0.999910,0.981498,1.0874,-0.0181,1.2479,0.000,-1.441,-170.986,0,0,307,235,97,111
1778699293.985608,0,0.956772,0.913671,0.874175,1.0668,-0.4756,1.3026,0.000,-8.074,151.726,0,0,566,202,113,117
1778699293.985608,2,0.958494,0.893441,0.856358,0.9567,0.4046,1.3586,0.000,0.314,-142.248,0,0,39,156,78,132
1778699293.985608,6,0.983047,0.999913,0.982962,1.0874,-0.0181,1.2479,0.000,-1.441,-170.986,0,0,307,234,97,113
1778699293.985608,0,0.954575,0.913671,0.872168,1.0668,-0.4756,1.3026,0.000,-8.074,151.726,0,0,566,202,113,118
1778699293.985608,2,0.975542,0.893441,0.871589,0.9567,0.4046,1.3586,0.000,0.314,-142.248,0,0,39,155,78,135
1778699294.152461,0,0.982322,0.999910,0.982234,1.0874,-0.0181,1.2479,-0.000,-1.055,-170.947,0,0,307,234,97,113
1778699294.152461,1,0.952740,0.913671,0.870491,1.0668,-0.4756,1.3026,0.000,-8.592,150.702,0,0,566,202,113,115
1778699294.219206,0,0.982827,0.999910,0.982739,1.0874,-0.0181,1.2479,0.000,-0.748,-170.897,0,0,307,234,97,113
1778699294.219206,1,0.952245,0.913592,0.869963,1.0696,-0.4769,1.3048,0.000,-8.539,150.512,0,0,566,201,113,117
1778699294.219206,2,0.959626,0.893614,0.857535,0.9569,0.4046,1.3571,0.000,1.976,-140.932,0,0,39,157,78,130
1778699294.219206,6,0.985415,0.999910,0.985327,1.0874,-0.0181,1.2479,0.000,0.019,-171.362,0,0,307,234,97,113
1778699294.219206,0,0.952116,0.913592,0.869845,1.0696,-0.4769,1.3048,-0.000,-8.683,150.897,0,0,567,201,114,117
1778699294.219206,2,0.963499,0.893614,0.860997,0.9569,0.4046,1.3571,0.000,0.814,-143.143,0,0,38,155,77,133
1778699294.219206,6,0.985784,0.999910,0.985695,1.0874,-0.0181,1.2479,0.000,0.019,-171.362,0,0,307,235,97,111
1778699294.219206,0,0.952263,0.913001,0.869417,1.0696,-0.4769,1.3048,-0.000,-8.683,150.897,0,0,567,202,114,115
1778699294.219206,2,0.965338,0.892662,0.861720,0.9569,0.4046,1.3571,0.000,0.814,-143.143,0,0,39,156,78,132
1778699294.452784,6,0.985836,0.999913,0.985750,1.0876,-0.0181,1.2461,-0.000,0.112,-171.398,0,0,307,234,97,113
1778699294.452784,0,0.952934,0.913081,0.870106,1.0668,-0.4774,1.3026,0.000,-8.465,150.325,0,0,566,201,113,117
1778699294.452784,2,0.960966,0.893441,0.858566,0.9548,0.4037,1.3582,0.000,0.839,-142.427,0,0,39,156,78,132
1778699294.519511,6,0.985275,0.999910,0.985187,1.0874,-0.0181,1.2479,0.000,0.172,-171.192,0,0,307,234,96,113
1778699294.519511,0,0.953580,0.913671,0.871259,1.0698,-0.4769,1.3031,0.000,-8.688,151.630,0,0,566,202,113,115
1778699294.519511,2,0.974778,0.892837,0.870318,0.9567,0.4062,1.3586,0.000,1.749,-146.192,0,0,38,156,76,133
1778699294.586218,6,0.986884,0.999910,0.986796,1.0874,-0.0181,1.2479,-0.000,0.359,-171.741,0,0,307,234,98,113
1778699294.586218,0,0.951801,0.913592,0.869557,1.0667,-0.4756,1.3044,0.000,-8.958,151.690,0,0,566,201,113,117
1778699294.586218,2,0.957022,0.893441,0.855043,0.9567,0.4046,1.3586,0.000,0.198,-141.943,0,0,39,156,78,132
1778699294.586218,6,0.985708,0.999910,0.985619,1.0874,-0.0181,1.2479,0.000,0.531,-171.123,0,0,306,234,97,113
1778699294.586218,0,0.950960,0.913592,0.868789,1.0667,-0.4756,1.3044,0.000,-9.160,151.861,0,0,566,202,113,114
1778699294.586218,2,0.963042,0.893441,0.860421,0.9567,0.4046,1.3586,-0.000,0.931,-142.963,0,0,39,157,78,130
1778699294.686326,6,0.985739,0.999885,0.985626,1.0874,-0.0163,1.2479,-0.000,0.554,-171.019,0,0,306,235,97,111
1778699294.686326,0,0.950024,0.913671,0.868010,1.0668,-0.4756,1.3026,-0.000,-9.339,151.493,0,0,566,201,113,115
1778699294.686326,2,0.961751,0.893614,0.859434,0.9549,0.4037,1.3566,-0.000,0.953,-142.460,0,0,39,157,78,130
1778699294.753064,6,0.986685,0.999889,0.986575,1.0876,-0.0163,1.2461,0.000,0.558,-171.345,0,0,307,234,96,113
1778699294.753064,0,0.952303,0.913592,0.870016,1.0696,-0.4769,1.3048,-0.000,-8.970,152.159,0,0,566,202,112,114
1778699294.753064,2,0.974826,0.893614,0.871119,0.9569,0.4046,1.3571,0.000,1.743,-146.196,0,0,39,156,78,133
1778699294.886539,6,0.987436,0.999910,0.987347,1.0874,-0.0181,1.2479,0.000,0.622,-171.796,0,0,307,235,97,111
1778699294.886539,0,0.950149,0.914260,0.868684,1.0668,-0.4738,1.3026,0.000,-9.581,152.840,0,0,565,202,113,114
1778699294.886539,2,0.962918,0.893441,0.860311,0.9548,0.4037,1.3582,0.000,0.921,-142.935,0,0,39,156,78,132
1778699294.953277,6,0.986106,0.999910,0.986018,1.0874,-0.0181,1.2479,-0.000,0.384,-171.388,0,0,307,234,96,113
1778699294.953277,0,0.951614,0.913592,0.869387,1.0667,-0.4756,1.3044,0.000,-8.959,151.551,0,0,566,201,112,115
1778699294.953277,2,0.960559,0.893614,0.858369,0.9569,0.4046,1.3571,0.000,0.914,-142.148,0,0,39,157,78,130
1778699295.020040,6,0.986090,0.999913,0.986004,1.0876,-0.0181,1.2461,-0.000,0.260,-171.399,0,0,307,235,96,111
1778699295.020040,0,0.953503,0.914181,0.871674,1.0667,-0.4738,1.3044,-0.000,-8.727,152.220,0,0,565,201,113,115
1778699295.020040,2,0.971182,0.893441,0.867694,0.9548,0.4037,1.3582,0.000,1.492,-145.132,0,0,39,156,78,133
1778699295.020040,6,0.984301,0.999913,0.984215,1.0876,-0.0181,1.2461,0.000,-0.720,-171.397,0,0,307,234,97,113
1778699295.020040,0,0.951818,0.914181,0.870133,1.0667,-0.4738,1.3044,0.000,-9.032,152.128,0,0,565,201,113,115
1778699295.020040,2,0.961648,0.893441,0.859176,0.9548,0.4037,1.3582,0.000,1.263,-142.202,0,0,39,156,78,132
1778699295.186887,6,0.984824,0.999910,0.984736,1.0874,-0.0181,1.2479,0.000,-0.583,-171.589,0,0,307,234,97,113
1778699295.186887,0,0.953575,0.914181,0.871740,1.0696,-0.4752,1.3048,-0.000,-8.682,152.084,0,0,565,201,113,115
1778699295.186887,2,0.965846,0.893614,0.863094,0.9569,0.4046,1.3571,0.000,0.927,-143.784,0,0,39,157,78,130
1778699295.253613,6,0.984104,0.999910,0.984016,1.0874,-0.0181,1.2479,0.000,-0.867,-171.523,0,0,307,234,97,114
1778699295.253613,0,0.950763,0.914181,0.869169,1.0696,-0.4752,1.3048,-0.000,-9.116,151.632,0,0,566,201,113,115
1778699295.253613,2,0.962891,0.893614,0.860454,0.9569,0.4046,1.3571,0.000,0.949,-142.809,0,0,39,157,78,130
1778699295.320339,6,0.982456,0.999910,0.982368,1.0874,-0.0181,1.2479,0.000,-0.419,-170.504,0,0,307,234,97,114
1778699295.320339,0,0.948658,0.913592,0.866686,1.0637,-0.4743,1.3039,-0.000,-9.708,152.406,0,0,566,201,113,117
1778699295.320339,2,0.961019,0.893614,0.858781,0.9569,0.4046,1.3571,-0.000,0.734,-142.466,0,0,39,157,78,132
1778699295.387076,6,0.983630,0.999910,0.983542,1.0904,-0.0181,1.2482,0.000,-0.313,-170.881,0,0,307,234,97,114
1778699295.387076,0,0.950726,0.913001,0.868014,1.0637,-0.4760,1.3039,-0.000,-9.169,151.606,0,0,567,201,114,117
1778699295.387076,2,0.957908,0.893614,0.856000,0.9569,0.4046,1.3571,0.000,0.374,-141.928,0,0,39,157,79,130
1778699295.453815,6,0.983910,0.999925,0.983837,1.0872,-0.0199,1.2497,-0.000,-0.143,-171.041,0,0,308,233,98,113
1778699295.453815,0,0.952292,0.913592,0.870006,1.0667,-0.4756,1.3044,-0.000,-8.997,152.278,0,0,566,201,113,117
1778699295.453815,2,0.964231,0.893614,0.861651,0.9569,0.4046,1.3571,0.000,1.598,-142.562,0,0,39,157,79,130
1778699295.453815,6,0.982627,0.999925,0.982554,1.0872,-0.0199,1.2497,-0.000,-0.071,-170.494,0,0,307,233,97,113
1778699295.453815,0,0.953261,0.913592,0.870891,1.0667,-0.4756,1.3044,0.000,-8.574,151.306,0,0,567,201,114,117
1778699295.453815,2,0.961474,0.893614,0.859188,0.9569,0.4046,1.3571,0.000,1.022,-142.308,0,0,39,157,79,130
1778699295.553905,6,0.982640,0.999904,0.982546,1.0872,-0.0181,1.2497,0.000,-0.655,-170.828,0,0,307,233,97,113
1778699295.553905,0,0.953154,0.913001,0.870231,1.0637,-0.4760,1.3039,0.000,-8.693,151.573,0,0,567,201,114,117
1778699295.553905,2,0.963159,0.893614,0.860693,0.9569,0.4046,1.3571,0.000,1.329,-142.503,0,0,39,156,78,132
1778699295.620635,6,0.982279,0.999904,0.982185,1.0872,-0.0181,1.2497,0.000,-0.408,-170.501,0,0,307,233,97,113
1778699295.620635,0,0.953704,0.913001,0.870733,1.0667,-0.4774,1.3044,0.000,-8.607,151.663,0,0,567,201,113,115
1778699295.620635,2,0.966141,0.893441,0.863191,0.9567,0.4046,1.3586,0.000,0.949,-143.957,0,0,39,157,79,130
1778699295.687373,6,0.982082,0.999904,0.981987,1.0842,-0.0181,1.2494,0.000,-0.184,-170.268,0,0,307,234,97,113
1778699295.687373,0,0.954438,0.913001,0.871403,1.0667,-0.4774,1.3044,0.000,-8.647,152.485,0,0,567,200,114,117
1778699295.687373,2,0.963297,0.893614,0.860816,0.9569,0.4046,1.3571,0.000,0.427,-143.517,0,0,39,156,79,132
1778699295.820837,6,0.983393,0.999910,0.983305,1.0874,-0.0181,1.2479,0.000,-0.648,-171.045,0,0,308,234,98,113
1778699295.820837,0,0.959022,0.912920,0.875510,1.0665,-0.4774,1.3061,0.000,-7.551,152.111,0,0,567,200,114,118
1778699295.820837,2,0.957769,0.893441,0.855710,0.9567,0.4046,1.3586,0.000,0.952,-141.405,0,0,39,156,79,132
1778699295.820837,6,0.983630,0.999932,0.983563,1.0874,-0.0181,1.2479,0.000,-0.648,-171.045,0,0,307,234,97,111
1778699295.820837,0,0.957326,0.912920,0.873962,1.0665,-0.4774,1.3061,0.000,-7.551,152.111,0,0,567,199,113,117
1778699295.820837,2,0.962475,0.893614,0.860082,0.9567,0.4046,1.3586,0.000,0.952,-141.405,0,0,39,157,79,130
1778699295.954327,6,0.984227,0.999910,0.984139,1.0874,-0.0181,1.2479,-0.000,0.200,-170.753,0,0,307,234,97,111
1778699295.954327,0,0.953621,0.912835,0.870499,1.0693,-0.4787,1.3084,0.000,-8.325,151.212,0,0,567,199,114,115
1778699295.954327,2,0.959060,0.893441,0.856864,0.9548,0.4037,1.3582,0.000,0.225,-142.511,0,0,39,156,79,132
1778699296.021071,6,0.983245,0.999910,0.983157,1.0874,-0.0181,1.2479,0.000,0.287,-170.323,0,0,307,234,97,111
1778699296.021071,0,0.957172,0.913425,0.874305,1.0693,-0.4769,1.3084,0.000,-7.520,151.013,0,0,566,199,113,115
1778699296.021071,2,0.964023,0.893441,0.861298,0.9548,0.4037,1.3582,-0.000,1.352,-142.826,0,0,39,156,79,132
1778699296.087804,6,0.983538,0.999910,0.983450,1.0874,-0.0181,1.2479,0.000,-0.111,-170.699,0,0,307,234,97,111
1778699296.087804,0,0.959447,0.913425,0.876383,1.0693,-0.4769,1.3084,0.000,-7.041,151.011,0,0,566,199,113,117
1778699296.087804,2,0.959945,0.893441,0.857654,0.9548,0.4037,1.3582,0.000,1.083,-141.887,0,0,39,156,79,132
1778699296.187907,6,0.983129,0.999910,0.983041,1.0874,-0.0181,1.2479,0.000,0.247,-170.305,0,0,307,234,97,111
1778699296.187907,0,0.956005,0.913425,0.873239,1.0663,-0.4756,1.3079,0.000,-7.928,151.611,0,0,566,199,113,115
1778699296.187907,2,0.963760,0.893614,0.861229,0.9549,0.4037,1.3566,0.000,1.337,-142.677,0,0,39,157,79,130
1778699296.187907,6,0.983803,0.999910,0.983714,1.0874,-0.0181,1.2479,-0.000,0.199,-170.590,0,0,307,234,97,114
1778699296.187907,0,0.962390,0.913425,0.879071,1.0663,-0.4756,1.3079,0.000,-6.478,151.254,0,0,566,198,113,117
1778699296.187907,2,0.963937,0.893614,0.861388,0.9549,0.4037,1.3566,0.000,1.220,-142.850,0,0,39,157,79,130
1778699296.321390,6,0.982869,0.999910,0.982781,1.0874,-0.0181,1.2479,0.000,-0.421,-170.663,0,0,307,234,97,114
1778699296.321390,0,0.959430,0.913425,0.876367,1.0663,-0.4756,1.3079,0.000,-6.849,150.428,0,0,566,199,113,115
1778699296.321390,2,0.961731,0.893441,0.859250,0.9567,0.4046,1.3586,0.000,0.942,-142.550,0,0,39,156,79,132
1778699296.388135,6,0.982925,0.999910,0.982837,1.0874,-0.0181,1.2479,0.000,-0.710,-170.907,0,0,307,234,97,111
1778699296.388135,0,0.958380,0.913425,0.875408,1.0633,-0.4743,1.3074,0.000,-7.099,150.499,0,0,566,199,113,117
1778699296.388135,2,0.964282,0.893614,0.861696,0.9549,0.4037,1.3566,0.000,1.402,-142.771,0,0,39,157,79,130
1778699296.454880,6,0.983502,0.999910,0.983413,1.0874,-0.0181,1.2479,-0.000,-0.429,-170.917,0,0,307,234,97,111
1778699296.454880,0,0.960127,0.913425,0.877004,1.0663,-0.4756,1.3079,0.000,-6.805,150.736,0,0,566,199,112,117
1778699296.454880,2,0.962028,0.893441,0.859516,0.9548,0.4037,1.3582,0.000,0.774,-142.817,0,0,39,156,79,132
1778699296.454880,6,0.983735,0.999910,0.983646,1.0874,-0.0181,1.2479,-0.000,-0.429,-170.917,0,0,307,234,97,113
1778699296.454880,0,0.958941,0.913425,0.875921,1.0663,-0.4756,1.3079,0.000,-6.805,150.736,0,0,566,199,112,117
1778699296.454880,2,0.955098,0.893441,0.853324,0.9548,0.4037,1.3582,0.000,0.774,-142.817,0,0,39,156,79,132
1778699296.621719,6,0.985619,0.999935,0.985554,1.0846,-0.0199,1.2458,0.000,-0.061,-171.535,0,0,308,235,98,111
1778699296.621719,0,0.960635,0.913509,0.877549,1.0635,-0.4743,1.3056,-0.000,-7.082,151.708,0,0,566,200,113,117
1778699296.621719,2,0.961192,0.893441,0.858769,0.9548,0.4037,1.3582,-0.000,0.494,-142.864,0,0,39,156,79,132
1778699296.688465,6,0.985183,0.999932,0.985116,1.0844,-0.0199,1.2476,0.000,-0.664,-171.918,0,0,308,234,98,113
1778699296.688465,0,0.961949,0.913509,0.878750,1.0635,-0.4743,1.3056,0.000,-6.539,150.862,0,0,566,200,113,117
1778699296.688465,2,0.960800,0.893441,0.858418,0.9567,0.4046,1.3586,0.000,0.637,-142.590,0,0,39,156,79,132
1778699296.688465,6,0.983503,0.999913,0.983418,1.0844,-0.0199,1.2476,0.000,-0.664,-171.918,0,0,307,235,97,110
1778699296.688465,0,0.959073,0.913509,0.876122,1.0635,-0.4743,1.3056,0.000,-6.539,150.862,0,0,566,200,113,117
1778699296.688465,2,0.963738,0.893441,0.861043,0.9567,0.4046,1.3586,0.000,0.637,-142.590,0,0,39,156,79,132
1778699296.755212,6,0.984494,0.999913,0.984408,1.0846,-0.0181,1.2458,0.000,-0.944,-171.672,0,0,307,235,97,111
1778699296.755212,0,0.956601,0.913509,0.873864,1.0635,-0.4743,1.3056,0.000,-7.539,150.428,0,0,566,199,113,117
1778699296.755212,2,0.966928,0.893441,0.863894,0.9567,0.4046,1.3586,-0.000,0.983,-144.190,0,0,39,156,79,132
1778699296.922054,6,0.986864,0.999935,0.986799,1.0846,-0.0199,1.2458,0.000,-0.044,-172.067,0,0,308,235,98,111
1778699296.922054,0,0.963256,0.913509,0.879944,1.0606,-0.4730,1.3051,0.000,-6.245,150.858,0,0,566,200,113,118
1778699296.922054,2,0.957942,0.893441,0.855865,0.9567,0.4046,1.3586,-0.000,0.418,-141.979,0,0,39,156,79,132
1778699296.922054,6,0.986143,0.999935,0.986079,1.0846,-0.0199,1.2458,0.000,-0.044,-172.067,0,0,308,235,98,111
1778699296.922054,0,0.965030,0.913509,0.881564,1.0606,-0.4730,1.3051,0.000,-6.245,150.858,0,0,566,200,113,118
1778699296.922054,2,0.954878,0.893441,0.853127,0.9567,0.4046,1.3586,-0.000,0.418,-141.979,0,0,39,156,78,132
1778699297.055524,6,0.987921,0.999932,0.987854,1.0844,-0.0199,1.2476,0.000,0.276,-172.381,0,0,308,234,97,113
1778699297.055524,0,0.967462,0.913592,0.883865,1.0607,-0.4730,1.3034,-0.000,-5.592,151.557,0,0,566,201,113,120
1778699297.055524,2,0.963846,0.893614,0.861307,0.9569,0.4046,1.3571,0.000,0.811,-143.258,0,0,39,157,79,130
1778699297.122262,6,0.986857,0.999935,0.986793,1.0846,-0.0199,1.2458,-0.000,-0.175,-172.171,0,0,308,235,97,111
1778699297.122262,0,0.963263,0.913592,0.880029,1.0607,-0.4730,1.3034,0.000,-6.505,151.384,0,0,566,201,113,118
1778699297.122262,2,0.960713,0.893441,0.858341,0.9567,0.4046,1.3586,0.000,0.573,-142.632,0,0,39,156,79,132
1778699297.188998,6,0.985672,0.999935,0.985608,1.0846,-0.0199,1.2458,-0.000,-0.022,-171.528,0,0,308,235,97,111
1778699297.188998,0,0.964480,0.913509,0.881061,1.0606,-0.4730,1.3051,0.000,-6.166,151.467,0,0,566,200,114,117
1778699297.188998,2,0.948938,0.893614,0.847985,0.9569,0.4046,1.3571,0.000,0.467,-139.517,0,0,39,157,79,130
1778699297.188998,6,0.987472,0.999935,0.987407,1.0846,-0.0199,1.2458,0.000,0.444,-171.969,0,0,308,235,97,111
1778699297.188998,0,0.961600,0.913509,0.878431,1.0606,-0.4730,1.3051,0.000,-6.694,151.100,0,0,566,200,114,117
1778699297.188998,2,0.965493,0.893614,0.862778,0.9569,0.4046,1.3571,0.000,1.191,-143.373,0,0,39,157,79,130
1778699297.188998,6,0.987076,0.999935,0.987011,1.0846,-0.0199,1.2458,0.000,0.444,-171.969,0,0,308,235,97,111
1778699297.188998,0,0.962506,0.913509,0.879258,1.0606,-0.4730,1.3051,0.000,-6.694,151.100,0,0,566,200,114,117
1778699297.188998,2,0.958900,0.893614,0.856887,0.9569,0.4046,1.3571,0.000,1.191,-143.373,0,0,39,156,79,129
1778699297.289093,6,0.987660,0.999935,0.987595,1.0816,-0.0200,1.2455,0.000,-0.011,-172.137,0,0,308,236,97,110
1778699297.289093,0,0.965338,0.914181,0.882493,1.0635,-0.4743,1.3056,-0.000,-6.403,150.828,0,0,565,201,113,118
1778699297.289093,2,0.953865,0.893614,0.852388,0.9569,0.4046,1.3571,0.000,1.098,-141.502,0,0,39,157,79,130
1778699297.422541,6,0.986279,0.999935,0.986215,1.0847,-0.0199,1.2441,0.000,0.301,-171.482,0,0,308,236,97,110
1778699297.422541,0,0.966580,0.914181,0.883628,1.0637,-0.4725,1.3039,0.000,-5.613,151.091,0,0,565,201,114,121
1778699297.422541,2,0.961875,0.893614,0.859545,0.9618,0.4071,1.3583,0.000,1.275,-142.177,0,0,39,157,79,130
1778699297.589378,6,0.984841,0.999935,0.984777,1.0877,-0.0199,1.2443,0.000,-0.433,-171.415,0,0,308,235,97,111
1778699297.589378,0,0.965556,0.914181,0.882692,1.0637,-0.4725,1.3039,-0.000,-5.839,151.049,0,0,565,201,114,121
1778699297.589378,2,0.971263,0.893614,0.867935,0.9618,0.4071,1.3583,0.000,1.695,-144.808,0,0,39,157,78,130
1778699297.656116,6,0.985311,0.999935,0.985246,1.0846,-0.0199,1.2458,-0.000,-0.412,-171.676,0,0,308,235,97,111
1778699297.656116,0,0.965459,0.914181,0.882603,1.0637,-0.4725,1.3039,-0.000,-6.150,151.966,0,0,565,201,114,121
1778699297.656116,2,0.966350,0.893614,0.863545,0.9637,0.4080,1.3587,-0.000,1.252,-143.587,0,0,39,157,79,130
1778699297.722855,6,0.984748,0.999935,0.984684,1.0846,-0.0199,1.2458,0.000,-0.158,-171.244,0,0,308,235,97,111
1778699297.722855,0,0.961914,0.914260,0.879440,1.0668,-0.4738,1.3026,0.000,-6.890,151.473,0,0,565,202,114,118
1778699297.722855,2,0.966953,0.893441,0.863916,0.9597,0.4061,1.3594,-0.000,0.780,-144.449,0,0,39,156,78,132
1778699297.789596,6,0.984580,0.999935,0.984516,1.0846,-0.0199,1.2458,0.000,0.014,-171.053,0,0,308,235,97,113
1778699297.789596,0,0.961826,0.914181,0.879282,1.0667,-0.4738,1.3044,0.000,-6.729,151.185,0,0,565,201,114,118
1778699297.789596,2,0.964331,0.893614,0.861740,0.9618,0.4071,1.3583,0.000,0.927,-143.285,0,0,39,157,78,130
1778699297.789596,6,0.986651,0.999935,0.986587,1.0846,-0.0199,1.2458,0.000,0.106,-171.855,0,0,308,235,97,113
1778699297.789596,0,0.960614,0.914181,0.878174,1.0667,-0.4738,1.3044,0.000,-6.840,150.722,0,0,565,201,113,120
1778699297.789596,2,0.970291,0.893614,0.867066,0.9618,0.4071,1.3583,0.000,0.922,-145.422,0,0,38,156,76,133
1778699297.889704,6,0.986944,0.999935,0.986880,1.0876,-0.0199,1.2461,0.000,0.210,-171.907,0,0,308,235,97,113
1778699297.889704,0,0.960658,0.914181,0.878215,1.0667,-0.4738,1.3044,0.000,-7.129,151.670,0,0,565,201,113,117
1778699297.889704,2,0.967305,0.892837,0.863645,0.9616,0.4086,1.3598,-0.000,1.085,-144.108,0,0,38,157,76,132
1778699298.023165,6,0.989583,0.999935,0.989519,1.0876,-0.0199,1.2461,0.000,1.122,-172.473,0,0,308,235,98,115
1778699298.023165,0,0.960934,0.914181,0.878467,1.0637,-0.4725,1.3039,-0.000,-7.160,152.006,0,0,565,201,113,118
1778699298.023165,2,0.961830,0.892837,0.858757,0.9616,0.4086,1.3598,0.000,0.315,-143.176,0,0,38,156,77,132
1778699298.089903,6,0.988231,0.999913,0.988146,1.0907,-0.0181,1.2446,-0.000,0.682,-171.972,0,0,307,236,97,114
1778699298.089903,0,0.961048,0.913592,0.878005,1.0637,-0.4743,1.3039,0.000,-6.779,150.719,0,0,566,201,113,117
1778699298.089903,2,0.972337,0.893010,0.868306,0.9637,0.4096,1.3587,0.000,1.534,-145.333,0,0,38,157,76,130
1778699298.156654,6,0.987791,0.999913,0.987706,1.0877,-0.0181,1.2443,0.000,0.838,-171.672,0,0,307,236,97,114
1778699298.156654,0,0.962425,0.913671,0.879340,1.0609,-0.4730,1.3017,0.000,-6.840,151.582,0,0,566,202,114,118
1778699298.156654,2,0.978221,0.892404,0.872968,0.9618,0.4102,1.3583,0.000,2.741,-146.179,0,0,37,157,75,130
1778699298.256723,6,0.986256,0.999913,0.986170,1.0876,-0.0181,1.2461,0.000,0.460,-171.331,0,0,307,235,97,113
1778699298.256723,0,0.959969,0.913671,0.877096,1.0639,-0.4743,1.3021,0.000,-7.153,150.864,0,0,566,202,113,117
1778699298.256723,2,0.962652,0.892837,0.859491,0.9616,0.4086,1.3598,0.000,0.737,-142.961,0,0,38,156,77,129
1778699298.323460,6,0.987254,0.999913,0.987168,1.0876,-0.0181,1.2461,0.000,0.264,-171.904,0,0,307,235,97,113
1778699298.323460,0,0.960730,0.913081,0.877224,1.0609,-0.4747,1.3017,-0.000,-7.258,151.658,0,0,567,202,114,118
1778699298.323460,2,0.970049,0.892404,0.865675,0.9598,0.4093,1.3578,-0.000,1.543,-144.356,0,0,37,157,75,130
1778699298.323460,6,0.985686,0.999913,0.985600,1.0876,-0.0181,1.2461,0.000,0.264,-171.904,0,0,307,236,97,114
1778699298.323460,0,0.962736,0.913081,0.879056,1.0609,-0.4747,1.3017,-0.000,-7.258,151.658,0,0,567,202,114,118
1778699298.323460,2,0.973696,0.892404,0.868930,0.9598,0.4093,1.3578,-0.000,1.543,-144.356,0,0,38,156,76,130
1778699298.423569,6,0.984784,0.999913,0.984698,1.0877,-0.0181,1.2443,0.000,0.178,-170.854,0,0,307,235,96,113
1778699298.423569,0,0.961461,0.913081,0.877891,1.0609,-0.4747,1.3017,0.000,-6.825,150.756,0,0,567,201,114,117
1778699298.423569,2,0.970968,0.892837,0.866916,0.9616,0.4086,1.3598,0.000,1.636,-144.778,0,0,38,156,76,132
1778699298.490311,6,0.985413,0.999913,0.985327,1.0876,-0.0181,1.2461,0.000,0.417,-171.013,0,0,307,236,96,114
1778699298.490311,0,0.959825,0.913001,0.876321,1.0607,-0.4747,1.3034,0.000,-7.186,151.052,0,0,567,201,113,117
1778699298.490311,2,0.969396,0.892837,0.865512,0.9597,0.4077,1.3594,0.000,1.483,-144.381,0,0,38,156,77,129
1778699298.557050,6,0.985586,0.999913,0.985501,1.0877,-0.0181,1.2443,0.000,-0.113,-171.384,0,0,307,235,97,113
1778699298.557050,0,0.963209,0.913001,0.879411,1.0607,-0.4747,1.3034,0.000,-6.443,151.047,0,0,567,201,114,120
1778699298.557050,2,0.966544,0.892837,0.862966,0.9616,0.4086,1.3598,0.000,0.563,-144.485,0,0,38,156,77,130
1778699298.557050,6,0.983783,0.999913,0.983698,1.0877,-0.0181,1.2443,0.000,-0.113,-171.384,0,0,307,235,97,115
1778699298.557050,0,0.959422,0.913001,0.875954,1.0607,-0.4747,1.3034,0.000,-6.443,151.047,0,0,567,201,113,117
1778699298.557050,2,0.964115,0.892837,0.860797,0.9616,0.4086,1.3598,0.000,0.563,-144.485,0,0,37,157,75,130
1778699298.623788,6,0.982558,0.999913,0.982472,1.0876,-0.0181,1.2461,0.000,-0.328,-170.879,0,0,307,235,97,117
1778699298.623788,0,0.959603,0.913001,0.876119,1.0607,-0.4747,1.3034,-0.000,-7.376,151.407,0,0,567,202,113,118
1778699298.623788,2,0.969683,0.892404,0.865349,0.9597,0.4077,1.3594,-0.000,0.731,-143.438,0,0,38,156,77,130
1778699298.757268,6,0.982822,0.999913,0.982737,1.0846,-0.0181,1.2458,0.000,-0.058,-170.324,0,0,307,235,97,115
1778699298.757268,0,0.962110,0.913081,0.878485,1.0579,-0.4734,1.3012,0.000,-6.986,151.754,0,0,567,202,113,117
1778699298.757268,2,0.971244,0.892837,0.867162,0.9636,0.4096,1.3603,0.000,1.204,-145.444,0,0,38,156,76,129
1778699298.890743,6,0.985322,0.999913,0.985237,1.0846,-0.0181,1.2458,-0.000,-0.335,-171.518,0,0,308,235,97,111
1778699298.890743,0,0.958364,0.913001,0.874988,1.0607,-0.4747,1.3034,0.000,-7.520,151.137,0,0,567,201,113,117
1778699298.890743,2,0.964958,0.892837,0.861550,0.9597,0.4077,1.3594,0.000,0.683,-143.777,0,0,38,156,77,130
1778699298.890743,6,0.985007,0.999935,0.984943,1.0816,-0.0200,1.2455,0.000,-0.040,-171.264,0,0,308,235,98,115
1778699298.890743,0,0.963937,0.913001,0.880076,1.0607,-0.4747,1.3034,0.000,-6.518,151.848,0,0,567,201,113,117
1778699298.890743,2,0.962482,0.892837,0.859339,0.9597,0.4077,1.3594,0.000,0.369,-143.324,0,0,38,156,77,129
1778699299.024194,6,0.985110,0.999935,0.985046,1.0818,-0.0200,1.2438,0.000,0.028,-171.188,0,0,308,236,97,114
1778699299.024194,0,0.962292,0.913001,0.878574,1.0607,-0.4747,1.3034,-0.000,-6.841,151.701,0,0,567,201,113,118
1778699299.024194,2,0.965460,0.892837,0.861998,0.9597,0.4077,1.3594,-0.000,1.165,-143.390,0,0,38,156,77,130
1778699299.024194,6,0.985900,0.999935,0.985835,1.0818,-0.0200,1.2438,-0.000,-0.064,-171.582,0,0,308,235,98,115
1778699299.024194,0,0.961597,0.913001,0.877939,1.0607,-0.4747,1.3034,-0.000,-6.883,151.315,0,0,567,201,113,117
1778699299.024194,2,0.955561,0.892837,0.853160,0.9597,0.4077,1.3594,0.000,-0.190,-141.846,0,0,38,156,77,130
1778699299.191037,6,0.984883,0.999935,0.984819,1.0786,-0.0200,1.2452,0.000,-0.009,-171.191,0,0,308,235,98,115
1778699299.191037,0,0.960263,0.913001,0.876722,1.0607,-0.4747,1.3034,-0.000,-7.084,151.026,0,0,567,201,113,117
1778699299.191037,2,0.957265,0.892837,0.854681,0.9567,0.4062,1.3586,0.000,0.041,-142.089,0,0,38,156,77,130
1778699299.191037,6,0.986717,0.999935,0.986653,1.0786,-0.0200,1.2452,0.000,-0.009,-171.191,0,0,308,235,97,114
1778699299.191037,0,0.959822,0.913001,0.876319,1.0607,-0.4747,1.3034,-0.000,-7.084,151.026,0,0,567,201,113,117
1778699299.191037,2,0.957259,0.892837,0.854676,0.9567,0.4062,1.3586,0.000,0.041,-142.089,0,0,38,156,77,129
1778699299.257775,6,0.988156,0.999935,0.988091,1.0786,-0.0200,1.2452,0.000,0.609,-172.160,0,0,308,235,97,114
1778699299.257775,0,0.961646,0.913001,0.877984,1.0607,-0.4747,1.3034,0.000,-6.848,151.235,0,0,567,201,113,117
1778699299.257775,2,0.956479,0.892837,0.853980,0.9567,0.4062,1.3586,0.000,-0.388,-142.333,0,0,38,156,77,130
1778699299.424594,6,0.988171,0.999935,0.988106,1.0786,-0.0200,1.2452,0.000,0.969,-171.921,0,0,308,235,98,115
1778699299.424594,0,0.960074,0.913001,0.876549,1.0578,-0.4734,1.3029,-0.000,-7.329,151.741,0,0,567,201,113,117
1778699299.424594,2,0.963475,0.892837,0.860226,0.9597,0.4077,1.3594,0.000,1.090,-142.838,0,0,38,156,77,132
1778699299.491324,6,0.986413,0.999935,0.986348,1.0786,-0.0200,1.2452,0.000,0.464,-171.495,0,0,308,235,98,117
1778699299.491324,0,0.959233,0.913001,0.875781,1.0578,-0.4734,1.3029,-0.000,-7.427,151.447,0,0,567,201,113,117
1778699299.491324,2,0.969592,0.893010,0.865855,0.9618,0.4086,1.3583,0.000,1.094,-144.828,0,0,38,157,76,130
1778699299.558061,6,0.988617,0.999910,0.988528,1.0784,-0.0182,1.2470,0.000,1.217,-171.924,0,0,307,234,97,117
1778699299.558061,0,0.959548,0.913001,0.876069,1.0548,-0.4721,1.3024,-0.000,-7.209,150.938,0,0,567,201,113,117
1778699299.558061,2,0.962747,0.892837,0.859576,0.9597,0.4077,1.3594,0.000,0.274,-143.524,0,0,38,156,77,129
1778699299.558061,6,0.988620,0.999910,0.988531,1.0784,-0.0182,1.2470,0.000,1.217,-171.924,0,0,307,234,97,117
1778699299.558061,0,0.961860,0.912920,0.878101,1.0548,-0.4721,1.3024,-0.000,-7.209,150.938,0,0,567,200,113,117
1778699299.558061,2,0.950359,0.893441,0.849090,0.9597,0.4077,1.3594,0.000,0.274,-143.524,0,0,39,156,78,129
1778699299.624799,6,0.987532,0.999910,0.987443,1.0784,-0.0182,1.2470,0.000,0.595,-171.858,0,0,307,235,97,115
1778699299.624799,0,0.958781,0.912920,0.875290,1.0546,-0.4721,1.3042,0.000,-7.235,150.789,0,0,567,199,113,120
1778699299.624799,2,0.963670,0.893441,0.860983,0.9567,0.4046,1.3586,-0.000,0.776,-143.334,0,0,38,156,77,129
1778699299.624799,6,0.987834,0.999913,0.987749,1.0784,-0.0182,1.2470,0.000,0.595,-171.858,0,0,307,235,97,115
1778699299.624799,0,0.959676,0.912835,0.876026,1.0546,-0.4721,1.3042,0.000,-7.235,150.789,0,0,567,199,114,122
1778699299.624799,2,0.952337,0.892837,0.850281,0.9567,0.4046,1.3586,-0.000,0.776,-143.334,0,0,39,156,78,130
1778699299.791638,6,0.988609,0.999913,0.988524,1.0816,-0.0182,1.2455,-0.000,0.878,-172.079,0,0,307,235,97,117
1778699299.791638,0,0.962451,0.912835,0.878559,1.0574,-0.4734,1.3064,0.000,-6.200,150.375,0,0,566,199,113,120
1778699299.791638,2,0.962302,0.893441,0.859761,0.9567,0.4046,1.3586,0.000,0.152,-143.617,0,0,38,156,77,133
1778699299.858377,6,0.988162,0.999913,0.988076,1.0816,-0.0182,1.2455,0.000,0.769,-171.949,0,0,307,235,97,115
1778699299.858377,0,0.961614,0.913425,0.878362,1.0604,-0.4730,1.3069,0.000,-6.432,150.600,0,0,566,200,113,118
1778699299.858377,2,0.956905,0.892837,0.854360,0.9567,0.4062,1.3586,0.000,0.098,-141.924,0,0,39,157,78,130
1778699299.858377,6,0.989516,0.999913,0.989430,1.0816,-0.0182,1.2455,0.000,0.769,-171.949,0,0,307,235,97,115
1778699299.858377,0,0.960772,0.913509,0.877674,1.0604,-0.4730,1.3069,0.000,-6.432,150.600,0,0,566,200,113,118
1778699299.858377,2,0.961585,0.893614,0.859286,0.9567,0.4062,1.3586,0.000,0.098,-141.924,0,0,39,157,78,130
1778699299.925115,6,0.990087,0.999913,0.990001,1.0816,-0.0182,1.2455,-0.000,1.262,-172.247,0,0,308,235,98,115
1778699299.925115,0,0.966625,0.913509,0.883021,1.0546,-0.4703,1.3042,-0.000,-6.726,150.650,0,0,566,200,113,118
1778699299.925115,2,0.963524,0.893614,0.861019,0.9569,0.4046,1.3571,-0.000,0.470,-142.920,0,0,39,156,78,129
1778699300.058565,6,0.988416,0.999935,0.988351,1.0816,-0.0200,1.2455,0.000,1.306,-171.819,0,0,308,236,98,111
1778699300.058565,0,0.962807,0.913509,0.879533,1.0546,-0.4703,1.3042,0.000,-6.232,150.535,0,0,565,200,114,120
1778699300.058565,2,0.958322,0.893441,0.856204,0.9567,0.4046,1.3586,-0.000,0.685,-141.817,0,0,39,157,79,130
1778699300.058565,6,0.988169,0.999935,0.988105,1.0816,-0.0200,1.2455,0.000,1.306,-171.819,0,0,308,235,97,113
1778699300.058565,0,0.963795,0.914686,0.881570,1.0546,-0.4703,1.3042,0.000,-6.232,150.535,0,0,564,200,113,120
1778699300.058565,2,0.960466,0.893614,0.858286,0.9567,0.4046,1.3586,-0.000,0.685,-141.817,0,0,39,157,79,130
1778699300.192042,6,0.986929,0.999935,0.986865,1.0816,-0.0200,1.2455,0.000,0.703,-172.100,0,0,308,235,98,113
1778699300.192042,0,0.963318,0.914686,0.881134,1.0606,-0.4694,1.3051,-0.000,-5.877,150.398,0,0,564,200,113,120
1778699300.192042,2,0.965304,0.893614,0.862610,0.9569,0.4046,1.3571,0.000,0.979,-142.057,0,0,39,156,78,132
1778699300.192042,6,0.987564,0.999935,0.987500,1.0816,-0.0200,1.2455,-0.000,1.138,-171.286,0,0,308,235,97,113
1778699300.192042,0,0.962429,0.914686,0.880320,1.0606,-0.4694,1.3051,0.000,-6.182,150.917,0,0,564,200,113,118
1778699300.192042,2,0.956060,0.893441,0.854183,0.9569,0.4046,1.3571,0.000,0.634,-143.945,0,0,39,157,78,130
1778699300.425627,6,0.986810,0.999935,0.986745,1.0786,-0.0200,1.2452,-0.000,1.066,-171.279,0,0,308,235,97,114
1778699300.425627,0,0.960133,0.914686,0.878220,1.0606,-0.4694,1.3051,0.000,-6.689,150.363,0,0,564,200,114,120
1778699300.425627,2,0.963941,0.893614,0.861392,0.9598,0.4061,1.3578,-0.000,0.976,-143.108,0,0,39,157,78,130
1778699300.425627,6,0.986583,0.999935,0.986519,1.0786,-0.0200,1.2452,-0.000,1.066,-171.279,0,0,308,235,97,113
1778699300.425627,0,0.961657,0.914686,0.879614,1.0606,-0.4694,1.3051,0.000,-6.689,150.363,0,0,564,200,113,120
1778699300.425627,2,0.957240,0.893614,0.855403,0.9598,0.4061,1.3578,-0.000,0.976,-143.108,0,0,39,157,79,130
1778699300.492365,6,0.986880,0.999935,0.986815,1.0786,-0.0200,1.2452,0.000,0.629,-171.582,0,0,308,235,98,113
1778699300.492365,0,0.965443,0.914686,0.883077,1.0606,-0.4694,1.3051,0.000,-5.349,150.062,0,0,564,200,113,118
1778699300.492365,2,0.952054,0.893614,0.850770,0.9569,0.4046,1.3571,-0.000,-0.707,-141.422,0,0,39,157,79,130
1778699300.659220,6,0.986378,0.999935,0.986314,1.0786,-0.0200,1.2452,0.000,0.570,-171.410,0,0,308,235,98,114
1778699300.659220,0,0.963627,0.914686,0.881416,1.0606,-0.4694,1.3051,0.000,-5.742,149.976,0,0,563,200,113,120
1778699300.659220,2,0.955529,0.893441,0.853709,0.9567,0.4046,1.3586,0.000,1.029,-140.738,0,0,39,156,79,132
1778699300.725958,6,0.986235,0.999935,0.986170,1.0756,-0.0200,1.2449,-0.000,0.631,-171.310,0,0,308,235,98,114
1778699300.725958,0,0.962646,0.915272,0.881083,1.0576,-0.4664,1.3047,0.000,-5.757,149.595,0,0,563,200,113,120
1778699300.725958,2,0.952983,0.893614,0.851599,0.9598,0.4061,1.3578,0.000,0.052,-140.901,0,0,39,157,79,130
1778699300.725958,6,0.986154,0.999913,0.986069,1.0756,-0.0200,1.2449,-0.000,0.631,-171.310,0,0,307,235,97,114
1778699300.725958,0,0.963866,0.915272,0.882200,1.0576,-0.4664,1.3047,0.000,-5.757,149.595,0,0,563,200,113,118
1778699300.725958,2,0.950585,0.893441,0.849292,0.9598,0.4061,1.3578,0.000,0.052,-140.901,0,0,39,156,79,129
1778699300.859417,6,0.985595,0.999910,0.985506,1.0760,-0.0183,1.2414,-0.000,0.458,-170.934,0,0,307,237,97,110
1778699300.859417,0,0.963407,0.915272,0.881780,1.0576,-0.4664,1.3047,0.000,-5.725,149.916,0,0,563,200,113,120
1778699300.859417,2,0.957069,0.893441,0.855085,0.9567,0.4046,1.3586,0.000,0.578,-141.571,0,0,39,156,79,130
1778699300.859417,6,0.980610,0.999910,0.980522,1.0760,-0.0183,1.2414,-0.000,-1.051,-170.063,0,0,306,235,97,113
1778699300.859417,0,0.959293,0.915272,0.878014,1.0576,-0.4664,1.3047,0.000,-6.825,150.339,0,0,563,200,114,120
1778699300.859417,2,0.965238,0.893441,0.862383,0.9567,0.4046,1.3586,-0.000,1.598,-142.953,0,0,39,156,79,132
1778699300.992894,6,0.984077,0.999889,0.983968,1.0756,-0.0165,1.2449,0.000,0.106,-170.591,0,0,306,235,97,113
1778699300.992894,0,0.961057,0.915272,0.879629,1.0606,-0.4677,1.3051,0.000,-6.581,150.721,0,0,563,200,114,120
1778699300.992894,0,0.986724,0.999889,0.986614,1.0756,-0.0165,1.2449,0.000,0.106,-170.591,0,0,306,236,97,114
1778699300.992894,7,0.960800,0.915272,0.879393,1.0606,-0.4677,1.3051,0.000,-6.581,150.721,0,0,563,200,114,118
1778699300.992894,2,0.959942,0.893441,0.857652,nan,nan,nan,nan,nan,nan,0,0,39,156,79,132
1778699301.093002,0,0.985554,0.999889,0.985444,1.0758,-0.0165,1.2432,0.000,0.159,-171.076,0,0,306,236,98,114
1778699301.093002,7,0.964388,0.915272,0.882678,1.0606,-0.4677,1.3051,0.000,-5.881,150.864,0,0,563,200,114,120
1778699301.093002,2,0.962772,0.893441,0.860180,0.9567,0.4046,1.3586,0.000,1.207,-142.593,0,0,39,156,78,130
1778699301.159733,0,0.987390,0.999889,0.987280,1.0758,-0.0165,1.2432,-0.000,1.476,-171.032,0,0,305,236,97,114
1778699301.159733,7,0.965111,0.915272,0.883339,1.0606,-0.4677,1.3051,0.000,-5.417,150.132,0,0,563,200,114,120
1778699301.159733,2,0.965704,0.893441,0.862800,0.9567,0.4046,1.3586,0.000,1.195,-143.529,0,0,39,156,78,132
1778699301.226471,0,0.988566,0.999861,0.988429,1.0758,-0.0147,1.2432,-0.000,1.160,-171.611,0,0,306,236,98,114
1778699301.226471,7,0.965797,0.915272,0.883967,1.0606,-0.4677,1.3051,0.000,-5.447,150.595,0,0,563,200,114,121
1778699301.226471,2,0.962399,0.893441,0.859847,0.9567,0.4046,1.3586,-0.000,1.345,-142.343,0,0,38,156,77,130
1778699301.293210,0,0.988162,0.999889,0.988052,1.0758,-0.0165,1.2432,-0.000,1.305,-171.449,0,0,305,236,97,114
1778699301.293210,7,0.965309,0.915272,0.883521,1.0606,-0.4677,1.3051,0.000,-5.554,150.572,0,0,563,200,114,121
1778699301.293210,2,0.951548,0.892837,0.849577,0.9567,0.4062,1.3586,0.000,0.895,-139.764,0,0,39,156,78,130
1778699301.359956,0,0.989151,0.999861,0.989014,1.0758,-0.0147,1.2432,-0.000,1.587,-171.623,0,0,304,236,97,114
1778699301.359956,7,0.963964,0.915272,0.882290,1.0606,-0.4677,1.3051,-0.000,-5.610,149.951,0,0,563,200,114,120
1778699301.359956,2,0.962796,0.893441,0.860202,0.9548,0.4037,1.3582,0.000,1.192,-142.614,0,0,39,156,78,130
1778699301.493433,0,0.990381,0.999830,0.990213,1.0758,-0.0130,1.2432,0.000,1.369,-172.228,0,0,304,236,98,114
1778699301.493433,7,0.966086,0.915272,0.884232,1.0635,-0.4690,1.3056,-0.000,-5.664,151.365,0,0,563,200,114,121
1778699301.493433,2,0.967648,0.893088,0.864195,0.9544,0.4037,1.3613,0.000,0.888,-144.784,0,0,39,154,78,133
1778699301.493433,0,0.990246,0.999830,0.990078,1.0758,-0.0130,1.2432,0.000,1.369,-172.228,0,0,304,236,98,114
1778699301.493433,7,0.963150,0.915272,0.881544,1.0635,-0.4690,1.3056,-0.000,-5.664,151.365,0,0,563,200,114,121
1778699301.493433,2,0.965755,0.893441,0.862845,0.9544,0.4037,1.3613,0.000,0.888,-144.784,0,0,39,156,78,130
1778699301.593534,0,0.988915,0.999830,0.988747,1.0758,-0.0130,1.2432,0.000,1.575,-171.423,0,0,303,236,97,114
1778699301.593534,1,0.963461,0.915272,0.881829,1.0606,-0.4677,1.3051,0.000,-6.233,151.262,0,0,562,200,113,120
1778699301.593534,0,0.989288,0.999796,0.989086,1.0758,-0.0130,1.2432,0.000,1.575,-171.423,0,0,303,236,98,114
1778699301.593534,1,0.965778,0.915857,0.884515,1.0606,-0.4677,1.3051,0.000,-6.233,151.262,0,0,563,200,114,122
1778699301.660256,0,0.990197,0.999796,0.989995,1.0788,-0.0111,1.2435,0.000,0.928,-171.891,0,0,303,236,98,113
1778699301.660256,7,0.966739,0.915272,0.884829,1.0635,-0.4672,1.3056,0.000,-5.340,150.422,0,0,564,200,114,120
1778699301.660256,2,0.968260,0.893441,0.865083,nan,nan,nan,nan,nan,nan,0,0,39,156,78,133
1778699301.793719,0,0.990701,0.999796,0.990499,1.0788,-0.0111,1.2435,0.000,1.437,-171.994,0,0,303,236,98,114
1778699301.793719,7,0.963309,0.915272,0.881690,1.0606,-0.4677,1.3051,-0.000,-4.935,149.940,0,0,563,200,113,121
1778699301.793719,2,0.974039,0.892837,0.869658,0.9567,0.4046,1.3586,0.000,1.463,-144.092,0,0,38,156,77,132
1778699301.927194,0,0.989614,0.999796,0.989413,1.0758,-0.0112,1.2432,0.000,0.840,-172.110,0,0,303,236,98,114
1778699301.927194,7,0.965994,0.914768,0.883661,1.0607,-0.4694,1.3034,0.000,-5.386,150.245,0,0,564,201,114,118
1778699301.927194,2,0.968667,0.892837,0.864862,0.9597,0.4077,1.3594,-0.000,1.300,-144.336,0,0,38,156,76,132
1778699301.927194,0,0.987962,0.999796,0.987761,1.0758,-0.0112,1.2432,0.000,0.840,-172.110,0,0,303,237,97,114
1778699301.927194,7,0.964169,0.914768,0.881991,1.0607,-0.4694,1.3034,0.000,-5.386,150.245,0,0,564,200,114,121
1778699301.927194,2,0.969946,0.892837,0.866003,0.9597,0.4077,1.3594,-0.000,1.300,-144.336,0,0,39,156,78,133
1778699302.027300,0,0.987810,0.999793,0.987606,1.0790,-0.0111,1.2417,0.000,1.440,-170.870,0,0,304,237,98,114
1778699302.027300,1,0.966043,0.914686,0.883626,1.0635,-0.4708,1.3056,-0.000,-5.321,150.333,0,0,564,200,114,124
1778699302.027300,0,0.987689,0.999827,0.987518,1.0790,-0.0111,1.2417,0.000,1.440,-170.870,0,0,304,236,98,115
1778699302.027300,1,0.967987,0.914686,0.885404,1.0635,-0.4708,1.3056,-0.000,-5.321,150.333,0,0,564,201,115,122
1778699302.194091,0,0.988429,0.999827,0.988258,1.0760,-0.0130,1.2414,0.000,1.449,-171.227,0,0,304,237,97,114
1778699302.194091,7,0.966553,0.914768,0.884172,1.0607,-0.4694,1.3034,0.000,-5.372,150.537,0,0,564,201,115,122
1778699302.194091,2,0.970435,0.893441,0.867027,0.9567,0.4046,1.3586,0.000,1.127,-145.317,0,0,39,156,79,133
1778699302.194091,0,0.988068,0.999858,0.987927,1.0760,-0.0130,1.2414,0.000,1.449,-171.227,0,0,305,237,98,114
1778699302.194091,7,0.963131,0.914181,0.880476,1.0607,-0.4694,1.3034,0.000,-5.372,150.537,0,0,565,201,114,120
1778699302.194091,2,0.961969,0.893266,0.859294,0.9567,0.4046,1.3586,0.000,1.127,-145.317,0,0,39,155,79,133
1778699302.327568,0,0.988758,0.999858,0.988618,1.0730,-0.0148,1.2411,0.000,1.383,-171.507,0,0,305,237,98,114
1778699302.327568,7,0.958925,0.913592,0.876065,1.0578,-0.4716,1.3029,0.000,-6.763,149.468,0,0,566,201,114,120
1778699302.327568,2,0.965594,0.894218,0.863451,0.9569,0.4031,1.3571,0.000,0.614,-144.161,0,0,40,157,80,130
1778699302.327568,0,0.987549,0.999858,0.987409,1.0730,-0.0148,1.2411,-0.000,1.112,-171.142,0,0,305,237,98,114
1778699302.327568,7,0.958065,0.913592,0.875280,1.0578,-0.4716,1.3029,0.000,-7.045,149.695,0,0,565,201,113,117
1778699302.327568,2,0.963558,0.894218,0.861631,0.9569,0.4031,1.3571,0.000,1.293,-142.750,0,0,40,157,80,133
1778699302.427683,0,0.988308,0.999858,0.988168,1.0730,-0.0148,1.2411,0.000,1.092,-171.478,0,0,305,237,98,114
1778699302.427683,7,0.961476,0.914181,0.878962,1.0607,-0.4712,1.3034,0.000,-6.353,149.944,0,0,565,201,113,120
1778699302.427683,2,0.961248,0.894218,0.859565,0.9549,0.4021,1.3566,0.000,1.441,-141.930,0,0,40,157,80,133
1778699302.494430,0,0.988204,0.999858,0.988064,1.0730,-0.0148,1.2411,0.000,1.047,-171.459,0,0,305,236,98,113
1778699302.494430,7,0.958865,0.914181,0.876575,1.0578,-0.4699,1.3029,0.000,-7.009,150.142,0,0,566,201,114,120
1778699302.494430,2,0.957722,0.894218,0.856413,0.9569,0.4031,1.3571,0.000,1.523,-140.899,0,0,40,158,80,133
1778699302.561172,0,0.989406,0.999861,0.989268,1.0728,-0.0148,1.2429,0.000,1.582,-171.740,0,0,304,236,98,115
1778699302.561172,7,0.960155,0.913592,0.877189,1.0548,-0.4703,1.3024,0.000,-6.979,150.734,0,0,566,201,114,117
1778699302.561172,2,0.927642,0.894390,0.829674,0.9521,0.4006,1.3543,-0.000,0.904,-134.877,0,0,39,159,79,126
1778699302.561172,0,0.989523,0.999830,0.989355,1.0728,-0.0148,1.2429,0.000,1.582,-171.740,0,0,304,236,98,114
1778699302.561172,7,0.964261,0.913592,0.880941,1.0548,-0.4703,1.3024,0.000,-6.979,150.734,0,0,566,201,114,118
1778699302.561172,2,0.917895,0.893786,0.820401,0.9521,0.4006,1.3543,-0.000,0.904,-134.877,0,0,39,158,79,128
1778699302.761383,0,0.989934,0.999827,0.989763,1.0760,-0.0130,1.2414,-0.000,1.197,-172.057,0,0,304,237,98,114
1778699302.761383,7,0.962084,0.913592,0.878952,1.0578,-0.4716,1.3029,-0.000,-6.352,150.184,0,0,566,201,114,120
1778699302.761383,2,0.899566,0.893955,0.804171,0.9395,0.3959,1.3497,0.000,-0.098,-130.740,0,0,39,159,79,125
1778699302.761383,0,0.990022,0.999827,0.989851,1.0760,-0.0130,1.2414,0.000,1.559,-171.880,0,0,304,237,98,114
1778699302.761383,7,0.962327,0.913592,0.879174,1.0578,-0.4716,1.3029,0.000,-6.129,149.772,0,0,566,201,114,120
1778699302.761383,2,0.883197,0.893955,0.789538,0.9395,0.3959,1.3497,-0.000,0.047,-128.331,0,0,39,160,79,124
1778699302.861493,0,0.989367,0.999827,0.989196,1.0760,-0.0130,1.2414,-0.000,1.440,-171.646,0,0,303,237,98,114
1778699302.861493,7,0.965560,0.913592,0.882128,1.0578,-0.4716,1.3029,0.000,-5.546,150.183,0,0,566,202,114,118
1778699302.861493,2,0.873988,0.894122,0.781452,0.9348,0.3935,1.3470,0.000,-2.417,-128.359,0,0,40,158,80,125
1778699302.928232,0,0.990562,0.999793,0.990358,1.0790,-0.0111,1.2417,-0.000,1.280,-172.210,0,0,303,236,98,113
1778699302.928232,7,0.961937,0.913671,0.878894,1.0579,-0.4716,1.3012,-0.000,-6.420,150.045,0,0,566,201,114,120
1778699302.928232,2,0.859546,0.894390,0.768769,0.9600,0.4045,1.3562,0.000,-1.560,-126.168,0,0,40,159,80,126
1778699303.061703,0,0.990017,0.999796,0.989816,1.0788,-0.0111,1.2435,0.000,1.085,-172.136,0,0,303,236,98,114
1778699303.061703,7,0.962910,0.913592,0.879706,1.0578,-0.4716,1.3029,0.000,-5.811,149.361,0,0,566,201,114,120
1778699303.061703,2,0.871755,0.894727,0.779983,0.9299,0.3896,1.3459,0.000,-1.479,-127.625,0,0,40,160,80,122
1778699303.061703,0,0.990842,0.999796,0.990640,1.0788,-0.0111,1.2435,0.000,1.085,-172.136,0,0,303,236,98,113
1778699303.061703,7,0.960857,0.913671,0.877907,1.0578,-0.4716,1.3029,0.000,-5.811,149.361,0,0,566,202,114,118
1778699303.061703,2,0.839173,0.894390,0.750547,0.9299,0.3896,1.3459,0.000,-1.479,-127.625,0,0,40,158,81,128
1778699303.128441,0,0.989575,0.999796,0.989373,1.0788,-0.0111,1.2435,-0.000,1.174,-171.863,0,0,303,236,98,115
1778699303.128441,7,0.962770,0.913671,0.879655,1.0550,-0.4703,1.3007,0.000,-6.195,149.957,0,0,566,202,114,118
1778699303.128441,2,0.834292,0.894390,0.746182,0.9570,0.4031,1.3555,-0.000,-2.385,-123.532,0,0,40,158,81,128
1778699303.295285,0,0.990533,0.999796,0.990331,1.0788,-0.0111,1.2435,0.000,0.987,-172.467,0,0,303,236,98,115
1778699303.295285,7,0.962162,0.913671,0.879100,1.0550,-0.4703,1.3007,0.000,-6.115,149.447,0,0,566,202,115,118
1778699303.295285,2,0.838440,0.894559,0.750034,0.9297,0.3896,1.3474,0.000,-1.682,-123.638,0,0,40,159,80,126
1778699303.362021,0,0.988771,0.999793,0.988567,1.0790,-0.0111,1.2417,0.000,0.683,-171.748,0,0,303,237,98,114
1778699303.362021,7,0.963794,0.913671,0.880591,1.0550,-0.4703,1.3007,-0.000,-6.107,150.326,0,0,566,202,114,118
1778699303.362021,2,0.854348,0.894390,0.764120,0.9482,0.3987,1.3534,0.000,-1.812,-125.647,0,0,40,158,80,130
1778699303.362021,0,0.988469,0.999756,0.988228,1.0790,-0.0111,1.2417,0.000,0.683,-171.748,0,0,302,237,98,114
1778699303.362021,7,0.958407,0.913671,0.875669,1.0550,-0.4703,1.3007,-0.000,-6.107,150.326,0,0,566,202,115,118
1778699303.362021,2,0.836272,0.894559,0.748095,0.9482,0.3987,1.3534,0.000,-1.812,-125.647,0,0,40,159,80,125
1778699303.428738,0,0.986846,0.999756,0.986606,1.0790,-0.0093,1.2417,-0.000,0.280,-171.064,0,0,302,236,98,115
1778699303.428738,7,0.963140,0.913671,0.879993,1.0550,-0.4703,1.3007,-0.000,-6.020,149.747,0,0,566,201,114,120
1778699303.428738,2,0.841902,0.894559,0.753132,0.9346,0.3920,1.3486,-0.000,-2.277,-124.336,0,0,40,159,80,126
1778699303.528846,0,0.987049,0.999760,0.986812,1.0758,-0.0094,1.2432,-0.000,0.686,-170.945,0,0,302,236,98,115
1778699303.528846,7,0.965641,0.913592,0.882201,1.0578,-0.4716,1.3029,0.000,-5.577,150.307,0,0,566,202,114,118
1778699303.528846,2,0.856976,0.894559,0.766616,0.9326,0.3910,1.3481,0.000,-2.179,-126.128,0,0,40,160,81,121
1778699303.528846,0,0.984439,0.999760,0.984202,1.0758,-0.0094,1.2432,-0.000,0.686,-170.945,0,0,301,236,98,115
1778699303.528846,7,0.960008,0.913671,0.877132,1.0578,-0.4716,1.3029,0.000,-5.577,150.307,0,0,567,202,114,118
1778699303.528846,2,0.845485,0.894727,0.756478,0.9326,0.3910,1.3481,0.000,-2.179,-126.128,0,0,40,159,80,128
1778699303.729062,0,0.987163,0.999720,0.986887,1.0758,-0.0076,1.2432,0.000,-0.132,-171.488,0,0,301,236,98,113
1778699303.729062,7,0.965120,0.913592,0.881725,1.0578,-0.4716,1.3029,0.000,-5.579,150.012,0,0,566,201,114,120
1778699303.729062,2,0.859901,0.894727,0.769376,0.9299,0.3896,1.3459,0.000,-1.359,-126.037,0,0,40,160,80,121
1778699303.795788,0,0.985409,0.999720,0.985133,1.0728,-0.0077,1.2429,0.000,-0.484,-170.989,0,0,301,236,98,114
1778699303.795788,7,0.960768,0.913671,0.877826,1.0579,-0.4716,1.3012,-0.000,-6.704,150.101,0,0,566,202,113,118
1778699303.795788,2,0.874591,0.894727,0.782520,0.9348,0.3920,1.3470,0.000,-1.025,-127.764,0,0,40,160,80,121
1778699303.795788,0,0.986131,0.999720,0.985854,1.0728,-0.0077,1.2429,0.000,-0.221,-171.094,0,0,301,236,98,113
1778699303.795788,7,0.962506,0.913671,0.879414,1.0579,-0.4716,1.3012,0.000,-6.522,150.650,0,0,566,202,113,118
1778699303.795788,2,0.857714,0.894727,0.767420,0.9348,0.3920,1.3470,-0.000,-1.199,-125.685,0,0,40,160,80,122
1778699303.895895,0,0.987250,0.999720,0.986973,1.0698,-0.0078,1.2426,0.000,0.003,-171.420,0,0,301,236,98,114
1778699303.895895,7,0.962196,0.913671,0.879131,1.0579,-0.4716,1.3012,0.000,-6.309,149.915,0,0,566,201,114,120
1778699303.895895,2,0.872013,0.894727,0.780213,0.9367,0.3929,1.3475,0.000,-0.308,-127.068,0,0,40,160,80,122
1778699304.029393,0,0.985732,0.999720,0.985455,1.0668,-0.0079,1.2423,-0.000,-0.413,-171.072,0,0,301,236,98,114
1778699304.029393,7,0.958816,0.913671,0.876043,1.0579,-0.4716,1.3012,0.000,-7.126,150.087,0,0,566,202,114,118
1778699304.029393,2,0.833948,0.894559,0.746016,0.9395,0.3944,1.3497,-0.000,-2.039,-123.289,0,0,40,159,80,126
1778699304.096138,0,0.985847,0.999677,0.985528,1.0668,-0.0061,1.2423,0.000,-0.509,-171.100,0,0,300,236,97,114
1778699304.096138,7,0.962080,0.913592,0.878948,1.0607,-0.4730,1.3034,-0.000,-6.418,150.353,0,0,566,201,114,120
1778699304.096138,2,0.865976,0.894727,0.774812,0.9367,0.3929,1.3475,0.000,-0.939,-126.598,0,0,40,160,81,122
1778699304.162896,0,0.984342,0.999677,0.984024,1.0698,-0.0060,1.2426,0.000,-0.683,-170.595,0,0,300,236,98,114
1778699304.162896,7,0.961778,0.913592,0.878672,1.0578,-0.4716,1.3029,0.000,-6.242,149.742,0,0,566,201,114,120
1778699304.162896,2,0.844908,0.894390,0.755678,0.9433,0.3963,1.3522,0.000,-1.662,-124.425,0,0,40,158,80,129
1778699304.162896,0,0.986431,0.999677,0.986112,1.0698,-0.0060,1.2426,-0.000,0.116,-170.869,0,0,300,236,98,115
1778699304.162896,7,0.962491,0.913592,0.879324,1.0578,-0.4716,1.3029,0.000,-6.199,150.032,0,0,566,201,114,120
1778699304.162896,2,0.823322,0.894390,0.736371,0.9433,0.3963,1.3522,0.000,-2.267,-122.225,0,0,40,158,81,126
1778699304.262985,0,0.984168,0.999677,0.983850,1.0668,-0.0061,1.2423,-0.000,-0.235,-170.186,0,0,298,236,97,115
1778699304.262985,7,0.962867,0.913592,0.879667,1.0607,-0.4730,1.3034,0.000,-5.855,149.433,0,0,565,201,113,120
1778699304.262985,2,0.823576,0.894390,0.736598,0.9394,0.3944,1.3513,0.000,-2.457,-122.345,0,0,40,157,81,128
1778699304.262985,0,0.984458,0.999581,0.984046,1.0668,-0.0061,1.2423,-0.000,-0.235,-170.186,0,0,298,236,98,115
1778699304.262985,7,0.960829,0.914181,0.878371,1.0607,-0.4730,1.3034,0.000,-5.855,149.433,0,0,565,201,113,120
1778699304.262985,2,0.831930,0.894559,0.744211,0.9394,0.3944,1.3513,0.000,-2.457,-122.345,0,0,40,159,81,126
1778699304.463198,0,0.983299,0.999581,0.982887,1.0728,-0.0024,1.2429,0.000,0.028,-169.472,0,0,298,236,98,115
1778699304.463198,7,0.960832,0.914260,0.878451,1.0579,-0.4699,1.3012,0.000,-6.531,149.807,0,0,565,202,113,118
1778699304.463198,2,0.825687,0.894390,0.738486,0.9364,0.3929,1.3506,0.000,-2.733,-122.717,0,0,40,158,81,126
1778699304.463198,0,0.985707,0.999581,0.985295,1.0728,-0.0024,1.2429,0.000,-0.315,-170.680,0,0,298,236,98,115
1778699304.463198,7,0.960437,0.914260,0.878089,1.0579,-0.4699,1.3012,0.000,-6.492,149.508,0,0,566,202,114,118
1778699304.463198,2,0.827715,0.894390,0.740300,0.9364,0.3929,1.3506,-0.000,-1.895,-122.544,0,0,40,157,81,129
1778699304.596685,0,0.984739,0.999581,0.984327,1.0758,-0.0023,1.2432,0.000,0.310,-169.843,0,0,296,236,98,115
1778699304.596685,7,0.962113,0.913671,0.879055,1.0609,-0.4730,1.3017,0.000,-6.191,149.594,0,0,565,202,113,118
1778699304.596685,2,0.827221,0.894218,0.739716,0.9412,0.3954,1.3533,0.000,-2.541,-122.832,0,0,40,159,80,126
1778699304.730162,0,0.985797,0.999471,0.985276,1.0790,0.0013,1.2417,-0.000,0.379,-169.954,0,0,296,237,98,114
1778699304.730162,7,0.960311,0.914181,0.877897,1.0637,-0.4725,1.3039,0.000,-6.577,149.853,0,0,565,201,113,120
1778699304.730162,2,0.832609,0.894559,0.744818,0.9346,0.3920,1.3486,-0.000,-1.942,-123.088,0,0,40,159,80,126
1778699304.730162,0,0.985390,0.999471,0.984868,1.0790,0.0013,1.2417,0.000,0.811,-169.535,0,0,295,237,98,114
1778699304.730162,7,0.961634,0.914181,0.879107,1.0637,-0.4725,1.3039,0.000,-6.162,149.580,0,0,565,202,113,118
1778699304.730162,2,0.834911,0.894559,0.746877,0.9346,0.3920,1.3486,0.000,-1.753,-123.264,0,0,40,159,81,126
1778699304.730162,0,0.984329,0.999351,0.983691,1.0790,0.0013,1.2417,0.000,0.811,-169.535,0,0,294,237,100,114
1778699304.730162,7,0.962441,0.914260,0.879922,1.0637,-0.4725,1.3039,0.000,-6.162,149.580,0,0,565,202,114,118
1778699304.730162,2,0.832219,0.894390,0.744329,0.9346,0.3920,1.3486,0.000,-1.753,-123.264,0,0,40,158,80,128
1778699304.963681,0,0.984397,0.999351,0.983758,1.0819,0.0050,1.2420,0.000,0.535,-169.112,0,0,294,237,100,114
1778699304.963681,7,0.963052,0.914181,0.880404,1.0637,-0.4725,1.3039,0.000,-5.944,149.827,0,0,565,201,114,120
1778699304.963681,2,0.834091,0.894559,0.746144,0.9395,0.3944,1.3497,0.000,-2.128,-123.347,0,0,40,159,80,125
1778699305.030418,0,0.986336,0.999287,0.985633,1.0849,0.0069,1.2423,0.000,0.717,-169.660,0,0,293,237,98,113
1778699305.030418,7,0.962730,0.914768,0.880674,1.0667,-0.4721,1.3044,0.000,-6.242,150.476,0,0,564,201,113,120
1778699305.030418,2,0.827450,0.894390,0.740063,0.9453,0.3973,1.3527,-0.000,-2.725,-122.913,0,0,40,158,81,126
1778699305.097155,0,0.987020,0.999287,0.986316,1.0849,0.0069,1.2423,0.000,1.012,-169.767,0,0,293,237,98,114
1778699305.097155,7,0.962054,0.914768,0.880056,1.0637,-0.4708,1.3039,0.000,-6.592,151.023,0,0,564,201,113,121
1778699305.097155,2,0.822973,0.894993,0.736555,0.9570,0.4015,1.3555,-0.000,-2.359,-122.316,0,0,41,158,82,125
1778699305.163893,0,0.985548,0.999287,0.984845,1.0819,0.0068,1.2420,0.000,0.990,-169.196,0,1,293,237,98,113
1778699305.163893,7,0.963507,0.915355,0.881950,1.0696,-0.4716,1.3048,-0.000,-6.060,150.561,0,1,563,201,113,121
1778699305.163893,2,0.830230,0.894218,0.742407,0.9549,0.4021,1.3566,0.000,-2.406,-123.110,1,1,40,157,81,128
1778699307.199306,0,0.996193,0.951201,0.947579,1.1260,-0.0336,1.2175,-0.000,-0.207,-177.518,0,1,489,297,107,117
1778699307.199306,2,0.817057,0.984149,0.804106,0.9516,0.4219,1.3345,0.000,-3.951,-120.871,0,1,212,228,95,107
1778699307.199306,0,0.995025,0.951201,0.946469,1.1260,-0.0336,1.2175,0.000,-1.186,-177.788,0,1,505,301,110,120
1778699307.199306,2,0.825563,0.984149,0.812477,0.9516,0.4219,1.3345,0.000,-3.309,-121.515,0,1,225,232,94,107
1778699307.299428,0,0.994884,0.940096,0.935286,1.1193,-0.0819,1.1997,0.000,-1.686,-179.527,0,1,510,303,108,117
1778699307.299428,2,0.820567,0.988940,0.811491,1.0011,0.3972,1.3261,0.000,-4.726,-123.758,0,1,229,233,95,109
1778699307.299428,0,0.994761,0.940096,0.935171,1.1193,-0.0819,1.1997,0.000,-1.686,-179.527,0,1,513,305,112,122
1778699307.299428,2,0.809967,0.988940,0.801009,1.0011,0.3972,1.3261,0.000,-4.726,-123.758,0,1,232,235,94,109
1778699307.299428,0,0.994423,0.937737,0.932508,1.1193,-0.0819,1.1997,0.000,-2.150,179.866,0,1,514,305,110,120
1778699307.299428,2,0.815546,0.989699,0.807145,1.0011,0.3972,1.3261,0.000,-5.071,-122.758,0,1,232,236,94,110
1778699307.399536,0,0.994290,0.937737,0.932383,1.1211,-0.1101,1.1873,-0.000,-2.330,179.524,0,1,508,300,110,120
1778699307.399536,2,0.806376,0.989699,0.798069,1.9424,0.7683,1.4762,0.000,-4.378,-123.247,0,1,226,231,95,107
1778699307.399536,0,0.994689,0.942589,0.937582,1.1211,-0.1101,1.1873,-0.000,-2.330,179.524,0,1,506,300,110,117
1778699307.399536,2,0.811686,0.987614,0.801632,1.9424,0.7683,1.4762,0.000,-4.378,-123.247,0,1,224,231,94,106
1778699307.499655,0,0.994406,0.942589,0.937316,1.1253,-0.1119,1.1899,0.000,-2.351,179.152,0,1,504,297,110,118
1778699307.499655,2,0.819004,0.987614,0.808859,1.9456,0.7705,1.4812,-0.000,-4.535,-124.684,0,1,222,228,95,109
1778699307.566376,0,0.995855,0.944059,0.940147,1.1355,-0.1250,1.1893,0.000,-1.546,178.222,0,1,499,297,107,114
1778699307.566376,2,0.818027,0.987019,0.807409,1.9560,0.7504,1.4791,0.000,-4.566,-125.192,0,1,219,226,94,107
1778699307.633116,0,0.994492,0.946487,0.941274,1.1398,-0.1169,1.1895,0.000,-1.959,179.401,0,1,490,292,107,118
1778699307.633116,2,0.812385,0.986136,0.801122,1.9541,0.7311,1.4715,-0.000,-4.906,-125.141,0,1,210,222,96,109
1778699307.733196,0,0.994214,0.953053,0.947538,1.1361,-0.1110,1.1938,0.000,-2.181,179.397,0,1,487,291,106,117
1778699307.733196,2,0.815399,0.982076,0.800783,1.9094,0.7618,1.4831,0.000,-3.402,-123.721,0,1,206,221,95,110
1778699307.799934,0,0.993420,0.954421,0.948142,1.1372,-0.1281,1.1836,0.000,-3.239,178.488,0,1,484,291,107,115
1778699307.799934,2,0.810762,0.981026,0.795378,1.9260,0.7343,1.4705,0.000,-5.038,-124.667,0,1,203,219,97,111
1778699307.799934,0,0.994453,0.954421,0.949127,1.1372,-0.1281,1.1836,0.000,-3.239,178.488,0,1,481,289,106,118
1778699307.799934,2,0.811114,0.981026,0.795724,1.9260,0.7343,1.4705,0.000,-5.038,-124.667,0,1,201,218,96,109
1778699307.866673,0,0.993715,0.956064,0.950055,1.9778,-0.2251,1.2114,-0.000,-2.382,178.810,0,1,471,284,105,117
1778699307.866673,2,0.809147,0.980324,0.793227,1.9370,0.7145,1.4633,0.000,-3.882,-124.574,0,1,192,213,97,111
1778699307.933411,0,0.993661,0.961128,0.955035,1.1468,-0.1223,1.1912,-0.000,-2.410,179.217,0,1,468,283,105,117
1778699307.933411,2,0.820461,0.976976,0.801570,1.9291,0.7451,1.4806,0.000,-4.609,-125.379,0,1,189,212,97,109
1778699307.933411,0,0.994102,0.962531,0.956854,1.1468,-0.1223,1.1912,-0.000,-2.410,179.217,0,1,465,281,105,117
1778699307.933411,2,0.819767,0.975846,0.799966,1.9291,0.7451,1.4806,0.000,-4.609,-125.379,0,1,186,211,98,109
1778699308.066873,0,0.993912,0.965519,0.959641,1.9719,-0.1922,1.2322,0.000,-2.451,178.834,0,1,462,279,105,117
1778699308.066873,2,0.818976,0.973438,0.797222,1.9235,0.7462,1.4800,0.000,-4.865,-125.236,0,1,183,209,98,110
1778699308.066873,0,0.993621,0.965519,0.959361,1.9703,-0.2178,1.2205,0.000,-2.804,178.308,0,1,457,277,104,113
1778699308.066873,2,0.806367,0.973438,0.784949,1.9361,0.7214,1.4677,0.000,-4.062,-124.193,0,1,177,205,98,113
1778699308.166973,0,0.991284,0.972068,0.963596,1.9812,-0.1718,1.2408,0.000,-2.773,-179.258,0,1,447,273,104,115
1778699308.166973,2,0.804468,0.966900,0.777841,1.9043,0.7635,1.4914,-0.000,-3.945,-122.756,0,1,168,201,98,115
1778699308.166973,0,0.992507,0.972068,0.964784,1.9791,-0.2113,1.2222,-0.000,-2.661,179.467,0,1,444,272,102,111
1778699308.166973,2,0.814658,0.966900,0.787693,1.9240,0.7257,1.4721,0.000,-4.485,-125.057,0,1,165,200,100,115
1778699308.267078,0,0.993402,0.974577,0.968147,1.9754,-0.1920,1.2319,0.000,-2.497,179.229,0,1,441,270,102,113
1778699308.267078,2,0.810147,0.963698,0.780737,1.9084,0.7446,1.4803,0.000,-3.763,-123.703,0,1,161,198,98,114
1778699308.267078,0,0.992821,0.974577,0.967581,1.9738,-0.2177,1.2201,-0.000,-2.316,179.440,0,1,435,267,102,115
1778699308.267078,2,0.814867,0.963698,0.785286,1.9210,0.7199,1.4681,-0.000,-3.021,-124.575,0,1,155,194,103,117
1778699308.267078,0,0.993301,0.980243,0.973677,1.9738,-0.2177,1.2201,-0.000,-2.316,179.440,0,1,426,264,100,110
1778699308.267078,2,0.832904,0.956349,0.796547,1.9210,0.7199,1.4681,-0.000,-3.021,-124.575,0,1,146,191,103,113
1778699308.367185,0,0.989729,0.980243,0.970176,1.9639,-0.1967,1.2363,0.000,-2.684,-178.916,0,1,422,263,100,111
1778699308.367185,2,0.823938,0.956349,0.787972,1.9138,0.7394,1.4865,0.000,-4.868,-125.938,0,1,142,190,103,109
1778699308.467293,0,0.824930,0.953226,0.786345,1.9012,0.7555,1.4948,0.000,-4.403,-125.378,0,1,140,188,102,111
1778699308.467293,2,0.991393,0.982676,0.974218,1.9706,-0.1748,1.2466,0.000,-2.290,-179.119,0,1,419,261,100,109
1778699308.467293,2,0.817839,0.953226,0.779585,1.9012,0.7555,1.4948,0.000,-4.403,-125.378,0,1,130,182,104,117
1778699308.467293,0,0.991202,0.982676,0.974031,1.9706,-0.1748,1.2466,0.000,-2.290,-179.119,0,1,409,257,100,111
1778699308.467293,2,0.820760,0.944331,0.775069,1.9113,0.7305,1.4948,-0.000,-3.485,-124.961,0,1,124,179,104,117
1778699308.467293,0,0.991208,0.988129,0.979442,1.9682,-0.2006,1.2466,-0.000,-1.688,-179.228,0,1,401,255,98,110
1778699308.567400,2,0.831415,0.944331,0.785131,1.8978,0.7679,1.5228,0.000,-3.400,-125.607,0,1,120,178,105,117
1778699308.567400,0,0.991341,0.988129,0.979573,1.9701,-0.1546,1.2668,0.000,-1.475,-178.265,0,1,398,252,100,113
1778699308.667509,0,0.993347,0.990066,0.983479,1.9779,-0.1322,1.2808,-0.000,-0.689,-178.516,0,1,394,251,98,114
1778699308.667509,2,0.819998,0.940390,0.771118,1.8948,0.7912,1.5329,-0.000,-2.811,-123.515,0,1,117,176,105,118
1778699308.667509,0,0.992862,0.990066,0.982999,1.9779,-0.1322,1.2808,-0.000,-0.689,-178.516,0,1,391,249,98,113
1778699308.667509,2,0.820766,0.940390,0.771840,1.8948,0.7912,1.5329,-0.000,-2.811,-123.515,0,1,114,174,106,117
1778699308.767606,0,0.991747,0.990852,0.982674,1.9725,-0.1758,1.2874,0.000,0.045,-178.359,0,1,387,248,98,111
1778699308.767606,2,0.825533,0.938560,0.774812,1.9046,0.7452,1.5373,-0.000,-3.325,-125.753,0,1,111,172,105,117
1778699308.767606,2,0.829925,0.936707,0.777397,1.9135,0.7302,1.5439,0.000,-3.106,-126.714,0,1,107,172,105,117
1778699308.767606,0,0.991457,0.991783,0.983310,1.9692,-0.1883,1.2907,0.000,-0.234,-178.862,0,1,383,246,98,114
1778699308.767606,2,0.992509,0.994152,0.986704,1.9135,0.7302,1.5439,0.000,-3.106,-126.714,0,1,376,243,98,115
1778699308.767606,0,0.833049,0.930999,0.775568,1.9692,-0.1883,1.2907,0.000,-0.234,-178.862,0,1,101,169,106,117
1778699308.867713,0,0.819127,0.930999,0.762606,1.9659,-0.1519,1.3072,0.000,0.561,-178.155,0,1,91,166,108,121
1778699308.867713,2,0.986209,0.994152,0.980442,1.9013,0.7594,1.5517,0.000,-3.451,-126.436,0,1,364,243,97,114
1778699308.934452,2,0.822067,0.925129,0.760518,1.8988,0.7630,1.5592,-0.000,-3.133,-124.993,0,1,87,166,107,122
1778699308.934452,0,0.988921,0.996169,0.985133,1.9626,-0.1378,1.3072,-0.000,-0.044,-176.288,0,1,360,242,97,114
1778699309.001185,2,0.822194,0.922941,0.758837,1.9038,0.7355,1.5570,-0.000,-2.735,-125.583,0,1,84,166,108,122
1778699309.001185,0,0.990967,0.996769,0.987765,1.9592,-0.1621,1.3105,-0.000,0.446,-177.764,0,1,357,241,98,115
1778699309.001185,0,0.990369,0.997189,0.987585,1.9038,0.7355,1.5570,-0.000,-2.735,-125.583,0,1,353,241,98,115
1778699309.001185,1,0.824503,0.919449,0.758088,1.9592,-0.1621,1.3105,-0.000,0.446,-177.764,0,1,81,165,110,121
1778699309.001185,2,0.979332,0.892365,0.873921,nan,nan,nan,nan,nan,nan,0,1,601,202,77,136
1778699309.168014,0,0.992417,0.998111,0.990543,1.9581,-0.1376,1.3105,0.000,1.051,-177.387,0,0,349,242,98,114
1778699309.168014,2,0.839585,0.917206,0.770072,1.9080,0.7567,1.5603,0.000,-2.535,-126.971,0,0,77,165,112,124
1778699309.168014,8,0.972966,0.892990,0.868849,1.0404,-0.5167,1.2980,0.000,-4.178,148.168,0,0,600,202,80,128
1778699309.234751,2,0.832355,0.911508,0.758698,1.9114,0.7812,1.5603,-0.000,-3.035,-125.738,0,0,67,165,112,122
1778699309.234751,0,0.990105,0.999158,0.989272,1.1207,-0.0731,1.2365,0.000,0.810,-175.395,0,0,337,242,97,114
1778699309.234751,8,0.970562,0.896104,0.869724,1.0381,-0.5125,1.2980,-0.000,-5.365,150.094,0,0,595,202,90,121
1778699309.234751,2,0.988046,0.999158,0.987214,1.9114,0.7812,1.5603,-0.000,-3.035,-125.738,0,0,333,240,97,113
1778699309.234751,0,0.836762,0.911508,0.762715,1.1207,-0.0731,1.2365,0.000,0.810,-175.395,0,0,64,164,112,122
1778699309.234751,8,0.971079,0.896104,0.870187,1.0381,-0.5125,1.2980,-0.000,-5.365,150.094,0,0,592,202,95,121
1778699309.401583,2,0.837940,0.907281,0.760248,1.0268,0.4026,1.3617,0.000,-2.358,-125.471,0,0,60,164,112,122
1778699309.401583,0,0.987892,0.999631,0.987527,1.1046,-0.0579,1.2369,0.000,-0.515,-174.560,0,0,329,241,97,115
1778699309.401583,8,0.966553,0.898578,0.868523,1.0381,-0.5057,1.2980,0.000,-5.006,146.977,0,0,591,202,98,125
1778699309.401583,0,0.988034,0.999631,0.987669,1.1046,-0.0579,1.2369,0.000,0.330,-174.005,0,0,319,241,97,114
1778699309.401583,2,0.817473,0.907281,0.741678,1.0268,0.4026,1.3617,0.000,-2.448,-123.202,0,0,53,162,107,126
1778699309.401583,8,0.960758,0.898578,0.863317,1.0381,-0.5057,1.2980,0.000,-6.599,147.425,0,0,586,202,108,129
1778699309.501691,0,0.988025,0.999922,0.987948,1.0856,-0.0396,1.2352,-0.000,0.017,-173.207,0,0,315,240,97,115
1778699309.501691,2,0.826203,0.902835,0.745925,0.9891,0.3971,1.3565,0.000,-2.241,-123.528,0,0,51,161,103,128
1778699309.501691,8,0.962227,0.901650,0.867591,1.0302,-0.4933,1.2968,-0.000,-6.508,148.481,0,0,584,202,112,126
1778699309.568429,0,0.987204,0.999968,0.987172,1.0825,-0.0324,1.2367,0.000,-0.278,-172.722,0,0,312,241,97,114
1778699309.568429,2,0.962012,0.902871,0.868573,1.0273,-0.4885,1.2963,0.000,-6.579,148.735,0,0,582,204,115,120
1778699309.568429,8,0.826350,0.901483,0.744940,0.9821,0.3972,1.3565,0.000,-2.058,-123.318,0,0,50,162,100,126
1778699309.635157,0,0.989234,0.999944,0.989178,1.0826,-0.0271,1.2349,0.000,0.252,-172.899,0,0,309,241,98,115
1778699309.635157,8,0.968043,0.904236,0.875340,1.0276,-0.4851,1.2929,0.000,-5.295,148.840,0,0,579,202,115,121
1778699309.635157,2,0.847561,0.901055,0.763699,0.9822,0.3988,1.3549,0.000,-1.706,-125.489,0,0,48,161,97,128
1778699309.701888,0,0.984965,0.999907,0.984874,1.0797,-0.0218,1.2346,0.000,0.533,-170.624,0,0,299,241,97,115
1778699309.701888,8,0.966558,0.905907,0.875612,1.0302,-0.4814,1.2968,0.000,-5.788,149.925,0,0,569,203,113,121
1778699309.701888,2,0.856681,0.899698,0.770754,0.9771,0.3997,1.3554,-0.000,-0.325,-125.807,0,0,42,162,85,124
1778699309.701888,0,0.987088,0.999535,0.986630,1.0797,-0.0218,1.2346,0.000,0.533,-170.624,0,0,298,241,97,115
1778699309.701888,8,0.960445,0.912641,0.876542,1.0302,-0.4814,1.2968,0.000,-5.788,149.925,0,0,568,204,112,120
1778699309.701888,2,0.853757,0.896099,0.765051,0.9771,0.3997,1.3554,-0.000,-0.325,-125.807,0,0,42,161,84,125
1778699309.835371,0,0.988458,0.999499,0.987962,1.0797,-0.0022,1.2346,0.000,0.326,-170.473,0,0,297,240,98,117
1778699309.835371,8,0.962596,0.913158,0.879002,1.0553,-0.4738,1.2972,0.000,-6.870,149.690,0,0,567,203,114,121
1778699309.835371,2,0.865844,0.895496,0.775360,0.9644,0.4032,1.3524,0.000,-2.406,-125.940,0,0,41,161,82,125
1778699309.902102,0,0.985872,0.999499,0.985378,1.0795,-0.0005,1.2364,0.000,-0.104,-170.207,0,0,294,241,97,114
1778699309.902102,8,0.963791,0.913158,0.880094,1.0581,-0.4734,1.2994,0.000,-5.727,149.148,0,0,564,204,113,121
1778699309.902102,2,0.884469,0.895496,0.792038,0.9624,0.4039,1.3519,0.000,-0.026,-128.642,0,0,40,161,80,125
1778699310.068952,0,0.984525,0.999308,0.983844,1.0767,0.0048,1.2344,-0.000,0.214,-169.118,0,0,293,240,98,115
1778699310.068952,8,0.961503,0.915001,0.879777,1.0642,-0.4708,1.2986,0.000,-6.376,149.486,0,0,564,204,113,121
1778699310.068952,2,0.901664,0.894122,0.806197,0.9603,0.4061,1.3530,0.000,-1.173,-131.637,0,0,39,160,78,130
1778699310.135691,0,0.985137,0.999244,0.984392,1.0767,0.0065,1.2344,-0.000,-0.055,-169.412,0,0,293,241,97,114
1778699310.135691,8,0.962543,0.915001,0.880728,1.0642,-0.4708,1.2986,-0.000,-5.983,149.168,0,0,564,204,113,120
1778699310.135691,2,0.917896,0.894122,0.820711,0.9603,0.4061,1.3530,0.000,-0.443,-133.826,0,0,39,160,78,130
1778699310.202429,0,0.983447,0.999259,0.982719,1.0765,0.0065,1.2361,0.000,-0.326,-168.997,0,0,293,240,98,115
1778699310.202429,8,0.964339,0.915001,0.882371,1.0642,-0.4708,1.2986,-0.000,-5.487,149.039,0,0,564,204,113,122
1778699310.202429,2,0.924015,0.894122,0.826182,0.9623,0.4071,1.3535,0.000,-1.487,-135.649,0,0,39,160,79,132
1778699310.269164,0,0.982863,0.999259,0.982135,1.0735,0.0064,1.2358,-0.000,-0.005,-168.589,0,0,293,240,97,115
1778699310.269164,8,0.964858,0.914413,0.882279,1.0613,-0.4712,1.2982,0.000,-5.743,149.727,0,0,565,204,112,120
1778699310.269164,2,0.939773,0.893516,0.839702,0.9573,0.4062,1.3523,0.000,-0.562,-138.004,0,0,38,160,77,129
1778699310.335897,0,0.983119,0.999244,0.982376,1.0737,0.0064,1.2341,-0.000,0.804,-168.213,0,0,293,241,97,115
1778699310.335897,8,0.960376,0.914338,0.878108,1.0640,-0.4725,1.3004,0.000,-6.402,149.085,0,0,565,203,113,121
1778699310.335897,2,0.958062,0.893516,0.856043,0.9573,0.4062,1.3523,0.000,0.198,-141.808,0,0,38,160,76,129
1778699310.402623,0,0.982600,0.999244,0.981857,1.0767,0.0065,1.2344,0.000,0.691,-168.087,0,0,293,241,97,115
1778699310.402623,8,0.964095,0.914413,0.881581,1.0642,-0.4725,1.2986,-0.000,-5.894,149.659,0,0,565,204,112,120
1778699310.402623,2,0.967072,0.893680,0.864253,0.9575,0.4062,1.3508,-0.000,0.985,-143.662,0,0,38,161,76,129
1778699310.469351,0,0.980141,0.999244,0.979400,1.0737,0.0064,1.2341,0.000,0.825,-167.228,0,0,293,241,98,115
1778699310.469351,8,0.961384,0.914926,0.879595,1.0640,-0.4708,1.3004,0.000,-6.360,149.588,0,0,564,203,113,121
1778699310.469351,2,0.979892,0.893680,0.875710,0.9575,0.4062,1.3508,-0.000,1.987,-147.714,0,0,38,161,76,129
1778699310.469351,0,0.979300,0.999244,0.978560,1.0737,0.0064,1.2341,-0.000,0.096,-167.291,0,0,294,242,98,114
1778699310.469351,8,0.964130,0.914926,0.882107,1.0640,-0.4708,1.3004,0.000,-5.581,149.301,0,0,564,203,113,121
1778699310.469351,2,0.982685,0.893680,0.878207,0.9575,0.4062,1.3508,-0.000,1.833,-149.950,0,0,37,161,75,124
1778699310.569459,0,0.976484,0.999290,0.975791,1.0739,0.0046,1.2323,0.000,-0.137,-166.602,0,0,294,242,98,115
1778699310.569459,8,0.956461,0.914926,0.875091,1.0640,-0.4708,1.3004,0.000,-7.320,149.296,0,0,564,203,113,121
1778699310.569459,2,0.976743,0.893073,0.872303,0.9555,0.4068,1.3503,0.000,0.413,-148.804,0,0,38,160,76,126
1778699310.636184,0,0.977426,0.999290,0.976732,1.0768,0.0048,1.2326,0.000,0.488,-166.606,0,0,294,242,98,114
1778699310.636184,8,0.958540,0.914926,0.876993,1.0640,-0.4708,1.3004,0.000,-6.923,149.421,0,0,564,203,113,121
1778699310.636184,2,0.978857,0.893516,0.874624,0.9573,0.4062,1.3523,0.000,0.637,-150.235,0,0,38,160,76,129
1778699310.702946,0,0.977861,0.999290,0.977166,1.0768,0.0048,1.2326,-0.000,0.294,-166.816,0,0,294,242,98,115
1778699310.702946,8,0.958787,0.914926,0.877219,1.0640,-0.4708,1.3004,0.000,-6.762,149.187,0,0,564,203,112,121
1778699310.702946,2,0.983234,0.893516,0.878535,0.9554,0.4053,1.3519,-0.000,1.441,-152.977,0,0,37,160,75,125
1778699310.803078,0,0.977911,0.999268,0.977195,1.0770,0.0048,1.2308,-0.000,0.926,-166.543,0,0,294,243,98,114
1778699310.803078,1,0.958510,0.914926,0.876966,1.0640,-0.4708,1.3004,0.000,-6.779,149.091,0,0,564,203,112,120
1778699310.803078,0,0.979800,0.999268,0.979083,1.0770,0.0048,1.2308,0.000,1.003,-167.078,0,0,294,243,98,114
1778699310.803078,8,0.959927,0.914926,0.878262,1.0640,-0.4708,1.3004,0.000,-6.655,149.511,0,0,563,203,113,121
1778699310.903196,0,0.980430,0.999268,0.979713,1.0770,0.0048,1.2308,0.000,1.273,-167.175,0,0,294,243,97,114
1778699310.903196,9,0.960375,0.914926,0.878672,1.0640,-0.4708,1.3004,0.000,-6.513,149.420,0,0,564,203,112,121
1778699310.903196,0,0.981355,0.999268,0.980637,1.0770,0.0048,1.2308,0.000,1.148,-167.509,0,0,295,243,98,113
1778699310.903196,10,0.959888,0.914926,0.878226,1.0640,-0.4708,1.3004,0.000,-6.549,149.259,0,0,563,203,113,121
1778699311.003304,0,0.980460,0.999268,0.979743,1.0770,0.0048,1.2308,0.000,1.143,-167.230,0,0,294,243,97,113
1778699311.003304,11,0.957567,0.914926,0.876103,1.0640,-0.4708,1.3004,0.000,-7.159,149.475,0,0,564,203,112,121
1778699311.003304,0,0.980515,0.999268,0.979798,1.0770,0.0048,1.2308,0.000,1.143,-167.230,0,0,295,243,98,113
1778699311.003304,12,0.960271,0.914926,0.878577,1.0640,-0.4708,1.3004,0.000,-7.159,149.475,0,0,564,203,112,120
1778699311.003304,0,0.979942,0.999330,0.979286,1.0770,0.0048,1.2308,-0.000,0.759,-167.394,0,0,295,243,98,113
1778699311.003304,13,0.959236,0.914926,0.877630,1.0640,-0.4708,1.3004,0.000,-6.768,149.957,0,0,564,203,112,121
1778699311.203495,0,0.980664,0.999330,0.980006,1.0800,0.0031,1.2311,-0.000,0.900,-167.486,0,0,295,243,98,113
1778699311.203495,1,0.952530,0.914926,0.871495,1.0640,-0.4708,1.3004,0.000,-8.850,151.338,0,0,564,203,114,118
1778699311.203495,2,0.982238,0.892909,0.877049,0.9554,0.4068,1.3519,0.000,1.171,-154.902,0,0,37,160,74,128
1778699311.203495,0,0.980361,0.999330,0.979704,1.0800,0.0031,1.2311,-0.000,0.900,-167.486,0,0,295,243,98,113
1778699311.203495,1,0.954928,0.914926,0.873688,1.0640,-0.4708,1.3004,0.000,-8.850,151.338,0,0,565,203,112,118
1778699311.270225,0,0.980799,0.999330,0.980142,1.0770,0.0030,1.2308,0.000,0.548,-167.672,0,0,295,243,98,113
1778699311.270225,14,0.958171,0.914338,0.876092,1.0611,-0.4712,1.2999,-0.000,-7.460,150.473,0,0,565,203,114,120
1778699311.336963,0,0.980073,0.999330,0.979416,1.0800,0.0031,1.2311,-0.000,0.995,-167.266,0,0,294,243,97,113
1778699311.336963,14,0.956922,0.914338,0.874950,1.0611,-0.4712,1.2999,0.000,-7.528,149.942,0,0,565,203,113,120
1778699311.336963,2,0.983913,0.893073,0.878706,0.9555,0.4068,1.3503,0.000,3.527,-159.793,0,0,37,160,74,129
1778699311.437064,0,0.981863,0.999330,0.981205,1.0800,0.0031,1.2311,-0.000,1.223,-167.745,0,0,295,243,98,114
1778699311.437064,14,0.955295,0.914338,0.873463,1.0611,-0.4712,1.2999,0.000,-8.210,150.932,0,0,565,203,113,117
1778699311.437064,0,0.982219,0.999330,0.981560,1.0800,0.0031,1.2311,-0.000,1.584,-167.733,0,0,295,243,98,113
1778699311.437064,15,0.958249,0.914338,0.876163,1.0611,-0.4712,1.2999,0.000,-7.489,150.604,0,0,565,204,113,118
1778699311.537160,0,0.983066,0.999330,0.982407,1.0800,0.0031,1.2311,0.000,1.405,-168.072,0,0,295,243,98,113
1778699311.537160,16,0.962309,0.914338,0.879876,1.0611,-0.4712,1.2999,0.000,-6.703,150.885,0,0,565,203,113,120
1778699311.537160,0,0.982264,0.999330,0.981606,1.0800,0.0031,1.2311,0.000,1.405,-168.072,0,0,295,244,98,111
1778699311.537160,1,0.961932,0.914338,0.879531,1.0611,-0.4712,1.2999,0.000,-6.703,150.885,0,0,565,203,113,120
1778699311.537160,2,0.981489,0.892909,0.876380,nan,nan,nan,nan,nan,nan,0,0,37,160,75,126
1778699311.603899,0,0.983182,0.999388,0.982581,1.0800,0.0031,1.2311,-0.000,1.265,-167.859,0,0,296,243,98,113
1778699311.603899,17,0.961576,0.914413,0.879278,1.0611,-0.4712,1.2999,0.000,-6.705,150.651,0,0,565,204,113,118
1778699311.603899,2,0.981169,0.893349,0.876527,0.9554,0.4068,1.3519,0.000,1.143,-156.093,0,0,38,159,76,129
1778699311.670639,0,0.982207,0.999388,0.981606,1.0830,0.0014,1.2313,0.000,0.948,-168.063,0,0,296,243,98,113
1778699311.670639,17,0.961009,0.914413,0.878759,1.0613,-0.4712,1.2982,0.000,-6.752,150.000,0,0,565,203,113,120
1778699311.804116,0,0.979963,0.999388,0.979363,1.0860,0.0015,1.2316,0.000,1.282,-167.230,0,0,296,243,98,113
1778699311.804116,18,0.959945,0.914338,0.877715,1.0611,-0.4712,1.2999,0.000,-6.771,149.691,0,0,565,203,113,121
1778699311.804116,2,0.984333,0.893349,0.879353,0.9572,0.4062,1.3539,0.000,1.881,-154.445,0,0,38,159,76,129
1778699311.837485,0,0.981768,0.999388,0.981167,1.0860,0.0015,1.2316,0.000,1.200,-167.823,0,0,296,243,98,113
1778699311.837485,1,0.958561,0.914338,0.876449,1.0611,-0.4712,1.2999,0.000,-6.991,149.491,0,0,565,203,112,121
1778699311.904222,0,0.980917,0.999443,0.980371,1.0830,-0.0004,1.2313,0.000,1.057,-167.707,0,0,297,243,98,114
1778699311.904222,18,0.959411,0.914926,0.877790,1.0640,-0.4708,1.3004,-0.000,-6.894,149.800,0,0,564,203,112,121
1778699311.904222,0,0.981516,0.999443,0.980969,1.0830,-0.0004,1.2313,0.000,1.057,-167.707,0,0,297,243,98,114
1778699311.904222,1,0.962206,0.915588,0.880985,1.0640,-0.4708,1.3004,-0.000,-6.894,149.800,0,0,563,204,113,120
1778699311.904222,2,0.982172,0.892909,0.876990,nan,nan,nan,nan,nan,nan,0,0,37,160,75,130
1778699312.037680,0,0.980897,0.999465,0.980372,1.0858,-0.0003,1.2334,0.000,0.626,-167.914,0,0,297,242,98,115
1778699312.037680,19,0.961656,0.915588,0.880481,1.0642,-0.4690,1.2986,0.000,-6.290,149.472,0,0,563,204,113,120
1778699312.037680,2,0.982704,0.892909,0.877466,0.9554,0.4068,1.3519,0.000,2.014,-157.662,0,0,37,160,75,128
1778699312.037680,0,0.981528,0.999465,0.981002,1.0858,-0.0003,1.2334,0.000,0.626,-167.914,0,0,297,242,98,115
1778699312.037680,19,0.960361,0.915588,0.879295,1.0642,-0.4690,1.2986,0.000,-6.290,149.472,0,0,563,204,113,120
1778699312.104390,0,0.980454,0.999465,0.979929,1.0858,-0.0003,1.2334,0.000,0.004,-168.061,0,0,297,242,98,115
1778699312.104390,1,0.961121,0.915588,0.879991,1.0642,-0.4690,1.2986,0.000,-6.443,149.537,0,0,563,203,113,120
1778699312.104390,0,0.979529,0.999517,0.979056,1.0858,-0.0003,1.2334,0.000,0.004,-168.061,0,0,298,242,98,115
1778699312.104390,20,0.957574,0.915513,0.876671,1.0642,-0.4690,1.2986,0.000,-6.443,149.537,0,0,563,203,113,120
1778699312.204498,0,0.981510,0.999517,0.981036,1.0828,-0.0022,1.2331,0.000,0.603,-168.224,0,0,298,242,98,114
1778699312.204498,21,0.955116,0.915513,0.874421,1.0640,-0.4690,1.3004,0.000,-7.456,149.056,0,0,563,204,113,118
1778699312.271237,0,0.978226,0.999517,0.977753,1.0798,-0.0022,1.2329,0.000,-0.193,-167.554,0,0,298,242,98,115
1778699312.271237,22,0.959807,0.915588,0.878788,1.0642,-0.4690,1.2986,0.000,-6.755,149.570,0,0,563,204,112,118
1778699312.371361,23,0.979782,0.999517,0.979309,1.0798,-0.0022,1.2329,0.000,0.829,-167.580,0,0,298,242,98,114
1778699312.371361,0,0.958079,0.915588,0.877206,1.0642,-0.4690,1.2986,0.000,-6.981,149.223,0,0,563,204,114,118
1778699312.371361,0,0.979768,0.999517,0.979295,1.0798,-0.0022,1.2329,-0.000,-0.160,-168.023,0,0,298,242,98,114
1778699312.371361,24,0.961400,0.915588,0.880246,1.0642,-0.4690,1.2986,0.000,-5.964,148.699,0,0,563,204,113,120
1778699312.438102,0,0.979582,0.999517,0.979109,1.0798,-0.0022,1.2329,0.000,0.056,-167.856,0,0,298,242,98,114
1778699312.438102,25,0.957399,0.915588,0.876583,1.0672,-0.4703,1.2991,-0.000,-6.928,148.797,0,0,563,204,113,120
1778699312.571589,0,0.979914,0.999517,0.979441,1.0798,-0.0022,1.2329,0.000,-0.689,-168.358,0,0,298,242,98,114
1778699312.571589,25,0.963011,0.915588,0.881721,1.0672,-0.4703,1.2991,-0.000,-6.038,149.608,0,0,563,204,113,118
1778699312.571589,2,0.980391,0.893516,0.875995,0.9603,0.4077,1.3530,0.000,0.556,-153.686,0,0,38,160,76,128
1778699312.638327,0,0.980042,0.999517,0.979569,1.0798,-0.0022,1.2329,0.000,-0.257,-168.162,0,0,298,242,98,114
1778699312.638327,25,0.960321,0.915588,0.879258,1.0672,-0.4703,1.2991,0.000,-6.730,149.776,0,0,563,204,113,120
1778699312.638327,2,0.980640,0.892909,0.875622,0.9573,0.4078,1.3523,0.000,0.636,-153.046,0,0,37,160,74,128
1778699312.638327,0,0.979975,0.999517,0.979502,1.0798,-0.0022,1.2329,0.000,0.245,-167.892,0,0,298,242,98,114
1778699312.638327,25,0.959933,0.915588,0.878903,1.0672,-0.4703,1.2991,-0.000,-6.685,149.479,0,0,563,203,113,121
1778699312.771807,0,0.979845,0.999517,0.979371,1.0798,-0.0022,1.2329,0.000,-0.519,-168.239,0,0,298,242,97,114
1778699312.771807,1,0.960512,0.915001,0.878870,1.0642,-0.4708,1.2986,-0.000,-6.729,149.776,0,0,564,204,113,120
1778699312.771807,2,0.980912,0.893516,0.876460,0.9573,0.4062,1.3523,-0.000,0.711,-153.930,0,0,38,160,76,128
1778699312.838533,0,0.979383,0.999517,0.978910,1.0768,-0.0023,1.2326,0.000,-0.581,-168.122,0,0,298,242,97,114
1778699312.838533,26,0.960992,0.914926,0.879237,1.0640,-0.4708,1.3004,0.000,-6.479,149.658,0,0,564,203,113,121
1778699312.838533,2,0.980493,0.893073,0.875652,0.9575,0.4078,1.3508,0.000,0.890,-156.657,0,0,37,161,74,126
1778699312.838533,0,0.980753,0.999517,0.980280,1.0768,-0.0023,1.2326,0.000,-0.581,-168.122,0,0,298,242,97,114
1778699312.838533,26,0.958780,0.914926,0.877213,1.0640,-0.4708,1.3004,0.000,-6.479,149.658,0,0,565,204,114,118
1778699312.838533,2,0.983643,0.893073,0.878465,0.9575,0.4078,1.3508,0.000,0.890,-156.657,0,0,37,160,75,129
1778699312.971979,0,0.980796,0.999517,0.980322,1.0709,-0.0025,1.2321,0.000,-0.138,-168.347,0,0,298,242,97,114
1778699312.971979,26,0.962314,0.915001,0.880519,1.0642,-0.4708,1.2986,0.000,-6.481,150.158,0,0,564,204,113,121
1778699312.971979,0,0.983076,0.999517,0.982601,1.0709,-0.0025,1.2321,-0.000,-0.444,-169.314,0,0,299,242,98,114
1778699312.971979,27,0.962441,0.915001,0.880635,1.0642,-0.4708,1.2986,-0.000,-6.432,150.108,0,0,565,204,112,120
1778699313.038708,28,0.982995,0.999566,0.982568,1.0679,-0.0043,1.2318,0.000,0.535,-168.855,0,0,299,242,97,114
1778699313.038708,0,0.961915,0.914413,0.879587,1.0642,-0.4725,1.2986,0.000,-6.310,149.453,0,0,565,204,112,121
1778699313.172169,28,0.982958,0.999566,0.982532,1.0649,-0.0044,1.2315,0.000,0.263,-168.977,0,0,300,242,98,113
1778699313.172169,0,0.960596,0.915001,0.878947,1.0642,-0.4708,1.2986,-0.000,-6.765,149.906,0,0,564,204,113,121
1778699313.172169,2,0.985655,0.893516,0.880699,0.9573,0.4062,1.3523,0.000,2.409,-155.721,0,0,38,160,77,130
1778699313.172169,28,0.983581,0.999612,0.983200,1.0649,-0.0044,1.2315,0.000,0.263,-168.977,0,0,300,242,98,113
1778699313.172169,0,0.963482,0.915001,0.881587,1.0642,-0.4708,1.2986,-0.000,-6.765,149.906,0,0,564,204,113,120
1778699313.172169,2,0.979169,0.893349,0.874740,0.9573,0.4062,1.3523,0.000,2.409,-155.721,0,0,38,159,77,129
1778699313.238908,28,0.983449,0.999612,0.983068,1.0619,-0.0063,1.2313,0.000,-0.296,-169.563,0,0,300,242,98,114
1778699313.238908,0,0.962793,0.915001,0.880956,1.0642,-0.4708,1.2986,0.000,-6.034,149.394,0,0,564,204,113,122
1778699313.238908,2,0.982118,0.893349,0.877375,0.9572,0.4062,1.3539,0.000,1.216,-154.841,0,0,38,159,77,129
1778699313.238908,28,0.982979,0.999612,0.982597,1.0619,-0.0063,1.2313,0.000,-0.296,-169.563,0,0,300,242,97,113
1778699313.238908,0,0.965442,0.915588,0.883947,1.0642,-0.4708,1.2986,0.000,-6.034,149.394,0,0,563,204,113,122
1778699313.238908,2,0.977193,0.892909,0.872545,0.9572,0.4062,1.3539,0.000,1.216,-154.841,0,0,37,160,75,128
1778699313.472493,28,0.979272,0.999591,0.978871,1.0541,-0.0065,1.2288,-0.000,-0.740,-168.322,0,0,300,243,97,113
1778699313.472493,0,0.962094,0.915001,0.880317,1.0672,-0.4721,1.2991,-0.000,-6.606,150.344,0,0,564,204,112,120
1778699313.472493,2,0.978999,0.893516,0.874751,0.9603,0.4077,1.3530,0.000,0.345,-151.622,0,0,38,160,76,128
1778699313.472493,28,0.979968,0.999591,0.979567,1.0541,-0.0065,1.2288,0.000,-0.788,-168.578,0,0,300,244,97,111
1778699313.472493,0,0.966841,0.915001,0.884660,1.0672,-0.4721,1.2991,0.000,-5.627,150.673,0,0,563,204,113,121
1778699313.472493,2,0.981399,0.893516,0.876896,0.9603,0.4077,1.3530,0.000,0.857,-153.419,0,0,37,160,75,126
1778699313.605970,28,0.982171,0.999566,0.981745,1.0483,-0.0066,1.2266,0.000,-0.985,-169.401,0,0,301,243,98,113
1778699313.605970,0,0.960367,0.915588,0.879300,1.0702,-0.4716,1.2996,0.000,-6.662,149.644,0,0,564,204,112,120
1778699313.605970,2,0.985973,0.892909,0.880384,0.9573,0.4078,1.3523,0.000,2.379,-154.836,0,0,37,161,74,126
1778699313.639336,28,0.983552,0.999634,0.983191,1.0451,-0.0084,1.2281,0.000,0.190,-169.375,0,0,302,243,98,114
1778699313.639336,0,0.963136,0.915001,0.881270,1.0672,-0.4721,1.2991,0.000,-6.118,149.751,0,0,563,204,113,120
1778699313.639336,2,0.985335,0.893073,0.879977,0.9575,0.4078,1.3508,0.000,2.025,-154.354,0,0,37,162,74,126
1778699313.706082,28,0.984670,0.999674,0.984349,1.0422,-0.0102,1.2278,0.000,0.714,-169.620,0,0,303,243,100,114
1778699313.706082,0,0.963316,0.915588,0.882001,1.0702,-0.4716,1.2996,0.000,-6.423,150.688,0,0,563,204,113,120
1778699313.706082,2,0.983487,0.893235,0.878485,0.9577,0.4078,1.3492,0.000,4.017,-160.731,0,0,37,161,75,125
1778699313.772821,28,0.984787,0.999710,0.984501,1.0422,-0.0119,1.2278,-0.000,0.450,-169.892,0,0,302,243,98,114
1778699313.772821,0,0.963369,0.915588,0.882049,1.0702,-0.4716,1.2996,0.000,-5.984,149.674,0,0,564,204,112,121
1778699313.772821,2,0.984020,0.893073,0.878802,0.9575,0.4078,1.3508,-0.000,1.723,-155.436,0,0,37,161,74,125
1778699313.906298,28,0.985472,0.999674,0.985150,1.0402,-0.0102,1.2276,-0.000,0.915,-169.821,0,0,302,243,98,114
1778699313.906298,0,0.960876,0.915001,0.879202,1.0672,-0.4721,1.2991,-0.000,-6.427,149.287,0,0,564,204,113,120
1778699313.906298,2,0.983386,0.893073,0.878236,0.9575,0.4078,1.3508,0.000,1.371,-153.996,0,0,37,160,74,129
1778699313.973036,28,0.990323,0.999720,0.990045,1.0344,-0.0137,1.2254,0.000,1.194,-171.842,0,0,304,244,100,115
1778699313.973036,0,0.963100,0.915001,0.881238,1.0672,-0.4721,1.2991,0.000,-6.241,150.015,0,0,564,204,112,121
1778699313.973036,2,0.980956,0.892743,0.875741,0.9572,0.4078,1.3539,-0.000,0.829,-152.853,0,0,37,159,75,129
1778699313.973036,28,0.989847,0.999720,0.989569,1.0344,-0.0137,1.2254,0.000,1.194,-171.842,0,0,304,244,100,115
1778699313.973036,0,0.961451,0.915001,0.879729,1.0672,-0.4721,1.2991,0.000,-6.241,150.015,0,0,564,204,113,121
1778699313.973036,2,0.989886,0.893073,0.884041,0.9572,0.4078,1.3539,-0.000,0.829,-152.853,0,0,37,161,74,130
1778699314.106513,28,0.988697,0.999692,0.988392,1.0295,-0.0138,1.2233,0.000,1.134,-171.104,0,0,304,245,100,115
1778699314.106513,0,0.961660,0.915001,0.879920,1.0672,-0.4721,1.2991,-0.000,-6.406,149.632,0,0,564,204,113,121
1778699314.106513,2,0.983012,0.892909,0.877741,0.9573,0.4078,1.3523,0.000,1.340,-153.389,0,0,37,160,74,129
1778699314.173246,28,0.989648,0.999723,0.989374,1.0265,-0.0156,1.2231,0.000,1.178,-171.595,0,0,305,245,100,115
1778699314.173246,0,0.966242,0.915001,0.884113,1.0672,-0.4721,1.2991,-0.000,-5.462,149.942,0,0,564,204,112,121
1778699314.173246,2,0.980769,0.893955,0.876763,0.9552,0.4037,1.3535,0.000,0.892,-155.504,0,0,39,159,78,129
1778699314.173246,28,0.991659,0.999723,0.991383,1.0265,-0.0156,1.2231,0.000,1.437,-172.410,0,0,305,245,102,115
1778699314.173246,0,0.959328,0.915001,0.877786,1.0672,-0.4721,1.2991,-0.000,-6.670,149.056,0,0,564,203,112,121
1778699314.173246,2,0.979623,0.893955,0.875739,0.9552,0.4037,1.3535,0.000,0.555,-152.107,0,0,38,159,77,130
1778699314.373413,28,0.991987,0.999723,0.991712,1.0236,-0.0156,1.2228,0.000,1.367,-172.613,0,0,305,245,102,117
1778699314.373413,0,0.957159,0.915588,0.876364,1.0702,-0.4716,1.2996,-0.000,-7.344,149.587,0,0,563,204,113,118
1778699314.373413,2,0.978136,0.892909,0.873386,0.9573,0.4078,1.3523,0.000,0.088,-151.567,0,0,37,160,75,130
1778699314.440163,28,0.992133,0.999723,0.991858,1.0236,-0.0156,1.2228,0.000,1.758,-172.493,0,0,305,245,102,115
1778699314.440163,0,0.959230,0.915513,0.878188,1.0670,-0.4703,1.3008,0.000,-6.690,149.341,0,0,563,203,112,121
1778699314.440163,2,0.979609,0.892743,0.874539,0.9552,0.4068,1.3535,0.000,0.447,-152.731,0,0,37,159,75,129
1778699314.440163,28,0.991198,0.999723,0.990923,1.0236,-0.0156,1.2228,0.000,1.513,-172.149,0,0,305,245,102,115
1778699314.440163,0,0.954702,0.915513,0.874042,1.0670,-0.4703,1.3008,0.000,-7.609,149.202,0,0,563,204,113,118
1778699314.440163,2,0.976114,0.892743,0.871419,0.9552,0.4068,1.3535,-0.000,-0.216,-150.755,0,0,38,160,76,126
1778699314.607009,28,0.989602,0.999775,0.989379,1.0216,-0.0190,1.2227,0.000,1.246,-171.744,0,0,307,245,102,117
1778699314.607009,0,0.954683,0.915588,0.874096,1.0702,-0.4716,1.2996,0.000,-8.007,149.932,0,0,563,204,113,118
1778699314.607009,2,0.978741,0.892743,0.873764,0.9572,0.4078,1.3539,0.000,0.252,-152.209,0,0,37,159,75,128
1778699314.673748,28,0.987698,0.999803,0.987503,1.0214,-0.0190,1.2243,0.000,0.777,-171.213,0,0,307,244,102,117
1778699314.673748,0,0.956309,0.915513,0.875513,1.0700,-0.4716,1.3013,0.000,-7.510,149.767,0,0,563,203,113,117
1778699314.673748,2,0.980320,0.892909,0.875336,0.9573,0.4078,1.3523,0.000,0.611,-155.030,0,0,37,160,75,128
1778699314.673748,28,0.988783,0.999803,0.988588,1.0214,-0.0190,1.2243,0.000,1.006,-171.553,0,0,307,244,103,117
1778699314.673748,0,0.961065,0.915513,0.879867,1.0700,-0.4716,1.3013,-0.000,-6.492,149.821,0,0,564,203,112,121
1778699314.673748,2,0.978985,0.892909,0.874144,0.9573,0.4078,1.3523,0.000,0.202,-152.483,0,0,37,159,75,129
1778699314.773851,28,0.988803,0.999803,0.988608,1.0234,-0.0190,1.2245,0.000,0.745,-171.699,0,0,308,244,103,117
1778699314.773851,0,0.959478,0.914926,0.877851,1.0700,-0.4734,1.3013,0.000,-7.084,150.313,0,0,564,203,112,120
1778699314.773851,2,0.978473,0.892743,0.873524,0.9572,0.4078,1.3539,0.000,0.100,-153.196,0,0,37,160,75,126
1778699314.907332,28,0.988660,0.999824,0.988486,1.0234,-0.0207,1.2245,-0.000,0.177,-172.075,0,0,308,244,103,117
1778699314.907332,0,0.958393,0.914926,0.876859,1.0670,-0.4721,1.3008,0.000,-7.333,150.354,0,0,564,203,113,120
1778699314.907332,2,0.987589,0.893073,0.881989,0.9575,0.4078,1.3508,0.000,3.437,-157.040,0,0,37,161,74,128
1778699314.974056,28,0.987708,0.999824,0.987534,1.0234,-0.0207,1.2245,-0.000,-0.303,-171.970,0,0,308,244,103,117
1778699314.974056,0,0.955381,0.914413,0.873613,1.0672,-0.4738,1.2991,0.000,-8.253,150.836,0,0,565,204,112,118
1778699314.974056,2,0.984615,0.893073,0.879333,0.9575,0.4078,1.3508,0.000,5.031,-161.155,0,0,37,161,75,129
1778699314.974056,28,0.987641,0.999824,0.987468,1.0234,-0.0207,1.2245,0.000,-0.122,-171.816,0,0,308,245,103,118
1778699314.974056,0,0.957801,0.914413,0.875826,1.0672,-0.4738,1.2991,0.000,-7.710,150.709,0,0,565,204,112,118
1778699314.974056,2,0.985329,0.893073,0.879971,0.9575,0.4078,1.3508,0.000,2.169,-155.486,0,0,37,161,74,125
1778699314.974056,28,0.986073,0.999796,0.985872,1.0234,-0.0207,1.2245,0.000,-0.122,-171.816,0,0,308,245,104,117
1778699314.974056,0,0.959394,0.913824,0.876717,1.0672,-0.4738,1.2991,0.000,-7.710,150.709,0,0,566,204,112,118
1778699314.974056,2,0.981101,0.893073,0.876195,0.9575,0.4078,1.3508,0.000,2.169,-155.486,0,0,37,161,74,124
1778699315.207650,28,0.989503,0.999710,0.989216,1.0239,-0.0190,1.2195,0.000,0.649,-171.900,0,0,307,247,104,117
1778699315.207650,0,0.963580,0.913233,0.879973,1.0642,-0.4760,1.2986,0.000,-6.484,150.620,0,0,567,204,113,120
1778699315.207650,2,0.977833,0.893516,0.873709,0.9603,0.4077,1.3530,0.000,-0.134,-152.857,0,0,38,160,76,126
1778699315.274379,28,0.989854,0.999710,0.989568,1.0239,-0.0190,1.2195,-0.000,0.577,-172.100,0,0,307,247,104,117
1778699315.274379,0,0.960989,0.913233,0.877607,1.0613,-0.4747,1.2982,0.000,-7.127,150.808,0,0,567,204,113,120
1778699315.274379,2,0.977848,0.893349,0.873559,0.9601,0.4077,1.3546,-0.000,0.144,-151.426,0,0,38,159,76,129
1778699315.341092,28,0.991358,0.999674,0.991034,1.0221,-0.0190,1.2177,0.000,0.493,-172.823,0,0,307,248,104,115
1778699315.341092,0,0.961550,0.912567,0.877479,1.0611,-0.4765,1.2999,0.000,-6.800,150.381,0,0,568,203,112,120
1778699315.341092,2,0.974658,0.892743,0.870118,0.9572,0.4078,1.3539,0.000,-0.419,-150.032,0,0,37,159,75,129
1778699315.341092,28,0.991231,0.999674,0.990907,1.0221,-0.0190,1.2177,0.000,0.629,-172.677,0,0,306,248,103,115
1778699315.341092,0,0.963488,0.912567,0.879247,1.0611,-0.4765,1.2999,0.000,-6.418,150.530,0,0,568,203,113,120
1778699315.341092,2,0.985615,0.892743,0.879900,0.9572,0.4078,1.3539,0.000,2.518,-155.831,0,0,38,159,77,129
1778699315.341092,28,0.990425,0.999649,0.990077,1.0221,-0.0190,1.2177,0.000,0.629,-172.677,0,0,307,248,104,115
1778699315.341092,0,0.958458,0.912567,0.874657,1.0611,-0.4765,1.2999,0.000,-6.418,150.530,0,0,568,205,112,118
1778699315.341092,2,0.972522,0.893349,0.868802,0.9572,0.4078,1.3539,0.000,2.518,-155.831,0,0,37,159,75,129
1778699315.574648,28,0.990124,0.999674,0.989801,1.0191,-0.0190,1.2174,0.000,-0.053,-172.556,0,0,307,247,104,117
1778699315.574648,0,0.959304,0.912714,0.875570,1.0585,-0.4751,1.2960,0.000,-7.732,151.197,0,0,568,204,113,120
1778699315.574648,2,0.976379,0.892743,0.871655,0.9572,0.4078,1.3539,0.000,-0.152,-150.793,0,0,37,159,75,128
1778699315.641400,28,0.990260,0.999744,0.990007,1.0138,-0.0191,1.2204,0.000,0.050,-172.690,0,0,307,246,103,117
1778699315.641400,0,0.961823,0.912641,0.877800,1.0583,-0.4751,1.2977,-0.000,-6.992,150.854,0,0,568,204,112,120
1778699315.641400,2,0.977697,0.892743,0.872832,0.9552,0.4068,1.3535,0.000,0.183,-150.917,0,0,37,159,75,129
1778699315.708125,28,0.986528,0.999784,0.986315,1.0108,-0.0225,1.2201,-0.000,-0.827,-171.783,0,0,309,246,104,117
1778699315.708125,0,0.963648,0.913233,0.880035,1.0613,-0.4747,1.2982,0.000,-6.433,150.522,0,0,567,204,113,120
1778699315.708125,2,0.977633,0.892909,0.872937,0.9603,0.4093,1.3530,-0.000,-0.186,-152.631,0,0,37,160,75,128
1778699315.708125,28,0.988558,0.999784,0.988344,1.0108,-0.0225,1.2201,-0.000,-0.535,-172.486,0,0,310,245,103,120
1778699315.708125,0,0.964442,0.913233,0.880760,1.0613,-0.4747,1.2982,0.000,-6.307,150.678,0,0,567,203,114,121
1778699315.708125,2,0.981372,0.892909,0.876276,0.9603,0.4093,1.3530,0.000,0.838,-153.497,0,0,37,160,74,125
1778699315.708125,28,0.988435,0.999830,0.988267,1.0108,-0.0225,1.2201,-0.000,-0.535,-172.486,0,0,311,245,104,120
1778699315.708125,0,0.962703,0.913158,0.879100,1.0613,-0.4747,1.2982,0.000,-6.307,150.678,0,0,566,204,113,120
1778699315.708125,2,0.978904,0.892909,0.874072,0.9603,0.4093,1.3530,0.000,0.838,-153.497,0,0,37,159,75,128
1778699315.908321,28,0.990054,0.999842,0.989898,1.0026,-0.0258,1.2211,0.000,-0.359,-173.374,0,0,311,246,103,118
1778699315.908321,0,0.962865,0.913824,0.879889,1.0613,-0.4730,1.2982,-0.000,-6.696,150.863,0,0,566,204,112,120
1778699315.908321,2,0.974305,0.892743,0.869804,0.9572,0.4078,1.3539,0.000,-0.824,-151.404,0,0,37,159,75,129
1778699315.975059,28,0.990817,0.999812,0.990631,1.0028,-0.0258,1.2195,0.000,-0.568,-173.887,0,0,312,246,104,120
1778699315.975059,0,0.961909,0.913824,0.879015,1.0613,-0.4730,1.2982,0.000,-6.855,150.704,0,0,565,204,113,118
1778699315.975059,2,0.977284,0.892743,0.872463,0.9601,0.4093,1.3546,0.000,-0.186,-152.547,0,0,37,159,74,128
1778699316.041798,28,0.991433,0.999821,0.991255,1.0028,-0.0275,1.2195,0.000,0.208,-173.694,0,0,315,247,104,118
1778699316.041798,0,0.959441,0.914413,0.877325,1.0613,-0.4712,1.2982,-0.000,-6.745,149.175,0,0,565,204,113,120
1778699316.041798,2,0.982329,0.892743,0.876967,0.9601,0.4093,1.3546,0.000,1.247,-152.799,0,0,37,160,74,129
1778699316.108536,28,0.991465,0.999796,0.991263,1.0079,-0.0324,1.2182,-0.000,0.355,-173.839,0,0,315,247,104,118
1778699316.108536,0,0.958989,0.914413,0.876913,1.0642,-0.4725,1.2986,0.000,-7.326,150.339,0,0,565,203,113,121
1778699316.108536,2,0.983536,0.892909,0.878208,0.9573,0.4078,1.3523,0.000,2.322,-157.728,0,0,37,161,74,125
1778699316.175275,28,0.990427,0.999796,0.990226,1.0079,-0.0324,1.2182,0.000,0.305,-173.342,0,0,315,247,105,120
1778699316.175275,0,0.958693,0.914338,0.876570,1.0640,-0.4725,1.3004,0.000,-7.252,150.210,0,0,565,204,113,118
1778699316.175275,2,0.983268,0.893073,0.878130,0.9575,0.4078,1.3508,0.000,1.355,-154.405,0,0,37,161,74,126
1778699316.275383,28,0.992301,0.999796,0.992099,1.0109,-0.0324,1.2185,0.000,-0.106,-174.669,0,0,316,247,105,117
1778699316.275383,0,0.963640,0.914413,0.881165,1.0642,-0.4725,1.2986,-0.000,-6.303,150.373,0,0,565,204,112,120
1778699316.275383,2,0.984526,0.893073,0.879253,0.9575,0.4078,1.3508,0.000,3.578,-159.522,0,0,37,162,75,126
1778699316.342119,28,0.992885,0.999793,0.992680,1.0109,-0.0340,1.2185,-0.000,0.288,-174.800,0,0,316,247,105,117
1778699316.342119,0,0.962751,0.914413,0.880352,1.0642,-0.4725,1.2986,-0.000,-6.374,150.042,0,0,565,204,113,118
1778699316.342119,2,0.985413,0.893235,0.880205,0.9577,0.4078,1.3492,0.000,2.306,-156.335,0,0,37,161,74,128
1778699316.475575,28,0.993003,0.999756,0.992761,1.0161,-0.0340,1.2172,0.000,0.441,-174.677,0,0,316,248,105,118
1778699316.475575,0,0.964220,0.914413,0.881695,1.0642,-0.4725,1.2986,-0.000,-6.333,150.806,0,0,565,204,113,118
1778699316.475575,2,0.985361,0.893073,0.879999,0.9575,0.4078,1.3508,0.000,2.346,-156.220,0,0,37,161,74,124
1778699316.475575,28,0.993689,0.999750,0.993441,1.0161,-0.0340,1.2172,0.000,0.441,-174.677,0,0,317,248,104,117
1778699316.475575,0,0.959818,0.914413,0.877670,1.0642,-0.4725,1.2986,-0.000,-6.333,150.806,0,0,565,204,113,118
1778699316.475575,2,0.982444,0.892909,0.877233,0.9575,0.4078,1.3508,0.000,2.346,-156.220,0,0,37,160,74,125
1778699316.542310,28,0.994725,0.999750,0.994476,1.0161,-0.0357,1.2172,-0.000,0.164,-176.214,0,0,317,247,105,120
1778699316.542310,0,0.959096,0.914413,0.877010,1.0642,-0.4725,1.2986,0.000,-7.701,151.559,0,0,566,204,113,121
1778699316.542310,2,0.978443,0.892909,0.873661,0.9573,0.4078,1.3523,-0.000,0.090,-152.127,0,0,37,159,75,129
1778699316.642430,28,0.993913,0.999787,0.993701,1.0159,-0.0357,1.2189,0.000,-0.042,-175.902,0,0,317,247,105,121
1778699316.642430,0,0.962561,0.913824,0.879611,1.0642,-0.4743,1.2986,0.000,-6.698,150.674,0,0,567,204,114,120
1778699316.642430,2,0.980273,0.892743,0.875131,0.9572,0.4078,1.3539,-0.000,0.606,-153.911,0,0,37,160,74,125
1778699316.709169,28,0.993457,0.999787,0.993246,1.0189,-0.0357,1.2191,-0.000,-0.071,-175.598,0,0,317,247,105,121
1778699316.709169,0,0.964627,0.913233,0.880930,1.0642,-0.4760,1.2986,0.000,-6.412,151.107,0,0,567,204,113,120
1778699316.709169,2,0.983485,0.892909,0.878162,0.9603,0.4093,1.3530,-0.000,1.490,-153.945,0,0,37,159,74,129
1778699316.709169,28,0.992191,0.999787,0.991980,1.0189,-0.0357,1.2191,-0.000,-0.071,-175.598,0,0,317,248,106,122
1778699316.709169,0,0.965551,0.913233,0.881773,1.0642,-0.4760,1.2986,0.000,-6.412,151.107,0,0,567,203,113,120
1778699316.709169,2,0.975509,0.892743,0.870879,0.9603,0.4093,1.3530,-0.000,1.490,-153.945,0,0,37,160,75,128
1778699316.775907,28,0.993264,0.999717,0.992983,1.0189,-0.0357,1.2191,0.000,-0.064,-174.767,0,0,316,249,106,120
1778699316.775907,0,0.957430,0.912641,0.873790,1.0642,-0.4760,1.2986,0.000,-6.033,150.635,0,0,568,204,113,120
1778699316.775907,2,0.975131,0.892743,0.870541,0.9601,0.4093,1.3546,-0.000,-0.401,-150.857,0,0,37,159,75,129
1778699316.909371,28,0.991085,0.999717,0.990804,1.0192,-0.0340,1.2158,0.000,0.683,-173.424,0,0,316,248,106,120
1778699316.909371,0,0.962134,0.912641,0.878083,1.0613,-0.4765,1.2982,-0.000,-6.902,150.788,0,0,568,204,113,118
1778699316.909371,2,0.973019,0.892743,0.868656,0.9601,0.4093,1.3546,0.000,-0.820,-149.930,0,0,37,159,75,130
1778699317.042818,28,0.984272,0.999796,0.984071,1.0219,-0.0324,1.2193,0.000,0.592,-170.666,0,0,315,247,105,121
1778699317.042818,0,0.959826,0.912641,0.875977,1.0642,-0.4778,1.2986,0.000,-7.406,150.790,0,0,568,204,113,120
1778699317.042818,2,0.974881,0.892743,0.870318,0.9601,0.4093,1.3546,0.000,-0.738,-151.808,0,0,37,159,75,129
1778699317.109557,28,0.983240,0.999760,0.983004,1.0241,-0.0324,1.2178,0.000,0.838,-170.175,0,0,315,248,106,120
1778699317.109557,0,0.958985,0.912641,0.875209,1.0642,-0.4778,1.2986,0.000,-7.752,151.349,0,0,568,204,113,117
1778699317.109557,2,0.978673,0.892743,0.873703,0.9621,0.4102,1.3551,0.000,0.241,-152.138,0,0,37,159,75,130
1778699317.109557,28,0.980255,0.999760,0.980019,1.0241,-0.0324,1.2178,0.000,1.074,-169.143,0,0,313,248,105,120
1778699317.109557,0,0.961525,0.912641,0.877528,1.0642,-0.4778,1.2986,-0.000,-7.126,151.069,0,0,569,204,114,120
1778699317.109557,2,0.980844,0.892743,0.875641,0.9621,0.4102,1.3551,0.000,1.342,-157.205,0,0,38,159,76,130
1778699317.109557,28,0.982239,0.999756,0.981999,1.0241,-0.0324,1.2178,0.000,1.074,-169.143,0,0,313,248,105,118
1778699317.109557,0,0.961749,0.912048,0.877162,1.0642,-0.4778,1.2986,-0.000,-7.126,151.069,0,0,569,204,113,117
1778699317.109557,2,0.982156,0.893349,0.877408,0.9621,0.4102,1.3551,0.000,1.342,-157.205,0,0,38,159,76,130
1778699317.243052,28,0.981526,0.999756,0.981287,1.0300,-0.0290,1.2183,-0.000,0.340,-169.836,0,0,313,248,104,117
1778699317.243052,0,0.962379,0.912048,0.877736,1.0642,-0.4796,1.2986,0.000,-7.354,151.971,0,0,569,204,113,120
1778699317.243052,2,0.974313,0.893349,0.870402,0.9641,0.4096,1.3556,0.000,1.174,-153.441,0,0,37,159,75,129
1778699317.343160,28,0.977276,0.999756,0.977038,1.0300,-0.0290,1.2183,-0.000,0.047,-168.420,0,0,311,247,104,118
1778699317.343160,0,0.964260,0.912048,0.879452,1.0642,-0.4796,1.2986,-0.000,-6.533,151.019,0,0,569,203,113,121
1778699317.343160,2,0.976159,0.892743,0.871458,0.9641,0.4112,1.3556,0.000,-0.247,-150.949,0,0,37,159,75,129
1778699317.409898,28,0.978574,0.999778,0.978357,1.0299,-0.0256,1.2200,0.000,-0.065,-168.688,0,0,310,246,104,120
1778699317.409898,0,0.963095,0.911974,0.878317,1.0640,-0.4796,1.3004,-0.000,-6.655,150.864,0,0,569,203,113,121
1778699317.409898,2,0.975505,0.892743,0.870875,0.9641,0.4112,1.3556,-0.000,-0.221,-150.136,0,0,37,159,75,130
1778699317.476632,28,0.977350,0.999799,0.977154,1.0317,-0.0239,1.2218,0.000,0.183,-168.163,0,0,309,247,105,117
1778699317.476632,0,0.961844,0.911974,0.877176,1.0640,-0.4796,1.3004,0.000,-6.944,150.897,0,0,569,203,113,121
1778699317.476632,2,0.976740,0.892743,0.871977,0.9641,0.4112,1.3556,0.000,-0.211,-151.584,0,0,37,159,75,130
1778699317.610097,28,0.974501,0.999750,0.974258,1.0299,-0.0223,1.2200,0.000,0.358,-167.163,0,0,308,247,104,118
1778699317.610097,0,0.964618,0.911974,0.879706,1.0640,-0.4796,1.3004,0.000,-6.545,151.636,0,0,569,203,113,121
1778699317.610097,2,0.981496,0.892743,0.876223,0.9641,0.4112,1.3556,0.000,1.349,-150.720,0,0,37,159,74,130
1778699317.610097,28,0.950798,0.999627,0.950444,1.0299,-0.0223,1.2200,0.000,0.358,-167.163,0,0,304,247,103,117
1778699317.610097,0,0.963429,0.910785,0.877476,1.0640,-0.4796,1.3004,0.000,-6.545,151.636,0,0,571,203,114,121
1778699317.610097,2,0.974885,0.892574,0.870158,0.9641,0.4112,1.3556,0.000,1.349,-150.720,0,0,37,158,75,129
1778699317.743556,28,0.945132,0.999594,0.944748,1.0299,-0.0122,1.2200,0.000,-0.826,-160.531,0,0,303,247,105,118
1778699317.743556,0,0.962726,0.910785,0.876836,1.0551,-0.4790,1.2990,-0.000,-6.975,151.459,0,0,571,203,114,120
1778699317.743556,2,0.975803,0.892574,0.870977,0.9668,0.4127,1.3578,0.000,-0.281,-151.073,0,0,37,158,74,129
1778699317.743556,28,0.930703,0.999594,0.930325,1.0299,-0.0122,1.2200,0.000,-2.317,-158.499,0,0,303,247,105,118
1778699317.743556,0,0.963504,0.910785,0.877545,1.0551,-0.4790,1.2990,0.000,-6.733,151.209,0,0,571,204,113,122
1778699317.743556,2,0.979302,0.892574,0.874099,0.9668,0.4127,1.3578,0.000,0.707,-151.011,0,0,37,158,74,129
1778699317.743556,28,0.904611,0.999627,0.904274,1.0299,-0.0122,1.2200,0.000,-2.317,-158.499,0,0,303,246,104,117
1778699317.743556,0,0.964525,0.910785,0.878475,1.0551,-0.4790,1.2990,0.000,-6.733,151.209,0,0,571,203,113,120
1778699317.743556,2,0.973944,0.892743,0.869482,0.9668,0.4127,1.3578,0.000,0.707,-151.011,0,0,37,159,74,130
1778699318.010494,28,0.826635,0.999621,0.826322,1.0265,-0.0105,1.2231,-0.000,-2.591,-145.262,0,0,302,245,104,117
1778699318.010494,0,0.960797,0.910859,0.875151,1.0583,-0.4804,1.2977,-0.000,-7.453,151.346,0,0,571,204,113,118
1778699318.010494,2,0.981335,0.892743,0.876080,0.9690,0.4136,1.3567,0.000,0.915,-153.607,0,0,37,159,75,130
1778699318.077252,28,0.800212,0.999566,0.799865,1.0234,-0.0072,1.2245,0.000,-1.336,-142.177,0,0,300,244,103,117
1778699318.077252,0,0.961555,0.910262,0.875267,1.0553,-0.4808,1.2972,0.000,-7.244,151.080,0,0,572,204,113,118
1778699318.077252,2,0.978271,0.892743,0.873344,0.9690,0.4136,1.3567,-0.000,0.177,-151.791,0,0,37,159,74,130
1778699318.077252,28,0.797719,0.999566,0.797373,1.0234,-0.0072,1.2245,0.000,-2.326,-142.120,0,0,299,244,103,117
1778699318.077252,0,0.962365,0.910262,0.876005,1.0553,-0.4808,1.2972,-0.000,-7.274,151.875,0,0,572,203,112,118
1778699318.077252,2,0.976017,0.892743,0.871332,0.9690,0.4136,1.3567,0.000,-0.284,-150.943,0,0,37,159,75,130
1778699318.177360,28,0.786586,0.999520,0.786209,1.0234,-0.0056,1.2245,0.000,-2.582,-141.003,0,0,298,244,103,115
1778699318.177360,0,0.960323,0.910188,0.874075,1.0611,-0.4835,1.2999,-0.000,-7.512,151.427,0,0,572,203,112,118
1778699318.177360,2,0.976798,0.892743,0.872029,0.9719,0.4151,1.3574,0.000,-0.059,-150.887,0,0,37,159,74,130
1778699318.177360,0,0.754417,0.999244,0.753846,1.0234,-0.0056,1.2245,0.000,-2.582,-141.003,0,0,294,244,102,111
1778699318.177360,1,0.934462,0.910548,0.850872,1.0611,-0.4835,1.2999,-0.000,-7.512,151.427,0,0,571,200,113,117
1778699318.277481,28,0.747954,0.999244,0.747388,1.0184,0.0026,1.2241,0.000,-3.597,-137.175,0,0,293,243,102,113
1778699318.277481,0,0.924925,0.910548,0.842188,1.0606,-0.4817,1.3051,-0.000,-12.403,147.474,0,0,571,199,113,117
1778699318.344219,0,0.729994,0.999204,0.729412,1.0182,0.0043,1.2257,0.000,-3.641,-135.541,0,0,291,243,102,111
1778699318.344219,29,0.917091,0.910464,0.834978,1.0604,-0.4817,1.3069,0.000,-13.045,146.201,0,0,571,198,113,117
1778699318.377588,0,0.689645,0.999066,0.689001,1.0103,0.0073,1.2250,0.000,-4.653,-132.185,0,0,287,243,102,114
1778699318.377588,1,0.883880,0.910378,0.804665,1.0632,-0.4831,1.3091,0.000,-19.247,156.082,0,0,569,197,114,107
1778699318.511070,30,0.696611,0.998753,0.695742,1.0003,0.0134,1.2242,0.000,-4.861,-132.392,0,0,287,241,100,117
1778699318.511070,0,0.887936,0.911477,0.809334,1.0719,-0.4836,1.3124,0.000,-18.361,151.688,0,0,570,196,113,107
1778699318.511070,2,0.976810,0.892574,0.871876,0.9688,0.4136,1.3583,-0.000,-0.183,-152.139,0,0,37,158,74,129
1778699318.511070,0,0.637837,0.998793,0.637067,1.0000,0.0134,1.2274,-0.000,-6.807,-128.203,0,0,284,240,100,115
1778699318.511070,1,0.886163,0.910794,0.807112,1.0776,-0.4880,1.3152,0.000,-16.912,145.510,0,0,571,194,112,114
1778699318.577804,30,0.624213,0.998542,0.623303,0.9998,0.0183,1.2291,-0.000,-6.929,-126.913,0,0,282,239,98,117
1778699318.577804,0,0.888734,0.910012,0.808759,1.0773,-0.4898,1.3187,-0.000,-15.464,143.320,0,0,571,195,112,114
1778699318.611173,0,0.626815,0.998362,0.625789,0.9997,0.0216,1.2307,0.000,-7.713,-127.114,0,0,279,240,100,114
1778699318.611173,31,0.849684,0.910107,0.773304,1.0804,-0.4912,1.3175,0.000,-19.741,141.454,0,0,571,195,110,109
1778699318.611173,32,0.627550,0.997940,0.626257,0.9997,0.0216,1.2307,0.000,-7.713,-127.114,0,0,278,239,98,117
1778699318.611173,0,0.856488,0.910794,0.780084,1.0804,-0.4912,1.3175,0.000,-19.741,141.454,0,0,570,196,107,109
1778699318.711269,0,0.628432,0.997940,0.627137,0.9967,0.0280,1.2304,0.000,-7.933,-126.888,0,0,278,239,100,115
1778699318.711269,33,0.861277,0.910794,0.784446,1.0806,-0.4894,1.3157,-0.000,-19.414,143.801,0,0,571,196,110,106
1778699318.778008,0,0.614792,0.997940,0.613525,0.9967,0.0280,1.2304,-0.000,-8.730,-126.046,0,0,278,239,102,117
1778699318.778008,34,0.875487,0.910200,0.796868,1.0806,-0.4912,1.3157,-0.000,-16.369,141.211,0,0,570,194,113,114
1778699318.878116,35,0.614109,0.997940,0.612844,0.9997,0.0282,1.2307,0.000,-8.299,-125.888,0,0,278,239,98,117
1778699318.878116,0,0.876289,0.910606,0.797954,1.0832,-0.4907,1.3198,0.000,-16.475,142.032,0,0,570,194,113,110
1778699318.911484,0,0.607037,0.998050,0.605853,0.9967,0.0263,1.2304,-0.000,-9.222,-125.685,0,0,279,239,100,117
1778699318.911484,0,0.616843,0.998050,0.615640,0.9967,0.0263,1.2304,0.000,-9.246,-126.433,0,0,279,240,98,115
1778699318.978216,0,0.597707,0.998038,0.596534,0.9968,0.0263,1.2288,0.000,-8.870,-124.872,0,0,280,240,100,117
1778699319.011585,0,0.598209,0.998145,0.597099,0.9968,0.0247,1.2288,0.000,-9.318,-125.120,0,0,280,240,98,117
1778699319.078331,0,0.592370,0.998145,0.591271,0.9948,0.0246,1.2286,-0.000,-9.403,-124.707,0,0,281,241,100,117
1778699319.078331,36,0.910180,0.911001,0.829174,1.0888,-0.4916,1.3244,-0.000,-10.071,140.521,0,0,570,192,106,107
1778699319.078331,37,0.969674,0.892135,0.865081,0.9641,0.4128,1.3556,0.000,-1.174,-148.348,0,0,37,159,74,128
1778699319.078331,0,0.602093,0.998233,0.601029,0.9948,0.0246,1.2286,-0.000,-9.403,-124.707,0,0,281,241,100,115
1778699319.078331,36,0.901125,0.910408,0.820392,1.0888,-0.4916,1.3244,-0.000,-10.071,140.521,0,0,569,191,105,110
1778699319.078331,37,0.981101,0.892743,0.875871,0.9641,0.4128,1.3556,0.000,-1.174,-148.348,0,0,36,159,72,129
1778699319.145063,0,0.602194,0.998233,0.601130,0.9950,0.0230,1.2270,-0.000,-8.737,-125.342,0,0,281,241,98,117
1778699319.145063,36,0.890377,0.910898,0.811043,1.0858,-0.4921,1.3239,0.000,-9.584,137.973,0,0,572,191,112,114
1778699319.145063,37,0.970264,0.892135,0.865607,0.9670,0.4127,1.3563,-0.000,0.922,-152.316,0,0,37,159,75,129
1778699319.278539,0,0.595330,0.998233,0.594279,0.9920,0.0228,1.2267,0.000,-8.475,-124.778,0,0,281,241,100,117
1778699319.278539,36,0.882784,0.909119,0.802556,1.0856,-0.4957,1.3256,0.000,-13.337,138.746,0,0,573,192,110,114
1778699319.278539,37,0.981704,0.892743,0.876409,0.9670,0.4127,1.3563,0.000,1.028,-153.376,0,0,36,159,73,128
1778699319.412017,0,0.605388,0.998233,0.604318,0.9920,0.0228,1.2267,0.000,-8.745,-125.590,0,0,281,241,98,117
1778699319.412017,36,0.854816,0.908625,0.776707,1.0858,-0.4975,1.3239,0.000,-16.174,136.854,0,0,573,192,107,107
1778699319.412017,37,0.979585,0.892743,0.874518,0.9670,0.4127,1.3563,0.000,0.511,-152.062,0,0,37,159,74,129
1778699319.412017,0,0.610143,0.998233,0.609065,0.9920,0.0228,1.2267,0.000,-8.745,-125.590,0,0,281,241,98,117
1778699319.412017,36,0.866041,0.908625,0.786907,1.0858,-0.4975,1.3239,0.000,-16.174,136.854,0,0,573,192,108,111
1778699319.412017,37,0.975328,0.892743,0.870717,0.9670,0.4127,1.3563,0.000,0.511,-152.062,0,0,37,159,74,129
1778699319.578843,0,0.604499,0.998233,0.603431,0.9920,0.0228,1.2267,0.000,-8.267,-125.411,0,0,281,241,100,117
1778699319.578843,36,0.857411,0.907431,0.778041,1.0769,-0.4970,1.3223,0.000,-16.103,137.070,0,0,575,192,110,111
1778699319.578843,37,0.979115,0.892743,0.874097,0.9690,0.4136,1.3567,0.000,0.276,-153.952,0,0,37,159,75,129
1778699319.645557,0,0.601029,0.998233,0.599968,0.9920,0.0228,1.2267,0.000,-8.568,-125.222,0,0,281,241,100,117
1778699319.645557,36,0.853391,0.907431,0.774393,1.0769,-0.4970,1.3223,0.000,-16.953,137.506,0,0,575,192,113,117
1778699319.645557,37,0.974218,0.892743,0.869726,0.9690,0.4136,1.3567,0.000,-0.691,-150.634,0,0,37,159,74,129
1778699319.712263,0,0.603676,0.998233,0.602610,0.9920,0.0228,1.2267,0.000,-8.861,-125.490,0,0,281,241,100,117
1778699319.712263,36,0.853575,0.908128,0.775155,1.0830,-0.4979,1.3215,0.000,-17.625,138.538,0,0,574,193,113,117
1778699319.712263,37,0.974508,0.892743,0.869985,0.9719,0.4151,1.3574,-0.000,-0.939,-152.859,0,0,37,159,75,130
1778699319.779002,0,0.604893,0.998129,0.603762,0.9900,0.0243,1.2265,0.000,-8.913,-125.493,0,0,280,241,102,117
1778699319.779002,36,0.850284,0.907530,0.771658,1.0830,-0.4997,1.3215,0.000,-18.382,138.993,0,0,575,193,114,117
1778699319.779002,37,0.978179,0.892743,0.873262,0.9690,0.4136,1.3567,0.000,0.264,-151.166,0,0,37,159,74,129
1778699319.845740,0,0.611468,0.998111,0.610313,0.9902,0.0243,1.2249,0.000,-8.503,-125.861,0,0,280,242,98,115
1778699319.845740,36,0.856385,0.907529,0.777195,1.0801,-0.4983,1.3210,0.000,-17.352,138.600,0,0,575,193,114,115
1778699319.845740,37,0.975073,0.892743,0.870490,0.9719,0.4151,1.3574,0.000,-0.641,-151.500,0,0,37,159,75,129
1778699319.845740,0,0.605663,0.998111,0.604519,0.9902,0.0243,1.2249,0.000,-8.503,-125.861,0,0,281,241,100,117
1778699319.845740,36,0.857007,0.907529,0.777759,1.0801,-0.4983,1.3210,0.000,-17.352,138.600,0,0,575,192,113,117
1778699319.845740,37,0.978666,0.892743,0.873697,0.9719,0.4151,1.3574,0.000,-0.641,-151.500,0,0,37,159,75,130
1778699319.979218,0,0.606346,0.998022,0.605147,0.9900,0.0259,1.2265,0.000,-8.923,-125.503,0,0,279,241,100,117
1778699319.979218,1,0.858643,0.906930,0.778729,1.0741,-0.4974,1.3200,0.000,-17.930,139.995,0,0,576,193,114,117
1778699320.045989,0,0.608070,0.998004,0.606856,0.9922,0.0260,1.2251,0.000,-8.949,-125.612,0,0,279,242,100,117
1778699320.045989,36,0.855881,0.906930,0.776224,1.0830,-0.5015,1.3215,0.000,-17.043,137.917,0,0,576,193,114,117
1778699320.045989,37,0.971473,0.892743,0.867275,0.9690,0.4136,1.3567,0.000,-1.651,-152.290,0,0,37,159,75,129
1778699320.045989,0,0.609975,0.998022,0.608769,0.9922,0.0260,1.2251,0.000,-8.949,-125.612,0,0,279,241,100,117
1778699320.045989,36,0.862297,0.907027,0.782127,1.0830,-0.5015,1.3215,0.000,-17.043,137.917,0,0,576,194,114,117
1778699320.045989,37,0.972183,0.892743,0.867909,0.9690,0.4136,1.3567,0.000,-1.651,-152.290,0,0,37,159,75,129
1778699320.179467,0,0.609060,0.997781,0.607708,0.9902,0.0291,1.2249,0.000,-8.496,-125.377,0,0,277,242,102,117
1778699320.179467,36,0.859181,0.907626,0.779815,1.0802,-0.4983,1.3192,-0.000,-17.041,138.556,0,0,575,194,112,115
1778699320.179467,37,0.973255,0.892743,0.868866,0.9690,0.4136,1.3567,-0.000,-0.902,-150.474,0,0,37,159,74,129
1778699320.179467,0,0.597860,0.997781,0.596533,0.9902,0.0291,1.2249,-0.000,-8.369,-124.513,0,0,276,242,102,117
1778699320.179467,36,0.865201,0.907626,0.785279,1.0802,-0.4983,1.3192,-0.000,-16.266,138.626,0,0,575,194,114,115
1778699320.279572,0,0.604646,0.997665,0.603234,0.9902,0.0308,1.2249,0.000,-8.736,-125.003,0,0,276,242,102,117
1778699320.279572,36,0.870083,0.907530,0.789626,1.0830,-0.4997,1.3215,0.000,-16.288,139.880,0,0,575,193,114,115
1778699320.279572,0,0.607345,0.997665,0.605927,0.9902,0.0308,1.2249,0.000,-8.736,-125.003,0,0,276,242,102,117
1778699320.279572,36,0.868550,0.907530,0.788235,1.0830,-0.4997,1.3215,0.000,-16.288,139.880,0,0,575,193,112,115
1778699320.379650,0,0.605495,0.997665,0.604081,0.9902,0.0308,1.2249,0.000,-8.676,-125.052,0,0,276,242,102,117
1778699320.379650,36,0.869977,0.907530,0.789530,1.0860,-0.5011,1.3221,0.000,-14.210,136.838,0,0,575,193,114,117
1778699320.379650,0,0.600414,0.997665,0.599012,0.9902,0.0308,1.2249,0.000,-8.676,-125.052,0,0,276,242,102,117
1778699320.379650,36,0.870375,0.907530,0.789891,1.0860,-0.5011,1.3221,0.000,-14.210,136.838,0,0,575,193,114,115
1778699320.479772,0,0.605246,0.997665,0.603833,0.9872,0.0306,1.2247,0.000,-8.822,-125.068,0,0,276,242,102,117
1778699320.479772,36,0.876671,0.908224,0.796214,1.0506,-0.4829,1.3141,0.000,-13.761,137.535,0,0,574,194,112,114
1778699320.479772,0,0.603999,0.997665,0.602589,0.9872,0.0306,1.2247,0.000,-8.289,-124.850,0,0,276,242,102,117
1778699320.479772,36,0.865269,0.908224,0.785859,1.0506,-0.4829,1.3141,0.000,-15.436,137.525,0,0,574,194,113,118
1778699320.579880,0,0.610441,0.997665,0.609016,0.9902,0.0308,1.2249,0.000,-8.674,-125.423,0,0,276,242,102,117
1778699320.579880,36,0.864398,0.908128,0.784983,1.0860,-0.4993,1.3221,0.000,-15.618,137.731,0,0,574,193,113,117
1778699320.579880,0,0.610412,0.997665,0.608987,0.9902,0.0308,1.2249,0.000,-8.674,-125.423,0,0,277,242,100,117
1778699320.579880,36,0.860411,0.908128,0.781363,1.0860,-0.4993,1.3221,0.000,-15.618,137.731,0,0,575,193,114,117
1778699320.679974,0,0.608838,0.997781,0.607487,0.9872,0.0289,1.2247,0.000,-8.665,-125.400,0,0,277,242,100,117
1778699320.679974,36,0.869066,0.907626,0.788787,1.0506,-0.4846,1.3141,0.000,-16.092,139.188,0,0,575,194,114,115
1778699320.679974,0,0.612491,0.997781,0.611132,0.9872,0.0289,1.2247,0.000,-8.657,-125.673,0,0,277,242,102,117
1778699320.679974,36,0.867983,0.907626,0.787804,1.0506,-0.4846,1.3141,0.000,-15.097,137.503,0,0,574,193,113,117
1778699320.780066,0,0.607234,0.997665,0.605816,0.9872,0.0306,1.2247,-0.000,-8.895,-125.235,1,1,276,242,103,117
1778699320.780066,36,0.863479,0.908128,0.784149,1.0830,-0.4979,1.3215,-0.000,-15.536,137.434,0,1,574,193,113,117
1778699320.780066,0,0.616150,0.999965,0.616129,0.9872,0.0306,1.2247,-0.000,-8.895,-125.235,0,1,314,240,100,117
1778699320.780066,38,0.972808,0.907362,0.882689,1.0830,-0.4979,1.3215,-0.000,-15.536,137.434,0,1,61,161,113,122
1778699322.848855,0,0.611606,0.999953,0.611577,1.0132,-0.0084,1.2286,0.000,-7.288,-127.709,0,1,314,241,100,118
1778699322.848855,38,0.972691,0.907362,0.882582,1.0057,0.4183,1.3643,0.000,-0.500,-149.431,0,1,61,161,113,122
1778699322.915615,0,0.613325,0.999953,0.613296,1.0132,-0.0144,1.2286,0.000,-7.708,-128.292,0,1,314,241,100,117
1778699322.915615,38,0.972916,0.907362,0.882787,1.0191,0.4174,1.3668,-0.000,-0.347,-149.557,0,1,61,161,113,122
1778699322.915615,0,0.612081,0.999953,0.612052,1.0311,-0.0141,1.2302,0.000,-7.615,-128.178,0,1,314,240,100,117
1778699322.915615,38,0.973140,0.907362,0.882990,1.0191,0.4174,1.3668,0.000,-0.340,-149.690,0,1,61,161,113,122
1778699322.915615,0,0.619258,0.999895,0.619193,1.0311,-0.0141,1.2302,0.000,-7.615,-128.178,0,1,311,243,100,117
1778699322.915615,38,0.972318,0.905946,0.880868,1.0191,0.4174,1.3668,0.000,-0.340,-149.690,0,1,58,163,113,124
1778699323.015723,0,0.621252,0.999895,0.621187,1.0312,-0.0248,1.2269,0.000,-7.757,-129.473,0,1,309,242,100,115
1778699323.015723,38,0.974044,0.905946,0.882431,1.0262,0.4069,1.3634,0.000,-0.199,-150.128,0,1,56,161,113,125
1778699323.149163,0,0.624735,0.999827,0.624627,1.0232,-0.0190,1.2262,0.000,-7.877,-129.413,0,1,307,243,100,114
1778699323.149163,1,0.970157,0.903848,0.876875,1.0233,0.4098,1.3661,-0.000,-0.739,-149.148,0,1,55,161,111,126
1778699323.149163,2,0.848841,0.893393,0.758349,1.0562,-0.5276,1.3186,0.000,-16.481,133.877,0,1,598,192,84,120
1778699323.149163,0,0.620449,0.999827,0.620342,1.0232,-0.0190,1.2262,0.000,-7.877,-129.413,0,1,305,243,102,117
1778699323.149163,1,0.973893,0.903848,0.880251,1.0233,0.4098,1.3661,-0.000,-0.739,-149.148,0,1,54,162,109,126
1778699323.215903,0,0.618997,0.999775,0.618858,1.0212,-0.0157,1.2260,0.000,-7.276,-128.643,0,1,302,243,98,117
1778699323.215903,38,0.974136,0.903426,0.880060,1.0176,0.4088,1.3631,-0.000,0.183,-149.192,0,1,53,161,106,128
1778699323.349399,0,0.632507,0.999204,0.632003,0.9973,0.0035,1.2239,0.000,-8.469,-128.736,0,1,293,243,102,115
1778699323.349399,1,0.971176,0.899266,0.873346,0.9920,0.4084,1.3572,0.000,-0.888,-149.075,0,1,47,162,95,129
1778699323.349399,2,0.853007,0.899933,0.767649,1.0460,-0.5049,1.3098,0.000,-16.264,134.791,0,1,588,196,104,118
1778699323.349399,0,0.625133,0.999204,0.624635,0.9973,0.0035,1.2239,0.000,-8.469,-128.736,0,1,291,243,100,115
1778699323.349399,39,0.868779,0.899933,0.781843,0.9920,0.4084,1.3572,0.000,-0.888,-149.075,0,1,586,194,107,120
1778699323.349399,38,0.971479,0.899266,0.873618,1.0460,-0.5049,1.3098,0.000,-16.264,134.791,0,1,45,160,91,128
1778699323.449506,0,0.623239,0.999066,0.622656,0.9973,0.0068,1.2239,0.000,-8.825,-127.911,0,1,287,242,103,117
1778699323.449506,39,0.854598,0.900974,0.769971,1.0477,-0.5023,1.3136,0.000,-16.962,136.480,0,1,585,195,110,115
1778699323.449506,38,0.981145,0.897736,0.880809,0.9819,0.4070,1.3581,0.000,0.935,-152.795,0,1,43,162,86,125
1778699323.582973,0,0.643116,0.998775,0.642328,0.9922,0.0131,1.2251,0.000,-6.838,-128.593,0,1,281,243,100,115
1778699323.582973,39,0.854767,0.906426,0.774783,1.0477,-0.4867,1.3136,0.000,-16.124,136.166,0,1,577,194,114,117
1778699323.582973,38,0.972816,0.893955,0.869653,0.9719,0.4119,1.3574,-0.000,-0.502,-149.020,0,1,39,159,79,128
1778699323.582973,0,0.657132,0.998004,0.655821,0.9922,0.0131,1.2251,0.000,-6.838,-128.593,0,1,279,242,102,117
1778699323.582973,39,0.871669,0.906930,0.790543,1.0477,-0.4867,1.3136,0.000,-16.124,136.166,0,1,576,193,114,117
1778699323.582973,38,0.972028,0.893516,0.868522,0.9719,0.4119,1.3574,-0.000,-0.502,-149.020,0,1,38,160,77,126
1778699323.716431,0,0.669834,0.997760,0.668333,1.0003,0.0298,1.2242,-0.000,-6.719,-129.632,0,1,277,243,103,117
1778699323.716431,39,0.843263,0.908224,0.765872,1.0506,-0.4829,1.3141,0.000,-16.853,135.306,0,1,574,194,113,117
1778699323.716431,38,0.982273,0.893073,0.877242,0.9673,0.4127,1.3531,0.000,1.091,-154.886,0,1,37,161,75,125
1778699323.716431,0,0.732687,0.997760,0.731045,1.0003,0.0298,1.2242,0.000,-5.887,-134.663,0,1,275,243,105,117
1778699323.716431,1,0.862258,0.908224,0.783124,1.0506,-0.4829,1.3141,0.000,-15.731,137.341,0,1,572,195,110,113
1778699323.716431,0,0.813995,0.997665,0.812095,1.0003,0.0298,1.2242,0.000,-5.887,-134.663,0,1,276,242,107,121
1778699323.716431,39,0.860906,0.910107,0.783517,1.0506,-0.4829,1.3141,0.000,-15.731,137.341,0,1,571,195,112,115
1778699323.816539,0,0.838017,0.997665,0.836060,0.9952,0.0311,1.2254,-0.000,-4.493,-144.423,0,1,276,242,108,122
1778699323.816539,40,0.856323,0.910107,0.779346,1.0804,-0.4912,1.3175,0.000,-17.917,139.601,0,1,571,195,113,111
1778699323.816539,0,0.858942,0.997665,0.856936,0.9952,0.0311,1.2254,-0.000,-4.493,-144.423,0,1,276,242,108,122
1778699323.816539,41,0.857553,0.910107,0.780465,1.0804,-0.4912,1.3175,0.000,-17.917,139.601,0,1,571,195,114,115
1778699323.916636,0,0.880673,0.997665,0.878617,0.9922,0.0309,1.2251,0.000,-3.077,-149.012,0,1,276,242,108,122
1778699323.916636,42,0.865236,0.910107,0.787457,1.0834,-0.4925,1.3180,0.000,-16.084,138.596,0,1,571,195,112,113
1778699324.016735,0,0.941654,0.997683,0.939472,0.9920,0.0309,1.2267,0.000,-0.877,-157.376,0,1,276,241,107,124
1778699324.016735,43,0.854257,0.909512,0.776957,1.0508,-0.4794,1.3123,0.000,-16.034,136.294,0,1,572,195,112,114
1778699324.016735,0,0.982018,0.997683,0.979743,0.9920,0.0309,1.2267,0.000,-0.416,-166.757,0,1,276,242,105,124
1778699324.016735,44,0.855537,0.909512,0.778121,1.0508,-0.4794,1.3123,0.000,-14.980,135.215,0,1,572,194,112,115
1778699324.083435,0,0.986751,0.997665,0.984447,0.9952,0.0311,1.2254,0.000,-0.551,-168.640,0,1,277,243,106,122
1778699324.083435,45,0.858441,0.909417,0.780681,1.0862,-0.4957,1.3203,-0.000,-14.460,135.216,0,1,573,194,110,117
1778699324.150168,46,0.989970,0.997760,0.987752,0.9973,0.0296,1.2239,0.000,0.631,-169.333,0,1,277,243,106,121
1778699324.150168,0,0.854938,0.908821,0.776986,1.0506,-0.4812,1.3141,0.000,-15.697,136.007,0,1,572,195,110,114
1778699324.216906,0,0.990153,0.997873,0.988047,0.9973,0.0280,1.2239,0.000,-0.133,-170.075,0,1,278,243,106,124
1778699324.216906,47,0.859967,0.909512,0.782151,1.0478,-0.4781,1.3118,0.000,-15.532,136.698,0,1,572,195,110,111
1778699324.216906,0,0.987891,0.997873,0.985789,0.9973,0.0280,1.2239,0.000,-0.133,-170.075,0,1,281,245,106,122
1778699324.216906,48,0.863656,0.909512,0.785505,1.0478,-0.4781,1.3118,0.000,-15.532,136.698,0,1,572,195,110,114
1778699324.216906,0,0.985371,0.998141,0.983539,0.9973,0.0280,1.2239,0.000,0.041,-168.858,0,1,281,244,107,124
1778699324.216906,49,0.864685,0.909512,0.786442,1.0478,-0.4781,1.3118,0.000,-14.991,136.690,0,1,571,194,113,117
1778699324.350379,0,0.983690,0.998169,0.981889,1.0005,0.0233,1.2226,0.000,1.129,-166.939,0,1,282,245,106,121
1778699324.350379,50,0.867370,0.910012,0.789317,1.0862,-0.4939,1.3203,0.000,-14.905,137.493,0,1,571,195,113,117
1778699324.383758,0,0.982166,0.998242,0.980439,1.0026,0.0217,1.2211,0.000,1.009,-166.541,0,1,282,246,106,121
1778699324.383758,51,0.860963,0.910107,0.783569,1.0508,-0.4777,1.3123,0.000,-16.477,138.300,0,1,571,195,113,113
1778699324.483856,0,0.983744,0.998310,0.982081,1.0028,0.0201,1.2195,-0.000,1.247,-167.044,0,1,283,246,107,122
1778699324.483856,52,0.866649,0.910012,0.788661,1.0832,-0.4925,1.3198,0.000,-14.542,136.884,0,1,571,194,112,115
1778699324.483856,0,0.983552,0.998310,0.981889,1.0028,0.0201,1.2195,0.000,1.386,-166.931,0,1,284,245,106,121
1778699324.483856,53,0.854386,0.910012,0.777501,1.0832,-0.4925,1.3198,0.000,-16.880,137.702,0,1,571,195,112,113
1778699324.583955,0,0.983425,0.998435,0.981886,1.0026,0.0185,1.2211,0.000,1.095,-167.127,0,1,284,245,106,121
1778699324.583955,54,0.862500,0.910200,0.785047,1.0480,-0.4763,1.3101,0.000,-16.267,138.172,0,1,571,196,112,110
1778699324.583955,0,0.985053,0.998435,0.983512,1.0026,0.0185,1.2211,0.000,0.842,-167.799,0,1,284,245,107,121
1778699324.583955,55,0.856223,0.910200,0.779334,1.0480,-0.4763,1.3101,0.000,-17.145,138.197,0,1,571,195,112,113
1778699324.684053,0,0.988146,0.998496,0.986660,1.0028,0.0168,1.2195,-0.000,1.171,-168.901,0,1,285,246,106,120
1778699324.684053,56,0.846961,0.910200,0.770903,1.0510,-0.4777,1.3106,0.000,-18.969,139.189,0,1,571,196,112,110
1778699324.684053,0,0.988511,0.998496,0.987024,1.0028,0.0168,1.2195,-0.000,1.014,-169.121,0,1,285,245,106,121
1778699324.684053,57,0.856597,0.910200,0.779674,1.0510,-0.4777,1.3106,0.000,-16.615,137.498,0,1,570,196,113,115
1778699324.750791,58,0.989221,0.998527,0.987764,1.0056,0.0170,1.2213,-0.000,1.101,-169.429,0,0,285,245,107,121
1778699324.750791,0,0.866522,0.910794,0.789222,1.0895,-0.4934,1.3172,0.000,-15.906,138.559,0,0,570,195,112,113
1778699324.817530,0,0.989946,0.998527,0.988488,1.0056,0.0170,1.2213,0.000,0.986,-169.810,0,0,286,245,106,121
1778699324.817530,59,0.850649,0.910701,0.774687,1.0864,-0.4921,1.3185,0.000,-17.874,138.412,0,0,570,196,113,114
1778699324.884278,0,0.989716,0.998616,0.988346,1.0026,0.0152,1.2211,0.000,0.631,-170.001,0,0,286,245,106,121
1778699324.884278,59,0.863031,0.910701,0.785964,1.0864,-0.4921,1.3185,-0.000,-16.172,138.366,0,0,570,195,113,115
1778699324.884278,0,0.989978,0.998616,0.988608,1.0026,0.0152,1.2211,0.000,0.631,-170.001,0,0,286,245,106,121
1778699324.884278,59,0.860910,0.910794,0.784112,1.0864,-0.4921,1.3185,-0.000,-16.172,138.366,0,0,570,196,112,114
1778699324.951007,0,0.988946,0.998616,0.987577,1.0026,0.0152,1.2211,-0.000,1.048,-169.436,0,0,286,245,106,121
1778699324.951007,59,0.864902,0.910794,0.787747,1.0865,-0.4921,1.3167,0.000,-16.205,138.666,0,0,570,195,112,115
1778699325.017745,0,0.989612,0.998616,0.988242,1.0026,0.0152,1.2211,-0.000,0.977,-169.764,0,0,286,245,106,121
1778699325.017745,59,0.861745,0.910701,0.784792,1.0804,-0.4894,1.3175,0.000,-16.481,138.560,0,0,570,195,112,117
1778699325.117887,0,0.991251,0.998616,0.989879,1.0026,0.0152,1.2211,0.000,1.053,-170.497,0,0,286,245,106,121
1778699325.117887,59,0.863996,0.910701,0.786842,1.0804,-0.4894,1.3175,0.000,-16.407,138.917,0,0,570,195,113,115
1778699325.117887,0,0.990430,0.998616,0.989059,1.0026,0.0152,1.2211,-0.000,0.703,-170.297,0,0,286,245,106,121
1778699325.117887,59,0.860730,0.910701,0.783868,1.0804,-0.4894,1.3175,0.000,-16.213,137.961,0,0,570,195,112,115
1778699325.117887,0,0.989806,0.998616,0.988436,1.0026,0.0152,1.2211,-0.000,0.703,-170.297,0,0,286,245,106,121
1778699325.117887,59,0.862293,0.910701,0.785291,1.0804,-0.4894,1.3175,0.000,-16.213,137.961,0,0,570,195,113,117
1778699325.217951,0,0.989801,0.998616,0.988431,1.0026,0.0152,1.2211,-0.000,1.103,-169.785,0,0,286,245,106,121
1778699325.217951,59,0.862553,0.910701,0.785528,1.0893,-0.4934,1.3190,-0.000,-15.906,137.888,0,0,570,195,112,117
1778699325.351428,0,0.990409,0.998616,0.989038,1.0026,0.0152,1.2211,0.000,0.746,-170.261,0,0,286,245,106,121
1778699325.351428,1,0.860141,0.910701,0.783332,1.0893,-0.4934,1.3190,-0.000,-16.928,138.909,0,0,570,195,112,117
1778699325.351428,2,0.981338,0.892135,0.875486,0.9670,0.4143,1.3563,0.000,0.909,-153.353,0,0,36,159,73,130
1778699325.418188,0,0.989684,0.998616,0.988314,1.0026,0.0152,1.2211,0.000,0.749,-169.919,0,0,285,245,106,120
1778699325.418188,1,0.865015,0.910701,0.787770,1.0923,-0.4948,1.3195,0.000,-15.492,137.797,0,0,570,195,113,117
1778699325.484930,0,0.990099,0.998527,0.988640,1.0026,0.0168,1.2211,0.000,0.961,-169.893,0,0,285,245,106,120
1778699325.484930,1,0.660297,0.998527,0.659325,1.0026,0.0168,1.2211,0.000,-16.573,138.697,0,0,570,195,113,117
1778699325.551668,0,0.990748,0.998527,0.989288,1.0026,0.0168,1.2211,0.000,1.026,-170.164,0,0,285,245,106,120
1778699325.551668,59,0.658703,0.998527,0.657733,1.0026,0.0168,1.2211,-0.000,-16.584,138.564,0,0,570,195,112,115
1778699325.551668,0,0.990752,0.998527,0.989293,1.0026,0.0168,1.2211,0.000,1.026,-170.164,0,0,285,245,106,120
1778699325.551668,59,0.628367,0.998527,0.627441,1.0026,0.0168,1.2211,-0.000,-16.584,138.564,0,0,571,194,114,117
1778699325.685141,0,0.990639,0.998527,0.989179,1.0026,0.0168,1.2211,0.000,1.054,-170.097,0,0,285,245,106,120
1778699325.685141,1,0.865681,0.910107,0.787863,1.0508,-0.4777,1.3123,-0.000,-15.385,137.690,0,0,571,195,110,117
1778699325.685141,0,0.991341,0.998527,0.989880,1.0026,0.0168,1.2211,0.000,0.993,-170.475,0,0,285,245,106,120
1778699325.685141,59,0.858143,0.910107,0.781002,1.0508,-0.4777,1.3123,-0.000,-16.005,137.075,0,0,570,195,112,115
1778699325.751880,0,0.991252,0.998527,0.989792,1.0026,0.0168,1.2211,0.000,0.910,-170.478,0,0,285,245,106,120
1778699325.751880,61,0.861992,0.910701,0.785017,1.0834,-0.4907,1.3180,0.000,-16.245,138.260,0,0,570,195,113,117
1778699325.751880,0,0.990615,0.998527,0.989156,1.0026,0.0168,1.2211,0.000,0.910,-170.478,0,0,285,245,106,120
1778699325.751880,61,0.862391,0.910701,0.785380,1.0834,-0.4907,1.3180,0.000,-16.245,138.260,0,0,570,195,113,117
1778699325.751880,60,0.968825,0.892743,0.864911,nan,nan,nan,nan,nan,nan,0,0,37,159,74,128
1778699325.918722,0,0.991130,0.998527,0.989670,1.0026,0.0168,1.2211,-0.000,1.015,-170.357,0,0,285,245,106,120
1778699325.918722,1,0.862649,0.910701,0.785615,1.0864,-0.4921,1.3185,0.000,-15.313,137.101,0,0,570,195,113,117
1778699325.985461,0,0.990697,0.998527,0.989238,1.0026,0.0168,1.2211,-0.000,0.646,-170.361,0,0,285,245,106,120
1778699325.985461,61,0.866429,0.910701,0.789058,1.0834,-0.4907,1.3180,-0.000,-15.390,137.936,0,0,570,195,112,117
1778699325.985461,60,0.980738,0.892743,0.875547,0.9670,0.4127,1.3563,-0.000,0.961,-151.390,0,0,37,159,74,129
1778699326.052202,0,0.991158,0.998527,0.989698,1.0026,0.0168,1.2211,-0.000,0.999,-170.380,0,0,285,245,106,121
1778699326.052202,61,0.856352,0.910701,0.779881,1.0508,-0.4759,1.3123,-0.000,-17.142,138.449,0,0,570,195,113,117
1778699326.052202,60,0.971225,0.892743,0.867054,0.9690,0.4136,1.3567,0.000,-0.543,-147.899,0,0,37,159,74,128
1778699326.052202,0,0.992131,0.998527,0.990670,1.0026,0.0168,1.2211,0.000,1.330,-170.691,0,0,285,246,106,118
1778699326.052202,61,0.864588,0.910701,0.787382,1.0508,-0.4759,1.3123,0.000,-15.547,137.789,0,0,570,195,113,117
1778699326.052202,60,0.976549,0.892743,0.871807,0.9690,0.4136,1.3567,0.000,0.506,-148.865,0,0,36,159,73,130
1778699326.052202,0,0.991269,0.998527,0.989808,1.0026,0.0168,1.2211,0.000,1.330,-170.691,0,0,285,245,107,121
1778699326.052202,61,0.859979,0.910701,0.783184,1.0508,-0.4759,1.3123,0.000,-15.547,137.789,0,0,570,195,113,115
1778699326.185677,0,0.990482,0.998527,0.989023,1.0026,0.0168,1.2211,-0.000,0.858,-170.131,0,0,285,245,106,121
1778699326.185677,62,0.861389,0.910701,0.784468,1.0834,-0.4907,1.3180,0.000,-16.226,138.112,0,0,570,196,112,114
1778699326.185677,0,0.990945,0.998616,0.989573,1.0026,0.0168,1.2211,-0.000,0.858,-170.131,0,0,286,245,106,121
1778699326.185677,63,0.843223,0.910200,0.767501,1.0834,-0.4907,1.3180,0.000,-16.226,138.112,0,0,571,196,110,114
1778699326.352523,64,0.991680,0.998585,0.990277,1.0028,0.0152,1.2195,0.000,0.981,-170.699,0,0,286,246,106,122
1778699326.352523,0,0.854726,0.910794,0.778480,1.0510,-0.4759,1.3106,0.000,-16.955,137.709,0,0,570,196,108,111
1778699326.352523,0,0.991103,0.998585,0.989701,1.0028,0.0152,1.2195,0.000,1.068,-170.362,0,0,286,246,106,122
1778699326.352523,65,0.854470,0.910794,0.778246,1.0510,-0.4759,1.3106,-0.000,-16.261,136.698,0,0,571,195,110,115
1778699326.519353,0,0.990272,0.998585,0.988870,1.0028,0.0152,1.2195,0.000,1.266,-169.871,0,0,286,246,106,121
1778699326.519353,65,0.857080,0.910701,0.780544,1.0864,-0.4921,1.3185,0.000,-15.820,136.720,0,0,570,195,112,117
1778699326.519353,60,0.982543,0.892135,0.876561,0.9670,0.4143,1.3563,0.000,1.301,-152.762,0,0,36,159,72,129
1778699326.519353,0,0.991183,0.998585,0.989780,1.0028,0.0152,1.2195,0.000,1.206,-170.329,0,0,286,246,107,122
1778699326.519353,1,0.842417,0.910701,0.767190,1.0864,-0.4921,1.3185,-0.000,-17.564,136.353,0,0,570,196,112,114
1778699326.586098,0,0.992747,0.998585,0.991342,1.0028,0.0152,1.2195,0.000,1.471,-170.990,0,0,286,246,107,122
1778699326.586098,1,0.845523,0.910794,0.770097,1.0480,-0.4746,1.3101,0.000,-17.326,136.475,0,0,570,196,110,114
1778699326.719575,0,0.991076,0.998671,0.989758,1.0028,0.0135,1.2195,-0.000,0.853,-170.568,0,0,287,246,106,122
1778699326.719575,65,0.846759,0.910701,0.771144,1.0834,-0.4907,1.3180,-0.000,-16.801,136.115,0,0,570,195,108,115
1778699326.719575,60,0.978393,0.892743,0.873453,0.9670,0.4127,1.3563,-0.000,0.339,-151.099,0,0,37,159,74,128
1778699326.719575,0,0.991533,0.998671,0.990215,1.0028,0.0135,1.2195,-0.000,0.968,-170.731,0,0,287,246,106,122
1778699326.719575,65,0.841402,0.910701,0.766266,1.0834,-0.4907,1.3180,0.000,-17.349,135.876,0,0,570,195,110,115
1778699326.719575,60,0.978559,0.892743,0.873601,0.9670,0.4127,1.3563,0.000,0.386,-151.099,0,0,37,159,74,130
1778699326.886392,0,0.991784,0.998671,0.990466,1.0028,0.0135,1.2195,0.000,1.010,-170.836,0,0,287,246,106,122
1778699326.886392,65,0.845859,0.910794,0.770403,1.0480,-0.4746,1.3101,0.000,-16.669,135.664,0,0,570,196,108,115
1778699326.886392,60,0.979750,0.892743,0.874665,0.9670,0.4127,1.3563,0.000,0.524,-152.340,0,0,37,159,74,129
1778699326.953131,0,0.992275,0.998671,0.990956,1.0028,0.0135,1.2195,0.000,0.787,-171.234,0,0,287,246,106,124
1778699326.953131,65,0.839661,0.910794,0.764758,1.0510,-0.4759,1.3106,-0.000,-17.587,135.760,0,0,570,196,108,114
1778699326.953131,60,0.980373,0.892743,0.875220,0.9690,0.4136,1.3567,-0.000,0.661,-152.813,0,0,37,159,74,129
1778699326.953131,0,0.992224,0.998671,0.990905,1.0028,0.0135,1.2195,0.000,1.054,-171.041,0,0,287,246,106,124
1778699326.953131,65,0.845916,0.910794,0.770455,1.0510,-0.4759,1.3106,-0.000,-16.851,135.910,0,0,571,195,110,115
1778699326.953131,60,0.975409,0.892743,0.870789,0.9690,0.4136,1.3567,0.000,-0.384,-150.667,0,0,37,159,74,128
1778699327.053240,0,0.992652,0.998671,0.991332,1.0028,0.0135,1.2195,0.000,0.883,-171.381,0,0,287,246,106,124
1778699327.053240,65,0.853755,0.910107,0.777008,1.0538,-0.4790,1.3129,0.000,-16.194,136.503,0,0,570,195,112,115
1778699327.053240,60,0.976373,0.892743,0.871649,0.9670,0.4127,1.3563,0.000,-0.112,-150.617,0,0,37,160,75,126
1778699327.119977,0,0.992330,0.998671,0.991011,1.0028,0.0135,1.2195,0.000,0.850,-171.224,0,0,287,246,106,124
1778699327.119977,65,0.861985,0.910701,0.785010,1.0834,-0.4907,1.3180,-0.000,-15.434,137.134,0,0,570,194,112,117
1778699327.119977,60,0.977777,0.892909,0.873066,0.9672,0.4127,1.3547,-0.000,0.020,-151.389,0,0,37,159,75,128
1778699327.186723,0,0.992417,0.998671,0.991098,1.0028,0.0135,1.2195,0.000,0.924,-171.224,0,0,286,246,107,122
1778699327.186723,65,0.858184,0.910606,0.781467,1.0862,-0.4921,1.3203,0.000,-16.413,137.871,0,0,570,195,113,115
1778699327.186723,60,0.976977,0.892743,0.872189,0.9690,0.4136,1.3567,-0.000,-0.040,-151.022,0,0,37,159,74,129
1778699327.320200,0,0.991820,0.998585,0.990417,1.0028,0.0152,1.2195,0.000,1.084,-170.712,0,0,286,246,106,121
1778699327.320200,65,0.861857,0.910701,0.784894,1.0597,-0.4800,1.3139,0.000,-16.305,138.321,0,0,570,195,113,117
1778699327.320200,60,0.977279,0.892135,0.871865,0.9641,0.4128,1.3556,0.000,-0.228,-152.941,0,0,36,159,73,128
1778699327.386939,0,0.991688,0.998585,0.990285,1.0028,0.0152,1.2195,-0.000,1.147,-170.610,0,0,286,246,106,121
1778699327.386939,65,0.862497,0.910701,0.785477,1.0597,-0.4800,1.3139,0.000,-15.408,137.197,0,0,570,195,112,115
1778699327.386939,60,0.978387,0.892743,0.873448,0.9670,0.4127,1.3563,0.000,0.323,-151.165,0,0,37,159,74,128
1778699327.453680,0,0.992040,0.998585,0.990636,1.0028,0.0152,1.2195,-0.000,1.113,-170.810,0,0,286,246,106,121
1778699327.453680,65,0.863932,0.910701,0.786783,1.0567,-0.4786,1.3134,-0.000,-16.559,139.137,0,0,570,195,112,117
1778699327.453680,60,0.976501,0.892743,0.871764,0.9670,0.4127,1.3563,0.000,-0.022,-150.401,0,0,37,159,74,129
1778699327.520398,0,0.992056,0.998463,0.990531,1.0030,0.0168,1.2178,0.000,0.778,-170.857,0,0,285,247,105,120
1778699327.520398,65,0.857660,0.910701,0.781072,1.0567,-0.4786,1.3134,0.000,-16.863,138.295,0,0,570,195,113,117
1778699327.520398,60,0.977111,0.892135,0.871715,0.9641,0.4128,1.3556,0.000,-0.281,-153.112,0,0,36,159,73,129
1778699327.587136,0,0.993127,0.998585,0.991721,1.0028,0.0152,1.2195,-0.000,0.673,-171.703,0,0,286,246,106,121
1778699327.587136,65,0.850756,0.910701,0.774784,1.0567,-0.4786,1.3134,-0.000,-17.180,137.389,0,0,570,195,112,115
1778699327.587136,60,0.972466,0.892743,0.868162,0.9641,0.4112,1.3556,0.000,-0.609,-148.851,0,0,37,159,74,130
1778699327.653868,0,0.992426,0.998463,0.990900,1.0059,0.0170,1.2181,-0.000,0.391,-171.322,0,0,285,247,105,118
1778699327.653868,65,0.857891,0.910107,0.780773,1.0567,-0.4804,1.3134,0.000,-16.001,137.022,0,0,571,195,110,115
1778699327.653868,60,0.976122,0.892743,0.871425,0.9670,0.4127,1.3563,0.000,-0.159,-150.530,0,0,37,159,75,128
1778699327.653868,0,0.991547,0.998463,0.990023,1.0059,0.0170,1.2181,0.000,0.600,-170.698,0,0,285,247,105,118
1778699327.653868,65,0.848431,0.910107,0.772163,1.0567,-0.4804,1.3134,0.000,-16.524,135.963,0,0,570,196,112,114
1778699327.653868,60,0.969595,0.892743,0.865599,0.9670,0.4127,1.3563,0.000,-1.606,-149.679,0,0,37,160,75,130
1778699327.753976,0,0.992268,0.998463,0.990743,1.0059,0.0170,1.2181,-0.000,1.030,-170.821,0,0,285,247,107,120
1778699327.753976,65,0.843865,0.910794,0.768587,1.0569,-0.4786,1.3116,0.000,-18.320,137.592,0,0,570,196,110,113
1778699327.753976,60,0.975812,0.892909,0.871312,0.9642,0.4112,1.3540,0.000,-0.674,-152.629,0,0,37,159,75,128
1778699327.820714,0,0.991625,0.998463,0.990100,1.0030,0.0168,1.2178,0.000,0.976,-170.517,0,0,285,247,105,120
1778699327.820714,65,0.836715,0.910794,0.762075,1.0569,-0.4786,1.3116,0.000,-18.932,137.124,0,0,570,196,110,111
1778699327.820714,60,0.976188,0.892743,0.871485,0.9670,0.4127,1.3563,0.000,-0.236,-150.934,0,0,38,159,76,129
1778699327.954189,0,0.992101,0.998551,0.990664,1.0030,0.0152,1.2178,0.000,1.042,-170.826,0,0,286,247,106,120
1778699327.954189,65,0.837148,0.910794,0.762469,1.0599,-0.4800,1.3121,-0.000,-18.265,136.233,0,0,570,196,112,114
1778699327.954189,60,0.976795,0.892909,0.872189,0.9672,0.4127,1.3547,-0.000,-0.211,-151.184,0,0,37,160,75,130
1778699328.054283,0,0.993377,0.998551,0.991938,1.0030,0.0152,1.2178,-0.000,1.389,-171.330,0,0,286,247,106,120
1778699328.054283,65,0.842394,0.910794,0.767247,1.0599,-0.4800,1.3121,0.000,-18.395,137.418,0,0,570,196,110,113
1778699328.054283,60,0.968166,0.892909,0.864484,0.9672,0.4127,1.3547,0.000,-1.509,-148.130,0,0,37,160,75,130
1778699328.121017,0,0.989955,0.998426,0.988397,1.0061,0.0170,1.2164,0.000,0.844,-169.736,0,0,285,248,105,118
1778699328.121017,65,0.845347,0.910794,0.769937,1.0569,-0.4786,1.3116,-0.000,-17.581,136.796,0,0,570,196,110,114
1778699328.121017,60,0.971964,0.892909,0.867875,0.9642,0.4112,1.3540,0.000,-0.793,-148.761,0,0,37,160,75,128
1778699328.187760,0,0.991463,0.998515,0.989990,1.0031,0.0152,1.2162,0.000,1.155,-170.392,0,0,286,248,106,118
1778699328.187760,65,0.842662,0.911387,0.767991,1.0599,-0.4782,1.3121,-0.000,-18.012,136.997,0,0,569,196,110,113
1778699328.187760,60,0.972278,0.892909,0.868156,0.9672,0.4127,1.3547,0.000,-0.653,-148.610,0,0,37,160,75,128
1778699328.254494,0,0.991068,0.998515,0.989596,1.0031,0.0152,1.2162,-0.000,1.172,-170.194,0,0,286,248,106,118
1778699328.254494,65,0.838736,0.911387,0.764413,1.0599,-0.4782,1.3121,0.000,-18.070,136.344,0,0,569,196,112,114
1778699328.254494,60,0.965465,0.892909,0.862072,0.9672,0.4127,1.3547,-0.000,-2.328,-148.585,0,0,37,160,75,129
1778699328.321229,0,0.991780,0.998551,0.990343,1.0030,0.0152,1.2178,-0.000,1.139,-170.608,0,0,286,247,105,120
1778699328.321229,65,0.850596,0.911387,0.775222,1.0628,-0.4796,1.3126,0.000,-17.433,137.687,0,0,569,196,110,113
1778699328.321229,60,0.971918,0.892909,0.867834,0.9672,0.4127,1.3547,0.000,-0.461,-147.932,0,0,37,160,75,130
1778699328.321229,0,0.990064,0.998551,0.988630,1.0030,0.0152,1.2178,0.000,0.853,-169.932,0,0,286,247,105,118
1778699328.321229,65,0.847665,0.911387,0.772551,1.0628,-0.4796,1.3126,0.000,-17.498,137.213,0,0,569,196,112,113
1778699328.321229,60,0.969320,0.892909,0.865515,0.9672,0.4127,1.3547,-0.000,-1.191,-148.059,0,0,37,161,75,128
1778699328.321229,0,0.992035,0.998551,0.990598,1.0030,0.0152,1.2178,0.000,0.853,-169.932,0,0,286,247,105,120
1778699328.321229,65,0.860794,0.911387,0.784517,1.0628,-0.4796,1.3126,0.000,-17.498,137.213,0,0,569,195,110,113
1778699328.321229,60,0.973163,0.893073,0.869106,0.9672,0.4127,1.3547,-0.000,-1.191,-148.059,0,0,37,160,75,128
1778699328.488071,0,0.992005,0.998551,0.990568,1.0030,0.0152,1.2178,-0.000,1.163,-170.710,0,0,286,247,105,120
1778699328.488071,65,0.849494,0.911294,0.774138,1.0626,-0.4796,1.3144,-0.000,-17.608,137.862,0,0,569,196,110,113
1778699328.488071,60,0.972336,0.892909,0.868208,0.9672,0.4127,1.3547,-0.000,-1.087,-149.946,0,0,37,160,75,129
1778699328.554788,0,0.991765,0.998551,0.990328,1.0030,0.0152,1.2178,0.000,0.951,-170.703,0,0,286,246,105,121
1778699328.554788,65,0.847124,0.911387,0.772058,1.0628,-0.4796,1.3126,0.000,-17.637,137.308,0,0,569,196,112,114
1778699328.554788,60,0.975573,0.892909,0.871098,0.9672,0.4127,1.3547,-0.000,-0.372,-150.439,0,0,36,161,73,126
1778699328.621521,0,0.992647,0.998585,0.991242,1.0028,0.0152,1.2195,0.000,1.442,-170.952,0,0,286,247,105,120
1778699328.621521,65,0.847416,0.911387,0.772324,1.0569,-0.4769,1.3116,0.000,-18.018,137.931,0,0,569,196,110,113
1778699328.621521,60,0.971741,0.892465,0.867245,0.9673,0.4143,1.3531,0.000,-1.008,-148.844,0,0,37,160,75,128
1778699328.621521,0,0.992023,0.998551,0.990585,1.0028,0.0152,1.2195,0.000,1.442,-170.952,0,0,286,247,105,120
1778699328.621521,65,0.852242,0.911387,0.776722,1.0569,-0.4769,1.3116,0.000,-18.018,137.931,0,0,569,196,108,114
1778699328.621521,60,0.974353,0.892909,0.870009,0.9673,0.4143,1.3531,0.000,-1.008,-148.844,0,0,37,162,75,126
1778699328.821732,0,0.992296,0.998551,0.990858,1.0030,0.0152,1.2178,0.000,1.314,-170.782,0,0,286,247,105,120
1778699328.821732,65,0.850683,0.911387,0.775301,1.0964,-0.4947,1.3184,0.000,-17.853,138.339,0,0,569,196,110,113
1778699328.821732,60,0.975281,0.893680,0.871590,0.9693,0.4120,1.3535,0.000,-0.446,-150.207,0,0,38,161,76,126
1778699328.888471,0,0.993790,0.998551,0.992350,1.0030,0.0152,1.2178,-0.000,1.165,-171.703,0,0,286,247,105,120
1778699328.888471,65,0.847653,0.911477,0.772617,1.0867,-0.4903,1.3149,0.000,-18.010,137.830,0,0,569,197,110,110
1778699328.888471,60,0.973081,0.893516,0.869463,0.9691,0.4120,1.3551,0.000,-0.372,-148.546,0,0,38,160,76,128
1778699328.888471,0,0.992843,0.998551,0.991404,1.0030,0.0152,1.2178,-0.000,1.165,-171.703,0,0,286,247,105,120
1778699328.888471,65,0.851171,0.911477,0.775823,1.0867,-0.4903,1.3149,0.000,-18.010,137.830,0,0,569,197,110,110
1778699328.888471,60,0.976307,0.893516,0.872346,0.9691,0.4120,1.3551,0.000,-0.372,-148.546,0,0,38,160,76,126
1778699328.955209,0,0.992156,0.998551,0.990718,1.0030,0.0152,1.2178,-0.000,1.104,-170.821,0,0,286,247,105,120
1778699328.955209,65,0.851083,0.911477,0.775743,1.0897,-0.4916,1.3154,0.000,-17.758,138.134,0,0,569,197,110,110
1778699328.955209,60,0.978043,0.893516,0.873896,0.9672,0.4111,1.3547,0.000,0.349,-150.416,0,0,38,161,76,126
1778699328.955209,0,0.992442,0.998551,0.991004,1.0030,0.0152,1.2178,-0.000,1.104,-170.821,0,0,286,247,105,117
1778699328.955209,65,0.850962,0.911387,0.775556,1.0897,-0.4916,1.3154,0.000,-17.758,138.134,0,0,569,196,110,111
1778699328.955209,60,0.984341,0.893516,0.879524,0.9672,0.4111,1.3547,0.000,0.349,-150.416,0,0,38,160,77,128
1778699329.188760,0,0.992902,0.998551,0.991464,1.0030,0.0152,1.2178,0.000,1.216,-171.159,0,0,286,247,105,120
1778699329.188760,65,0.847016,0.911477,0.772036,1.0778,-0.4863,1.3134,0.000,-17.983,137.663,0,0,569,197,110,111
1778699329.188760,60,0.975063,0.893680,0.871394,0.9693,0.4120,1.3535,-0.000,-0.621,-150.650,0,0,38,161,77,126
1778699329.255499,0,0.993004,0.998671,0.991684,1.0028,0.0135,1.2195,0.000,0.808,-171.634,0,1,287,246,106,121
1778699329.255499,65,0.854338,0.912069,0.779215,1.0749,-0.4831,1.3129,-0.000,-17.619,138.679,1,1,568,197,108,110
1778699329.255499,60,0.974497,0.892909,0.870137,0.9672,0.4127,1.3547,0.000,-0.714,-150.667,0,1,37,160,75,130
1778699329.255499,66,0.990130,0.950403,0.941022,1.0028,0.0135,1.2195,0.000,0.808,-171.634,0,1,129,283,120,129
1778699329.255499,67,0.972900,0.987333,0.960575,1.0749,-0.4831,1.3129,-0.000,-17.619,138.679,0,1,402,250,96,111
1778699331.290939,0,0.992955,0.946039,0.939375,0.9895,0.0211,1.1963,0.000,-0.039,-169.233,0,1,125,283,120,130
1778699331.290939,68,0.971613,0.989386,0.961300,1.0536,-0.4594,1.2688,-0.000,-6.562,154.357,0,1,397,250,95,111
1778699331.457787,0,0.989299,0.946039,0.935915,0.9974,0.0458,1.1909,0.000,-1.092,-167.723,0,1,117,282,123,133
1778699331.491155,0,0.991564,0.943011,0.935056,1.0190,0.0704,1.1924,0.000,-1.562,-167.789,0,1,118,279,122,133
1778699331.557895,71,0.991700,0.944523,0.936683,1.0337,0.0674,1.1932,0.000,-0.168,-167.310,0,1,121,279,120,129
1778699331.557895,0,0.991974,0.944523,0.936942,1.0336,0.0787,1.1873,-0.000,-0.794,-166.923,0,1,123,277,122,129
1778699331.657986,0,0.991912,0.950084,0.942400,1.0290,0.0631,1.1969,0.000,-1.077,-168.299,0,1,131,273,118,129
1778699331.657986,0,0.992030,0.950084,0.942511,1.0288,0.0812,1.1877,0.000,-1.030,-166.916,0,1,134,271,120,129
1778699331.758085,75,0.991663,0.952673,0.944731,1.0373,0.0745,1.1914,0.000,-1.146,-167.362,0,1,136,271,118,128
1778699331.758085,0,0.972170,0.986827,0.959364,1.9794,-0.7449,1.3744,-0.000,-7.088,158.937,0,1,408,235,95,109
1778699331.824805,0,0.990930,0.954181,0.945526,1.0599,0.0838,1.1881,0.000,-1.085,-166.425,0,1,139,270,118,128
1778699331.824805,76,0.971195,0.985983,0.957582,1.9430,-0.7170,1.3601,-0.000,-7.529,158.569,0,1,411,234,96,109
1778699331.824805,0,0.992906,0.954181,0.947412,1.0599,0.0838,1.1881,0.000,-1.324,-167.614,0,1,148,266,116,125
1778699331.824805,77,0.972018,0.985983,0.958393,1.9535,-0.6935,1.3476,0.000,-7.231,156.972,0,1,419,231,97,105
1778699331.891542,78,0.990331,0.958670,0.949400,1.0345,0.0790,1.1877,0.000,-1.294,-166.382,0,1,150,264,117,129
1778699331.891542,0,0.968038,0.983596,0.952158,1.9593,-0.7249,1.3593,-0.000,-8.307,158.166,0,1,421,230,97,109
1778699331.891542,0,0.990425,0.961136,0.951933,1.0345,0.0790,1.1877,0.000,-1.294,-166.382,0,1,153,263,117,130
1778699331.891542,79,0.976539,0.981982,0.958944,1.9593,-0.7249,1.3593,-0.000,-8.307,158.166,0,1,424,228,97,113
1778699331.991652,0,0.991303,0.961136,0.952777,1.0937,0.0898,1.1948,0.000,-0.696,-166.448,0,1,156,262,116,130
1778699331.991652,80,0.978095,0.981982,0.960472,1.9526,-0.7156,1.3666,0.000,-5.560,158.502,0,1,426,226,97,111
1778699332.058388,81,0.834667,0.981290,0.819051,1.9552,-0.7105,1.3735,0.000,0.348,-166.804,0,1,164,259,116,129
1778699332.158492,0,0.830487,0.977478,0.811783,1.9485,-0.7481,1.3838,0.000,-0.106,-167.579,0,1,167,258,116,130
1778699332.158492,0,0.832413,0.977478,0.813666,1.9485,-0.7481,1.3838,0.000,-0.106,-167.579,0,1,169,256,115,128
1778699332.258585,0,0.989776,0.969643,0.959730,1.1035,0.0853,1.2099,0.000,-0.370,-166.301,0,1,172,255,115,126
1778699332.258585,84,0.973903,0.975204,0.949753,1.9583,-0.7328,1.3942,0.000,-5.732,156.904,0,1,443,220,98,110
1778699332.258585,0,0.992424,0.969643,0.962297,1.1035,0.0853,1.2099,0.000,-0.370,-166.301,0,1,180,251,114,126
1778699332.258585,85,0.973934,0.975204,0.949784,1.9583,-0.7328,1.3942,0.000,-5.732,156.904,0,1,452,214,100,113
1778699332.358661,0,0.825788,0.970654,0.801555,1.9432,-0.7284,1.4153,0.000,0.275,-166.723,0,1,183,249,113,125
1778699332.358661,87,0.829181,0.970654,0.804848,1.9515,-0.7063,1.4153,0.000,0.703,-166.310,0,1,188,247,114,124
1778699332.425400,87,0.834860,0.968058,0.808193,1.9590,-0.7306,1.4272,-0.000,1.398,-167.383,0,1,195,243,113,125
1778699332.425400,87,0.842571,0.968058,0.815658,1.9590,-0.7306,1.4272,-0.000,1.398,-167.383,0,1,198,243,113,128
1778699332.425400,87,0.831447,0.964012,0.801525,1.9679,-0.7066,1.4272,0.000,1.286,-167.520,0,1,201,244,112,126
1778699332.592270,87,0.838056,0.962726,0.806818,1.9385,-0.7135,1.4358,-0.000,1.819,-167.448,0,1,204,244,112,125
1778699332.625639,87,0.843837,0.961499,0.811348,1.9486,-0.7276,1.4341,0.000,1.025,-168.523,0,1,212,244,110,121
1778699332.692378,87,0.994412,0.984126,0.978627,1.1060,0.0917,1.2308,0.000,1.406,-168.128,0,1,215,244,110,122
1778699332.692378,87,0.994619,0.984126,0.978831,1.1060,0.0917,1.2308,0.000,1.406,-168.128,0,1,217,244,108,122
1778699332.692378,87,0.843274,0.955155,0.805457,1.1060,0.0917,1.2308,-0.000,1.386,-168.279,0,1,220,244,108,122
1778699332.825855,87,0.840412,0.954138,0.801869,1.9661,-0.7258,1.4375,0.000,0.583,-168.062,0,1,228,243,110,125
1778699332.825855,87,0.850323,0.954138,0.811326,1.9750,-0.7017,1.4375,0.000,0.813,-168.381,0,1,233,243,108,125
1778699332.825855,87,0.852238,0.954138,0.813152,1.9750,-0.7017,1.4375,0.000,0.813,-168.381,0,1,235,244,108,125
1778699332.992692,87,0.843652,0.946352,0.798391,1.9502,-0.7223,1.4326,0.000,0.790,-168.429,0,1,238,244,108,124
1778699333.059430,87,0.844035,0.944839,0.797477,1.9608,-0.7364,1.4343,-0.000,0.878,-168.718,0,1,240,244,107,124
1778699333.092800,87,0.849432,0.943310,0.801278,1.9582,-0.7203,1.4326,0.000,1.192,-168.840,0,1,248,244,106,125
1778699333.092800,87,0.851535,0.943310,0.803262,1.9582,-0.7203,1.4326,-0.000,1.271,-169.057,0,1,250,245,107,121
1778699333.092800,87,0.852492,0.943310,0.804164,1.9582,-0.7203,1.4326,-0.000,1.271,-169.057,0,1,253,245,106,120
1778699333.092800,87,0.856043,0.943310,0.807514,1.9657,-0.6998,1.4326,0.000,1.502,-168.894,0,1,256,245,106,120
1778699333.326427,87,0.993722,0.995811,0.989559,1.0295,0.0553,1.2233,-0.000,1.420,-169.312,0,0,263,245,106,120
1778699333.326427,0,0.960965,0.929433,0.893152,1.1329,-0.4539,1.3055,0.000,-7.997,158.301,0,0,539,206,112,117
1778699333.326427,87,0.995006,0.995811,0.990838,1.0295,0.0553,1.2233,-0.000,1.420,-169.312,0,0,266,245,106,120
1778699333.326427,0,0.978234,0.929433,0.909203,1.1329,-0.4539,1.3055,0.000,-7.997,158.301,0,0,541,205,112,121
1778699333.426499,87,0.993955,0.996583,0.990559,1.0184,0.0460,1.2241,-0.000,0.965,-170.343,0,0,268,244,106,125
1778699333.426499,0,0.972723,0.926644,0.901368,1.1141,-0.4557,1.3027,-0.000,-5.301,156.483,0,0,544,206,112,118
1778699333.426499,87,0.994018,0.996583,0.990621,1.0184,0.0460,1.2241,0.000,1.080,-170.296,0,0,271,245,106,122
1778699333.426499,0,0.972242,0.926644,0.900922,1.1141,-0.4557,1.3027,0.000,-5.105,154.659,0,0,547,207,110,118
1778699333.526602,87,0.994011,0.997592,0.991617,1.0076,0.0319,1.2215,0.000,1.173,-170.959,0,0,276,245,106,121
1778699333.526602,0,0.974259,0.921535,0.897814,1.0913,-0.4627,1.2992,0.000,-4.798,154.628,0,0,553,206,110,120
1778699333.593345,87,0.993420,0.998276,0.991707,1.0109,0.0205,1.2185,0.000,1.528,-170.977,0,0,283,247,105,118
1778699333.593345,0,0.975911,0.916972,0.894883,1.0737,-0.4694,1.2947,0.000,-4.530,154.129,0,0,561,207,112,120
1778699333.593345,87,0.995834,0.998276,0.994117,1.0109,0.0205,1.2185,0.000,1.442,-172.612,0,0,285,246,106,120
1778699333.593345,0,0.970061,0.916972,0.889519,1.0737,-0.4694,1.2947,0.000,-5.871,153.421,0,0,563,206,113,117
1778699333.693448,87,0.995262,0.998585,0.993853,1.0108,0.0156,1.2201,-0.000,1.529,-172.496,0,0,286,246,105,122
1778699333.693448,0,0.969973,0.915145,0.887666,1.0705,-0.4734,1.2960,0.000,-5.904,153.606,0,0,564,206,113,118
1778699333.693448,87,0.994685,0.998585,0.993278,1.0108,0.0156,1.2201,-0.000,1.529,-172.496,0,0,288,246,106,122
1778699333.693448,0,0.973874,0.915145,0.891236,1.0705,-0.4734,1.2960,0.000,-5.904,153.606,0,0,567,208,114,117
1778699333.760187,87,0.994553,0.998753,0.993314,1.0108,0.0123,1.2201,-0.000,1.533,-172.216,0,0,288,246,105,122
1778699333.760187,0,0.974232,0.913509,0.889970,1.0679,-0.4774,1.2921,0.000,-5.277,155.241,0,0,567,207,114,117
1778699333.826925,87,0.994353,0.998753,0.993113,1.0138,0.0124,1.2204,-0.000,1.512,-172.101,0,0,288,246,105,122
1778699333.826925,0,0.975728,0.913444,0.891273,1.0677,-0.4774,1.2938,-0.000,-4.814,155.652,0,0,567,208,114,117
1778699333.826925,87,0.994194,0.998753,0.992955,1.0138,0.0124,1.2204,-0.000,1.512,-172.101,0,0,288,246,105,122
1778699333.826925,0,0.976856,0.913444,0.892303,1.0677,-0.4774,1.2938,-0.000,-4.814,155.652,0,0,567,207,116,117
1778699333.927042,87,0.993765,0.998753,0.992527,1.0138,0.0124,1.2204,0.000,1.204,-171.928,0,0,288,246,105,122
1778699333.927042,0,0.975029,0.913444,0.890634,1.0647,-0.4760,1.2934,-0.000,-4.964,154.966,0,0,567,207,115,117
1778699334.027127,87,0.993612,0.998833,0.992452,1.0138,0.0107,1.2204,-0.000,1.098,-172.004,0,0,289,246,106,120
1778699334.027127,0,0.975301,0.913509,0.890947,1.0679,-0.4774,1.2921,0.000,-5.015,155.552,0,0,567,208,115,117
1778699334.027127,87,0.993671,0.998833,0.992512,1.0138,0.0107,1.2204,0.000,1.519,-171.784,0,0,289,246,106,120
1778699334.027127,0,0.974156,0.913509,0.889901,1.0679,-0.4774,1.2921,0.000,-5.255,154.671,0,0,568,208,116,117
1778699334.127223,87,0.992179,0.998833,0.991021,1.0138,0.0107,1.2204,0.000,0.506,-171.572,0,0,289,246,106,120
1778699334.127223,0,0.974183,0.913509,0.889925,1.0679,-0.4774,1.2921,-0.000,-5.188,154.147,0,0,567,208,115,117
1778699334.127223,87,0.993581,0.998833,0.992422,1.0138,0.0107,1.2204,0.000,0.945,-172.089,0,0,288,246,105,120
1778699334.127223,0,0.972926,0.913509,0.888778,1.0679,-0.4774,1.2921,0.000,-5.544,154.470,0,0,568,210,116,114
1778699334.227360,87,0.993514,0.998864,0.992385,1.0136,0.0107,1.2220,0.000,0.762,-172.255,0,0,289,245,106,121
1778699334.227360,0,0.972749,0.912852,0.887976,1.0647,-0.4778,1.2934,-0.000,-5.468,154.095,0,0,568,207,116,117
1778699334.227360,87,0.993205,0.998864,0.992076,1.0136,0.0107,1.2220,0.000,0.170,-172.558,0,0,289,246,105,122
1778699334.227360,0,0.973141,0.912852,0.888333,1.0647,-0.4778,1.2934,-0.000,-5.354,153.979,0,0,568,209,116,115
1778699334.360821,87,0.993401,0.998864,0.992272,1.0136,0.0107,1.2220,-0.000,0.386,-172.492,0,0,289,245,105,121
1778699334.360821,0,0.968720,0.913041,0.884482,1.0653,-0.4778,1.2881,-0.000,-6.681,153.870,0,0,568,210,117,114
1778699334.360821,87,0.993871,0.998864,0.992741,1.0136,0.0107,1.2220,-0.000,0.386,-172.492,0,0,289,245,105,121
1778699334.360821,0,0.971835,0.913041,0.887325,1.0653,-0.4778,1.2881,-0.000,-6.681,153.870,0,0,568,207,114,117
1778699334.394177,87,0.994021,0.998864,0.992892,1.0136,0.0107,1.2220,-0.000,0.904,-172.474,0,0,290,245,104,120
1778699334.394177,0,0.970038,0.912852,0.885500,1.0677,-0.4791,1.2938,-0.000,-6.179,154.583,0,0,568,209,116,115
1778699334.394177,87,0.993810,0.998940,0.992757,1.0136,0.0107,1.2220,-0.000,0.904,-172.474,0,0,290,245,106,120
1778699334.394177,0,0.975739,0.912980,0.890831,1.0677,-0.4791,1.2938,-0.000,-6.179,154.583,0,0,568,207,114,117
1778699334.527650,87,0.993342,0.998864,0.992213,1.0106,0.0106,1.2218,0.000,0.817,-172.105,0,0,289,245,105,121
1778699334.527650,0,0.966364,0.913573,0.882844,1.0681,-0.4774,1.2903,0.000,-7.196,154.605,0,0,567,209,115,113
1778699334.527650,87,0.993784,0.998864,0.992655,1.0106,0.0106,1.2218,0.000,0.801,-172.399,0,0,290,245,105,120
1778699334.527650,0,0.966949,0.913573,0.883378,1.0681,-0.4774,1.2903,-0.000,-7.013,154.114,0,0,567,208,115,117
1778699334.594389,87,0.993592,0.998940,0.992540,1.0106,0.0090,1.2218,-0.000,0.826,-172.356,0,0,290,245,105,121
1778699334.594389,0,0.970432,0.913509,0.886499,1.0679,-0.4774,1.2921,-0.000,-6.143,154.383,0,0,568,209,116,117
1778699334.694478,87,0.992843,0.998864,0.991715,1.0106,0.0106,1.2218,0.000,0.846,-171.784,0,0,289,245,105,121
1778699334.694478,0,0.969011,0.912917,0.884627,1.0649,-0.4778,1.2916,-0.000,-6.552,155.204,0,0,568,208,114,115
1778699334.694478,87,0.993493,0.998864,0.992364,1.0106,0.0106,1.2218,-0.000,0.935,-172.112,0,0,290,246,106,120
1778699334.694478,0,0.960374,0.912917,0.876742,1.0649,-0.4778,1.2916,0.000,-8.413,154.773,0,0,567,208,115,115
1778699334.761216,87,0.993490,0.998910,0.992407,1.0108,0.0090,1.2201,-0.000,0.884,-172.176,0,0,290,245,105,121
1778699334.761216,0,0.973144,0.913509,0.888976,1.0679,-0.4774,1.2921,0.000,-5.461,154.228,0,0,568,207,116,117
1778699334.761216,87,0.993037,0.998910,0.991954,1.0108,0.0090,1.2201,-0.000,0.884,-172.176,0,0,290,246,105,120
1778699334.761216,0,0.971797,0.912852,0.887107,1.0679,-0.4774,1.2921,0.000,-5.461,154.228,0,0,568,207,114,117
1778699334.861328,87,0.994077,0.998910,0.992993,1.0108,0.0090,1.2201,-0.000,1.144,-172.364,0,0,290,245,106,120
1778699334.861328,0,0.956094,0.912852,0.872772,1.0647,-0.4778,1.2934,0.000,-9.138,154.207,0,0,568,209,116,114
1778699334.961437,87,0.994169,0.998940,0.993115,1.0076,0.0088,1.2215,0.000,0.674,-172.866,0,0,290,245,106,121
1778699334.961437,0,0.958653,0.913041,0.875290,1.0653,-0.4778,1.2881,-0.000,-8.977,155.465,0,0,568,210,118,114
1778699334.961437,87,0.994330,0.998940,0.993277,1.0076,0.0088,1.2215,-0.000,0.745,-172.919,0,0,289,246,105,122
1778699334.961437,0,0.965358,0.913041,0.881412,1.0653,-0.4778,1.2881,0.000,-7.527,154.655,0,0,568,208,116,115
1778699335.061546,87,0.995038,0.998864,0.993907,1.0106,0.0106,1.2218,-0.000,1.286,-172.884,0,0,289,245,105,121
1778699335.061546,0,0.970607,0.912852,0.886020,1.0647,-0.4778,1.2934,0.000,-5.911,153.541,0,0,568,207,116,117
1778699335.061546,87,0.994858,0.998864,0.993728,1.0106,0.0106,1.2218,-0.000,1.573,-172.555,0,0,289,245,106,121
1778699335.061546,0,0.966182,0.912852,0.881981,1.0647,-0.4778,1.2934,0.000,-6.975,153.773,0,0,568,209,117,115
1778699335.128285,87,0.996041,0.998864,0.994909,1.0106,0.0106,1.2218,0.000,1.938,-173.169,0,0,289,245,106,121
1778699335.128285,0,0.969738,0.912980,0.885352,1.0621,-0.4765,1.2894,0.000,-6.414,154.387,0,0,568,208,114,117
1778699335.228405,87,0.996538,0.998864,0.995406,1.0106,0.0106,1.2218,-0.000,1.975,-173.546,0,0,289,245,106,122
1778699335.228405,0,0.969857,0.912917,0.885399,1.0649,-0.4778,1.2916,0.000,-6.256,154.052,0,0,568,208,116,117
1778699335.228405,87,0.996054,0.998864,0.994922,1.0106,0.0106,1.2218,-0.000,1.791,-173.280,0,0,289,245,106,122
1778699335.228405,0,0.969977,0.912917,0.885509,1.0649,-0.4778,1.2916,0.000,-6.291,154.657,0,0,568,207,116,117
1778699335.228405,87,0.995166,0.998784,0.993955,1.0106,0.0106,1.2218,-0.000,1.791,-173.280,0,0,288,245,105,121
1778699335.228405,0,0.970325,0.912917,0.885826,1.0649,-0.4778,1.2916,0.000,-6.291,154.657,0,0,568,208,116,117
1778699335.328500,87,0.995261,0.998784,0.994050,1.0106,0.0123,1.2218,0.000,1.356,-172.893,0,0,288,246,105,122
1778699335.328500,0,0.966542,0.912917,0.882373,1.0619,-0.4765,1.2912,0.000,-7.028,154.110,0,0,568,207,116,117
1778699335.428608,87,0.995559,0.998784,0.994349,1.0106,0.0123,1.2218,0.000,1.672,-172.884,0,0,288,245,105,122
1778699335.428608,0,0.960804,0.912917,0.877134,1.0619,-0.4765,1.2912,0.000,-8.296,154.399,0,0,568,208,116,113
1778699335.495347,87,0.995054,0.998784,0.993844,1.0106,0.0123,1.2218,0.000,1.374,-172.729,0,0,288,245,105,124
1778699335.495347,0,0.966381,0.912980,0.882287,1.0621,-0.4765,1.2894,0.000,-7.137,153.960,0,0,568,209,116,114
1778699335.495347,87,0.995064,0.998784,0.993854,1.0106,0.0123,1.2218,0.000,1.844,-172.424,0,0,288,245,105,122
1778699335.495347,0,0.969247,0.912980,0.884903,1.0621,-0.4765,1.2894,-0.000,-6.430,153.620,0,0,568,208,117,117
1778699335.562069,87,0.994314,0.998784,0.993105,1.0106,0.0123,1.2218,0.000,0.755,-172.697,0,0,288,245,105,124
1778699335.562069,0,0.962146,0.912917,0.878360,1.0619,-0.4765,1.2912,0.000,-7.985,154.094,0,0,568,210,117,114
1778699335.662162,87,0.994703,0.998753,0.993463,1.0108,0.0123,1.2201,-0.000,1.373,-172.417,0,0,288,246,105,122
1778699335.662162,0,0.968187,0.912917,0.883874,1.0649,-0.4778,1.2916,-0.000,-6.620,153.845,0,0,568,208,115,115
1778699335.662162,87,0.994960,0.998753,0.993719,1.0108,0.0123,1.2201,-0.000,1.373,-172.417,0,0,288,246,105,122
1778699335.662162,0,0.968468,0.912917,0.884131,1.0649,-0.4778,1.2916,-0.000,-6.620,153.845,0,0,568,209,117,117
1778699335.728886,87,0.995014,0.998753,0.993774,1.0108,0.0123,1.2201,-0.000,1.582,-172.491,0,0,289,245,106,124
1778699335.728886,0,0.966638,0.912980,0.882522,1.0651,-0.4778,1.2899,0.000,-7.141,154.538,0,0,568,209,117,115
1778699335.728886,87,0.994407,0.998864,0.993277,1.0108,0.0123,1.2201,-0.000,1.582,-172.491,0,0,289,246,106,122
1778699335.728886,0,0.971873,0.912980,0.887301,1.0651,-0.4778,1.2899,0.000,-7.141,154.538,0,0,568,207,116,117
1778699335.862351,87,0.994050,0.998833,0.992890,1.0108,0.0106,1.2201,-0.000,1.288,-172.151,0,0,289,246,106,122
1778699335.862351,0,0.962329,0.912852,0.878463,1.0647,-0.4778,1.2934,-0.000,-7.845,154.007,0,0,568,209,117,115
1778699335.962455,87,0.994280,0.998833,0.993120,1.0108,0.0106,1.2201,0.000,1.470,-172.181,0,0,289,246,105,121
1778699335.962455,0,0.971619,0.912917,0.887008,1.0649,-0.4778,1.2916,0.000,-5.904,154.734,0,0,568,208,116,117
1778699335.962455,87,0.994278,0.998833,0.993118,1.0108,0.0106,1.2201,0.000,1.470,-172.181,0,0,289,246,105,122
1778699335.962455,0,0.966992,0.912917,0.882783,1.0649,-0.4778,1.2916,0.000,-5.904,154.734,0,0,568,208,116,117
1778699336.062563,87,0.994938,0.998833,0.993777,1.0108,0.0106,1.2201,-0.000,1.194,-172.807,0,0,289,246,105,122
1778699336.062563,0,0.965546,0.912980,0.881524,1.0621,-0.4765,1.2894,0.000,-7.383,154.516,0,0,568,209,116,117
1778699336.062563,87,0.995063,0.998833,0.993901,1.0108,0.0106,1.2201,0.000,1.075,-172.990,0,0,289,246,105,122
1778699336.062563,0,0.968526,0.912980,0.884245,1.0621,-0.4765,1.2894,0.000,-6.738,154.892,0,0,568,208,116,115
1778699336.162671,87,0.994272,0.998833,0.993111,1.0108,0.0106,1.2201,0.000,0.582,-172.832,0,0,289,246,105,121
1778699336.162671,0,0.968564,0.912980,0.884280,1.0651,-0.4778,1.2899,0.000,-6.654,154.080,0,0,568,209,117,115
1778699336.162671,87,0.995134,0.998833,0.993973,1.0108,0.0106,1.2201,0.000,0.582,-172.832,0,0,289,246,105,121
1778699336.162671,0,0.964793,0.912917,0.880776,1.0651,-0.4778,1.2899,0.000,-6.654,154.080,0,0,568,208,117,117
1778699336.229394,87,0.994994,0.998833,0.993833,1.0108,0.0106,1.2201,0.000,1.235,-172.817,0,0,289,246,105,121
1778699336.229394,0,0.959519,0.912917,0.875962,1.0649,-0.4778,1.2916,0.000,-8.601,154.997,0,0,568,210,117,114
1778699336.229394,87,0.994889,0.998833,0.993728,1.0108,0.0106,1.2201,0.000,1.235,-172.817,0,0,289,246,105,120
1778699336.229394,0,0.970876,0.912852,0.886266,1.0649,-0.4778,1.2916,0.000,-8.601,154.997,0,0,568,207,114,117
1778699336.396224,87,0.994324,0.998910,0.993240,1.0108,0.0090,1.2201,0.000,1.194,-172.489,0,0,290,246,106,121
1778699336.396224,0,0.967906,0.912917,0.883618,1.0649,-0.4778,1.2916,-0.000,-6.746,154.364,0,0,568,208,116,115
1778699336.396224,87,0.995098,0.998910,0.994013,1.0108,0.0090,1.2201,0.000,1.194,-172.489,0,0,289,246,105,121
1778699336.396224,0,0.959391,0.912917,0.875845,1.0649,-0.4778,1.2916,-0.000,-6.746,154.364,0,0,568,210,117,111
1778699336.496348,87,0.994948,0.998833,0.993787,1.0108,0.0106,1.2201,-0.000,1.291,-172.743,0,0,289,246,105,121
1778699336.496348,0,0.968622,0.912980,0.884332,1.0621,-0.4765,1.2894,0.000,-6.577,153.623,0,0,568,209,117,115
1778699336.496348,87,0.994530,0.998833,0.993369,1.0108,0.0106,1.2201,0.000,1.344,-172.422,0,0,289,246,105,122
1778699336.496348,0,0.957328,0.912980,0.874022,1.0621,-0.4765,1.2894,0.000,-9.115,154.683,0,0,568,209,116,114
1778699336.596456,87,0.994934,0.998833,0.993773,1.0108,0.0106,1.2201,0.000,1.226,-172.781,0,0,289,246,105,122
1778699336.596456,0,0.965841,0.913041,0.881852,1.0653,-0.4778,1.2881,-0.000,-7.373,154.165,0,0,568,210,116,114
1778699336.596456,87,0.994550,0.998833,0.993389,1.0108,0.0106,1.2201,0.000,1.180,-172.549,0,0,289,246,105,122
1778699336.596456,0,0.959131,0.913041,0.875726,1.0653,-0.4778,1.2881,0.000,-8.777,153.954,0,0,568,209,116,111
1778699336.696563,87,0.993831,0.998833,0.992671,1.0108,0.0106,1.2201,-0.000,1.045,-172.175,0,0,289,246,105,122
1778699336.696563,0,0.961065,0.912980,0.877434,1.0651,-0.4778,1.2899,0.000,-8.313,154.194,0,0,568,209,118,111
1778699336.696563,87,0.994336,0.998833,0.993175,1.0108,0.0106,1.2201,-0.000,1.251,-172.357,0,0,289,245,105,121
1778699336.696563,0,0.973088,0.912980,0.888410,1.0651,-0.4778,1.2899,0.000,-5.505,153.681,0,0,567,208,115,117
1778699336.696563,87,0.994823,0.998864,0.993692,1.0108,0.0106,1.2201,-0.000,1.251,-172.357,0,0,289,246,105,120
1778699336.696563,0,0.974326,0.913509,0.890056,1.0651,-0.4778,1.2899,0.000,-5.505,153.681,0,0,567,208,115,117
1778699336.863404,87,0.994484,0.998833,0.993324,1.0108,0.0106,1.2201,-0.000,1.394,-172.359,0,0,289,246,105,120
1778699336.863404,0,0.978123,0.913509,0.893524,1.0679,-0.4774,1.2921,0.000,-4.207,154.721,0,0,567,208,114,117
1778699336.863404,87,0.993864,0.998833,0.992704,1.0108,0.0106,1.2201,0.000,0.825,-172.356,0,0,289,246,105,121
1778699336.863404,0,0.976133,0.913509,0.891706,1.0679,-0.4774,1.2921,0.000,-4.654,153.985,0,0,567,207,115,117
1778699336.863404,87,0.994507,0.998833,0.993347,1.0108,0.0106,1.2201,0.000,0.825,-172.356,0,0,289,246,105,120
1778699336.863404,0,0.972710,0.913444,0.888516,1.0679,-0.4774,1.2921,0.000,-4.654,153.985,0,0,567,207,114,117
1778699336.996881,87,0.993883,0.998833,0.992724,1.0108,0.0106,1.2201,-0.000,1.281,-172.052,0,0,290,246,104,120
1778699336.996881,0,0.975061,0.913444,0.890664,1.0677,-0.4774,1.2938,0.000,-4.854,154.042,0,0,567,207,114,120
1778699337.063618,87,0.993894,0.998910,0.992810,1.0108,0.0090,1.2201,0.000,1.588,-171.977,0,0,289,246,105,120
1778699337.063618,0,0.971809,0.913444,0.887693,1.0677,-0.4774,1.2938,0.000,-5.680,154.064,0,0,567,206,113,117
1778699337.130347,87,0.993642,0.998833,0.992483,1.0108,0.0106,1.2201,0.000,1.092,-172.027,0,0,289,246,105,118
1778699337.130347,0,0.970708,0.913376,0.886621,1.0705,-0.4787,1.2960,0.000,-5.853,154.039,0,0,568,207,114,118
1778699337.130347,87,0.994328,0.998910,0.993244,1.0108,0.0106,1.2201,0.000,1.092,-172.027,0,0,290,246,106,120
1778699337.130347,0,0.973906,0.912917,0.889095,1.0705,-0.4787,1.2960,0.000,-5.853,154.039,0,0,568,208,114,117
1778699337.197081,87,0.993751,0.998910,0.992667,1.0108,0.0090,1.2201,0.000,1.421,-172.343,0,0,290,246,105,120
1778699337.197081,0,0.974268,0.912917,0.889426,1.0649,-0.4778,1.2916,0.000,-5.272,154.126,0,0,567,208,115,117
1778699337.297185,87,0.994387,0.998910,0.993303,1.0108,0.0090,1.2201,-0.000,1.438,-172.370,0,0,290,246,105,120
1778699337.297185,0,0.972757,0.912917,0.888047,1.0649,-0.4778,1.2916,0.000,-5.562,154.133,0,0,568,208,114,117
1778699337.363924,87,0.993036,0.998940,0.991984,1.0106,0.0090,1.2218,0.000,0.991,-171.899,0,0,290,245,106,121
1778699337.363924,0,0.975540,0.913573,0.891227,1.0681,-0.4774,1.2903,0.000,-4.992,154.713,0,0,567,209,115,118
1778699337.363924,87,0.993076,0.998940,0.992024,1.0106,0.0090,1.2218,0.000,0.932,-171.962,0,0,290,245,105,121
1778699337.363924,0,0.970593,0.913573,0.886707,1.0681,-0.4774,1.2903,0.000,-6.252,155.034,0,0,567,208,115,117
1778699337.363924,87,0.993341,0.998940,0.992289,1.0106,0.0090,1.2218,0.000,0.932,-171.962,0,0,290,246,105,120
1778699337.363924,0,0.966712,0.913509,0.883101,1.0681,-0.4774,1.2903,0.000,-6.252,155.034,0,0,568,209,116,117
1778699337.530770,87,0.993927,0.998910,0.992843,1.0108,0.0090,1.2201,0.000,0.949,-172.405,0,0,290,246,105,120
1778699337.530770,0,0.969701,0.913573,0.885892,1.0651,-0.4760,1.2899,0.000,-6.421,154.509,0,0,567,209,113,115
1778699337.530770,0,0.993278,0.998910,0.992195,1.0108,0.0090,1.2201,0.000,1.069,-171.925,0,0,290,246,105,120
1778699337.530770,1,0.963461,0.913573,0.880192,1.0651,-0.4760,1.2899,0.000,-7.782,154.107,0,0,568,209,114,114
1778699337.530770,0,0.994305,0.998910,0.993221,1.0108,0.0090,1.2201,0.000,1.069,-171.925,0,0,290,246,106,120
1778699337.530770,1,0.958146,0.912980,0.874768,1.0651,-0.4760,1.2899,0.000,-7.782,154.107,0,0,568,209,115,111
1778699337.664229,87,0.994161,0.998910,0.993078,1.0108,0.0090,1.2201,-0.000,1.686,-172.172,0,0,290,246,105,120
1778699337.664229,0,0.961487,0.912980,0.877818,1.0651,-0.4778,1.2899,-0.000,-8.964,154.880,0,0,568,209,114,114
1778699337.730963,87,0.993605,0.998910,0.992522,1.0108,0.0090,1.2201,0.000,1.302,-171.972,0,0,290,246,105,120
1778699337.730963,0,0.962920,0.912980,0.879127,1.0621,-0.4765,1.2894,0.000,-7.942,154.400,0,0,569,209,114,111
1778699337.797702,87,0.993949,0.998910,0.992866,1.0108,0.0090,1.2201,0.000,0.259,-173.000,0,0,290,247,105,118
1778699337.797702,0,0.972256,0.912387,0.887073,1.0621,-0.4782,1.2894,-0.000,-5.857,154.819,0,0,568,208,114,117
1778699337.831073,87,0.992926,0.998876,0.991810,1.0109,0.0090,1.2185,-0.000,0.601,-171.966,0,0,290,247,105,118
1778699337.831073,0,0.966677,0.912917,0.882496,1.0649,-0.4778,1.2916,0.000,-7.078,155.074,0,0,568,208,113,114
1778699337.897782,87,0.992978,0.998876,0.991862,1.0109,0.0090,1.2185,-0.000,0.619,-171.985,0,0,290,247,105,118
1778699337.897782,0,0.955507,0.912917,0.872299,1.0619,-0.4765,1.2912,0.000,-9.415,155.413,0,0,568,209,115,114
1778699337.964509,87,0.992732,0.998876,0.991617,1.0109,0.0090,1.2185,-0.000,0.705,-171.782,0,0,290,247,105,117
1778699337.964509,0,0.967787,0.912980,0.883571,1.0621,-0.4765,1.2894,-0.000,-6.914,154.985,0,0,568,209,115,115
1778699338.064617,87,0.993817,0.998839,0.992663,1.0111,0.0090,1.2168,0.000,1.587,-171.828,0,0,290,248,105,118
1778699338.064617,0,0.956556,0.912324,0.872689,1.0619,-0.4782,1.2912,0.000,-9.212,155.212,0,0,569,208,114,111
1778699338.064617,0,0.993117,0.998839,0.991965,1.0111,0.0090,1.2168,0.000,0.678,-171.957,0,0,290,248,105,118
1778699338.064617,1,0.960871,0.912324,0.876625,1.0619,-0.4782,1.2912,-0.000,-8.350,155.759,0,0,568,209,113,113
1778699338.231463,87,0.994400,0.998876,0.993283,1.0109,0.0090,1.2185,-0.000,1.122,-172.520,0,0,290,247,105,117
1778699338.231463,0,0.957871,0.913041,0.874576,1.0623,-0.4765,1.2877,0.000,-9.129,156.382,0,0,568,210,113,110
1778699338.231463,88,0.974999,0.892743,0.870423,0.9690,0.4136,1.3567,-0.000,-0.629,-151.321,0,0,37,159,74,128
1778699338.231463,87,0.994643,0.998876,0.993525,1.0109,0.0090,1.2185,0.000,1.098,-172.700,0,0,290,247,105,117
1778699338.231463,0,0.964860,0.913041,0.880957,1.0623,-0.4765,1.2877,-0.000,-7.678,156.184,0,0,568,208,113,115
1778699338.231463,88,0.974681,0.892743,0.870139,0.9690,0.4136,1.3567,0.000,-0.543,-150.524,0,0,37,159,74,128
1778699338.331555,87,0.993219,0.998876,0.992103,1.0109,0.0090,1.2185,-0.000,0.970,-171.890,0,0,290,246,105,120
1778699338.331555,0,0.956917,0.912917,0.873586,1.0619,-0.4765,1.2912,0.000,-9.143,155.617,0,0,568,208,115,113
1778699338.331555,88,0.976095,0.892743,0.871402,0.9719,0.4151,1.3574,0.000,-0.126,-150.374,0,0,37,159,74,128
1778699338.465024,87,0.993994,0.998910,0.992910,1.0108,0.0090,1.2201,-0.000,0.956,-172.443,0,0,291,247,106,118
1778699338.465024,0,0.960216,0.912917,0.876597,1.0619,-0.4765,1.2912,-0.000,-8.438,156.993,0,0,568,208,114,113
1778699338.465024,88,0.977078,0.892301,0.871848,0.9672,0.4143,1.3547,0.000,-0.274,-151.889,0,0,36,160,73,126
1778699338.498394,87,0.993746,0.998983,0.992736,1.0108,0.0073,1.2201,0.000,0.769,-172.524,0,0,291,246,106,120
1778699338.498394,0,0.956163,0.912980,0.872958,1.0621,-0.4765,1.2894,0.000,-9.259,157.894,0,0,568,209,115,111
1778699338.498394,0,0.993773,0.998983,0.992762,1.0108,0.0073,1.2201,0.000,0.823,-172.499,0,0,291,246,106,120
1778699338.498394,1,0.950542,0.912980,0.867826,1.0621,-0.4765,1.2894,0.000,-10.395,157.259,0,0,568,209,115,111
1778699338.665254,0,0.993879,0.998983,0.992869,1.0108,0.0073,1.2201,0.000,1.028,-172.419,0,0,291,246,106,120
1778699338.665254,89,0.959259,0.912447,0.875273,1.0623,-0.4782,1.2877,0.000,-8.849,155.063,0,0,569,210,115,110
1778699338.665254,88,0.974480,0.892135,0.869368,0.9670,0.4143,1.3563,-0.000,-0.255,-149.252,0,0,36,159,73,129
1778699338.665254,0,0.993619,0.998983,0.992609,1.0108,0.0073,1.2201,-0.000,1.165,-172.166,0,0,290,246,105,120
1778699338.665254,89,0.961766,0.912447,0.877561,1.0623,-0.4782,1.2877,0.000,-8.299,156.994,0,0,568,209,115,110
1778699338.665254,88,0.975564,0.892135,0.870335,0.9670,0.4143,1.3563,0.000,-0.376,-150.690,0,0,37,159,74,129
1778699338.832093,0,0.994040,0.998983,0.993030,1.0108,0.0073,1.2201,-0.000,1.115,-172.461,0,0,291,246,106,120
1778699338.832093,89,0.961074,0.912324,0.876811,1.0619,-0.4782,1.2912,-0.000,-8.198,157.629,0,0,569,208,114,113
1778699338.832093,88,0.975204,0.892135,0.870013,0.9670,0.4143,1.3563,0.000,-0.211,-149.716,0,0,36,159,73,128
1778699338.832093,0,0.993834,0.998983,0.992823,1.0108,0.0073,1.2201,-0.000,1.115,-172.461,0,0,291,246,105,120
1778699338.832093,89,0.956570,0.912324,0.872701,1.0619,-0.4782,1.2912,-0.000,-8.198,157.629,0,0,569,208,115,111
1778699338.832093,88,0.972783,0.892743,0.868444,0.9670,0.4143,1.3563,0.000,-0.211,-149.716,0,0,37,159,74,129
1778699338.965562,0,0.994433,0.998983,0.993421,1.0138,0.0074,1.2204,0.000,1.444,-172.496,0,0,291,246,105,120
1778699338.965562,89,0.958102,0.912324,0.874100,1.0619,-0.4782,1.2912,0.000,-8.899,156.438,0,0,569,208,114,111
1778699338.965562,88,0.981330,0.892135,0.875479,0.9670,0.4143,1.3563,0.000,0.935,-154.380,0,0,36,159,73,129
1778699338.965562,0,0.993932,0.998983,0.992921,1.0138,0.0074,1.2204,-0.000,1.216,-172.325,0,0,291,246,105,120
1778699338.965562,89,0.966374,0.912324,0.881645,1.0619,-0.4782,1.2912,0.000,-7.164,156.166,0,0,569,208,115,114
1778699338.965562,88,0.972450,0.892135,0.867557,0.9670,0.4143,1.3563,-0.000,-1.208,-150.811,0,0,37,159,74,130
1778699339.065669,0,0.994195,0.998983,0.993184,1.0138,0.0074,1.2204,-0.000,1.375,-172.388,0,0,291,247,105,118
1778699339.065669,89,0.965797,0.912324,0.881119,1.0649,-0.4796,1.2916,-0.000,-7.296,155.947,0,0,569,207,114,117
1778699339.065669,88,0.975668,0.892743,0.871020,0.9670,0.4127,1.3563,0.000,0.233,-148.923,0,0,37,159,74,129
1778699339.199146,0,0.993960,0.998950,0.992916,1.0139,0.0074,1.2187,-0.000,1.191,-172.296,0,0,291,247,105,118
1778699339.199146,89,0.966273,0.912258,0.881490,1.0647,-0.4796,1.2934,-0.000,-7.095,156.150,0,0,569,207,113,117
1778699339.199146,88,0.979311,0.893180,0.874702,0.9688,0.4120,1.3583,-0.000,0.427,-153.947,0,0,38,158,76,129
1778699339.199146,0,0.994265,0.998950,0.993221,1.0139,0.0074,1.2187,0.000,1.007,-172.613,0,0,291,247,105,118
1778699339.199146,89,0.965349,0.912258,0.880648,1.0647,-0.4796,1.2934,-0.000,-7.242,157.116,0,0,569,208,114,114
1778699339.199146,0,0.993835,0.998950,0.992791,1.0139,0.0074,1.2187,0.000,1.007,-172.613,0,0,291,247,105,117
1778699339.199146,90,0.962610,0.912324,0.878212,1.0647,-0.4796,1.2934,-0.000,-7.242,157.116,0,0,569,207,114,117
1778699339.332623,0,0.994146,0.998950,0.993102,1.0139,0.0074,1.2187,-0.000,1.313,-172.335,0,0,291,247,105,117
1778699339.332623,1,0.964723,0.912258,0.880077,1.0647,-0.4796,1.2934,0.000,-7.413,156.673,0,0,569,208,113,115
1778699339.466052,0,0.993813,0.999020,0.992839,1.0139,0.0058,1.2187,-0.000,1.350,-172.210,0,0,292,247,104,117
1778699339.466052,91,0.964226,0.912387,0.879747,1.0621,-0.4782,1.2894,0.000,-7.718,156.419,0,0,569,209,114,114
1778699339.466052,88,0.974425,0.892743,0.869911,0.9670,0.4127,1.3563,-0.000,-0.565,-150.342,0,0,37,159,75,128
1778699339.466052,0,0.993251,0.999020,0.992277,1.0139,0.0058,1.2187,-0.000,1.350,-172.210,0,0,292,247,104,117
1778699339.466052,91,0.963421,0.912324,0.878951,1.0621,-0.4782,1.2894,0.000,-7.718,156.419,0,0,569,208,113,114
1778699339.466052,88,0.974545,0.892743,0.870018,0.9670,0.4127,1.3563,-0.000,-0.565,-150.342,0,0,37,159,75,126
1778699339.532791,0,0.992431,0.998983,0.991422,1.0109,0.0057,1.2185,-0.000,1.337,-171.891,0,0,292,248,104,115
1778699339.532791,91,0.965532,0.912258,0.880814,1.0619,-0.4782,1.2912,0.000,-7.758,157.066,0,0,569,207,114,117
1778699339.532791,88,0.974891,0.892743,0.870327,0.9670,0.4127,1.3563,-0.000,-0.686,-151.000,0,0,37,159,75,128
1778699339.599532,0,0.993253,0.998983,0.992243,1.0111,0.0057,1.2168,0.000,1.332,-171.842,0,0,292,247,105,117
1778699339.599532,91,0.963584,0.912258,0.879038,1.0647,-0.4796,1.2934,0.000,-7.667,154.945,0,0,569,206,113,118
1778699339.599532,88,0.970945,0.892743,0.866804,0.9670,0.4127,1.3563,0.000,-1.061,-149.016,0,0,37,158,75,129
1778699339.766376,0,0.993254,0.999020,0.992280,1.0109,0.0057,1.2185,0.000,1.735,-171.689,0,0,292,248,105,115
1778699339.766376,91,0.966733,0.912191,0.881844,1.0646,-0.4796,1.2951,0.000,-6.906,155.573,0,0,569,206,113,120
1778699339.766376,88,0.973271,0.892574,0.868717,0.9639,0.4112,1.3571,0.000,-0.480,-149.330,0,0,37,158,74,129
1778699339.766376,0,0.994338,0.998983,0.993327,1.0111,0.0057,1.2168,0.000,1.316,-172.494,0,0,292,248,105,117
1778699339.766376,91,0.965247,0.912191,0.880489,1.0646,-0.4796,1.2951,0.000,-7.236,155.723,0,0,569,206,113,117
1778699339.766376,88,0.971987,0.892574,0.867571,0.9639,0.4112,1.3571,0.000,-1.000,-149.946,0,0,37,159,75,128
1778699339.766376,0,0.993974,0.999051,0.993030,1.0111,0.0057,1.2168,0.000,1.316,-172.494,0,0,293,248,104,115
1778699339.766376,91,0.965010,0.912191,0.880273,1.0646,-0.4796,1.2951,0.000,-7.236,155.723,0,0,569,206,114,118
1778699339.766376,88,0.972353,0.892574,0.867897,0.9639,0.4112,1.3571,0.000,-1.000,-149.946,0,0,37,158,75,129
1778699339.933225,0,0.993525,0.999051,0.992582,1.0111,0.0040,1.2168,0.000,1.349,-172.087,0,0,293,248,105,115
1778699339.933225,91,0.963036,0.912191,0.878472,1.0646,-0.4796,1.2951,0.000,-7.713,155.816,0,0,569,206,113,117
1778699339.933225,88,0.972306,0.892574,0.867856,0.9668,0.4127,1.3578,0.000,-0.383,-148.390,0,0,37,159,74,128
1778699340.033285,0,0.992151,0.999051,0.991209,1.0111,0.0040,1.2168,-0.000,1.069,-171.489,0,0,293,247,105,117
1778699340.033285,91,0.963796,0.912191,0.879166,1.0646,-0.4796,1.2951,-0.000,-7.550,155.862,0,0,569,206,114,118
1778699340.033285,88,0.969918,0.892743,0.865887,0.9690,0.4136,1.3567,0.000,-0.794,-147.699,0,0,37,158,74,129
1778699340.166762,0,0.993572,0.999087,0.992666,1.0109,0.0040,1.2185,0.000,1.420,-172.130,0,0,293,248,105,117
1778699340.166762,91,0.966127,0.912191,0.881292,1.0646,-0.4796,1.2951,-0.000,-7.042,155.715,0,0,569,206,113,117
1778699340.166762,88,0.969685,0.892574,0.865516,0.9688,0.4136,1.3583,-0.000,-1.139,-148.596,0,0,37,158,74,129
1778699340.166762,0,0.992825,0.999051,0.991883,1.0109,0.0040,1.2185,0.000,1.420,-172.130,0,0,293,248,105,115
1778699340.166762,91,0.962632,0.912191,0.878104,1.0646,-0.4796,1.2951,-0.000,-7.042,155.715,0,0,569,206,113,118
1778699340.166762,88,0.973479,0.892574,0.868902,0.9688,0.4136,1.3583,-0.000,-1.139,-148.596,0,0,37,158,74,129
1778699340.300234,0,0.992300,0.999051,0.991358,1.0141,0.0041,1.2170,0.000,1.041,-171.582,0,0,293,248,105,115
1778699340.300234,91,0.965623,0.912191,0.880832,1.0646,-0.4796,1.2951,0.000,-7.149,155.367,0,0,569,206,113,118
1778699340.300234,88,0.973134,0.892574,0.868594,0.9688,0.4136,1.3583,-0.000,-0.691,-149.891,0,0,37,158,74,129
1778699340.300234,0,0.991896,0.999051,0.990954,1.0141,0.0041,1.2170,0.000,1.123,-171.329,0,0,293,248,105,117
1778699340.300234,91,0.965536,0.912191,0.880753,1.0646,-0.4796,1.2951,0.000,-7.172,155.577,0,0,569,206,113,117
1778699340.300234,88,0.974870,0.892574,0.870144,0.9688,0.4136,1.3583,0.000,-0.364,-150.357,0,0,37,159,74,128
1778699340.467086,0,0.993551,0.999051,0.992608,1.0141,0.0041,1.2170,-0.000,1.418,-172.065,0,0,294,248,104,117
1778699340.467086,91,0.961559,0.912191,0.877125,1.0646,-0.4796,1.2951,0.000,-8.013,155.122,0,0,569,206,114,117
1778699340.467086,88,0.972496,0.892743,0.868188,0.9690,0.4136,1.3567,-0.000,-0.707,-149.145,0,0,37,159,75,128
1778699340.533826,0,0.991776,0.999115,0.990899,1.0111,0.0023,1.2168,0.000,0.888,-171.495,0,0,294,248,104,117
1778699340.533826,91,0.961326,0.912258,0.876978,1.0647,-0.4796,1.2934,-0.000,-8.123,154.582,0,0,569,207,115,118
1778699340.533826,88,0.969717,0.892743,0.865707,0.9690,0.4136,1.3567,0.000,-1.610,-149.798,0,0,37,159,74,129
1778699340.600565,0,0.993033,0.999051,0.992091,1.0111,0.0040,1.2168,-0.000,1.322,-171.826,0,0,293,248,105,117
1778699340.600565,91,0.958586,0.912191,0.874414,1.0646,-0.4796,1.2951,0.000,-8.620,155.081,0,0,569,206,113,117
1778699340.600565,88,0.974107,0.892743,0.869626,0.9690,0.4136,1.3567,0.000,-0.768,-150.849,0,0,37,159,75,128
1778699340.600565,0,0.992641,0.999051,0.991699,1.0111,0.0040,1.2168,-0.000,1.322,-171.826,0,0,294,248,104,117
1778699340.600565,91,0.961833,0.912191,0.877375,1.0646,-0.4796,1.2951,0.000,-8.620,155.081,0,0,569,206,113,117
1778699340.600565,88,0.976570,0.892743,0.871825,0.9690,0.4136,1.3567,0.000,-0.768,-150.849,0,0,37,160,74,126
1778699340.600565,0,0.992881,0.999051,0.991939,1.0111,0.0040,1.2168,0.000,1.339,-171.605,0,0,293,248,105,117
1778699340.600565,91,0.964431,0.912191,0.879745,1.0646,-0.4796,1.2951,0.000,-7.942,154.836,0,0,569,206,113,117
1778699340.600565,88,0.969113,0.892743,0.865168,0.9690,0.4136,1.3567,0.000,-0.049,-150.580,0,0,37,159,75,128
1778699340.767411,0,0.991702,0.999051,0.990761,1.0141,0.0041,1.2170,-0.000,1.516,-171.646,0,0,293,248,105,117
1778699340.767411,91,0.964738,0.912191,0.880025,1.0646,-0.4796,1.2951,0.000,-7.414,155.753,0,0,569,206,113,117
1778699340.767411,88,0.975771,0.892743,0.871113,0.9690,0.4136,1.3567,-0.000,-1.734,-149.716,0,0,37,159,75,128
1778699340.900918,0,0.991553,0.999051,0.990612,1.0111,0.0040,1.2168,0.000,1.014,-171.213,0,0,293,248,105,115
1778699340.900918,91,0.963804,0.912191,0.879173,1.0646,-0.4796,1.2951,0.000,-7.548,155.548,0,0,569,206,113,118
1778699340.900918,88,0.977407,0.893180,0.873000,0.9668,0.4111,1.3578,0.000,0.000,-152.116,0,0,38,158,76,129
1778699340.900918,0,0.992071,0.999051,0.991129,1.0111,0.0040,1.2168,-0.000,1.275,-171.342,0,0,293,248,105,117
1778699340.900918,91,0.961910,0.912191,0.877445,1.0646,-0.4796,1.2951,-0.000,-7.919,154.731,0,0,570,206,114,117
1778699340.900918,88,0.969541,0.893180,0.865975,0.9668,0.4111,1.3578,-0.000,-1.595,-150.019,0,0,37,160,75,125
1778699340.900918,0,0.991078,0.999051,0.990137,1.0111,0.0040,1.2168,-0.000,1.275,-171.342,0,0,294,248,104,117
1778699340.900918,91,0.962745,0.911596,0.877635,1.0646,-0.4796,1.2951,-0.000,-7.919,154.731,0,0,569,206,114,117
1778699340.900918,88,0.971068,0.892909,0.867075,0.9668,0.4111,1.3578,-0.000,-1.595,-150.019,0,0,37,160,75,126
1778699341.067764,0,0.991583,0.999115,0.990705,1.0141,0.0025,1.2170,0.000,1.132,-171.269,0,0,293,248,105,117
1778699341.067764,91,0.961412,0.912191,0.876991,1.0646,-0.4796,1.2951,0.000,-8.035,154.933,0,0,569,206,113,117
1778699341.067764,88,0.973937,0.892909,0.869637,0.9691,0.4136,1.3551,0.000,-0.688,-149.999,0,0,38,160,76,125
1778699341.201213,0,0.991320,0.999051,0.990378,1.0111,0.0040,1.2168,0.000,0.900,-171.158,0,0,293,248,105,117
1778699341.201213,91,0.959631,0.912258,0.875432,1.0647,-0.4796,1.2934,0.000,-8.484,154.760,0,0,569,207,114,117
1778699341.201213,88,0.975359,0.893516,0.871499,0.9691,0.4120,1.3551,0.000,-0.428,-150.548,0,0,38,160,76,124
1778699341.267951,0,0.991567,0.999115,0.990689,1.0111,0.0023,1.2168,-0.000,1.378,-171.143,0,0,294,248,104,117
1778699341.267951,91,0.962952,0.912324,0.878523,1.0619,-0.4782,1.2912,-0.000,-7.866,154.507,0,0,569,208,114,115
1778699341.267951,88,0.975357,0.893516,0.871497,0.9691,0.4120,1.3551,0.000,-0.396,-150.420,0,0,38,160,76,124
1778699341.267951,0,0.991568,0.999115,0.990690,1.0111,0.0023,1.2168,-0.000,0.973,-171.343,0,0,294,248,104,117
1778699341.267951,91,0.965570,0.912324,0.880912,1.0619,-0.4782,1.2912,-0.000,-7.198,153.615,0,0,568,208,115,117
1778699341.267951,88,0.975981,0.893516,0.872055,0.9691,0.4120,1.3551,-0.000,-0.382,-151.065,0,0,38,161,76,124
1778699341.368060,0,0.991805,0.999115,0.990927,1.0111,0.0023,1.2168,0.000,1.632,-171.148,0,0,294,248,104,117
1778699341.368060,91,0.968210,0.912917,0.883895,1.0649,-0.4778,1.2916,0.000,-6.645,154.086,0,0,568,208,115,115
1778699341.368060,88,0.973987,0.893680,0.870433,0.9722,0.4135,1.3542,0.000,-0.657,-149.756,0,0,38,160,76,125
1778699341.368060,0,0.991067,0.999051,0.990126,1.0111,0.0023,1.2168,0.000,1.632,-171.148,0,0,293,248,105,117
1778699341.368060,91,0.953315,0.912917,0.870298,1.0649,-0.4778,1.2916,0.000,-6.645,154.086,0,0,568,208,114,113
1778699341.368060,88,0.972506,0.893516,0.868949,0.9722,0.4135,1.3542,0.000,-0.657,-149.756,0,0,38,160,76,124
1778699341.601643,0,0.991388,0.999051,0.990447,1.0111,0.0040,1.2168,0.000,1.190,-171.044,0,0,293,248,105,117
1778699341.601643,91,0.964043,0.912980,0.880152,1.0651,-0.4778,1.2899,0.000,-7.662,154.032,0,0,568,209,115,115
1778699341.601643,88,0.973762,0.893349,0.869909,0.9670,0.4111,1.3563,-0.000,-0.599,-149.946,0,0,38,159,76,125
1778699341.601643,0,0.991479,0.999051,0.990537,1.0111,0.0040,1.2168,0.000,1.428,-170.977,0,0,293,248,105,117
1778699341.601643,91,0.955275,0.912980,0.872148,1.0651,-0.4778,1.2899,0.000,-9.468,154.083,0,0,568,208,116,117
1778699341.601643,88,0.974788,0.893349,0.870826,0.9670,0.4111,1.3563,-0.000,-0.631,-151.164,0,0,37,160,75,126
1778699341.701737,0,0.990360,0.999051,0.989420,1.0111,0.0040,1.2168,-0.000,1.024,-170.639,0,0,294,248,104,117
1778699341.701737,91,0.957779,0.912917,0.874373,1.0649,-0.4778,1.2916,0.000,-8.897,154.235,0,0,568,209,117,115
1778699341.701737,88,0.969553,0.892909,0.865722,0.9691,0.4136,1.3551,0.000,-1.499,-149.022,0,0,38,160,76,126
1778699341.835203,0,0.991211,0.999115,0.990333,1.0111,0.0023,1.2168,0.000,0.995,-171.155,0,0,294,248,104,117
1778699341.835203,91,0.951319,0.912324,0.867911,1.0619,-0.4782,1.2912,-0.000,-10.136,153.994,0,0,569,208,116,113
1778699341.835203,88,0.973929,0.893516,0.870220,0.9691,0.4120,1.3551,0.000,-0.554,-149.658,0,0,38,160,76,126
1778699341.901942,0,0.991677,0.999152,0.990836,1.0079,0.0022,1.2182,0.000,1.286,-171.288,0,0,294,247,105,117
1778699341.901942,91,0.960396,0.912980,0.876823,1.0651,-0.4778,1.2899,0.000,-8.529,155.386,0,0,568,209,114,114
1778699341.901942,88,0.971117,0.893516,0.867708,0.9691,0.4120,1.3551,0.000,-1.250,-149.563,0,0,38,160,76,125
1778699342.002049,0,0.992141,0.999152,0.991300,1.0079,0.0022,1.2182,-0.000,1.318,-171.506,0,0,294,248,105,118
1778699342.002049,91,0.960820,0.912980,0.877210,1.0651,-0.4778,1.2899,0.000,-8.439,155.322,0,0,568,210,115,110
1778699342.002049,88,0.975985,0.892909,0.871466,0.9672,0.4127,1.3547,0.000,-0.459,-151.334,0,0,37,160,75,125
1778699342.068824,0,0.991100,0.999115,0.990223,1.0081,0.0022,1.2166,0.000,1.200,-171.001,0,0,294,248,105,117
1778699342.068824,91,0.961794,0.913041,0.878157,1.0653,-0.4778,1.2881,0.000,-8.322,155.168,0,0,568,210,113,111
1778699342.068824,88,0.977184,0.892909,0.872536,0.9672,0.4127,1.3547,0.000,-0.065,-150.995,0,0,37,160,75,124
1778699342.135536,0,0.990855,0.999115,0.989978,1.0061,0.0022,1.2164,0.000,1.375,-170.807,0,0,294,248,105,117
1778699342.135536,91,0.949200,0.912387,0.866038,1.0621,-0.4782,1.2894,0.000,-10.697,155.332,0,0,569,209,114,113
1778699342.135536,88,0.975975,0.892909,0.871457,0.9672,0.4127,1.3547,0.000,-0.340,-150.753,0,0,37,160,75,125
1778699342.202301,0,0.991374,0.999176,0.990557,1.0081,0.0006,1.2166,-0.000,1.270,-171.200,0,0,295,248,106,117
1778699342.202301,91,0.963975,0.912980,0.880090,1.0621,-0.4765,1.2894,0.000,-7.782,155.815,0,0,568,209,113,113
1778699342.202301,88,0.970440,0.893516,0.867103,0.9691,0.4120,1.3551,0.000,-1.458,-149.691,0,0,38,160,76,126
1778699342.202301,0,0.990608,0.999176,0.989792,1.0081,0.0006,1.2166,-0.000,1.270,-171.200,0,0,295,248,105,117
1778699342.202301,91,0.962700,0.912980,0.878926,1.0621,-0.4765,1.2894,0.000,-7.782,155.815,0,0,568,208,114,113
1778699342.202301,88,0.972385,0.893516,0.868841,0.9691,0.4120,1.3551,0.000,-1.458,-149.691,0,0,38,160,76,126
1778699342.202301,0,0.991983,0.999176,0.991166,1.0081,0.0006,1.2166,0.000,1.753,-170.643,0,0,295,248,105,117
1778699342.202301,91,0.959915,0.912324,0.875753,1.0621,-0.4765,1.2894,0.000,-8.049,155.421,0,0,569,208,114,113
1778699342.202301,88,0.969743,0.893516,0.866481,0.9691,0.4120,1.3551,0.000,-1.093,-150.125,0,0,38,160,77,126
1778699342.435832,0,0.991686,0.999176,0.990869,1.0111,0.0007,1.2168,0.000,1.850,-171.104,0,0,295,248,105,117
1778699342.435832,91,0.965359,0.912917,0.881292,1.0649,-0.4778,1.2916,0.000,-7.384,155.431,0,0,568,208,113,114
1778699342.435832,88,0.972927,0.893349,0.869163,0.9690,0.4120,1.3567,-0.000,-0.839,-150.025,0,0,38,159,76,129
1778699342.535964,0,0.989935,0.999176,0.989120,1.0111,0.0007,1.2168,0.000,2.131,-170.224,0,0,295,249,105,117
1778699342.535964,91,0.964966,0.912917,0.880934,1.0649,-0.4778,1.2916,0.000,-7.444,154.852,0,0,568,208,115,115
1778699342.535964,88,0.978160,0.892909,0.873408,0.9691,0.4136,1.3551,0.000,0.045,-151.877,0,0,37,160,75,126
1778699342.602703,0,0.989348,0.999176,0.988534,1.0141,0.0008,1.2170,0.000,1.221,-170.304,0,0,295,248,105,117
1778699342.602703,91,0.966727,0.912258,0.881905,1.0618,-0.4782,1.2929,0.000,-6.942,154.431,0,0,569,207,114,117
1778699342.602703,88,0.979215,0.892909,0.874350,0.9691,0.4136,1.3551,-0.000,0.629,-150.516,0,0,37,160,75,128
1778699342.669397,0,0.988664,0.999176,0.987849,1.0141,0.0008,1.2170,-0.000,1.628,-169.863,0,0,295,248,105,117
1778699342.669397,91,0.966954,0.912917,0.882749,1.0649,-0.4778,1.2916,0.000,-6.815,153.281,0,0,568,208,115,113
1778699342.669397,88,0.974030,0.893180,0.869984,0.9688,0.4120,1.3583,-0.000,-0.510,-150.187,0,0,38,158,77,129
1778699342.669397,0,0.990566,0.999176,0.989750,1.0141,0.0008,1.2170,-0.000,1.628,-169.863,0,0,296,249,105,117
1778699342.669397,91,0.965263,0.912917,0.881205,1.0649,-0.4778,1.2916,0.000,-6.815,153.281,0,0,568,208,115,115
1778699342.669397,88,0.979243,0.893180,0.874641,0.9688,0.4120,1.3583,-0.000,-0.510,-150.187,0,0,37,160,75,128
1778699342.836232,0,0.990003,0.999195,0.989206,1.0142,-0.0009,1.2154,0.000,1.492,-170.539,0,0,297,248,106,120
1778699342.836232,91,0.966140,0.912917,0.882006,1.0649,-0.4778,1.2916,0.000,-7.126,154.178,0,0,568,208,115,115
1778699342.836232,88,0.978283,0.892743,0.873355,0.9788,0.4185,1.3590,0.000,0.273,-151.266,0,0,37,159,75,128
1778699342.902970,0,0.989088,0.999290,0.988385,1.0141,-0.0025,1.2170,-0.000,1.460,-170.299,0,0,297,248,106,120
1778699342.902970,91,0.958546,0.912324,0.874504,1.0649,-0.4796,1.2916,-0.000,-8.753,154.202,0,0,569,208,114,113
1778699342.902970,88,0.974631,0.892574,0.869931,0.9364,0.3976,1.3506,-0.000,-0.361,-150.110,0,0,37,158,75,129
1778699342.969720,0,0.988115,0.999327,0.987450,1.0159,-0.0025,1.2189,0.000,1.247,-170.024,0,0,297,247,105,121
1778699342.969720,91,0.966679,0.912917,0.882498,1.0649,-0.4778,1.2916,0.000,-7.060,154.790,0,0,568,208,115,114
1778699342.969720,88,0.971707,0.893180,0.867910,0.9295,0.3926,1.3489,0.000,-0.489,-148.368,0,0,38,158,77,129
1778699343.036458,0,0.990257,0.999379,0.989642,1.0159,-0.0041,1.2189,0.000,1.727,-170.837,0,0,298,247,106,121
1778699343.036458,91,0.966971,0.912917,0.882765,1.0649,-0.4778,1.2916,0.000,-6.881,153.720,0,0,568,208,115,114
1778699343.036458,88,0.979814,0.893349,0.875316,0.9346,0.3951,1.3486,0.000,0.792,-151.027,0,0,38,159,77,129
1778699343.036458,0,0.990852,0.999428,0.990286,1.0159,-0.0041,1.2189,0.000,1.727,-170.837,0,0,299,247,105,120
1778699343.036458,1,0.965615,0.912917,0.881527,1.0649,-0.4778,1.2916,0.000,-6.881,153.720,0,0,568,208,115,115
1778699343.169934,0,0.990769,0.999428,0.990202,1.0139,-0.0058,1.2187,0.000,1.140,-171.425,0,0,299,247,105,120
1778699343.169934,91,0.964707,0.912387,0.880186,1.0651,-0.4796,1.2899,0.000,-7.521,153.939,0,0,569,209,116,113
1778699343.169934,88,0.981145,0.893614,0.876765,0.9667,0.4095,1.3594,0.000,1.825,-149.679,0,0,39,157,78,135
1778699343.169934,0,0.990732,0.999428,0.990165,1.0139,-0.0058,1.2187,0.000,1.670,-171.172,0,0,299,247,105,120
1778699343.169934,91,0.962381,0.912387,0.878063,1.0651,-0.4796,1.2899,-0.000,-8.095,154.749,0,0,568,208,114,114
1778699343.169934,88,0.977999,0.893614,0.873954,0.9667,0.4095,1.3594,0.000,0.505,-150.893,0,0,39,158,79,133
1778699343.270015,0,0.990361,0.999428,0.989795,1.0139,-0.0058,1.2187,0.000,1.300,-171.161,0,0,300,247,105,120
1778699343.270015,91,0.952549,0.912917,0.869598,1.0679,-0.4791,1.2921,0.000,-9.983,155.547,0,0,568,207,114,113
1778699343.270015,88,0.959292,0.893786,0.857401,0.9688,0.4104,1.3583,0.000,-0.449,-143.164,0,0,39,160,79,129
1778699343.270015,0,0.991752,0.999517,0.991273,1.0139,-0.0058,1.2187,0.000,1.300,-171.161,0,0,301,247,106,120
1778699343.270015,91,0.964968,0.912852,0.880873,1.0679,-0.4791,1.2921,0.000,-9.983,155.547,0,0,568,207,113,114
1778699343.270015,88,0.923045,0.894559,0.825718,0.9688,0.4104,1.3583,0.000,-0.449,-143.164,0,0,40,159,80,129
1778699343.403507,0,0.990943,0.999517,0.990465,1.0139,-0.0092,1.2187,-0.000,1.491,-171.545,0,0,301,247,105,120
1778699343.403507,91,0.956766,0.912852,0.873385,1.0647,-0.4778,1.2934,0.000,-9.035,154.561,0,0,569,206,114,114
1778699343.403507,88,0.932813,0.894559,0.834457,0.9366,0.3929,1.3490,0.000,-0.775,-136.964,0,0,39,159,79,130
1778699343.403507,0,0.990155,0.999517,0.989677,1.0139,-0.0092,1.2187,-0.000,1.491,-171.545,0,0,301,247,105,120
1778699343.403507,91,0.967085,0.912191,0.882166,1.0647,-0.4778,1.2934,0.000,-9.035,154.561,0,0,568,206,113,114
1778699343.403507,88,0.906185,0.893955,0.810088,0.9366,0.3929,1.3490,0.000,-0.775,-136.964,0,0,39,159,78,124
1778699343.637092,0,0.989778,0.999517,0.989300,1.0139,-0.0092,1.2187,-0.000,1.286,-171.109,0,0,301,246,105,117
1778699343.637092,91,0.963402,0.912191,0.878806,1.0616,-0.4782,1.2947,0.000,-7.635,155.855,0,0,569,206,114,115
1778699343.637092,88,0.910288,0.893786,0.813602,0.9364,0.3945,1.3506,0.000,-3.465,-134.827,0,0,39,158,79,121
1778699343.703831,0,0.989731,0.999627,0.989362,1.0108,-0.0125,1.2201,0.000,1.068,-171.436,0,0,303,246,104,117
1778699343.703831,91,0.951488,0.911068,0.866870,1.0588,-0.4804,1.2925,0.000,-8.678,162.610,0,0,571,207,114,115
1778699343.703831,88,0.888214,0.894218,0.794258,0.9412,0.3954,1.3533,0.000,-4.336,-131.964,0,0,40,157,80,121
1778699343.770570,0,0.990194,0.999627,0.989826,1.0108,-0.0125,1.2201,0.000,1.000,-171.680,0,0,303,246,104,117
1778699343.770570,91,0.954917,0.911068,0.869995,1.0588,-0.4804,1.2925,0.000,-6.856,164.711,0,0,571,207,113,115
1778699343.770570,88,0.889958,0.894218,0.795817,0.9431,0.3963,1.3538,-0.000,-4.119,-132.073,0,0,40,157,80,121
1778699343.770570,0,0.990097,0.999627,0.989729,1.0108,-0.0125,1.2201,0.000,0.959,-171.656,0,0,303,247,104,117
1778699343.770570,91,0.939567,0.911068,0.856009,1.0588,-0.4804,1.2925,0.000,-6.469,169.640,0,0,572,207,114,117
1778699343.770570,88,0.879725,0.894218,0.786666,0.9431,0.3963,1.3538,0.000,-4.801,-131.007,0,0,40,156,80,121
1778699343.870692,0,0.991746,0.999594,0.991343,1.0079,-0.0126,1.2182,-0.000,0.729,-172.537,0,0,303,246,104,117
1778699343.870692,91,0.889848,0.910471,0.810181,1.0558,-0.4808,1.2920,0.000,-7.374,178.057,0,0,573,208,114,115
1778699343.870692,88,0.889874,0.894045,0.795587,0.9449,0.3973,1.3558,0.000,-4.611,-132.508,0,0,40,156,80,121
1778699343.870692,0,0.989264,0.999591,0.988859,1.0079,-0.0126,1.2182,-0.000,0.729,-172.537,0,0,302,246,105,118
1778699343.870692,91,0.809722,0.909401,0.736362,1.0558,-0.4808,1.2920,0.000,-7.374,178.057,0,0,574,209,113,120
1778699343.870692,88,0.888292,0.894390,0.794480,0.9449,0.3973,1.3558,0.000,-4.611,-132.508,0,0,40,158,80,120
1778699344.070871,0,0.988517,0.999591,0.988112,1.0028,-0.0111,1.2195,0.000,-0.362,-171.634,0,0,302,246,105,118
1778699344.070871,91,0.801452,0.909401,0.728841,1.0532,-0.4829,1.2881,-0.000,-2.157,-169.181,0,0,574,209,113,121
1778699344.070871,88,0.893599,0.894559,0.799377,0.9366,0.3929,1.3490,0.000,-2.154,-131.150,0,0,40,159,80,118
1778699344.070871,0,0.985749,0.999591,0.985345,1.0028,-0.0111,1.2195,0.000,-1.821,-171.531,0,0,302,245,105,118
1778699344.070871,91,0.806913,0.909401,0.733807,1.0532,-0.4829,1.2881,0.000,-2.412,-169.803,0,0,576,209,110,117
1778699344.070871,88,0.876005,0.894559,0.783638,0.9366,0.3929,1.3490,0.000,-2.654,-128.910,0,0,40,159,80,118
1778699344.170979,0,0.985743,0.999621,0.985370,1.0056,-0.0110,1.2213,0.000,-0.674,-170.709,0,0,300,242,104,118
1778699344.170979,91,0.794508,0.908199,0.721571,1.0502,-0.4850,1.2877,0.000,-2.965,-168.893,0,0,577,214,108,114
1778699344.170979,88,0.893108,0.894559,0.798938,0.9366,0.3929,1.3490,0.000,-3.866,-132.260,0,0,40,160,81,117
1778699344.304453,0,0.982918,0.999584,0.982509,1.0020,-0.0061,1.2276,0.000,-2.009,-170.608,0,0,299,241,105,120
1778699344.304453,91,0.778937,0.907872,0.707176,1.0461,-0.4844,1.2784,-0.000,-1.717,-167.011,0,0,577,214,110,114
1778699344.304453,88,0.884517,0.894727,0.791401,0.9367,0.3929,1.3475,0.000,-3.071,-130.337,0,0,40,160,81,118
1778699344.304453,0,0.982597,0.999584,0.982189,1.0020,-0.0061,1.2276,0.000,-2.206,-170.656,0,0,299,240,105,121
1778699344.304453,91,0.790325,0.907872,0.717514,1.0461,-0.4844,1.2784,0.000,-3.759,-168.657,0,0,577,213,110,115
1778699344.304453,88,0.893678,0.894727,0.799597,0.9367,0.3929,1.3475,-0.000,-3.111,-131.748,0,0,41,160,82,118
1778699344.304453,0,0.984882,0.999535,0.984425,1.0020,-0.0061,1.2276,0.000,-2.206,-170.656,0,0,298,241,105,118
1778699344.304453,91,0.814269,0.907872,0.739253,1.0461,-0.4844,1.2784,0.000,-3.759,-168.657,0,0,577,214,110,113
1778699344.304453,88,0.895662,0.895163,0.801764,0.9367,0.3929,1.3475,-0.000,-3.111,-131.748,0,0,41,159,83,120
1778699344.538003,0,0.982251,0.999551,0.981810,0.9968,-0.0046,1.2288,0.000,-2.337,-170.631,0,0,298,240,104,118
1778699344.538003,91,0.810902,0.908425,0.736644,1.0489,-0.4841,1.2805,0.000,-3.520,-170.595,0,0,576,213,110,113
1778699344.538003,88,0.891855,0.895496,0.798652,0.9330,0.3895,1.3450,0.000,-4.325,-132.374,0,0,41,161,83,118
1778699344.538003,0,0.984660,0.999551,0.984218,0.9968,-0.0046,1.2288,0.000,-1.752,-171.125,0,0,298,240,104,120
1778699344.538003,91,0.810962,0.908425,0.736698,1.0489,-0.4841,1.2805,-0.000,-4.611,-170.963,0,0,575,214,112,114
1778699344.538003,88,0.893510,0.895496,0.800135,0.9330,0.3895,1.3450,0.000,-3.979,-132.377,0,0,42,160,84,120
1778699344.704852,0,0.984922,0.999551,0.984480,0.9998,-0.0046,1.2291,0.000,-1.959,-171.457,0,0,298,240,104,120
1778699344.704852,91,0.797322,0.908425,0.724307,1.0489,-0.4841,1.2805,0.000,-3.177,-169.119,0,0,576,213,110,113
1778699344.704852,88,0.882807,0.895330,0.790404,0.9348,0.3904,1.3470,0.000,-3.924,-130.747,0,0,41,160,82,118
1778699344.804957,0,0.985985,0.999551,0.985541,0.9998,-0.0046,1.2291,-0.000,-4.049,-175.950,0,0,297,243,106,118
1778699344.804957,91,0.809222,0.908425,0.735118,1.0489,-0.4841,1.2805,0.000,-0.410,-169.577,0,0,576,213,110,114
1778699344.804957,88,0.882904,0.895330,0.790490,0.9348,0.3904,1.3470,0.000,-3.464,-130.448,0,0,41,160,82,118
1778699344.871696,0,0.986631,0.999428,0.986067,0.9970,-0.0014,1.2272,0.000,-3.280,177.756,0,0,296,241,105,120
1778699344.871696,91,0.822183,0.910228,0.748373,1.0509,-0.4798,1.2808,0.000,1.299,-170.279,0,0,573,213,112,115
1778699344.871696,88,0.883881,0.895330,0.791366,0.9348,0.3904,1.3470,0.000,-3.143,-130.379,0,0,41,160,83,122
1778699344.938426,0,0.983702,0.999428,0.983139,1.0000,-0.0013,1.2274,0.000,-2.778,175.195,0,0,296,241,105,121
1778699344.938426,91,0.830485,0.909628,0.755432,1.0509,-0.4815,1.2808,0.000,1.727,-171.141,0,0,574,213,110,115
1778699344.938426,88,0.879763,0.895330,0.787679,0.9348,0.3904,1.3470,0.000,-3.507,-130.018,0,0,41,160,82,122
1778699345.005164,0,0.977465,0.999409,0.976888,1.0001,-0.0013,1.2258,0.000,-2.897,172.620,0,0,296,242,106,124
1778699345.005164,91,0.827547,0.910174,0.753212,1.0508,-0.4798,1.2825,0.000,0.476,-171.023,0,0,573,212,113,117
1778699345.005164,88,0.868360,0.895330,0.777469,0.9348,0.3904,1.3470,0.000,-3.261,-128.269,0,0,41,160,82,120
1778699345.105248,0,0.939548,0.999409,0.938993,1.0001,-0.0013,1.2258,0.000,-1.947,163.086,0,0,294,243,104,124
1778699345.105248,91,0.815394,0.910174,0.742151,1.0508,-0.4798,1.2825,0.000,0.825,-169.700,0,0,574,213,113,115
1778699345.105248,88,0.871560,0.895330,0.780334,0.9367,0.3914,1.3475,0.000,-4.162,-129.283,0,0,41,160,83,118
1778699345.105248,0,0.929701,0.999268,0.929020,1.0001,-0.0013,1.2258,0.000,-1.947,163.086,0,0,294,244,104,120
1778699345.105248,91,0.820250,0.909628,0.746123,1.0508,-0.4798,1.2825,0.000,0.825,-169.700,0,0,574,213,113,117
1778699345.105248,88,0.872077,0.895330,0.780797,0.9367,0.3914,1.3475,0.000,-4.162,-129.283,0,0,41,159,82,122
1778699345.238746,0,0.929074,0.999244,0.928371,1.0055,0.0022,1.2230,0.000,-1.034,161.149,0,0,294,244,104,121
1778699345.238746,91,0.816031,0.909575,0.742241,1.0508,-0.4815,1.2825,-0.000,1.867,-169.648,0,0,574,212,112,117
1778699345.238746,88,0.870192,0.895163,0.778963,0.9366,0.3914,1.3490,0.000,-3.912,-128.979,0,0,41,159,83,121
1778699345.305484,0,0.926256,0.999216,0.925530,1.0026,0.0021,1.2211,0.000,-0.728,160.591,0,0,294,245,104,122
1778699345.305484,91,0.817618,0.909027,0.743236,1.0509,-0.4833,1.2808,0.000,2.415,-169.784,0,0,575,213,112,117
1778699345.305484,88,0.883120,0.895163,0.790536,0.9346,0.3904,1.3486,0.000,-3.215,-130.366,0,0,41,159,83,121
1778699345.305484,0,0.920142,0.999216,0.919421,1.0026,0.0021,1.2211,0.000,-0.728,160.591,0,0,295,245,105,121
1778699345.305484,91,0.803614,0.909027,0.730507,1.0509,-0.4833,1.2808,0.000,2.415,-169.784,0,0,574,213,112,117
1778699345.305484,88,0.873642,0.895163,0.782052,0.9346,0.3904,1.3486,0.000,-3.215,-130.366,0,0,41,159,82,121
1778699345.405547,0,0.920476,0.999278,0.919811,1.0006,0.0004,1.2209,0.000,-0.885,159.640,0,0,295,245,105,120
1778699345.405547,91,0.817222,0.909628,0.743368,1.0509,-0.4815,1.2808,0.000,3.683,-169.476,0,0,574,213,113,117
1778699345.405547,88,0.874096,0.895163,0.782458,0.9366,0.3914,1.3490,0.000,-3.401,-129.194,0,0,41,159,83,122
1778699345.539016,0,0.922286,0.999278,0.921620,1.0026,0.0004,1.2211,0.000,-1.417,160.060,0,0,296,244,104,121
1778699345.539016,91,0.809066,0.909628,0.735949,1.0509,-0.4815,1.2808,0.000,2.988,-168.760,0,0,574,213,112,117
1778699345.539016,88,0.872445,0.895595,0.781358,0.9502,0.3965,1.3539,0.000,-5.945,-130.910,0,0,42,158,84,124
1778699345.605754,0,0.923594,0.999336,0.922980,1.0006,-0.0013,1.2209,-0.000,-1.893,160.304,0,0,296,245,105,122
1778699345.605754,91,0.804387,0.910228,0.732175,1.0509,-0.4798,1.2808,0.000,2.911,-168.228,0,0,573,213,113,117
1778699345.605754,88,0.870002,0.895765,0.779317,0.9366,0.3899,1.3490,0.000,-5.603,-130.223,0,0,42,159,84,118
1778699345.672500,0,0.917336,0.999443,0.916825,1.0006,-0.0046,1.2209,-0.000,-1.685,159.083,0,0,298,245,104,120
1778699345.672500,91,0.808593,0.908524,0.734626,1.0463,-0.4827,1.2767,-0.000,1.418,-169.105,0,0,576,215,110,114
1778699345.672500,88,0.851678,0.895765,0.762904,0.9366,0.3899,1.3490,0.000,-5.560,-127.650,0,0,42,159,84,118
1778699345.672500,0,0.919372,0.999443,0.918860,1.0006,-0.0046,1.2209,0.000,-0.925,159.181,0,0,298,245,104,120
1778699345.672500,91,0.804354,0.908524,0.730775,1.0463,-0.4827,1.2767,0.000,1.221,-168.723,0,0,575,215,112,114
1778699345.672500,88,0.857655,0.895765,0.768258,0.9366,0.3899,1.3490,0.000,-4.691,-127.868,0,0,41,159,83,117
1778699345.839346,0,0.921365,0.999443,0.920852,1.0006,-0.0046,1.2209,0.000,-1.155,159.544,0,0,298,245,104,120
1778699345.839346,91,0.797358,0.908524,0.724419,1.0463,-0.4827,1.2767,0.000,1.880,-167.930,0,0,576,215,110,117
1778699345.839346,88,0.854569,0.895765,0.765493,0.9366,0.3899,1.3490,0.000,-4.680,-127.453,0,0,42,159,84,117
1778699345.906094,0,0.922938,0.999443,0.922424,1.0006,-0.0046,1.2209,0.000,-1.392,159.852,0,1,298,245,104,120
1778699345.906094,91,0.805086,0.908425,0.731360,1.0509,-0.4850,1.2808,0.000,2.357,-168.631,0,1,576,213,112,117
1778699345.906094,88,0.842390,0.895163,0.754076,0.9366,0.3914,1.3490,-0.000,-5.273,-126.175,1,1,41,159,83,117
1778699347.941519,0,0.937688,0.955374,0.895843,1.0186,-0.0081,1.1994,0.000,-2.199,161.619,0,1,477,304,113,126
1778699347.941519,88,0.824031,0.986969,0.813293,0.9489,0.4085,1.3370,0.000,-6.110,-123.530,0,1,222,226,94,105
1778699347.941519,92,0.940452,0.952987,0.896238,1.0186,-0.0081,1.1994,0.000,-2.199,161.619,0,1,482,305,114,128
1778699347.941519,88,0.834102,0.988067,0.824149,0.9489,0.4085,1.3370,0.000,-6.110,-123.530,0,1,226,227,93,105
1778699348.008257,0,0.932448,0.952987,0.888611,1.0271,-0.0284,1.1923,0.000,-1.687,159.285,0,1,487,307,114,126
1778699348.008257,88,0.838033,0.988067,0.828033,0.9458,0.3845,1.3265,0.000,-6.912,-126.629,0,1,230,230,95,106
1778699348.108364,0,0.931300,0.947022,0.881961,1.0336,-0.0570,1.1786,0.000,-3.694,157.688,0,1,493,310,113,126
1778699348.108364,88,0.820692,0.990875,0.813203,1.9325,0.7771,1.4958,-0.000,-7.900,-126.489,0,1,237,232,94,107
1778699348.108364,0,0.942313,0.947022,0.892391,1.0336,-0.0570,1.1786,0.000,-3.694,157.688,0,1,491,306,113,124
1778699348.108364,88,0.823748,0.990875,0.816232,1.9325,0.7771,1.4958,-0.000,-7.900,-126.489,0,1,235,228,95,109
1778699348.108364,0,0.933990,0.950000,0.887290,1.0336,-0.0570,1.1786,-0.000,-3.807,159.603,0,1,489,304,115,128
1778699348.108364,88,0.831662,0.989836,0.823209,1.9325,0.7771,1.4958,0.000,-7.344,-126.526,0,1,233,227,93,105
1778699348.208469,0,0.932504,0.950000,0.885878,1.0357,-0.0705,1.1799,-0.000,-4.151,157.252,0,1,487,305,114,126
1778699348.208469,88,0.831223,0.989836,0.822775,1.9451,0.7540,1.4953,0.000,-7.271,-128.090,0,1,231,227,95,107
1778699348.308560,0,0.942416,0.955382,0.900367,1.0304,-0.0681,1.1828,0.000,-2.950,158.793,0,1,479,299,113,129
1778699348.308560,88,0.833541,0.987412,0.823049,1.9597,0.7648,1.5008,0.000,-8.374,-128.961,0,1,224,223,93,106
1778699348.375298,0,0.939688,0.956696,0.898996,1.0345,-0.0636,1.1830,-0.000,-3.460,158.735,0,1,476,299,114,129
1778699348.375298,88,0.823928,0.986558,0.812853,1.9447,0.7701,1.5021,-0.000,-8.779,-127.799,0,1,221,222,94,107
1778699348.375298,0,0.938742,0.956696,0.898091,1.0344,-0.0758,1.1771,0.000,-3.256,157.700,0,1,473,299,113,126
1778699348.375298,88,0.824702,0.986558,0.813617,1.9570,0.7469,1.4894,0.000,-10.215,-129.343,0,1,218,222,94,106
1778699348.442034,0,0.939815,0.957991,0.900334,1.0407,-0.0714,1.1774,-0.000,-3.865,158.336,0,1,470,296,113,126
1778699348.442034,88,0.841460,0.985718,0.829442,1.9325,0.7481,1.4853,-0.000,-8.578,-130.049,0,1,214,219,95,106
1778699348.442034,0,0.938035,0.959771,0.900299,1.0407,-0.0714,1.1774,-0.000,-3.865,158.336,0,1,467,295,113,128
1778699348.442034,88,0.842595,0.984428,0.829474,1.9325,0.7481,1.4853,-0.000,-8.578,-130.049,0,1,211,219,95,106
1778699348.608893,0,0.939171,0.966578,0.907782,1.0323,-0.0778,1.1791,0.000,-4.539,158.092,0,1,456,289,110,125
1778699348.608893,88,0.871544,0.979307,0.853508,1.9572,0.7545,1.4919,0.000,-5.785,-132.384,0,1,199,212,97,111
1778699348.608893,0,0.940187,0.966578,0.908764,1.0323,-0.0778,1.1791,0.000,-4.539,158.092,0,1,453,288,110,125
1778699348.608893,88,0.887546,0.979307,0.869179,1.9572,0.7545,1.4919,0.000,-5.785,-132.384,0,1,197,211,98,110
1778699348.675607,0,0.942284,0.967894,0.912031,1.0392,-0.0857,1.1750,0.000,-3.479,157.799,0,1,450,287,110,121
1778699348.675607,88,0.891199,0.978565,0.872096,1.9349,0.7247,1.4769,0.000,-6.320,-135.981,0,1,193,211,97,110
1778699348.675607,0,0.941153,0.969187,0.912153,1.0392,-0.0857,1.1750,0.000,-3.479,157.799,0,1,447,285,110,125
1778699348.675607,88,0.898010,0.977191,0.877528,1.9349,0.7247,1.4769,0.000,-6.320,-135.981,0,1,190,208,97,113
1778699348.775712,0,0.943083,0.970598,0.915354,1.0469,-0.0898,1.1742,-0.000,-3.916,157.844,0,1,444,284,110,126
1778699348.775712,88,0.911313,0.975911,0.889361,1.9307,0.7192,1.4729,0.000,-4.228,-137.819,0,1,187,206,97,111
1778699348.775712,0,0.938420,0.975563,0.915488,1.0469,-0.0898,1.1742,-0.000,-3.916,157.844,0,1,435,280,108,124
1778699348.775712,88,0.934722,0.971335,0.907928,1.9307,0.7192,1.4729,0.000,-4.228,-137.819,0,1,179,202,100,114
1778699348.875814,0,0.940652,0.975563,0.917666,1.0374,-0.0832,1.1762,-0.000,-4.177,157.900,0,1,429,277,108,125
1778699348.875814,88,0.940503,0.971335,0.913543,1.9244,0.7274,1.4793,0.000,-5.280,-144.485,0,1,173,200,100,114
1778699348.942582,0,0.940421,0.977952,0.919687,1.0298,-0.0923,1.1724,0.000,-4.230,157.252,0,1,426,276,107,124
1778699348.942582,88,0.951359,0.968809,0.921685,1.9284,0.7072,1.4668,0.000,-4.481,-146.694,0,1,170,198,100,113
1778699349.009321,0,0.944092,0.979047,0.924310,1.0392,-0.0881,1.1744,0.000,-3.737,158.080,0,1,423,275,107,122
1778699349.009321,88,0.953941,0.967409,0.922852,1.9150,0.7127,1.4716,0.000,-4.012,-146.817,0,1,166,197,102,114
1778699349.109394,0,0.945144,0.980116,0.926351,1.0490,-0.0962,1.1729,-0.000,-3.230,157.669,0,1,421,275,106,118
1778699349.109394,88,0.957898,0.965677,0.925020,1.9234,0.7030,1.4680,0.000,-4.092,-148.363,0,1,163,195,102,114
1778699349.109394,0,0.946154,0.980739,0.927930,1.0486,-0.0929,1.1729,0.000,-3.064,158.004,0,1,409,268,107,121
1778699349.109394,88,0.966786,0.964216,0.932191,1.9215,0.7131,1.4748,0.000,-3.124,-150.247,0,1,151,188,103,117
1778699349.209501,0,0.942660,0.985638,0.929122,1.0304,-0.0823,1.1857,0.000,-2.437,157.998,0,1,407,267,106,121
1778699349.209501,88,0.967662,0.956750,0.925811,1.9125,0.7342,1.5000,0.000,-3.342,-151.804,0,1,148,187,103,117
1778699349.209501,0,0.943643,0.985638,0.930091,1.0304,-0.0823,1.1857,-0.000,-2.283,158.133,0,1,404,266,106,122
1778699349.209501,88,0.969777,0.956750,0.927834,1.9125,0.7342,1.5000,-0.000,-2.809,-151.798,0,1,145,185,104,117
1778699349.276240,0,0.945780,0.986535,0.933044,1.0368,-0.0901,1.1877,0.000,-1.776,157.990,0,1,395,261,107,124
1778699349.276240,88,0.974846,0.955130,0.931105,1.9106,0.7170,1.5048,-0.000,-1.668,-153.156,0,1,136,182,104,115
1778699349.376347,0,0.942361,0.989217,0.932199,1.0286,-0.0749,1.1957,-0.000,-1.882,158.406,0,1,392,260,105,122
1778699349.376347,88,0.971806,0.948218,0.921483,1.9045,0.7605,1.5250,-0.000,-2.306,-152.949,0,1,132,179,105,117
1778699349.376347,0,0.942896,0.989997,0.933464,1.0296,-0.0893,1.1975,0.000,-2.441,157.851,0,1,390,258,106,124
1778699349.376347,88,0.973455,0.948218,0.923048,1.9193,0.7238,1.5250,0.000,-1.869,-154.035,0,1,129,178,105,118
1778699349.443066,0,0.949754,0.990594,0.940822,1.0359,-0.0997,1.2013,0.000,-1.559,158.342,0,1,387,257,106,121
1778699349.443066,88,0.974486,0.946625,0.922474,1.9281,0.7087,1.5284,0.000,-1.426,-154.228,0,1,126,177,105,118
1778699349.543184,0,0.944868,0.993639,0.938857,1.0286,-0.0777,1.2110,0.000,-0.806,158.673,0,1,377,252,104,117
1778699349.543184,88,0.977881,0.938242,0.917489,1.9230,0.7592,1.5485,0.000,-0.288,-153.762,0,1,114,172,107,118
1778699349.543184,0,0.945092,0.993639,0.939080,1.0276,-0.0908,1.2110,0.000,-0.668,157.906,0,1,374,251,104,118
1778699349.543184,88,0.976007,0.938242,0.915731,1.9332,0.7340,1.5485,-0.000,-0.660,-154.001,0,1,111,170,107,120
1778699349.643301,0,0.949238,0.994239,0.943769,1.0292,-0.0859,1.2128,0.000,-0.868,159.052,0,1,370,249,105,121
1778699349.643301,88,0.975924,0.934499,0.912000,1.9000,0.7411,1.5550,-0.000,-0.480,-153.918,0,1,108,168,108,121
1778699349.643301,0,0.943908,0.995023,0.939209,1.0276,-0.0915,1.2162,0.000,-1.023,157.844,0,1,368,248,104,121
1778699349.643301,88,0.977788,0.934499,0.913743,1.9093,0.7179,1.5550,0.000,-0.074,-155.082,0,1,105,168,108,120
1778699349.643301,88,0.977045,0.929771,0.908428,1.0276,-0.0915,1.2162,0.000,-1.023,157.844,0,1,99,168,110,120
1778699349.643301,0,0.951533,0.996273,0.947987,1.9093,0.7179,1.5550,0.000,-0.074,-155.082,0,1,362,249,105,125
1778699349.743399,88,0.954600,0.996273,0.951042,1.0287,-0.0966,1.2164,0.000,-0.646,159.488,0,1,354,249,105,121
1778699349.743399,0,0.977739,0.929771,0.909074,1.9222,0.7127,1.5550,0.000,-0.091,-155.121,0,1,89,167,112,122
1778699349.743399,0,0.953236,0.997332,0.950693,1.0287,-0.0966,1.2164,0.000,-0.646,159.488,0,1,352,249,104,121
1778699349.743399,88,0.973710,0.924205,0.899908,1.9222,0.7127,1.5550,0.000,-0.091,-155.121,0,1,86,166,112,124
1778699349.810131,0,0.952217,0.997854,0.950173,1.0255,-0.0830,1.2162,0.000,-0.289,159.916,0,1,349,250,104,118
1778699349.810131,88,0.973384,0.920174,0.895682,1.9312,0.7500,1.5605,0.000,-1.127,-154.121,0,1,82,166,113,122
1778699349.910239,0,0.971363,0.920174,0.893823,1.9482,0.7610,1.5663,0.000,-1.845,-154.875,0,0,79,166,113,124
1778699349.910239,88,0.951648,0.997854,0.949606,1.0199,-0.0830,1.2141,0.000,-1.348,159.884,0,0,346,249,105,121
1778699350.010341,88,0.946802,0.998873,0.945735,1.0083,-0.0694,1.2149,-0.000,-0.283,159.477,0,0,338,249,105,120
1778699350.010341,0,0.976656,0.913395,0.892072,1.0208,0.3839,1.3570,0.000,-0.737,-155.429,0,0,70,166,114,126
1778699350.010341,88,0.976948,0.913395,0.892339,1.0212,0.3830,1.3570,-0.000,-0.492,-154.194,0,0,63,164,114,125
1778699350.010341,0,0.950722,0.998873,0.949650,1.0083,-0.0703,1.2149,-0.000,-0.378,160.186,0,0,333,249,104,120
1778699350.110441,0,0.952646,0.999195,0.951879,1.0033,-0.0619,1.2146,0.000,0.061,160.945,0,0,330,249,105,118
1778699350.110441,88,0.976389,0.909029,0.887566,0.9973,0.3843,1.3550,0.000,-0.615,-154.243,0,0,60,164,115,126
1778699350.110441,93,0.884647,0.894865,0.791640,1.0349,-0.5152,1.2803,-0.000,1.111,-179.441,0,0,596,210,87,139
1778699350.243918,0,0.949208,0.999440,0.948677,1.0033,-0.0537,1.2146,0.000,-0.071,160.825,0,0,328,249,104,122
1778699350.243918,1,0.978238,0.905523,0.885817,0.9845,0.3883,1.3521,-0.000,-0.043,-153.030,0,0,57,164,114,126
1778699350.243918,2,0.828219,0.895436,0.741617,1.0347,-0.5135,1.2820,0.000,3.669,-172.507,0,0,597,211,85,129
1778699350.243918,3,0.743419,0.895436,0.665684,1.0347,-0.5135,1.2820,0.000,2.663,-164.666,0,0,597,215,86,103
1778699350.344018,0,0.954319,0.999440,0.953785,1.0033,-0.0537,1.2146,0.000,-0.395,161.901,0,0,324,249,105,122
1778699350.344018,1,0.978957,0.905523,0.886469,0.9845,0.3883,1.3521,0.000,0.153,-153.074,0,0,55,163,111,128
1778699350.344018,2,0.798521,0.895436,0.715025,1.0347,-0.5135,1.2820,0.000,3.708,-169.544,0,0,594,212,91,122
1778699350.344018,0,0.951937,0.999581,0.951538,1.0033,-0.0471,1.2146,-0.000,-0.190,161.779,0,0,319,249,103,118
1778699350.344018,88,0.978276,0.904182,0.884539,0.9775,0.3884,1.3521,-0.000,0.217,-152.086,0,0,52,162,105,129
1778699350.344018,93,0.808864,0.897356,0.725839,1.0369,-0.5094,1.2805,-0.000,1.555,-170.627,0,0,590,212,99,122
1778699350.477484,0,0.947378,0.999710,0.947104,1.0033,-0.0275,1.2146,0.000,-0.375,162.174,0,0,312,249,104,120
1778699350.477484,88,0.829357,0.902905,0.748831,1.0428,-0.4968,1.2814,0.000,1.043,-172.080,0,0,585,212,109,122
1778699350.477484,93,0.971736,0.899429,0.874008,0.9627,0.3943,1.3487,-0.000,-1.338,-150.483,0,0,47,163,95,130
1778699350.544222,0,0.949392,0.999713,0.949120,1.0011,-0.0226,1.2160,-0.000,-0.191,162.829,0,0,309,248,104,121
1778699350.544222,93,0.817334,0.903517,0.738475,1.0428,-0.4951,1.2814,0.000,2.046,-170.574,0,0,584,212,112,121
1778699350.544222,88,0.970243,0.898502,0.871765,0.9624,0.3959,1.3519,0.000,-1.928,-152.088,0,0,46,161,93,129
1778699350.544222,0,0.951214,0.999713,0.950942,1.0011,-0.0226,1.2160,0.000,0.508,163.002,0,0,308,249,104,117
1778699350.544222,93,0.818515,0.903517,0.739542,1.0428,-0.4951,1.2814,0.000,1.292,-170.831,0,0,582,213,113,120
1778699350.544222,88,0.967282,0.898502,0.869106,0.9624,0.3959,1.3519,-0.000,-2.271,-150.458,0,0,45,162,90,130
1778699350.644330,0,0.950553,0.999655,0.950226,0.9983,-0.0209,1.2142,-0.000,-0.281,163.149,0,0,307,248,104,121
1778699350.644330,93,0.800919,0.904789,0.724663,1.0460,-0.4931,1.2801,0.000,0.608,-169.032,0,0,580,214,113,118
1778699350.644330,88,0.971923,0.898068,0.872853,0.9606,0.3966,1.3499,0.000,-1.137,-150.056,0,0,44,162,88,130
1778699350.644330,0,0.948766,0.999551,0.948340,0.9983,-0.0209,1.2142,-0.000,-0.281,163.149,0,0,304,249,103,120
1778699350.644330,93,0.782112,0.907268,0.709585,1.0460,-0.4931,1.2801,0.000,0.608,-169.032,0,0,578,214,112,124
1778699350.644330,88,0.972458,0.896702,0.872005,0.9606,0.3966,1.3499,0.000,-1.137,-150.056,0,0,43,161,86,130
1778699350.777818,0,0.950520,0.999551,0.950093,1.0033,-0.0143,1.2146,0.000,-0.006,163.474,0,0,304,248,105,120
1778699350.777818,93,0.799690,0.907268,0.725532,1.0491,-0.4875,1.2788,0.000,3.393,-168.112,0,0,578,215,112,120
1778699350.777818,88,0.971513,0.896702,0.871157,0.9604,0.3997,1.3515,0.000,-1.834,-153.925,0,0,42,161,85,130
1778699350.777818,0,0.952594,0.999591,0.952204,1.0033,-0.0143,1.2146,0.000,-0.006,163.474,0,0,304,248,104,121
1778699350.777818,93,0.803432,0.907920,0.729453,1.0491,-0.4875,1.2788,0.000,3.393,-168.112,0,0,577,215,113,122
1778699350.777818,88,0.969280,0.896099,0.868571,0.9604,0.3997,1.3515,0.000,-1.834,-153.925,0,0,42,161,85,129
1778699350.944647,0,0.951237,0.999591,0.950848,1.0031,-0.0143,1.2162,0.000,-0.197,163.686,0,0,304,248,104,120
1778699350.944647,93,0.802332,0.907920,0.728453,1.0493,-0.4858,1.2771,-0.000,2.105,-168.458,0,0,577,215,114,122
1778699350.944647,88,0.968868,0.896099,0.868202,0.9604,0.4013,1.3515,0.000,-2.447,-153.260,0,0,42,161,85,129
1778699351.111473,0,0.950953,0.999591,0.950563,1.0031,-0.0143,1.2162,-0.000,-0.309,163.662,0,0,304,248,103,121
1778699351.111473,93,0.795369,0.907872,0.722093,1.0491,-0.4858,1.2788,0.000,2.843,-167.689,0,0,577,214,113,121
1778699351.111473,88,0.969466,0.896099,0.868738,0.9604,0.4013,1.3515,0.000,-2.178,-151.974,0,0,42,161,85,130
1778699351.178211,0,0.952719,0.999591,0.952329,1.0031,-0.0143,1.2162,0.000,0.073,163.901,0,0,304,248,104,120
1778699351.178211,93,0.809328,0.907316,0.734316,1.0463,-0.4862,1.2767,0.000,2.236,-169.206,0,0,578,215,114,124
1778699351.178211,88,0.973190,0.896099,0.872075,0.9604,0.4013,1.3515,0.000,-1.388,-152.965,0,0,42,161,85,129
1778699351.244950,0,0.950131,0.999591,0.949742,1.0061,-0.0143,1.2164,0.000,-0.202,163.476,0,0,304,248,104,120
1778699351.244950,93,0.790478,0.907920,0.717691,1.0493,-0.4858,1.2771,0.000,2.878,-167.208,0,0,577,215,113,122
1778699351.244950,88,0.970095,0.896099,0.869301,0.9575,0.3999,1.3508,0.000,-1.995,-151.752,0,0,42,161,85,129
1778699351.244950,0,0.948520,0.999591,0.948131,1.0061,-0.0143,1.2164,-0.000,-0.136,163.155,0,0,304,249,103,118
1778699351.244950,93,0.813062,0.907920,0.738196,1.0493,-0.4858,1.2771,0.000,3.052,-169.373,0,0,578,214,113,121
1778699351.244950,88,0.971275,0.896099,0.870359,0.9575,0.3999,1.3508,0.000,-1.863,-153.021,0,0,42,160,85,129
1778699351.244950,0,0.951274,0.999591,0.950885,1.0061,-0.0143,1.2164,-0.000,-0.136,163.155,0,0,304,248,103,120
1778699351.244950,93,0.808704,0.907268,0.733711,1.0493,-0.4858,1.2771,0.000,3.052,-169.373,0,0,578,214,112,121
1778699351.244950,88,0.969648,0.896099,0.868901,0.9575,0.3999,1.3508,0.000,-1.863,-153.021,0,0,42,161,85,129
1778699351.411821,0,0.950631,0.999591,0.950242,1.0031,-0.0143,1.2162,0.000,0.223,163.462,0,0,304,249,103,118
1778699351.411821,93,0.801232,0.907268,0.726932,1.0491,-0.4875,1.2788,-0.000,2.145,-168.441,0,0,577,214,112,120
1778699351.411821,88,0.969423,0.896099,0.868699,0.9575,0.3999,1.3508,0.000,-2.156,-151.763,0,0,42,161,85,129
1778699351.578653,0,0.954686,0.999591,0.954295,1.0061,-0.0143,1.2164,0.000,-0.050,164.322,0,0,304,248,104,120
1778699351.578653,93,0.792920,0.907872,0.719870,1.0491,-0.4858,1.2788,0.000,2.926,-167.443,0,0,577,214,114,120
1778699351.578653,88,0.970186,0.896099,0.869383,0.9575,0.3999,1.3508,0.000,-1.983,-151.818,0,0,42,161,85,130
1778699351.645385,0,0.952766,0.999591,0.952376,1.0061,-0.0143,1.2164,-0.000,-0.191,163.981,0,0,304,248,104,120
1778699351.645385,93,0.798310,0.907872,0.724763,1.0491,-0.4858,1.2788,-0.000,2.239,-168.061,0,0,577,214,114,121
1778699351.645385,88,0.971303,0.896099,0.870384,0.9604,0.4013,1.3515,0.000,-1.848,-152.920,0,0,42,161,85,130
1778699351.645385,0,0.954304,0.999591,0.953913,1.0061,-0.0143,1.2164,0.000,-0.086,164.256,0,0,304,248,104,120
1778699351.645385,93,0.808520,0.907872,0.734033,1.0491,-0.4858,1.2788,0.000,2.678,-168.989,0,0,577,214,113,121
1778699351.645385,88,0.969696,0.896099,0.868944,0.9604,0.4013,1.3515,-0.000,-1.819,-150.466,0,0,42,161,85,130
1778699351.745494,0,0.953682,0.999591,0.953292,1.0061,-0.0143,1.2164,0.000,-0.143,164.148,0,0,304,249,104,118
1778699351.745494,93,0.817388,0.907872,0.742084,1.0511,-0.4867,1.2791,0.000,2.408,-169.914,0,0,576,213,113,121
1778699351.745494,88,0.970250,0.896099,0.869440,0.9575,0.3999,1.3508,0.000,-2.039,-152.321,0,0,42,161,85,130
1778699351.878948,0,0.955125,0.999591,0.954734,1.0061,-0.0143,1.2164,0.000,-0.042,164.408,0,0,304,248,104,120
1778699351.878948,93,0.817786,0.907872,0.742445,1.0491,-0.4858,1.2788,0.000,2.435,-169.950,0,0,577,214,113,121
1778699351.878948,88,0.969983,0.896099,0.869201,0.9604,0.4013,1.3515,0.000,-2.026,-151.779,0,0,42,161,85,129
1778699351.945659,0,0.950354,0.999591,0.949965,1.0061,-0.0143,1.2164,0.000,0.142,163.429,0,0,304,248,103,120
1778699351.945659,93,0.823392,0.907872,0.747535,1.0511,-0.4867,1.2791,0.000,3.008,-170.432,0,0,577,214,112,118
1778699351.945659,88,0.970235,0.896099,0.869427,0.9604,0.4013,1.3515,0.000,-1.936,-151.606,0,0,42,161,85,130
1778699351.945659,0,0.951530,0.999591,0.951141,1.0061,-0.0143,1.2164,0.000,0.142,163.429,0,0,305,248,104,120
1778699351.945659,93,0.827115,0.907872,0.750914,1.0511,-0.4867,1.2791,0.000,3.008,-170.432,0,0,577,214,112,121
1778699351.945659,88,0.970179,0.896099,0.869377,0.9604,0.4013,1.3515,0.000,-1.936,-151.606,0,0,42,161,85,130
1778699352.045766,0,0.955398,0.999621,0.955036,1.0031,-0.0160,1.2162,0.000,0.099,164.324,0,0,305,248,104,120
1778699352.045766,93,0.812368,0.907872,0.737526,1.0491,-0.4858,1.2788,0.000,2.757,-169.358,0,0,576,214,113,118
1778699352.045766,88,0.970712,0.896099,0.869855,0.9604,0.4013,1.3515,0.000,-1.731,-151.144,0,0,42,161,85,130
1778699352.045766,0,0.953962,0.999621,0.953601,1.0031,-0.0160,1.2162,0.000,0.099,164.324,0,0,305,249,104,118
1778699352.045766,93,0.821855,0.908475,0.746635,1.0491,-0.4858,1.2788,0.000,2.757,-169.358,0,0,577,213,112,121
1778699352.045766,88,0.969354,0.896099,0.868638,0.9604,0.4013,1.3515,0.000,-1.731,-151.144,0,0,42,161,85,130
1778699352.279353,0,0.954235,0.999581,0.953835,1.0113,-0.0158,1.2152,0.000,0.025,164.086,0,0,305,248,104,121
1778699352.279353,93,0.816089,0.907821,0.740863,1.0509,-0.4867,1.2808,0.000,2.464,-169.788,0,0,577,214,112,120
1778699352.279353,88,0.970189,0.896099,0.869386,0.9575,0.3999,1.3508,0.000,-2.009,-151.990,0,0,42,161,85,130
1778699352.279353,0,0.955474,0.999621,0.955112,1.0113,-0.0158,1.2152,0.000,0.025,164.086,0,0,305,248,104,121
1778699352.279353,93,0.808402,0.907872,0.733926,1.0509,-0.4867,1.2808,0.000,2.464,-169.788,0,0,577,214,112,120
1778699352.279353,88,0.968785,0.896099,0.868127,0.9575,0.3999,1.3508,0.000,-2.009,-151.990,0,0,42,161,85,130
1778699352.446223,0,0.954148,0.999621,0.953787,1.0111,-0.0158,1.2168,-0.000,0.076,164.081,0,0,305,248,104,121
1778699352.446223,93,0.798810,0.907872,0.725218,1.0511,-0.4867,1.2791,0.000,2.647,-168.047,0,0,577,214,112,121
1778699352.446223,88,0.967490,0.896099,0.866967,0.9604,0.4013,1.3515,-0.000,-2.261,-150.151,0,0,42,161,85,130
1778699352.446223,0,0.951923,0.999621,0.951562,1.0081,-0.0159,1.2166,0.000,-0.341,163.758,0,0,305,249,105,121
1778699352.446223,93,0.818976,0.907872,0.743525,1.0511,-0.4867,1.2791,0.000,1.234,-170.279,0,0,577,214,112,117
1778699352.446223,88,0.970662,0.896099,0.869809,0.9604,0.4013,1.3515,-0.000,-1.887,-151.931,0,0,42,161,85,130
1778699352.579677,0,0.954447,0.999621,0.954086,1.0081,-0.0159,1.2166,0.000,-0.562,164.322,0,0,305,248,105,121
1778699352.579677,93,0.802436,0.907872,0.728509,1.0511,-0.4867,1.2791,0.000,2.106,-168.482,0,0,577,214,112,117
1778699352.579677,88,0.970277,0.896099,0.869465,0.9575,0.3999,1.3508,0.000,-1.781,-150.887,0,0,42,161,85,130
1778699352.579677,0,0.953732,0.999621,0.953371,1.0081,-0.0159,1.2166,0.000,-0.124,164.052,0,0,306,249,104,120
1778699352.579677,93,0.811008,0.907872,0.736292,1.0511,-0.4867,1.2791,0.000,2.356,-169.284,0,0,577,214,112,117
1778699352.579677,88,0.969369,0.896099,0.868651,0.9575,0.3999,1.3508,0.000,-1.866,-150.345,0,0,42,161,85,130
1778699352.746490,0,0.956450,0.999649,0.956114,1.0081,-0.0175,1.2166,0.000,-0.108,164.493,0,0,306,248,104,121
1778699352.746490,93,0.804314,0.907316,0.729767,1.0493,-0.4875,1.2771,0.000,3.729,-168.508,0,0,578,215,112,118
1778699352.746490,88,0.970403,0.896099,0.869577,0.9604,0.4013,1.3515,-0.000,-1.923,-151.766,0,0,42,161,85,129
1778699352.813228,0,0.956987,0.999649,0.956651,1.0081,-0.0175,1.2166,-0.000,-0.002,164.573,0,0,306,248,104,121
1778699352.813228,93,0.810331,0.907268,0.735187,1.0461,-0.4862,1.2784,0.000,3.033,-169.199,0,0,578,214,114,120
1778699352.813228,88,0.972226,0.896099,0.871211,0.9604,0.4013,1.3515,-0.000,-1.561,-152.331,0,0,42,161,85,130
1778699352.879961,0,0.959301,0.999649,0.958964,1.0081,-0.0175,1.2166,0.000,-0.308,165.145,0,0,306,248,104,121
1778699352.879961,93,0.802179,0.907268,0.727791,1.0491,-0.4875,1.2788,0.000,2.469,-168.483,0,0,578,214,113,120
1778699352.879961,88,0.968392,0.896099,0.867776,0.9604,0.4013,1.3515,0.000,-2.522,-152.764,0,0,42,161,85,129
1778699352.879961,0,0.959799,0.999649,0.959462,1.0081,-0.0175,1.2166,0.000,-0.459,165.298,0,0,306,249,104,121
1778699352.879961,93,0.806518,0.907268,0.731728,1.0491,-0.4875,1.2788,0.000,2.759,-168.863,0,0,578,214,113,120
1778699352.879961,88,0.971153,0.896099,0.870250,0.9604,0.4013,1.3515,0.000,-1.775,-151.977,0,0,42,161,85,129
1778699352.980069,0,0.981677,0.999609,0.981293,1.0083,-0.0175,1.2149,-0.000,-0.409,170.948,0,0,306,250,105,118
1778699352.980069,93,0.812240,0.907268,0.736919,1.0491,-0.4875,1.2788,0.000,1.809,-169.579,0,0,578,214,113,118
1778699352.980069,88,0.968473,0.896099,0.867848,0.9624,0.4023,1.3519,0.000,-2.268,-151.149,0,0,42,161,85,130
1778699353.046808,0,0.996673,0.999566,0.996241,1.0114,-0.0175,1.2135,0.000,0.029,178.848,0,1,308,249,105,120
1778699353.046808,93,0.806682,0.907268,0.731876,1.0491,-0.4875,1.2788,0.000,2.065,-168.986,1,1,578,214,113,118
1778699353.046808,88,0.968474,0.896099,0.867849,0.9575,0.3999,1.3508,0.000,-2.271,-151.166,0,1,42,161,85,130
1778699355.115639,0,0.995506,0.959396,0.955085,1.0003,-0.0211,1.1986,-0.000,-0.634,-175.475,0,1,146,268,116,128
1778699355.115639,94,0.829187,0.986260,0.817794,1.0294,-0.4819,1.2633,0.000,-1.939,-171.838,0,1,405,237,95,109
1778699355.215719,0,0.995340,0.951029,0.946597,1.0210,0.0188,1.1935,0.000,-1.356,-173.358,0,1,132,268,117,126
1778699355.215719,95,0.850241,0.990657,0.842297,1.0952,-0.4605,1.2644,0.000,-2.881,-171.946,0,1,393,237,94,113
1778699355.215719,96,0.995643,0.951029,0.946886,1.0210,0.0188,1.1935,0.000,-1.438,-173.776,0,1,130,267,117,128
1778699355.215719,0,0.850752,0.990657,0.842803,1.0952,-0.4605,1.2644,0.000,-4.200,-172.428,0,1,390,236,95,111
1778699355.282452,0,0.994987,0.950145,0.945381,1.0398,0.0412,1.1875,-0.000,-2.046,-172.145,0,1,129,266,117,125
1778699355.282452,97,0.858179,0.991351,0.850757,1.1374,-0.4474,1.2596,0.000,-3.974,-171.702,0,1,389,234,96,113
1778699355.282452,0,0.995824,0.950145,0.946177,1.0394,0.0535,1.1850,0.000,-1.746,-171.666,0,1,136,263,116,126
1778699355.282452,98,0.882461,0.991351,0.874829,1.1433,-0.4339,1.2565,-0.000,-5.249,-174.419,0,1,393,230,95,111
1778699355.282452,99,0.996655,0.950145,0.946966,1.0394,0.0535,1.1850,0.000,-1.469,-172.226,0,1,138,260,117,129
1778699355.282452,0,0.893945,0.991351,0.886214,1.1433,-0.4339,1.2565,0.000,-5.296,-176.004,0,1,396,228,96,109
1778699355.282452,0,0.996934,0.950145,0.947232,1.0386,0.0659,1.1850,0.000,-1.500,-171.939,0,1,141,260,115,125
1778699355.282452,100,0.903162,0.991351,0.895351,1.1486,-0.4201,1.2565,0.000,-4.067,-176.071,0,1,398,227,96,114
1778699355.282452,0,0.997719,0.950145,0.947977,1.0386,0.0659,1.1850,0.000,-1.500,-171.939,0,1,144,258,116,129
1778699355.282452,101,0.922198,0.991351,0.914222,1.1486,-0.4201,1.2565,0.000,-4.067,-176.071,0,1,400,227,97,114
1778699355.282452,0,0.997918,0.950145,0.948167,1.0381,0.0721,1.1850,0.000,-0.845,-172.028,0,1,147,257,116,129
1778699355.282452,102,0.930192,0.991351,0.922147,1.1511,-0.4133,1.2565,0.000,-3.184,-179.569,0,1,403,225,96,113
1778699355.616127,0,0.944239,0.988011,0.932918,1.9306,-0.7334,1.3769,0.000,-2.904,176.138,0,1,410,220,97,113
1778699355.616127,0,0.869472,0.988011,0.859048,1.9445,-0.6963,1.3769,0.000,-0.700,-170.695,0,1,158,252,115,130
1778699355.616127,0,0.858926,0.984270,0.845415,1.9445,-0.6963,1.3769,0.000,-0.700,-170.695,0,1,161,251,115,126
1778699355.782974,0,0.870522,0.984270,0.856828,1.9472,-0.7011,1.4080,0.000,-0.036,-170.967,0,1,170,248,113,122
1778699355.782974,0,0.876208,0.984270,0.862425,1.9557,-0.6773,1.4080,0.000,0.425,-170.815,0,1,175,244,113,125
1778699355.949815,0,0.864598,0.979090,0.846519,1.9246,-0.7207,1.4290,-0.000,0.219,-171.106,0,1,178,243,113,125
1778699355.949815,0,0.864684,0.979090,0.846604,1.9246,-0.7207,1.4290,-0.000,0.219,-171.106,0,1,181,243,113,126
1778699356.016553,0,0.867243,0.978001,0.848165,1.9639,-0.7190,1.4374,-0.000,0.154,-171.038,0,1,184,244,112,126
1778699356.116663,0,0.867453,0.974546,0.845372,1.9467,-0.7216,1.4306,0.000,1.059,-171.025,0,1,193,244,110,125
1778699356.183403,0,0.866321,0.973883,0.843695,1.9566,-0.7324,1.4288,0.000,0.742,-171.142,0,1,196,245,110,125
1778699356.183403,0,0.872134,0.973883,0.849357,1.9656,-0.7085,1.4288,0.000,0.076,-171.310,0,1,199,244,110,125
1778699356.283507,0,0.867699,0.971082,0.842607,1.9542,-0.6891,1.4324,0.000,0.230,-170.368,0,1,204,244,110,125
1778699356.283507,0,0.875076,0.971082,0.849770,1.9542,-0.6891,1.4324,0.000,0.230,-170.368,0,1,212,244,108,121
1778699356.350239,0,0.868748,0.967832,0.840803,1.9599,-0.6925,1.4358,0.000,0.592,-170.453,0,1,214,245,108,120
1778699356.450339,0,0.869858,0.965777,0.840088,1.9585,-0.7096,1.4358,0.000,0.624,-171.048,0,1,217,245,108,121
1778699356.450339,0,0.878001,0.965777,0.847953,1.9585,-0.7096,1.4358,0.000,0.624,-171.048,0,1,225,246,108,120
1778699356.517077,0,0.873602,0.962449,0.840797,1.9539,-0.7089,1.4307,-0.000,0.559,-171.524,0,1,227,245,107,124
1778699356.617184,0,0.872723,0.959804,0.837643,1.9614,-0.7055,1.4307,0.000,0.331,-171.319,0,1,230,245,108,124
1778699356.617184,0,0.881311,0.959804,0.845886,1.9614,-0.7055,1.4307,0.000,0.988,-172.197,0,1,238,246,106,122
1778699356.617184,0,0.878496,0.956085,0.839917,1.9614,-0.7055,1.4307,0.000,0.988,-172.197,0,1,241,247,106,118
1778699356.750662,0,0.877081,0.955154,0.837748,1.9476,-0.7082,1.4309,0.000,1.360,-171.796,0,1,243,248,107,117
1778699356.784050,0,0.885132,0.953743,0.844189,1.9700,-0.6859,1.4324,0.000,0.937,-172.118,0,1,251,247,106,118
1778699356.850790,0,0.879059,0.949404,0.834583,1.9593,-0.7129,1.4309,0.000,0.574,-172.272,0,1,253,247,105,118
1778699356.884158,0,0.883416,0.947998,0.837476,1.9682,-0.6990,1.4276,0.000,1.236,-172.161,0,1,256,247,106,117
1778699356.884158,0,0.880064,0.942357,0.829334,1.9682,-0.6990,1.4276,0.000,1.236,-172.161,0,1,264,247,106,120
1778699356.984267,0,0.878206,0.942357,0.827584,1.9565,-0.7321,1.4293,0.000,1.047,-172.801,0,1,266,248,105,115
1778699356.984267,0,0.873786,0.940352,0.821666,1.9629,-0.7150,1.4293,0.000,0.824,-172.117,0,1,268,246,105,121
1778699357.051004,0,0.882233,0.940352,0.829609,1.9561,-0.7142,1.4243,-0.000,0.643,-172.693,0,0,277,247,104,117
1778699357.051004,0,0.995383,0.997644,0.993037,1.9561,-0.7142,1.4243,-0.000,0.643,-172.693,0,0,279,246,104,121
1778699357.251185,0,0.995694,0.998178,0.993880,1.0378,0.0237,1.2206,0.000,0.499,-173.273,0,0,282,247,104,120
1778699357.251185,114,0.975028,0.930610,0.907371,1.1301,-0.4490,1.3032,0.000,-3.728,153.233,0,0,537,207,110,117
1778699357.251185,0,0.996539,0.998178,0.994723,1.0378,0.0237,1.2206,-0.000,0.302,-174.552,0,0,289,247,105,121
1778699357.251185,114,0.977662,0.930610,0.909822,1.1301,-0.4490,1.3032,0.000,-2.942,153.199,0,0,546,206,110,121
1778699357.351276,0,0.995917,0.999020,0.994941,1.0219,0.0061,1.2193,0.000,0.366,-174.677,0,0,292,247,104,120
1778699357.351276,114,0.976534,0.923890,0.902210,1.0984,-0.4583,1.2984,0.000,-2.934,151.365,0,0,549,207,112,121
1778699357.351276,0,0.996699,0.999020,0.995722,1.0219,0.0061,1.2193,0.000,0.778,-175.000,0,0,294,249,105,118
1778699357.351276,114,0.979571,0.923890,0.905016,1.0984,-0.4583,1.2984,0.000,-2.694,152.759,0,0,552,207,112,120
1778699357.451384,0,0.995601,0.999250,0.994854,1.0222,-0.0023,1.2160,0.000,0.113,-174.925,0,0,297,249,104,118
1778699357.451384,114,0.970757,0.920522,0.893603,1.0857,-0.4638,1.2947,-0.000,-5.349,152.449,0,0,555,208,112,118
1778699357.518098,0,0.996126,0.999557,0.995685,1.0221,-0.0123,1.2177,0.000,-0.066,-176.594,0,0,303,248,105,120
1778699357.518098,1,0.965580,0.916387,0.884845,1.0737,-0.4711,1.2947,-0.000,-6.660,152.258,0,0,562,207,113,117
1778699357.518098,2,0.967915,0.894122,0.865434,0.9603,0.4061,1.3530,-0.000,-1.394,-147.911,0,0,39,160,78,130
1778699357.518098,0,0.996131,0.999557,0.995689,1.0221,-0.0123,1.2177,-0.000,-0.067,-176.604,0,0,304,247,104,121
1778699357.518098,114,0.964930,0.916387,0.884250,1.0737,-0.4711,1.2947,-0.000,-6.800,152.228,0,0,564,209,113,118
1778699357.518098,115,0.963869,0.894122,0.861816,0.9603,0.4061,1.3530,0.000,-2.101,-147.299,0,0,39,160,79,129
1778699357.684931,0,0.996492,0.999627,0.996121,1.0219,-0.0140,1.2193,0.000,0.279,-176.753,0,0,305,247,104,117
1778699357.684931,114,0.968472,0.915343,0.886484,1.0681,-0.4721,1.2903,0.000,-5.806,150.993,0,0,565,207,113,117
1778699357.684931,115,0.965535,0.894727,0.863890,0.9603,0.4045,1.3530,0.000,-2.067,-148.243,0,0,40,160,80,129
1778699357.684931,0,0.997319,0.999649,0.996969,1.0219,-0.0140,1.2193,0.000,0.279,-176.753,0,0,306,248,104,118
1778699357.684931,114,0.967216,0.914164,0.884194,1.0681,-0.4721,1.2903,0.000,-5.806,150.993,0,0,566,209,113,118
1778699357.684931,115,0.968358,0.894727,0.866416,0.9603,0.4045,1.3530,0.000,-2.067,-148.243,0,0,40,160,81,129
1778699357.851790,0,0.997362,0.999621,0.996985,1.0221,-0.0157,1.2177,0.000,0.408,-178.058,0,0,305,248,105,118
1778699357.851790,114,0.968261,0.913509,0.884515,1.0649,-0.4760,1.2916,0.000,-6.024,151.426,0,0,567,208,114,117
1778699357.851790,115,0.972551,0.895330,0.870755,0.9623,0.4039,1.3535,0.000,-1.509,-153.930,0,0,41,160,82,129
1778699357.918529,0,0.997292,0.999621,0.996914,1.0191,-0.0157,1.2174,0.000,0.382,-177.937,0,0,305,248,104,118
1778699357.918529,114,0.970101,0.913509,0.886196,1.0649,-0.4760,1.2916,-0.000,-5.858,152.388,0,0,567,208,114,117
1778699357.918529,115,0.962140,0.895330,0.861433,0.9642,0.4048,1.3540,-0.000,-1.979,-146.422,0,0,41,160,82,132
1778699357.918529,0,0.997358,0.999621,0.996980,1.0191,-0.0157,1.2174,0.000,0.394,-178.103,0,0,305,247,104,120
1778699357.918529,114,0.968392,0.913509,0.884635,1.0649,-0.4760,1.2916,-0.000,-6.306,152.539,0,0,567,208,113,117
1778699357.918529,115,0.967368,0.895330,0.866114,0.9642,0.4048,1.3540,0.000,-1.729,-148.604,0,0,41,160,82,132
1778699358.018648,0,0.997613,0.999658,0.997272,1.0189,-0.0157,1.2191,0.000,0.599,-178.837,0,0,305,247,104,118
1778699358.018648,114,0.969092,0.913509,0.885275,1.0649,-0.4760,1.2916,-0.000,-5.942,151.807,0,0,567,208,114,117
1778699358.018648,115,0.964259,0.895330,0.863330,0.9623,0.4039,1.3535,-0.000,-2.345,-148.291,0,0,41,160,82,132
1778699358.152112,0,0.997564,0.999658,0.997223,1.0139,-0.0158,1.2187,0.000,0.568,-178.701,0,0,305,247,104,118
1778699358.152112,114,0.970593,0.913509,0.886646,1.0649,-0.4760,1.2916,0.000,-6.035,153.845,0,0,567,208,114,117
1778699358.152112,115,0.967534,0.895163,0.866101,0.9621,0.4039,1.3551,-0.000,-1.412,-148.140,0,0,41,159,82,133
1778699358.218848,0,0.997723,0.999658,0.997382,1.0139,-0.0158,1.2187,0.000,0.692,-179.275,0,0,305,247,104,118
1778699358.218848,114,0.967672,0.913509,0.883977,1.0649,-0.4760,1.2916,-0.000,-6.362,152.093,0,0,567,208,114,118
1778699358.218848,115,0.966278,0.894559,0.864393,0.9601,0.4045,1.3546,0.000,-1.223,-146.974,0,0,40,159,81,133
1778699358.285602,0,0.997500,0.999658,0.997159,1.0139,-0.0158,1.2187,0.000,0.504,-179.224,0,0,305,247,104,118
1778699358.285602,114,0.966889,0.913509,0.883262,1.0649,-0.4760,1.2916,0.000,-6.652,152.521,0,0,567,208,113,117
1778699358.285602,115,0.967416,0.894727,0.865573,0.9623,0.4055,1.3535,0.000,-1.938,-149.107,0,0,40,160,81,130
1778699358.285602,0,0.997476,0.999658,0.997135,1.0139,-0.0158,1.2187,-0.000,0.503,-178.625,0,0,305,247,104,118
1778699358.285602,114,0.967858,0.913509,0.884148,1.0649,-0.4760,1.2916,-0.000,-6.458,152.654,0,0,567,207,115,117
1778699358.285602,115,0.971737,0.894727,0.869438,0.9623,0.4055,1.3535,-0.000,-1.717,-153.882,0,0,40,160,80,129
1778699358.385698,0,0.998131,0.999658,0.997790,1.0139,-0.0158,1.2187,0.000,1.131,-178.294,0,0,305,248,104,117
1778699358.385698,114,0.971192,0.913444,0.887129,1.0647,-0.4760,1.2934,-0.000,-5.687,153.205,0,0,567,208,114,117
1778699358.385698,115,0.966370,0.894727,0.864637,0.9623,0.4055,1.3535,0.000,-1.696,-147.835,0,0,40,161,81,130
1778699358.519171,0,0.998498,0.999621,0.998120,1.0141,-0.0158,1.2170,0.000,1.357,-178.508,0,0,305,248,103,117
1778699358.519171,114,0.969382,0.913509,0.885540,1.0649,-0.4760,1.2916,-0.000,-6.217,153.215,0,0,567,208,113,117
1778699358.519171,115,0.969692,0.894727,0.867609,0.9623,0.4055,1.3535,-0.000,-1.055,-148.263,0,0,40,160,81,129
1778699358.585912,0,0.997524,0.999581,0.997107,1.0113,-0.0158,1.2152,-0.000,0.487,-177.893,0,0,305,249,103,118
1778699358.585912,114,0.967280,0.913509,0.883620,1.0679,-0.4774,1.2921,0.000,-6.536,152.414,0,0,567,208,113,117
1778699358.585912,115,0.969350,0.894892,0.867463,0.9624,0.4055,1.3519,0.000,-1.512,-148.986,0,0,40,161,81,128
1778699358.585912,0,0.998145,0.999581,0.997727,1.0113,-0.0158,1.2152,-0.000,0.895,-178.560,0,0,306,248,104,117
1778699358.585912,114,0.968534,0.913509,0.884765,1.0679,-0.4774,1.2921,-0.000,-6.424,153.252,0,0,567,208,113,117
1778699358.585912,115,0.969959,0.894892,0.868008,0.9624,0.4055,1.3519,0.000,-1.297,-148.816,0,0,40,160,81,132
1778699358.752728,0,0.997020,0.999649,0.996670,1.0111,-0.0175,1.2168,0.000,0.045,-178.759,0,0,305,247,104,118
1778699358.752728,114,0.972505,0.913509,0.888393,1.0649,-0.4760,1.2916,0.000,-5.532,153.629,0,0,567,208,114,117
1778699358.752728,115,0.967174,0.894559,0.865194,0.9601,0.4045,1.3546,0.000,-1.461,-147.946,0,0,40,159,81,133
1778699358.752728,0,0.997467,0.999692,0.997159,1.0111,-0.0175,1.2168,0.000,0.045,-178.759,0,0,305,246,104,120
1778699358.752728,114,0.969024,0.913509,0.885213,1.0649,-0.4760,1.2916,0.000,-5.532,153.629,0,0,567,208,114,117
1778699358.752728,115,0.963814,0.894559,0.862189,0.9601,0.4045,1.3546,0.000,-1.461,-147.946,0,0,40,159,81,132
1778699358.819492,0,0.997073,0.999692,0.996766,1.0187,-0.0157,1.2208,0.000,0.645,-178.285,0,0,305,246,104,120
1778699358.819492,114,0.966678,0.913509,0.883069,1.0649,-0.4760,1.2916,0.000,-6.103,152.326,0,0,566,209,113,117
1778699358.819492,115,0.964326,0.894559,0.862647,0.9572,0.4031,1.3539,0.000,-1.942,-147.215,0,0,40,160,81,129
1778699358.919574,0,0.997219,0.999692,0.996912,1.0217,-0.0157,1.2210,0.000,0.484,-178.098,0,0,304,248,105,120
1778699358.919574,114,0.969993,0.914164,0.886733,1.0681,-0.4756,1.2903,0.000,-6.125,153.138,0,0,567,208,114,117
1778699358.919574,115,0.970684,0.894727,0.868497,0.9623,0.4055,1.3535,0.000,-0.741,-148.131,0,0,40,160,81,132
1778699359.053064,0,0.998764,0.999551,0.998316,1.0242,-0.0139,1.2162,-0.000,1.663,-178.001,0,0,304,249,104,117
1778699359.053064,114,0.969653,0.914101,0.886360,1.0649,-0.4743,1.2916,-0.000,-6.120,153.163,0,0,566,208,113,117
1778699359.053064,115,0.966420,0.894727,0.864682,0.9603,0.4045,1.3530,-0.000,-1.743,-147.971,0,0,40,160,81,132
1778699359.119788,0,0.998354,0.999551,0.997906,1.0242,-0.0139,1.2162,-0.000,1.156,-178.172,0,0,304,249,105,117
1778699359.119788,114,0.965153,0.914101,0.882247,1.0649,-0.4743,1.2916,0.000,-7.164,153.190,0,0,566,208,114,117
1778699359.119788,115,0.960902,0.894727,0.859745,0.9603,0.4045,1.3530,0.000,-2.639,-147.071,0,0,40,160,81,132
1778699359.119788,0,0.998174,0.999551,0.997726,1.0242,-0.0139,1.2162,-0.000,1.156,-178.172,0,0,304,249,105,117
1778699359.119788,114,0.968724,0.914101,0.885511,1.0649,-0.4743,1.2916,0.000,-7.164,153.190,0,0,566,209,113,118
1778699359.119788,115,0.966456,0.894727,0.864714,0.9603,0.4045,1.3530,0.000,-2.639,-147.071,0,0,40,160,81,132
1778699359.119788,0,0.998518,0.999551,0.998069,1.0242,-0.0139,1.2162,-0.000,1.139,-177.649,0,0,304,249,105,117
1778699359.119788,114,0.962705,0.914101,0.880009,1.0649,-0.4743,1.2916,0.000,-6.036,151.927,0,0,566,208,113,117
1778699359.119788,115,0.966109,0.894727,0.864403,0.9603,0.4045,1.3530,-0.000,-1.727,-147.955,0,0,40,160,81,132
1778699359.286627,0,0.998271,0.999551,0.997822,1.0242,-0.0139,1.2162,0.000,1.095,-178.075,0,0,305,248,104,118
1778699359.286627,114,0.968126,0.914101,0.884964,1.0679,-0.4756,1.2921,0.000,-6.290,152.328,0,0,566,208,114,117
1778699359.286627,115,0.963757,0.894727,0.862299,0.9603,0.4045,1.3530,-0.000,-2.431,-148.112,0,0,40,160,81,130
1778699359.386733,0,0.996859,0.999621,0.996482,1.0221,-0.0157,1.2177,0.000,-0.072,-178.645,0,0,305,247,104,118
1778699359.386733,114,0.969666,0.914101,0.886372,1.0679,-0.4756,1.2921,0.000,-5.874,152.156,0,0,566,208,114,117
1778699359.386733,115,0.968415,0.894727,0.866467,0.9573,0.4031,1.3523,0.000,-1.653,-148.980,0,0,40,160,81,132
1778699359.553569,0,0.996427,0.999658,0.996086,1.0239,-0.0156,1.2195,0.000,-0.228,-178.254,0,0,305,247,105,118
1778699359.553569,114,0.970779,0.914101,0.887390,1.0649,-0.4743,1.2916,0.000,-5.445,151.650,0,0,566,208,114,117
1778699359.553569,115,0.968382,0.894727,0.866437,0.9603,0.4045,1.3530,0.000,-1.951,-149.886,0,0,40,160,81,130
1778699359.620303,0,0.997682,0.999658,0.997341,1.0219,-0.0157,1.2193,-0.000,0.672,-178.630,0,0,305,247,105,117
1778699359.620303,114,0.966674,0.914625,0.884144,1.0677,-0.4738,1.2938,0.000,-6.359,151.783,0,0,565,207,113,117
1778699359.620303,115,0.966048,0.894892,0.864509,0.9604,0.4045,1.3515,0.000,-2.047,-148.281,0,0,40,161,81,130
1778699359.687016,0,0.997999,0.999686,0.997685,1.0219,-0.0173,1.2193,0.000,0.946,-179.509,0,0,306,247,103,117
1778699359.687016,114,0.965578,0.914691,0.883205,1.0679,-0.4738,1.2921,0.000,-7.035,153.127,0,0,565,208,113,115
1778699359.687016,115,0.965361,0.894727,0.863734,0.9603,0.4045,1.3530,0.000,-1.941,-147.838,0,0,40,160,81,129
1778699359.687016,0,0.997758,0.999686,0.997444,1.0219,-0.0173,1.2193,0.000,0.762,-178.547,0,0,307,248,103,118
1778699359.687016,114,0.965646,0.914691,0.883267,1.0679,-0.4738,1.2921,0.000,-6.918,152.655,0,0,565,208,113,117
1778699359.687016,115,0.966084,0.894727,0.864381,0.9603,0.4045,1.3530,0.000,-2.140,-148.780,0,0,40,161,80,128
1778699359.820493,0,0.997584,0.999732,0.997317,1.0189,-0.0207,1.2191,0.000,0.693,-178.361,0,0,308,247,104,120
1778699359.820493,114,0.965846,0.914691,0.883451,1.0679,-0.4738,1.2921,0.000,-6.705,152.002,0,0,565,208,113,118
1778699359.820493,115,0.967938,0.894727,0.866040,0.9603,0.4045,1.3530,-0.000,-1.479,-148.226,0,0,40,160,80,129
1778699359.920616,0,0.997619,0.999732,0.997352,1.0159,-0.0207,1.2189,0.000,0.947,-177.720,0,0,308,247,103,118
1778699359.920616,114,0.961599,0.914691,0.879566,1.0649,-0.4725,1.2916,-0.000,-7.555,151.654,0,0,565,208,113,117
1778699359.920616,115,0.966829,0.894892,0.865207,0.9604,0.4045,1.3515,0.000,-1.623,-147.726,0,0,40,161,80,128
1778699359.920616,0,0.997175,0.999732,0.996907,1.0159,-0.0207,1.2189,0.000,0.947,-177.720,0,0,308,247,103,118
1778699359.920616,114,0.961793,0.914691,0.879743,1.0649,-0.4725,1.2916,-0.000,-7.555,151.654,0,0,565,208,113,117
1778699359.920616,115,0.965117,0.894287,0.863091,0.9604,0.4045,1.3515,0.000,-1.623,-147.726,0,0,39,161,79,128
1778699360.054093,0,0.996678,0.999784,0.996463,1.0157,-0.0224,1.2205,-0.000,0.213,-177.992,0,0,309,246,104,121
1778699360.054093,114,0.962713,0.914691,0.880585,1.0649,-0.4725,1.2916,0.000,-7.559,152.614,0,0,565,208,113,117
1778699360.054093,115,0.969661,0.894727,0.867581,0.9603,0.4045,1.3530,0.000,-1.914,-150.982,0,0,40,160,80,129
1778699360.054093,0,0.996451,0.999766,0.996218,1.0157,-0.0224,1.2205,-0.000,0.213,-177.992,0,0,308,246,104,121
1778699360.054093,114,0.960733,0.914691,0.878773,1.0649,-0.4725,1.2916,0.000,-7.559,152.614,0,0,565,208,112,117
1778699360.054093,115,0.968213,0.894287,0.865860,0.9603,0.4045,1.3530,0.000,-1.914,-150.982,0,0,39,161,79,128
1778699360.220966,0,0.996472,0.999766,0.996238,1.0187,-0.0207,1.2208,0.000,0.153,-177.632,0,0,308,247,104,122
1778699360.220966,114,0.961047,0.914691,0.879061,1.0649,-0.4725,1.2916,0.000,-7.939,152.716,0,0,565,208,114,117
1778699360.220966,115,0.970749,0.894727,0.868555,0.9603,0.4045,1.3530,0.000,-1.299,-149.641,0,0,40,160,80,133
1778699360.220966,0,0.996891,0.999732,0.996624,1.0187,-0.0207,1.2208,0.000,0.153,-177.632,0,0,308,247,104,121
1778699360.220966,114,0.964548,0.914754,0.882324,1.0649,-0.4725,1.2916,0.000,-7.939,152.716,0,0,565,209,114,117
1778699360.220966,115,0.964175,0.894727,0.862673,0.9603,0.4045,1.3530,0.000,-1.299,-149.641,0,0,40,160,80,129
1778699360.287677,0,0.997194,0.999744,0.996939,1.0189,-0.0207,1.2191,0.000,0.426,-177.502,0,0,307,246,104,120
1778699360.287677,114,0.961812,0.914101,0.879193,1.0681,-0.4738,1.2903,-0.000,-7.345,153.071,0,0,566,208,114,117
1778699360.287677,115,0.964380,0.895055,0.863173,0.9603,0.4045,1.3530,0.000,-1.845,-147.011,0,0,40,162,80,126
1778699360.354388,0,0.996714,0.999744,0.996459,1.0217,-0.0190,1.2210,0.000,0.395,-178.699,0,0,307,246,104,120
1778699360.354388,114,0.968401,0.914101,0.885216,1.0649,-0.4743,1.2916,-0.000,-7.566,151.753,0,0,565,208,113,117
1778699360.354388,115,0.963703,0.895055,0.862567,0.9606,0.4045,1.3499,-0.000,-2.303,-147.732,0,0,40,160,80,129
1778699360.354388,0,0.997124,0.999744,0.996869,1.0217,-0.0190,1.2210,0.000,0.013,-179.013,0,0,306,246,103,118
1778699360.354388,114,0.959393,0.914691,0.877548,1.0649,-0.4743,1.2916,0.000,-6.113,151.922,0,0,566,208,114,117
1778699360.354388,115,0.966202,0.894727,0.864487,0.9606,0.4045,1.3499,0.000,-1.943,-146.639,0,0,40,160,80,129
1778699360.587973,0,0.997150,0.999720,0.996871,1.0237,-0.0173,1.2212,0.000,0.343,-178.766,0,0,306,246,104,118
1778699360.587973,114,0.964870,0.914691,0.882557,1.0679,-0.4738,1.2921,0.000,-7.190,153.107,0,0,565,208,113,117
1778699360.587973,115,0.963924,0.894892,0.862608,0.9604,0.4045,1.3515,0.000,-2.511,-148.192,0,0,40,161,81,130
1778699360.654691,0,0.997203,0.999692,0.996896,1.0265,-0.0139,1.2231,0.000,0.552,-178.096,0,0,304,245,103,120
1778699360.654691,114,0.964061,0.914101,0.881249,1.0679,-0.4756,1.2921,-0.000,-7.223,152.337,0,0,566,208,114,117
1778699360.654691,115,0.968082,0.894892,0.866328,0.9604,0.4045,1.3515,0.000,-1.671,-148.574,0,0,40,161,81,130
1778699360.654691,0,0.997444,0.999692,0.997136,1.0265,-0.0139,1.2231,0.000,0.945,-177.427,0,0,304,246,103,118
1778699360.654691,114,0.962721,0.914101,0.880023,1.0679,-0.4756,1.2921,-0.000,-7.500,152.260,0,0,566,207,114,117
1778699360.654691,115,0.966345,0.894892,0.864774,0.9604,0.4045,1.3515,-0.000,-2.262,-149.055,0,0,40,161,81,128
1778699360.821557,0,0.996356,0.999692,0.996049,1.0265,-0.0139,1.2231,0.000,0.168,-177.233,0,0,304,245,104,120
1778699360.821557,114,0.964824,0.914101,0.881947,1.0679,-0.4756,1.2921,0.000,-6.874,151.675,0,0,566,208,114,117
1778699360.821557,115,0.968556,0.894727,0.866593,0.9623,0.4055,1.3535,0.000,-1.460,-148.556,0,0,40,160,81,132
1778699360.821557,0,0.996250,0.999692,0.995943,1.0265,-0.0139,1.2231,-0.000,0.100,-177.212,0,0,303,245,103,120
1778699360.821557,114,0.964728,0.914101,0.881858,1.0679,-0.4756,1.2921,0.000,-6.965,151.917,0,0,566,207,114,117
1778699360.821557,115,0.964316,0.894727,0.862799,0.9623,0.4055,1.3535,-0.000,-2.073,-147.571,0,0,40,161,80,128
1778699360.821557,0,0.996850,0.999658,0.996509,1.0265,-0.0139,1.2231,-0.000,0.100,-177.212,0,0,303,244,104,120
1778699360.821557,114,0.963670,0.914035,0.880828,1.0679,-0.4756,1.2921,0.000,-6.965,151.917,0,0,566,208,114,117
1778699360.821557,115,0.964424,0.894892,0.863055,0.9623,0.4055,1.3535,-0.000,-2.073,-147.571,0,0,40,161,80,128
1778699361.055144,0,0.996920,0.999686,0.996607,1.0264,-0.0122,1.2248,0.000,0.498,-177.719,0,0,303,244,104,120
1778699361.055144,114,0.964608,0.913509,0.881179,1.0649,-0.4760,1.2916,0.000,-6.943,151.640,0,0,567,208,114,117
1778699361.055144,115,0.964982,0.894892,0.863554,0.9604,0.4045,1.3515,0.000,-2.426,-148.614,0,0,40,161,81,128
1778699361.121882,0,0.996840,0.999658,0.996499,1.0265,-0.0122,1.2231,-0.000,0.385,-177.544,0,0,303,245,104,120
1778699361.121882,114,0.970649,0.914164,0.887332,1.0681,-0.4756,1.2903,-0.000,-5.769,152.322,0,0,566,209,113,118
1778699361.121882,115,0.968004,0.894892,0.866259,0.9624,0.4055,1.3519,-0.000,-1.763,-148.768,0,0,40,161,81,128
1778699361.121882,0,0.996711,0.999658,0.996371,1.0265,-0.0122,1.2231,0.000,0.243,-177.717,0,0,303,245,103,120
1778699361.121882,114,0.966713,0.914164,0.883734,1.0681,-0.4756,1.2903,-0.000,-6.620,151.985,0,0,567,208,114,117
1778699361.121882,115,0.962612,0.894892,0.861433,0.9624,0.4055,1.3519,-0.000,-3.068,-148.911,0,0,40,161,80,128
1778699361.221986,0,0.995759,0.999658,0.995419,1.0265,-0.0122,1.2231,-0.000,-0.238,-177.121,0,0,304,245,104,120
1778699361.221986,114,0.966328,0.913509,0.882750,1.0649,-0.4760,1.2916,0.000,-6.797,152.588,0,0,566,208,113,117
1778699361.221986,115,0.964257,0.894892,0.862906,0.9604,0.4045,1.3515,0.000,-2.134,-147.482,0,0,40,161,81,130
1778699361.355449,0,0.995832,0.999692,0.995526,1.0236,-0.0139,1.2228,0.000,0.003,-176.746,0,0,304,245,103,117
1778699361.355449,114,0.964900,0.914101,0.882016,1.0679,-0.4756,1.2921,0.000,-6.937,151.958,0,0,566,208,113,117
1778699361.355449,115,0.966680,0.894727,0.864914,0.9603,0.4045,1.3530,0.000,-1.829,-148.332,0,0,40,160,81,129
1778699361.455539,0,0.995518,0.999692,0.995212,1.0236,-0.0139,1.2228,-0.000,-0.032,-176.381,0,0,304,245,103,120
1778699361.455539,114,0.962615,0.913444,0.879295,1.0647,-0.4760,1.2934,0.000,-7.303,151.663,0,0,567,207,114,117
1778699361.455539,115,0.961824,0.894727,0.860570,0.9603,0.4045,1.3530,0.000,-2.698,-147.680,0,0,40,160,80,129
1778699361.522271,0,0.995462,0.999692,0.995155,1.0236,-0.0139,1.2228,0.000,-0.112,-176.461,0,0,304,245,103,117
1778699361.522271,114,0.964882,0.914035,0.881936,1.0677,-0.4756,1.2938,-0.000,-6.807,151.802,0,0,566,207,113,117
1778699361.522271,115,0.966653,0.894727,0.864890,0.9603,0.4045,1.3530,0.000,-1.999,-148.762,0,0,40,160,81,129
1778699361.522271,0,0.996205,0.999692,0.995898,1.0236,-0.0139,1.2228,0.000,0.562,-176.225,0,0,305,246,102,117
1778699361.522271,114,0.970125,0.914035,0.886728,1.0677,-0.4756,1.2938,0.000,-5.739,152.406,0,0,566,208,114,117
1778699361.522271,115,0.964264,0.894727,0.862752,0.9603,0.4045,1.3530,0.000,-2.342,-148.183,0,0,40,161,81,130
1778699361.622378,0,0.996406,0.999692,0.996099,1.0267,-0.0156,1.2214,0.000,1.087,-175.737,0,0,305,248,104,114
1778699361.622378,114,0.965277,0.914101,0.882360,1.0679,-0.4756,1.2921,0.000,-6.785,151.722,0,0,566,208,114,117
1778699361.622378,115,0.972243,0.894892,0.870052,0.9604,0.4045,1.3515,-0.000,-1.621,-152.591,0,0,40,162,81,126
1778699361.622378,0,0.996255,0.999621,0.995877,1.0267,-0.0156,1.2214,0.000,1.087,-175.737,0,0,305,247,104,117
1778699361.622378,114,0.966482,0.914101,0.883462,1.0679,-0.4756,1.2921,0.000,-6.785,151.722,0,0,566,208,114,117
1778699361.622378,115,0.965543,0.894892,0.864056,0.9604,0.4045,1.3515,-0.000,-1.621,-152.591,0,0,40,161,81,130
1778699361.822594,0,0.994912,0.999627,0.994542,1.0299,-0.0138,1.2200,0.000,-0.258,-175.732,0,0,304,247,103,117
1778699361.822594,114,0.968848,0.914101,0.885624,1.0679,-0.4756,1.2921,0.000,-6.024,151.987,0,0,566,208,113,117
1778699361.822594,115,0.967267,0.894892,0.865600,0.9624,0.4055,1.3519,0.000,-2.188,-149.497,0,0,40,161,81,128
1778699361.822594,0,0.995514,0.999627,0.995143,1.0299,-0.0138,1.2200,0.000,0.899,-174.921,0,0,305,248,104,115
1778699361.822594,114,0.966992,0.914101,0.883928,1.0679,-0.4756,1.2921,0.000,-6.124,150.929,0,0,566,207,113,117
1778699361.822594,115,0.965011,0.894892,0.863581,0.9624,0.4055,1.3519,0.000,-1.804,-147.165,0,0,40,160,81,129
1778699361.989410,0,0.996253,0.999658,0.995912,1.0299,-0.0155,1.2200,-0.000,1.064,-175.510,0,0,305,247,104,117
1778699361.989410,114,0.965848,0.914101,0.882882,1.0679,-0.4756,1.2921,0.000,-6.776,152.159,0,0,566,208,114,118
1778699361.989410,115,0.963537,0.895055,0.862419,0.9606,0.4045,1.3499,0.000,-2.955,-148.930,0,0,40,162,80,126
1778699362.056144,0,0.995481,0.999658,0.995141,1.0299,-0.0155,1.2200,0.000,0.914,-174.982,0,0,305,247,104,117
1778699362.056144,114,0.965410,0.914101,0.882482,1.0679,-0.4756,1.2921,-0.000,-6.822,151.960,0,0,566,208,113,117
1778699362.056144,115,0.965450,0.894727,0.863814,0.9603,0.4045,1.3530,-0.000,-1.653,-147.253,0,0,40,160,80,129
1778699362.122872,0,0.995821,0.999658,0.995480,1.0299,-0.0155,1.2200,0.000,0.955,-175.228,0,0,305,247,102,117
1778699362.122872,114,0.962204,0.914625,0.880056,1.0677,-0.4738,1.2938,0.000,-7.399,151.890,0,0,565,207,113,117
1778699362.122872,115,0.967513,0.894892,0.865819,0.9624,0.4055,1.3519,0.000,-1.779,-148.495,0,0,40,161,81,129
1778699362.222974,0,0.995041,0.999627,0.994670,1.0269,-0.0139,1.2197,-0.000,0.836,-174.604,0,0,304,247,103,117
1778699362.222974,114,0.963384,0.914101,0.880630,1.0649,-0.4743,1.2916,0.000,-7.194,151.661,0,0,566,208,113,117
1778699362.222974,115,0.966635,0.894892,0.865034,0.9624,0.4055,1.3519,-0.000,-1.858,-148.161,0,0,40,161,80,128
1778699362.289698,0,0.995783,0.999658,0.995443,1.0299,-0.0155,1.2200,0.000,0.927,-175.223,0,0,305,247,104,117
1778699362.289698,114,0.968448,0.914101,0.885259,1.0679,-0.4756,1.2921,0.000,-6.139,152.053,0,0,566,208,113,117
1778699362.289698,115,0.968172,0.894892,0.866409,0.9644,0.4064,1.3524,0.000,-1.471,-148.138,0,0,40,161,80,130
1778699362.356426,0,0.996228,0.999658,0.995887,1.0299,-0.0155,1.2200,0.000,1.131,-175.422,0,0,305,247,104,117
1778699362.356426,114,0.968749,0.914101,0.885534,1.0679,-0.4756,1.2921,0.000,-6.070,152.064,0,0,566,208,113,117
1778699362.356426,115,0.963520,0.894892,0.862246,0.9624,0.4055,1.3519,0.000,-2.275,-147.409,0,0,40,161,80,128
1778699362.423137,0,0.996494,0.999658,0.996153,1.0299,-0.0155,1.2200,0.000,1.473,-175.356,0,0,305,247,103,117
1778699362.423137,114,0.968858,0.914101,0.885634,1.0679,-0.4756,1.2921,-0.000,-6.168,152.533,0,0,566,208,114,117
1778699362.423137,115,0.968235,0.894892,0.866465,0.9624,0.4055,1.3519,0.000,-1.699,-148.747,0,0,40,161,80,130
1778699362.423137,0,0.995936,0.999658,0.995596,1.0299,-0.0155,1.2200,-0.000,1.211,-175.096,0,0,305,248,103,117
1778699362.423137,114,0.968042,0.914101,0.884888,1.0679,-0.4756,1.2921,0.000,-6.249,152.101,0,0,566,208,114,117
1778699362.423137,115,0.973303,0.894892,0.871001,0.9624,0.4055,1.3519,0.000,-1.420,-153.774,0,0,40,160,81,128
1778699362.423137,0,0.995413,0.999621,0.995036,1.0299,-0.0155,1.2200,-0.000,1.211,-175.096,0,0,305,248,103,115
1778699362.423137,114,0.963939,0.914101,0.881137,1.0679,-0.4756,1.2921,0.000,-6.249,152.101,0,0,566,208,114,117
1778699362.423137,115,0.971109,0.894727,0.868877,0.9624,0.4055,1.3519,0.000,-1.420,-153.774,0,0,40,160,80,129
1778699362.656742,0,0.995163,0.999621,0.994786,1.0270,-0.0156,1.2181,0.000,1.052,-174.540,0,0,305,248,103,115
1778699362.656742,114,0.963518,0.914625,0.881257,1.0677,-0.4738,1.2938,0.000,-7.232,152.358,0,0,565,207,113,117
1778699362.656742,115,0.969775,0.895216,0.868158,0.9627,0.4055,1.3487,-0.000,-1.745,-149.458,0,0,40,163,80,126
1778699362.723481,0,0.995466,0.999581,0.995049,1.0272,-0.0156,1.2164,0.000,0.800,-174.894,0,0,305,249,103,114
1778699362.723481,114,0.963951,0.914691,0.881716,1.0679,-0.4738,1.2921,0.000,-7.283,152.590,0,0,565,208,113,118
1778699362.723481,115,0.968532,0.894727,0.866571,0.9603,0.4045,1.3530,-0.000,-1.854,-149.680,0,0,40,160,80,129
1778699362.723481,0,0.995496,0.999581,0.995080,1.0272,-0.0156,1.2164,0.000,0.860,-174.867,0,0,305,249,103,114
1778699362.723481,114,0.965443,0.914691,0.883082,1.0679,-0.4738,1.2921,0.000,-7.051,153.053,0,0,565,208,112,117
1778699362.723481,115,0.968917,0.894727,0.866916,0.9603,0.4045,1.3530,0.000,-1.645,-149.314,0,0,40,161,81,128
1778699362.890324,0,0.994389,0.999581,0.993973,1.0272,-0.0156,1.2164,0.000,0.437,-174.397,0,0,305,249,103,114
1778699362.890324,114,0.964328,0.914754,0.882123,1.0681,-0.4738,1.2903,0.000,-7.398,153.094,0,0,565,209,113,117
1778699362.890324,115,0.959901,0.894892,0.859008,0.9624,0.4055,1.3519,0.000,-3.288,-147.861,0,0,40,161,80,128
1778699362.957062,0,0.994245,0.999581,0.993829,1.0302,-0.0155,1.2166,0.000,0.379,-174.344,0,0,305,249,103,114
1778699362.957062,114,0.962211,0.914691,0.880125,1.0709,-0.4752,1.2925,-0.000,-7.704,152.781,0,0,565,208,114,117
1778699362.957062,115,0.965311,0.894892,0.863849,0.9604,0.4045,1.3515,0.000,-2.282,-148.436,0,0,40,161,81,128
1778699363.023801,0,0.994362,0.999581,0.993946,1.0302,-0.0155,1.2166,0.000,0.818,-174.081,0,0,305,249,103,114
1778699363.023801,114,0.963304,0.915343,0.881753,1.0681,-0.4721,1.2903,0.000,-7.715,153.735,0,0,564,209,113,117
1778699363.023801,115,0.970846,0.894892,0.868802,0.9604,0.4045,1.3515,-0.000,-1.384,-149.711,0,0,40,161,81,129
1778699363.023801,0,0.993728,0.999658,0.993388,1.0302,-0.0155,1.2166,0.000,0.818,-174.081,0,0,305,247,103,120
1778699363.023801,114,0.966577,0.915343,0.884749,1.0681,-0.4721,1.2903,0.000,-7.715,153.735,0,0,564,209,113,117
1778699363.023801,115,0.963490,0.894727,0.862060,0.9604,0.4045,1.3515,-0.000,-1.384,-149.711,0,0,40,160,80,130
1778699363.123882,0,0.994964,0.999658,0.994624,1.0269,-0.0156,1.2197,-0.000,0.305,-175.160,0,0,305,247,103,118
1778699363.123882,114,0.966023,0.915343,0.884243,1.0710,-0.4734,1.2907,0.000,-7.009,153.154,0,0,565,208,114,117
1778699363.123882,115,0.964569,0.894727,0.863026,0.9623,0.4055,1.3535,-0.000,-1.944,-147.420,0,0,40,160,80,129
1778699363.223989,0,0.995767,0.999658,0.995426,1.0299,-0.0155,1.2200,-0.000,0.765,-175.369,0,0,305,246,103,118
1778699363.223989,114,0.964894,0.914691,0.882579,1.0679,-0.4738,1.2921,0.000,-7.205,153.212,0,0,565,209,114,117
1778699363.223989,115,0.962087,0.894727,0.860804,0.9603,0.4045,1.3530,0.000,-2.491,-147.342,0,0,40,160,80,129
1778699363.357473,0,0.996510,0.999723,0.996234,1.0295,-0.0155,1.2233,-0.000,0.071,179.955,0,0,305,245,104,121
1778699363.357473,114,0.965847,0.915343,0.884081,1.0710,-0.4734,1.2907,0.000,-6.953,152.718,0,0,564,209,113,115
1778699363.357473,115,0.962345,0.894727,0.861036,0.9603,0.4045,1.3530,0.000,-2.423,-147.323,0,0,40,160,81,129
1778699363.357473,0,0.996775,0.999723,0.996499,1.0295,-0.0155,1.2233,-0.000,0.071,179.955,0,0,305,244,104,121
1778699363.357473,114,0.962849,0.915343,0.881337,1.0710,-0.4734,1.2907,0.000,-6.953,152.718,0,0,564,209,113,117
1778699363.357473,115,0.962613,0.894727,0.861275,0.9603,0.4045,1.3530,0.000,-2.423,-147.323,0,0,40,160,81,129
1778699363.524333,0,0.996533,0.999723,0.996257,1.0295,-0.0155,1.2233,-0.000,0.003,-179.497,0,0,305,245,104,121
1778699363.524333,114,0.967023,0.914754,0.884588,1.0681,-0.4738,1.2903,0.000,-6.578,152.199,0,0,565,209,114,117
1778699363.524333,115,0.961870,0.894727,0.860610,0.9603,0.4045,1.3530,0.000,-2.173,-146.572,0,0,40,160,81,129
1778699363.524333,0,0.997098,0.999692,0.996791,1.0295,-0.0155,1.2233,-0.000,0.003,-179.497,0,0,305,246,104,121
1778699363.524333,114,0.964699,0.915343,0.883031,1.0681,-0.4738,1.2903,0.000,-6.578,152.199,0,0,564,209,113,117
1778699363.524333,115,0.964510,0.894727,0.862973,0.9603,0.4045,1.3530,0.000,-2.173,-146.572,0,0,40,160,81,129
1778699363.657799,0,0.997459,0.999658,0.997118,1.0299,-0.0155,1.2200,0.000,0.646,-177.846,0,0,305,247,103,118
1778699363.657799,114,0.962139,0.914691,0.880060,1.0649,-0.4725,1.2916,0.000,-7.430,151.631,0,0,565,208,112,117
1778699363.657799,115,0.961942,0.894892,0.860834,0.9624,0.4055,1.3519,0.000,-2.419,-146.927,0,0,40,161,81,130
1778699363.657799,0,0.997500,0.999658,0.997159,1.0299,-0.0155,1.2200,0.000,0.732,-177.691,0,0,305,247,104,118
1778699363.657799,114,0.962173,0.914691,0.880091,1.0649,-0.4725,1.2916,0.000,-7.555,152.112,0,0,565,208,114,117
1778699363.657799,115,0.965252,0.894892,0.863796,0.9624,0.4055,1.3519,0.000,-1.766,-147.208,0,0,40,160,81,129
