stamp,person_id,A_h,A_r,A_m,pos_x,pos_y,pos_z,roll,pitch,yaw,is_target,ptu_blind,bbox_u,bbox_v,bbox_w,bbox_h
1778699177.331500,0,0.987536,0.999950,0.987486,1.1119,-0.0233,1.2541,0.000,-0.905,-173.748,0,0,310,232,96,114
1778699177.331500,1,0.955558,0.916801,0.876057,1.1284,-0.4946,1.2897,0.000,-9.920,155.722,0,0,562,214,107,113
1778699177.331500,2,0.972122,0.893843,0.868924,0.9842,0.4193,1.3553,-0.000,0.705,-145.794,0,0,37,161,75,129
1778699177.331500,0,0.987117,0.999950,0.987067,1.1119,-0.0233,1.2541,0.000,-0.905,-173.748,0,0,310,232,96,114
1778699177.331500,1,0.958738,0.916801,0.878972,1.1284,-0.4946,1.2897,0.000,-9.920,155.722,0,0,562,214,105,113
1778699177.331500,2,0.963533,0.893073,0.860505,0.9842,0.4193,1.3553,-0.000,0.705,-145.794,0,0,38,161,76,129
1778699177.498343,0,0.986520,0.999950,0.986471,1.1119,-0.0233,1.2541,0.000,-1.066,-173.377,0,0,310,232,96,114
1778699177.498343,1,0.960523,0.916801,0.880609,1.1284,-0.4946,1.2897,0.000,-8.927,156.956,0,0,562,215,106,114
1778699177.498343,2,0.964636,0.893680,0.862076,0.9840,0.4193,1.3570,0.000,0.521,-143.372,0,0,37,162,74,128
1778699177.565076,0,0.986978,0.999950,0.986928,1.1119,-0.0233,1.2541,0.000,-0.939,-173.477,0,0,310,232,96,114
1778699177.565076,1,0.956386,0.916851,0.876863,1.1246,-0.4928,1.2873,-0.000,-9.859,156.644,0,0,562,214,106,113
1778699177.565076,2,0.971806,0.893235,0.868051,0.9871,0.4224,1.3560,0.000,1.737,-144.296,0,0,38,163,76,128
1778699177.631815,0,0.986867,0.999950,0.986818,1.1119,-0.0233,1.2541,-0.000,-1.256,-173.801,0,0,310,232,96,113
1778699177.631815,1,0.955645,0.916801,0.876136,1.1284,-0.4946,1.2897,0.000,-9.914,156.524,0,0,562,214,106,115
1778699177.631815,2,0.965666,0.894003,0.863308,0.9843,0.4193,1.3537,0.000,0.245,-143.837,0,0,38,162,76,130
1778699177.765275,0,0.986618,0.999950,0.986569,1.1119,-0.0233,1.2541,-0.000,-1.527,-174.015,0,0,310,232,96,113
1778699177.765275,1,0.955038,0.916801,0.875580,1.1245,-0.4928,1.2892,0.000,-10.001,155.323,0,0,562,214,107,113
1778699177.765275,2,0.981290,0.893235,0.876523,0.9842,0.4209,1.3553,0.000,1.738,-148.784,0,0,37,162,75,126
1778699177.765275,0,0.987436,0.999950,0.987387,1.1089,-0.0233,1.2538,-0.000,-1.263,-174.148,0,0,310,232,96,114
1778699177.765275,1,0.957608,0.916801,0.877936,1.1245,-0.4928,1.2892,0.000,-9.526,156.087,0,0,562,214,106,113
1778699177.765275,2,0.973703,0.893235,0.869746,0.9842,0.4209,1.3553,0.000,0.937,-146.053,0,0,37,162,75,128
1778699177.898733,0,0.985695,0.999950,0.985645,1.1089,-0.0233,1.2538,0.000,-1.620,-173.606,0,0,310,232,96,113
1778699177.898733,1,0.957458,0.916801,0.877798,1.1284,-0.4946,1.2897,0.000,-9.544,155.674,0,0,562,214,106,114
1778699177.898733,2,0.974541,0.893235,0.870494,0.9842,0.4209,1.3553,-0.000,1.021,-146.307,0,0,37,162,75,130
1778699177.898733,0,0.987618,0.999950,0.987568,1.1089,-0.0233,1.2538,0.000,-1.620,-173.606,0,0,310,232,96,114
1778699177.898733,1,0.960651,0.916801,0.880726,1.1284,-0.4946,1.2897,0.000,-9.544,155.674,0,0,562,214,106,115
1778699177.898733,2,0.969811,0.893235,0.866269,0.9842,0.4209,1.3553,-0.000,1.021,-146.307,0,0,37,162,75,132
1778699177.965490,0,0.987842,0.999950,0.987792,1.1089,-0.0233,1.2538,0.000,-1.114,-174.197,0,0,311,232,96,114
1778699177.965490,1,0.960430,0.916801,0.880524,1.1284,-0.4946,1.2897,0.000,-8.944,155.700,0,0,562,214,106,115
1778699177.965490,2,0.964068,0.893235,0.861139,0.9842,0.4209,1.3553,0.000,0.211,-143.350,0,0,38,162,76,130
1778699178.098984,0,0.986074,0.999950,0.986024,1.1059,-0.0233,1.2535,0.000,-1.338,-173.459,0,0,310,232,96,114
1778699178.098984,1,0.957411,0.916801,0.877755,1.1284,-0.4946,1.2897,0.000,-9.508,154.948,0,0,562,214,106,114
1778699178.098984,2,0.971032,0.893395,0.867515,0.9843,0.4209,1.3537,-0.000,1.005,-144.760,0,0,37,163,75,126
1778699178.098984,0,0.987198,0.999950,0.987149,1.1059,-0.0233,1.2535,-0.000,-1.464,-174.281,0,0,311,231,96,113
1778699178.098984,1,0.959002,0.916801,0.879214,1.1284,-0.4946,1.2897,-0.000,-9.221,155.390,0,0,562,214,106,115
1778699178.098984,2,0.975676,0.893395,0.871664,0.9843,0.4209,1.3537,-0.000,1.280,-146.322,0,0,37,162,74,128
1778699178.199093,0,0.987632,0.999950,0.987583,1.1057,-0.0252,1.2553,0.000,-1.235,-174.473,0,0,311,232,96,114
1778699178.199093,1,0.960205,0.916801,0.880317,1.1284,-0.4946,1.2897,-0.000,-8.878,154.338,0,0,562,214,106,114
1778699178.199093,2,0.975346,0.893235,0.871213,0.9842,0.4209,1.3553,0.000,1.276,-146.300,0,0,37,162,75,129
1778699178.332507,0,0.986885,0.999950,0.986835,1.1059,-0.0233,1.2535,0.000,-1.126,-173.649,0,0,310,232,95,114
1778699178.332507,1,0.963163,0.916801,0.883029,1.1245,-0.4928,1.2892,0.000,-8.278,154.521,0,0,562,214,107,114
1778699178.332507,2,0.974043,0.893235,0.870050,0.9842,0.4209,1.3553,0.000,0.695,-146.575,0,0,37,162,75,130
1778699178.399246,0,0.986234,0.999950,0.986185,1.1059,-0.0233,1.2535,0.000,-1.421,-173.652,0,0,310,232,95,113
1778699178.399246,1,0.961271,0.916801,0.881294,1.1245,-0.4928,1.2892,0.000,-8.709,154.807,0,0,562,214,107,114
1778699178.399246,2,0.972538,0.893395,0.868861,0.9843,0.4209,1.3537,0.000,1.638,-144.581,0,0,37,163,75,126
1778699178.465984,0,0.985763,0.999950,0.985713,1.1029,-0.0234,1.2532,0.000,-1.440,-173.417,0,0,310,232,95,114
1778699178.465984,1,0.963135,0.916749,0.882953,1.1282,-0.4946,1.2916,0.000,-8.288,155.745,0,0,562,213,106,115
1778699178.465984,2,0.970815,0.893235,0.867166,0.9842,0.4209,1.3553,0.000,1.067,-144.706,0,0,37,162,75,128
1778699178.465984,0,0.986848,0.999950,0.986799,1.1029,-0.0234,1.2532,0.000,-1.440,-173.417,0,0,310,232,95,113
1778699178.465984,1,0.957855,0.916749,0.878113,1.1282,-0.4946,1.2916,0.000,-8.288,155.745,0,0,562,213,106,115
1778699178.465984,2,0.975288,0.893235,0.871161,0.9842,0.4209,1.3553,0.000,1.067,-144.706,0,0,37,162,75,128
1778699178.566092,0,0.987337,0.999950,0.987287,1.1059,-0.0233,1.2535,0.000,-1.015,-173.769,0,0,310,232,95,113
1778699178.566092,1,0.962117,0.916749,0.882019,1.1282,-0.4946,1.2916,0.000,-8.489,155.448,0,0,561,213,107,115
1778699178.566092,2,0.965191,0.893235,0.862143,0.9842,0.4209,1.3553,0.000,-0.165,-144.187,0,0,37,162,75,129
1778699178.699569,0,0.986779,0.999950,0.986730,1.1059,-0.0233,1.2535,0.000,-1.301,-173.808,0,0,310,232,95,113
1778699178.699569,1,0.959656,0.917335,0.880325,1.1312,-0.4940,1.2920,0.000,-8.982,155.327,0,0,561,213,107,115
1778699178.699569,2,0.975006,0.893395,0.871065,0.9843,0.4209,1.3537,0.000,0.645,-146.989,0,0,37,163,75,128
1778699178.766326,0,0.986643,0.999950,0.986593,1.1029,-0.0234,1.2532,0.000,-1.292,-173.719,0,0,310,232,95,113
1778699178.766326,1,0.961083,0.916801,0.881122,1.1284,-0.4946,1.2897,0.000,-8.782,155.210,0,0,562,214,106,114
1778699178.766326,2,0.976201,0.893395,0.872133,0.9843,0.4209,1.3537,0.000,2.624,-144.887,0,0,37,163,75,125
1778699178.766326,0,0.987254,0.999950,0.987204,1.1029,-0.0234,1.2532,0.000,-0.795,-173.463,0,0,310,232,96,113
1778699178.766326,1,0.960508,0.916801,0.880594,1.1284,-0.4946,1.2897,-0.000,-8.933,155.818,0,0,562,214,106,114
1778699178.766326,2,0.965100,0.893395,0.862216,0.9843,0.4209,1.3537,-0.000,0.710,-143.043,0,0,37,162,75,125
1778699178.866434,0,0.987811,0.999950,0.987762,1.1059,-0.0233,1.2535,0.000,-0.761,-173.734,0,0,310,232,96,113
1778699178.866434,1,0.962982,0.916801,0.882863,1.1245,-0.4928,1.2892,-0.000,-8.388,155.299,0,0,562,214,106,114
1778699178.866434,2,0.967052,0.893235,0.863805,0.9842,0.4209,1.3553,-0.000,0.422,-144.116,0,0,37,162,75,125
1778699178.999913,0,0.987624,0.999950,0.987575,1.1059,-0.0233,1.2535,0.000,-0.903,-173.797,0,0,310,232,95,113
1778699178.999913,1,0.957082,0.917387,0.878014,1.1284,-0.4927,1.2897,0.000,-9.612,155.707,0,0,561,214,107,114
1778699178.999913,2,0.976288,0.893395,0.872211,0.9843,0.4209,1.3537,-0.000,1.996,-145.637,0,0,37,163,75,126
1778699178.999913,0,0.986984,0.999972,0.986956,1.1059,-0.0233,1.2535,0.000,-0.903,-173.797,0,0,311,233,96,114
1778699178.999913,1,0.958745,0.917387,0.879540,1.1284,-0.4927,1.2897,0.000,-9.612,155.707,0,0,561,214,107,114
1778699178.999913,2,0.968931,0.893395,0.865638,0.9843,0.4209,1.3537,-0.000,1.996,-145.637,0,0,37,163,75,126
1778699179.100021,0,0.987287,0.999972,0.987259,1.1091,-0.0251,1.2520,0.000,-0.774,-173.447,0,0,311,233,96,114
1778699179.100021,1,0.963123,0.917387,0.883556,1.1284,-0.4927,1.2897,0.000,-8.355,155.399,0,0,562,213,106,115
1778699179.100021,2,0.975727,0.893395,0.871710,0.9843,0.4209,1.3537,0.000,1.247,-146.394,0,0,37,163,75,126
1778699179.266864,0,0.988423,0.999972,0.988395,1.1091,-0.0251,1.2520,0.000,-0.588,-173.867,0,0,311,233,96,111
1778699179.266864,1,0.959584,0.916749,0.879698,1.1282,-0.4946,1.2916,0.000,-9.017,155.505,0,0,562,213,106,115
1778699179.266864,2,0.967526,0.893235,0.864229,0.9842,0.4209,1.3553,0.000,0.812,-143.824,0,0,37,162,75,129
1778699179.333587,0,0.988336,0.999972,0.988307,1.1091,-0.0251,1.2520,0.000,-0.588,-173.818,0,0,311,233,95,111
1778699179.333587,1,0.961262,0.916749,0.881236,1.1282,-0.4946,1.2916,0.000,-8.663,155.370,0,0,562,213,106,117
1778699179.333587,2,0.962332,0.893843,0.860174,0.9842,0.4193,1.3553,-0.000,0.465,-142.618,0,0,38,162,77,130
1778699179.400288,0,0.988866,0.999972,0.988838,1.1121,-0.0251,1.2523,0.000,-0.429,-173.943,0,0,311,233,95,110
1778699179.400288,1,0.958279,0.916801,0.878551,1.1284,-0.4946,1.2897,0.000,-9.349,155.128,0,0,562,214,107,114
1778699179.400288,2,0.958475,0.894003,0.856880,0.9843,0.4193,1.3537,0.000,0.111,-141.763,0,0,38,163,76,126
1778699179.467010,0,0.988927,0.999987,0.988914,1.1122,-0.0270,1.2505,0.000,-0.491,-174.036,0,0,312,234,96,110
1778699179.467010,1,0.962286,0.916801,0.882225,1.1245,-0.4928,1.2892,0.000,-8.564,155.879,0,0,562,214,106,114
1778699179.467010,2,0.954928,0.893843,0.853555,0.9842,0.4193,1.3553,-0.000,-0.164,-141.136,0,0,38,162,76,128
1778699179.467010,0,0.987645,0.999987,0.987632,1.1122,-0.0270,1.2505,0.000,-0.803,-173.663,0,0,312,234,96,110
1778699179.467010,1,0.959656,0.916801,0.879814,1.1245,-0.4928,1.2892,0.000,-9.073,155.177,0,0,562,214,107,114
1778699179.467010,2,0.954928,0.893843,0.853555,0.9842,0.4193,1.3553,-0.000,0.111,-140.877,0,0,38,162,76,126
1778699179.567117,0,0.988041,0.999987,0.988028,1.1122,-0.0270,1.2505,0.000,-0.864,-173.953,0,0,312,233,96,111
1778699179.567117,1,0.961196,0.916801,0.881226,1.1245,-0.4928,1.2892,0.000,-8.781,155.597,0,0,562,214,107,114
1778699179.567117,2,0.948274,0.893843,0.847608,0.9842,0.4193,1.3553,0.000,-0.768,-139.999,0,0,38,162,77,128
1778699179.700594,0,0.987711,0.999987,0.987698,1.1122,-0.0270,1.2505,-0.000,-0.706,-173.594,0,0,312,234,96,110
1778699179.700594,1,0.964117,0.916801,0.883904,1.1245,-0.4928,1.2892,0.000,-8.123,155.023,0,0,562,214,106,114
1778699179.700594,2,0.959382,0.894003,0.857690,0.9843,0.4193,1.3537,-0.000,0.289,-141.845,0,0,38,163,76,126
1778699179.767308,0,0.986204,0.999981,0.986185,1.1150,-0.0269,1.2526,0.000,-1.382,-173.665,0,0,312,233,96,111
1778699179.767308,1,0.961016,0.917387,0.881624,1.1284,-0.4927,1.2897,0.000,-8.815,155.698,0,0,561,214,107,114
1778699179.767308,2,0.950538,0.893843,0.849632,0.9871,0.4208,1.3560,0.000,-0.361,-140.185,0,0,38,162,76,126
1778699179.767308,0,0.987877,0.999981,0.987858,1.1150,-0.0269,1.2526,0.000,-0.685,-173.770,0,0,312,234,96,110
1778699179.767308,1,0.960624,0.917387,0.881263,1.1284,-0.4927,1.2897,0.000,-8.876,155.353,0,0,562,214,106,114
1778699179.767308,2,0.951685,0.893843,0.850657,0.9871,0.4208,1.3560,-0.000,0.231,-139.946,0,0,38,162,76,128
1778699179.934139,0,0.988237,0.999987,0.988224,1.1122,-0.0270,1.2505,-0.000,-0.788,-173.977,0,0,312,234,96,110
1778699179.934139,1,0.959972,0.916801,0.880104,1.1284,-0.4946,1.2897,0.000,-9.042,155.799,0,0,562,213,106,115
1778699179.934139,2,0.947734,0.893843,0.847126,0.9871,0.4208,1.3560,-0.000,-0.218,-139.379,0,0,38,162,77,126
1778699180.000864,0,0.987828,0.999987,0.987815,1.1122,-0.0270,1.2505,0.000,-0.712,-173.664,0,0,312,234,96,109
1778699180.000864,1,0.959446,0.916801,0.879621,1.1245,-0.4928,1.2892,-0.000,-9.096,154.916,0,0,562,214,107,114
1778699180.000864,2,0.945773,0.893680,0.845218,0.9840,0.4193,1.3570,0.000,-0.660,-139.372,0,0,38,161,77,129
1778699180.000864,0,0.985977,0.999987,0.985964,1.1122,-0.0270,1.2505,0.000,-0.712,-173.664,0,0,312,234,96,109
1778699180.000864,1,0.957729,0.916801,0.878047,1.1245,-0.4928,1.2892,-0.000,-9.096,154.916,0,0,562,214,106,114
1778699180.000864,2,0.952546,0.893680,0.851271,0.9840,0.4193,1.3570,0.000,-0.660,-139.372,0,0,38,161,77,129
1778699180.067602,0,0.985831,0.999987,0.985818,1.1122,-0.0270,1.2505,0.000,-1.417,-173.467,0,0,312,234,96,109
1778699180.067602,1,0.962255,0.916801,0.882197,1.1284,-0.4946,1.2897,-0.000,-9.474,155.357,0,0,562,214,106,114
1778699180.067602,2,0.951821,0.894003,0.850931,0.9840,0.4193,1.3570,-0.000,-0.589,-140.999,0,0,38,163,77,126
1778699180.134341,0,0.987849,0.999987,0.987836,1.1122,-0.0270,1.2505,0.000,-1.394,-173.363,0,0,312,234,96,109
1778699180.134341,1,0.956841,0.916801,0.877233,1.1284,-0.4946,1.2897,0.000,-8.566,155.738,0,0,562,214,106,114
1778699180.134341,2,0.948515,0.894003,0.847975,0.9843,0.4193,1.3537,0.000,-0.387,-140.458,0,0,38,162,77,126
1778699180.301199,0,0.986495,0.999987,0.986482,1.1122,-0.0270,1.2505,0.000,-1.184,-173.473,0,0,312,234,96,109
1778699180.301199,1,0.957955,0.916801,0.878254,1.1245,-0.4928,1.2892,0.000,-9.367,154.603,0,0,562,214,106,114
1778699180.301199,2,0.966235,0.894003,0.863817,0.9843,0.4193,1.3537,0.000,1.141,-143.049,0,0,38,163,77,128
1778699180.301199,0,0.986880,0.999987,0.986867,1.1122,-0.0270,1.2505,0.000,-1.615,-174.220,0,0,312,234,96,110
1778699180.301199,1,0.958442,0.916801,0.878700,1.1245,-0.4928,1.2892,-0.000,-9.248,154.417,0,0,562,214,106,114
1778699180.301199,2,0.960730,0.894003,0.858896,0.9843,0.4193,1.3537,0.000,0.609,-141.920,0,0,38,162,77,129
1778699180.301199,0,0.987497,0.999987,0.987484,1.1122,-0.0270,1.2505,0.000,-1.615,-174.220,0,0,312,234,96,109
1778699180.301199,1,0.960762,0.916801,0.880828,1.1245,-0.4928,1.2892,-0.000,-9.248,154.417,0,0,562,214,107,114
1778699180.301199,2,0.953559,0.893843,0.852331,0.9843,0.4193,1.3537,0.000,0.609,-141.920,0,0,38,162,77,126
1778699180.468045,0,0.987315,0.999987,0.987302,1.1122,-0.0270,1.2505,0.000,-1.578,-174.435,0,0,312,234,96,110
1778699180.468045,1,0.958510,0.916801,0.878763,1.1284,-0.4946,1.2897,0.000,-9.278,154.835,0,0,562,214,106,114
1778699180.468045,2,0.957114,0.893843,0.855509,0.9871,0.4208,1.3560,-0.000,-0.253,-141.828,0,0,38,162,76,128
1778699180.601548,0,0.987195,0.999987,0.987182,1.1093,-0.0270,1.2502,0.000,-1.765,-174.629,0,0,312,234,96,110
1778699180.601548,1,0.958305,0.916801,0.878575,1.1284,-0.4946,1.2897,0.000,-9.356,155.307,0,0,562,214,106,114
1778699180.601548,2,0.954261,0.893843,0.852959,0.9871,0.4208,1.3560,0.000,-0.255,-141.046,0,0,38,162,76,126
1778699180.601548,0,0.988829,0.999987,0.988816,1.1093,-0.0270,1.2502,0.000,-1.236,-174.930,0,0,312,233,96,111
1778699180.601548,1,0.961121,0.916801,0.881156,1.1284,-0.4946,1.2897,0.000,-8.798,155.617,0,0,561,214,106,114
1778699180.601548,2,0.960907,0.893843,0.858900,0.9871,0.4208,1.3560,-0.000,0.675,-141.987,0,0,38,163,76,125
1778699180.701653,0,0.988611,0.999981,0.988592,1.1121,-0.0270,1.2523,0.000,-1.114,-174.751,0,0,311,233,95,111
1778699180.701653,1,0.956770,0.917387,0.877728,1.1284,-0.4927,1.2897,-0.000,-9.633,155.054,0,0,561,214,107,114
1778699180.701653,2,0.961324,0.894003,0.859427,0.9873,0.4208,1.3544,-0.000,1.223,-141.525,0,0,38,163,76,128
1778699180.701653,0,0.987959,0.999972,0.987931,1.1121,-0.0270,1.2523,0.000,-1.114,-174.751,0,0,311,233,97,114
1778699180.701653,1,0.959293,0.917387,0.880043,1.1284,-0.4927,1.2897,-0.000,-9.633,155.054,0,0,561,214,106,114
1778699180.701653,2,0.963167,0.894003,0.861074,0.9873,0.4208,1.3544,-0.000,1.223,-141.525,0,0,38,162,76,128
1778699180.835131,0,0.989314,0.999972,0.989286,1.1091,-0.0251,1.2520,-0.000,-1.139,-175.179,0,0,311,233,96,111
1778699180.835131,1,0.956171,0.917387,0.877179,1.1284,-0.4927,1.2897,0.000,-9.798,155.890,0,0,561,214,106,115
1778699180.835131,2,0.970644,0.893843,0.867603,0.9871,0.4208,1.3560,0.000,1.157,-144.625,0,0,37,162,75,129
1778699180.968607,0,0.988882,0.999972,0.988854,1.1091,-0.0251,1.2520,-0.000,-1.520,-175.495,0,0,311,232,97,113
1778699180.968607,1,0.956776,0.917387,0.877734,1.1284,-0.4927,1.2897,0.000,-9.656,155.387,0,0,561,214,106,115
1778699180.968607,2,0.966356,0.893235,0.863183,0.9871,0.4224,1.3560,0.000,0.658,-143.601,0,0,37,162,74,125
1778699181.035332,0,0.989544,0.999972,0.989516,1.1091,-0.0251,1.2520,0.000,-1.373,-175.767,0,0,311,233,97,111
1778699181.035332,1,0.958093,0.917387,0.878942,1.1284,-0.4927,1.2897,0.000,-9.409,155.666,0,0,561,214,106,114
1778699181.035332,2,0.981690,0.893395,0.877037,0.9873,0.4224,1.3544,0.000,2.719,-147.200,0,0,37,163,75,128
1778699181.102064,0,0.988464,0.999987,0.988451,1.1122,-0.0270,1.2505,0.000,-1.524,-175.117,0,0,312,234,96,111
1778699181.102064,1,0.961746,0.917387,0.882293,1.1284,-0.4927,1.2897,0.000,-8.592,154.771,0,0,561,214,106,115
1778699181.102064,2,0.975284,0.893395,0.871314,0.9843,0.4209,1.3537,0.000,0.700,-147.036,0,0,37,163,75,128
1778699181.102064,0,0.988727,0.999987,0.988714,1.1122,-0.0270,1.2505,0.000,-1.524,-175.117,0,0,312,234,96,111
1778699181.102064,1,0.960199,0.917387,0.880874,1.1284,-0.4927,1.2897,0.000,-8.592,154.771,0,0,561,214,106,115
1778699181.102064,2,0.970767,0.893395,0.867278,0.9843,0.4209,1.3537,0.000,0.700,-147.036,0,0,37,163,75,128
1778699181.268921,0,0.988531,0.999987,0.988518,1.1122,-0.0270,1.2505,0.000,-1.275,-174.785,0,0,312,234,96,111
1778699181.268921,1,0.957067,0.917387,0.878000,1.1284,-0.4927,1.2897,0.000,-9.589,155.252,0,0,561,214,106,115
1778699181.268921,2,0.973446,0.893235,0.869517,0.9871,0.4224,1.3560,0.000,1.336,-145.399,0,0,37,162,74,129
1778699181.268921,0,0.988687,0.999990,0.988677,1.1122,-0.0270,1.2505,0.000,-1.275,-174.785,0,0,312,235,95,110
1778699181.268921,1,0.959166,0.917437,0.879974,1.1284,-0.4927,1.2897,0.000,-9.589,155.252,0,0,561,215,107,114
1778699181.268921,2,0.978520,0.893235,0.874048,0.9871,0.4224,1.3560,0.000,1.336,-145.399,0,0,37,162,74,129
1778699181.402412,0,0.987268,0.999993,0.987261,1.1063,-0.0288,1.2499,-0.000,-1.637,-174.590,0,0,313,234,96,111
1778699181.402412,1,0.958446,0.917387,0.879266,1.1284,-0.4927,1.2897,0.000,-9.295,155.019,0,0,561,214,106,115
1778699181.402412,2,0.980199,0.893395,0.875705,0.9843,0.4209,1.3537,0.000,2.601,-146.617,0,0,37,163,74,128
1778699181.402412,0,0.987512,0.999993,0.987506,1.1063,-0.0288,1.2499,-0.000,-1.351,-174.347,0,0,312,234,95,111
1778699181.402412,1,0.959099,0.917387,0.879865,1.1284,-0.4927,1.2897,0.000,-9.149,154.862,0,0,561,214,106,115
1778699181.402412,2,0.976696,0.893395,0.872576,0.9843,0.4209,1.3537,0.000,0.464,-148.269,0,0,37,164,74,129
1778699181.569228,0,0.987311,0.999987,0.987298,1.1063,-0.0270,1.2499,0.000,-1.570,-174.421,0,0,313,234,96,110
1778699181.569228,1,0.959671,0.917387,0.880389,1.1284,-0.4927,1.2897,0.000,-9.018,154.723,0,0,561,214,106,115
1778699181.569228,2,0.970501,0.893395,0.867041,0.9843,0.4209,1.3537,0.000,-0.071,-146.027,0,0,37,163,75,130
1778699181.635964,0,0.987655,0.999993,0.987648,1.1033,-0.0288,1.2495,0.000,-1.344,-174.424,0,0,313,234,96,111
1778699181.635964,1,0.958540,0.917387,0.879352,1.1284,-0.4927,1.2897,0.000,-9.312,155.516,0,0,561,214,106,115
1778699181.635964,2,0.978766,0.893235,0.874268,0.9871,0.4224,1.3560,-0.000,1.250,-148.130,0,0,37,162,75,129
1778699181.702690,0,0.987684,0.999993,0.987677,1.1033,-0.0288,1.2495,0.000,-1.072,-174.097,0,0,313,234,96,110
1778699181.702690,1,0.958969,0.917387,0.879746,1.1284,-0.4927,1.2897,0.000,-9.163,154.735,0,0,561,214,106,115
1778699181.702690,2,0.976192,0.893395,0.872125,0.9843,0.4209,1.3537,-0.000,1.291,-146.547,0,0,37,163,75,128
1778699181.702690,0,0.987087,0.999993,0.987080,1.1033,-0.0288,1.2495,0.000,-1.072,-174.097,0,0,313,234,95,110
1778699181.702690,1,0.956594,0.917387,0.877567,1.1284,-0.4927,1.2897,0.000,-9.163,154.735,0,0,561,214,107,114
1778699181.702690,2,0.977177,0.893395,0.873006,0.9843,0.4209,1.3537,-0.000,1.291,-146.547,0,0,37,163,75,128
1778699181.769413,0,0.986691,0.999993,0.986684,1.1063,-0.0288,1.2499,0.000,-1.268,-173.775,0,0,313,234,96,110
1778699181.769413,1,0.957718,0.917387,0.878598,1.1284,-0.4927,1.2897,0.000,-9.483,155.641,0,0,561,214,106,114
1778699181.769413,2,0.974640,0.893395,0.870739,0.9843,0.4209,1.3537,0.000,1.304,-145.830,0,0,37,163,75,130
1778699181.769413,0,0.986831,0.999993,0.986824,1.1063,-0.0288,1.2499,0.000,-1.268,-173.775,0,0,313,235,96,110
1778699181.769413,1,0.960442,0.917387,0.881097,1.1284,-0.4927,1.2897,0.000,-9.483,155.641,0,0,561,214,106,115
1778699181.769413,2,0.978590,0.893395,0.874268,0.9843,0.4209,1.3537,0.000,1.304,-145.830,0,0,37,163,75,128
1778699182.002998,0,0.985921,0.999996,0.985917,1.1065,-0.0288,1.2480,0.000,-1.607,-173.643,0,0,313,234,96,111
1778699182.002998,1,0.956508,0.917387,0.877488,1.1284,-0.4927,1.2897,-0.000,-9.720,155.601,0,0,561,214,107,114
1778699182.002998,2,0.969419,0.893395,0.866074,0.9873,0.4224,1.3544,0.000,-0.108,-145.618,0,0,37,163,75,130
1778699182.069734,0,0.985971,0.999987,0.985958,1.1093,-0.0270,1.2502,0.000,-1.689,-173.793,0,0,312,234,95,109
1778699182.069734,1,0.959411,0.917387,0.880151,1.1284,-0.4927,1.2897,0.000,-9.131,155.439,0,0,561,214,106,114
1778699182.069734,2,0.964069,0.893843,0.861726,0.9842,0.4193,1.3553,-0.000,0.150,-143.512,0,0,38,162,76,132
1778699182.069734,0,0.986480,0.999987,0.986467,1.1093,-0.0270,1.2502,0.000,-1.612,-173.981,0,0,312,234,95,110
1778699182.069734,1,0.959690,0.917387,0.880407,1.1284,-0.4927,1.2897,-0.000,-8.992,154.524,0,0,562,214,106,114
1778699182.069734,2,0.960453,0.893843,0.858494,0.9842,0.4193,1.3553,0.000,0.398,-142.128,0,0,37,163,74,126
1778699182.169835,0,0.986412,0.999987,0.986399,1.1093,-0.0270,1.2502,0.000,-1.380,-173.655,0,0,312,234,96,109
1778699182.169835,1,0.955348,0.916801,0.875864,1.1245,-0.4928,1.2892,0.000,-9.970,156.637,0,0,562,214,106,114
1778699182.169835,2,0.962201,0.893395,0.859625,0.9843,0.4209,1.3537,0.000,-0.016,-142.912,0,0,38,163,76,126
1778699182.236573,0,0.987752,0.999987,0.987739,1.1122,-0.0270,1.2505,0.000,-1.019,-173.971,0,0,312,234,96,110
1778699182.236573,1,0.955187,0.916801,0.875717,1.1245,-0.4928,1.2892,0.000,-9.973,155.342,0,0,562,214,107,113
1778699182.236573,2,0.956881,0.894003,0.855454,0.9843,0.4193,1.3537,0.000,-0.379,-141.807,0,0,38,162,76,125
1778699182.370050,0,0.987024,0.999987,0.987011,1.1122,-0.0270,1.2505,-0.000,-1.177,-173.749,0,0,312,234,96,110
1778699182.370050,1,0.960385,0.916801,0.880482,1.1284,-0.4946,1.2897,0.000,-8.965,156.611,0,0,562,214,106,114
1778699182.370050,2,0.974580,0.893395,0.870685,0.9843,0.4209,1.3537,0.000,0.880,-146.408,0,0,37,163,75,124
1778699182.470158,0,0.987159,0.999987,0.987146,1.1122,-0.0270,1.2505,-0.000,-1.291,-173.963,0,0,312,235,96,110
1778699182.470158,1,0.959447,0.916801,0.879622,1.1245,-0.4928,1.2892,0.000,-9.159,156.357,0,0,562,214,106,113
1778699182.470158,2,0.954234,0.894003,0.853088,0.9843,0.4193,1.3537,0.000,-0.645,-141.342,0,0,38,163,76,126
1778699182.470158,0,0.986841,0.999990,0.986832,1.1124,-0.0270,1.2486,0.000,-1.714,-174.195,0,0,312,234,96,110
1778699182.470158,1,0.954922,0.916801,0.875474,1.1245,-0.4928,1.2892,0.000,-10.048,156.846,0,0,562,214,105,114
1778699182.470158,2,0.956838,0.894003,0.855416,0.9843,0.4193,1.3537,0.000,-0.624,-142.051,0,0,38,162,76,128
1778699182.536897,0,0.988163,0.999987,0.988150,1.1122,-0.0270,1.2505,-0.000,-1.099,-174.312,0,0,312,234,96,110
1778699182.536897,1,0.954675,0.916801,0.875247,1.1284,-0.4946,1.2897,0.000,-10.082,157.195,0,0,562,214,105,111
1778699182.536897,2,0.956836,0.893843,0.855261,0.9871,0.4208,1.3560,-0.000,-0.099,-141.594,0,0,38,162,76,125
1778699182.536897,0,0.989013,0.999987,0.989000,1.1122,-0.0270,1.2505,-0.000,-1.099,-174.312,0,0,312,234,96,110
1778699182.536897,1,0.956872,0.916801,0.877261,1.1284,-0.4946,1.2897,0.000,-10.082,157.195,0,0,562,214,106,113
1778699182.536897,2,0.960620,0.893843,0.858643,0.9871,0.4208,1.3560,-0.000,-0.099,-141.594,0,0,38,162,76,124
1778699182.737078,0,0.988221,0.999987,0.988208,1.1122,-0.0270,1.2505,-0.000,-0.915,-174.117,0,0,312,234,96,110
1778699182.737078,1,0.956773,0.916801,0.877171,1.1245,-0.4928,1.2892,-0.000,-9.693,156.204,0,0,562,214,107,113
1778699182.737078,2,0.958414,0.894003,0.856825,0.9873,0.4208,1.3544,0.000,0.255,-141.606,0,0,38,163,76,125
1778699182.803817,0,0.987093,0.999987,0.987080,1.1122,-0.0270,1.2505,-0.000,-1.210,-173.827,0,0,312,234,96,110
1778699182.803817,1,0.955929,0.916801,0.876397,1.1245,-0.4928,1.2892,-0.000,-9.834,157.285,0,0,562,214,106,111
1778699182.803817,2,0.963318,0.893235,0.860470,0.9842,0.4209,1.3553,0.000,0.465,-142.830,0,0,37,162,75,125
1778699182.803817,0,0.986963,0.999987,0.986950,1.1122,-0.0270,1.2505,-0.000,-1.598,-174.246,0,0,312,234,95,110
1778699182.803817,1,0.952874,0.916801,0.873596,1.1245,-0.4928,1.2892,0.000,-10.374,157.949,0,0,562,214,106,114
1778699182.803817,2,0.959873,0.893235,0.857392,0.9842,0.4209,1.3553,0.000,-0.084,-142.364,0,0,37,163,75,126
1778699182.970677,0,0.987259,0.999987,0.987247,1.1122,-0.0270,1.2505,0.000,-1.301,-174.033,0,0,312,234,95,109
1778699182.970677,1,0.955470,0.916801,0.875976,1.1245,-0.4928,1.2892,0.000,-9.909,157.524,0,0,562,214,106,113
1778699182.970677,2,0.956868,0.893843,0.855290,0.9871,0.4208,1.3560,-0.000,-0.245,-141.751,0,0,38,162,76,125
1778699183.037430,0,0.987576,0.999987,0.987563,1.1122,-0.0270,1.2505,-0.000,-1.055,-173.913,0,0,312,234,95,109
1778699183.037430,1,0.961138,0.916801,0.881172,1.1245,-0.4928,1.2892,-0.000,-8.763,157.611,0,0,562,214,106,114
1778699183.037430,2,0.965009,0.893395,0.862135,0.9843,0.4209,1.3537,-0.000,0.595,-143.136,0,0,37,163,75,126
1778699183.037430,0,0.986114,0.999987,0.986101,1.1122,-0.0270,1.2505,-0.000,-1.055,-173.913,0,0,312,234,95,109
1778699183.037430,1,0.954124,0.916801,0.874742,1.1245,-0.4928,1.2892,-0.000,-8.763,157.611,0,0,562,214,106,114
1778699183.037430,2,0.954780,0.893843,0.853423,0.9843,0.4209,1.3537,-0.000,0.595,-143.136,0,0,38,162,77,126
1778699183.104154,0,0.986882,0.999987,0.986869,1.1152,-0.0269,1.2508,-0.000,-1.537,-173.683,0,0,312,234,95,109
1778699183.104154,1,0.952752,0.916801,0.873484,1.1245,-0.4928,1.2892,0.000,-10.205,156.692,0,0,562,214,106,113
1778699183.104154,2,0.961480,0.893843,0.859412,0.9871,0.4208,1.3560,0.000,-0.364,-141.293,0,0,38,162,77,128
1778699183.270972,0,0.986522,0.999987,0.986509,1.1122,-0.0270,1.2505,0.000,-1.701,-174.125,0,0,312,234,95,110
1778699183.270972,1,0.957226,0.916801,0.877586,1.1245,-0.4928,1.2892,0.000,-9.595,156.904,0,0,562,214,106,114
1778699183.270972,2,0.964298,0.893235,0.861345,0.9871,0.4224,1.3560,0.000,0.173,-143.469,0,0,37,162,75,128
1778699183.337711,0,0.985839,0.999987,0.985826,1.1122,-0.0270,1.2505,0.000,-1.619,-173.634,0,0,312,234,96,110
1778699183.337711,1,0.953514,0.916801,0.874183,1.1245,-0.4928,1.2892,0.000,-10.301,155.449,0,0,562,214,106,114
1778699183.337711,2,0.959091,0.893843,0.857277,0.9871,0.4208,1.3560,0.000,0.239,-141.893,0,0,38,162,77,126
1778699183.337711,0,0.987240,0.999987,0.987227,1.1122,-0.0270,1.2505,0.000,-0.996,-173.658,0,0,312,234,95,110
1778699183.337711,1,0.955469,0.916801,0.875975,1.1245,-0.4928,1.2892,0.000,-9.942,155.876,0,0,562,214,106,115
1778699183.337711,2,0.958815,0.893843,0.857030,0.9871,0.4208,1.3560,-0.000,0.657,-141.416,0,0,38,162,76,125
1778699183.437818,0,0.987272,0.999987,0.987259,1.1152,-0.0269,1.2508,0.000,-1.237,-173.961,0,0,312,234,95,109
1778699183.437818,1,0.953399,0.916801,0.874077,1.1245,-0.4928,1.2892,0.000,-10.319,155.373,0,0,562,215,106,114
1778699183.437818,2,0.950075,0.893843,0.849218,0.9871,0.4208,1.3560,0.000,-0.350,-140.061,0,0,38,162,76,126
1778699183.571295,0,0.989152,0.999987,0.989139,1.1152,-0.0269,1.2508,0.000,-0.807,-174.552,0,0,312,234,95,109
1778699183.571295,1,0.955502,0.916801,0.876005,1.1245,-0.4928,1.2892,0.000,-9.836,154.446,0,0,562,214,106,113
1778699183.571295,2,0.972023,0.893235,0.868246,0.9871,0.4224,1.3560,-0.000,2.479,-143.616,0,0,37,162,75,129
1778699183.638034,0,0.988128,0.999987,0.988115,1.1152,-0.0269,1.2508,-0.000,-1.186,-174.404,0,0,312,234,96,110
1778699183.638034,1,0.958412,0.917437,0.879283,1.1286,-0.4927,1.2879,0.000,-9.313,154.276,0,0,561,215,107,114
1778699183.638034,2,0.963238,0.893235,0.860398,0.9871,0.4224,1.3560,0.000,0.502,-142.767,0,0,37,162,75,125
1778699183.638034,0,0.987411,0.999987,0.987398,1.1152,-0.0269,1.2508,0.000,-1.336,-174.166,0,0,312,234,95,110
1778699183.638034,1,0.954285,0.917437,0.875496,1.1286,-0.4927,1.2879,0.000,-10.242,155.564,0,0,562,214,106,115
1778699183.638034,2,0.963512,0.893235,0.860643,0.9871,0.4224,1.3560,0.000,0.427,-142.932,0,0,37,162,75,125
1778699183.638034,0,0.987369,0.999987,0.987356,1.1152,-0.0269,1.2508,0.000,-1.336,-174.166,0,0,312,234,95,109
1778699183.638034,1,0.957403,0.916801,0.877748,1.1286,-0.4927,1.2879,0.000,-10.242,155.564,0,0,562,215,106,114
1778699183.638034,2,0.964067,0.893235,0.861139,0.9871,0.4224,1.3560,0.000,0.427,-142.932,0,0,38,162,76,125
1778699183.804889,0,0.986872,0.999987,0.986859,1.1152,-0.0269,1.2508,-0.000,-1.526,-174.096,0,0,312,234,96,109
1778699183.804889,1,0.956844,0.916851,0.877283,1.1246,-0.4928,1.2873,0.000,-9.752,155.540,0,0,561,214,107,115
1778699183.804889,2,0.973265,0.893843,0.869946,0.9871,0.4208,1.3560,-0.000,0.935,-145.957,0,0,37,163,75,128
1778699183.938339,0,0.988087,0.999987,0.988074,1.1152,-0.0269,1.2508,-0.000,-1.083,-174.245,0,0,312,234,95,109
1778699183.938339,1,0.956069,0.917387,0.877085,1.1284,-0.4927,1.2897,0.000,-9.768,155.024,0,0,561,214,107,115
1778699183.938339,2,0.975021,0.893395,0.871079,0.9873,0.4224,1.3544,-0.000,1.343,-145.941,0,0,37,163,74,126
1778699184.005080,0,0.987627,0.999987,0.987614,1.1122,-0.0270,1.2505,0.000,-1.297,-174.244,0,0,312,234,96,109
1778699184.005080,1,0.956179,0.917387,0.877186,1.1284,-0.4927,1.2897,0.000,-9.788,155.673,0,0,561,214,106,114
1778699184.005080,2,0.976833,0.893395,0.872698,0.9873,0.4224,1.3544,-0.000,1.778,-146.153,0,0,37,163,74,126
1778699184.005080,0,0.986755,0.999987,0.986742,1.1122,-0.0270,1.2505,0.000,-1.384,-173.849,0,0,312,234,96,109
1778699184.005080,1,0.959818,0.917387,0.880524,1.1284,-0.4927,1.2897,-0.000,-9.034,155.234,0,0,561,214,105,115
1778699184.005080,2,0.978312,0.893395,0.874019,0.9873,0.4224,1.3544,0.000,1.084,-148.009,0,0,37,163,75,126
1778699184.005080,0,0.987339,0.999978,0.987317,1.1122,-0.0270,1.2505,0.000,-1.384,-173.849,0,0,311,234,95,111
1778699184.005080,1,0.958423,0.917437,0.879292,1.1284,-0.4927,1.2897,-0.000,-9.034,155.234,0,0,561,215,107,114
1778699184.005080,2,0.981929,0.893395,0.877251,0.9873,0.4224,1.3544,0.000,1.084,-148.009,0,0,37,163,74,125
1778699184.272043,0,0.987961,0.999978,0.987939,1.1122,-0.0251,1.2505,0.000,-1.395,-174.484,0,0,311,234,95,109
1778699184.272043,1,0.958318,0.916801,0.878587,1.1245,-0.4928,1.2892,-0.000,-9.294,154.603,0,0,562,214,106,115
1778699184.272043,2,0.977905,0.893395,0.873655,0.9873,0.4224,1.3544,-0.000,0.802,-148.320,0,0,37,163,74,124
1778699184.272043,0,0.986863,0.999978,0.986841,1.1122,-0.0251,1.2505,0.000,-1.395,-174.484,0,0,311,234,95,109
1778699184.272043,1,0.957234,0.916801,0.877593,1.1245,-0.4928,1.2892,-0.000,-9.294,154.603,0,0,561,214,106,114
1778699184.272043,2,0.978553,0.893395,0.874235,0.9873,0.4224,1.3544,-0.000,0.802,-148.320,0,0,37,164,74,126
1778699184.338767,0,0.986414,0.999978,0.986392,1.1122,-0.0251,1.2505,0.000,-1.678,-173.929,0,0,311,234,95,109
1778699184.338767,1,0.958664,0.917387,0.879466,1.1284,-0.4927,1.2897,-0.000,-9.281,155.416,0,0,561,214,106,115
1778699184.338767,2,0.972216,0.893553,0.868726,0.9875,0.4224,1.3528,0.000,-0.191,-146.883,0,0,37,163,74,129
1778699184.338767,0,0.988234,0.999978,0.988212,1.1122,-0.0251,1.2505,0.000,-1.678,-173.929,0,0,311,234,95,109
1778699184.338767,1,0.958215,0.917387,0.879054,1.1284,-0.4927,1.2897,-0.000,-9.281,155.416,0,0,561,214,107,115
1778699184.338767,2,0.977671,0.893395,0.873446,0.9875,0.4224,1.3528,0.000,-0.191,-146.883,0,0,37,162,75,125
1778699184.472240,0,0.987674,0.999978,0.987652,1.1122,-0.0251,1.2505,0.000,-1.379,-174.281,0,0,312,234,96,110
1778699184.472240,1,0.958956,0.917387,0.879733,1.1284,-0.4927,1.2897,0.000,-9.155,154.643,0,0,561,215,107,114
1778699184.472240,2,0.970962,0.893235,0.867297,0.9871,0.4224,1.3560,0.000,0.071,-146.143,0,0,37,162,74,125
1778699184.605712,0,0.988929,0.999987,0.988917,1.1093,-0.0270,1.2502,0.000,-1.099,-174.800,0,0,312,234,96,110
1778699184.605712,1,0.959003,0.917387,0.879777,1.1284,-0.4927,1.2897,0.000,-9.199,155.228,0,0,561,214,106,115
1778699184.605712,2,0.981792,0.893395,0.877128,0.9843,0.4209,1.3537,-0.000,0.955,-151.267,0,0,37,163,74,124
1778699184.672447,0,0.986453,0.999987,0.986441,1.1093,-0.0270,1.2502,0.000,-1.717,-174.105,0,0,312,234,96,111
1778699184.672447,1,0.958340,0.917387,0.879168,1.1284,-0.4927,1.2897,0.000,-9.311,154.958,0,0,561,214,106,115
1778699184.672447,2,0.971279,0.893395,0.867736,0.9873,0.4224,1.3544,0.000,0.234,-145.900,0,0,37,163,74,126
1778699184.672447,0,0.986131,0.999987,0.986118,1.1093,-0.0270,1.2502,0.000,-1.679,-173.870,0,0,312,234,95,110
1778699184.672447,1,0.955251,0.917387,0.876335,1.1284,-0.4927,1.2897,0.000,-9.893,154.650,0,0,561,215,106,114
1778699184.672447,2,0.976938,0.893395,0.872792,0.9873,0.4224,1.3544,0.000,0.635,-148.066,0,0,37,163,74,128
1778699184.805916,0,0.986842,0.999987,0.986829,1.1093,-0.0270,1.2502,0.000,-1.361,-173.870,0,0,312,234,95,110
1778699184.805916,1,0.955465,0.917437,0.876579,1.1286,-0.4927,1.2879,-0.000,-9.973,154.968,0,0,561,215,106,114
1778699184.805916,2,0.978172,0.893235,0.873737,0.9842,0.4209,1.3553,-0.000,1.104,-148.053,0,0,37,162,74,129
1778699184.906009,0,0.987023,0.999987,0.987010,1.1093,-0.0270,1.2502,0.000,-1.453,-174.090,0,0,312,234,95,110
1778699184.906009,1,0.955875,0.917437,0.876954,1.1286,-0.4927,1.2879,0.000,-9.842,154.457,0,0,561,215,106,114
1778699184.906009,2,0.975565,0.893395,0.871565,0.9873,0.4224,1.3544,0.000,0.032,-148.498,0,0,37,163,74,126
1778699184.972748,0,0.985237,0.999993,0.985230,1.1093,-0.0288,1.2502,-0.000,-2.355,-174.392,0,0,313,234,95,109
1778699184.972748,1,0.955585,0.917437,0.876689,1.1246,-0.4910,1.2873,0.000,-9.951,154.982,0,0,561,215,106,114
1778699184.972748,2,0.978413,0.892786,0.873514,0.9824,0.4216,1.3533,0.000,0.993,-148.150,0,0,36,163,73,124
1778699184.972748,0,0.985500,0.999993,0.985493,1.1093,-0.0288,1.2502,0.000,-2.120,-174.205,0,0,313,234,95,109
1778699184.972748,1,0.957072,0.917437,0.878053,1.1246,-0.4910,1.2873,0.000,-9.661,155.006,0,0,561,215,106,114
1778699184.972748,2,0.979214,0.892786,0.874229,0.9824,0.4216,1.3533,-0.000,0.743,-149.268,0,0,37,163,74,124
1778699185.072845,0,0.984826,0.999993,0.984820,1.1093,-0.0288,1.2502,0.000,-1.875,-173.511,0,0,313,235,95,110
1778699185.072845,1,0.956896,0.917437,0.877891,1.1246,-0.4910,1.2873,0.000,-9.671,154.740,0,0,561,215,107,114
1778699185.072845,2,0.976002,0.893395,0.871955,0.9843,0.4209,1.3537,0.000,1.597,-146.027,0,0,37,163,74,126
1778699185.206321,0,0.982555,0.999996,0.982551,1.1093,-0.0306,1.2502,0.000,-2.235,-172.915,0,0,314,234,96,111
1778699185.206321,1,0.956449,0.917387,0.877433,1.1284,-0.4927,1.2897,0.000,-9.662,154.681,0,0,561,214,106,115
1778699185.206321,2,0.979267,0.892627,0.874120,0.9842,0.4226,1.3553,0.000,1.016,-148.854,0,0,36,162,73,128
1778699185.206321,0,0.984428,0.999996,0.984424,1.1093,-0.0306,1.2502,0.000,-1.572,-173.063,0,0,314,234,96,110
1778699185.206321,1,0.958352,0.917387,0.879179,1.1284,-0.4927,1.2897,-0.000,-9.311,154.987,0,0,561,214,106,115
1778699185.206321,2,0.969596,0.892627,0.865487,0.9842,0.4226,1.3553,0.000,-0.700,-146.723,0,0,37,164,74,126
1778699185.373139,0,0.983929,0.999996,0.983925,1.1093,-0.0306,1.2502,0.000,-2.000,-173.305,0,0,314,234,96,111
1778699185.373139,1,0.957914,0.917387,0.878778,1.1284,-0.4927,1.2897,0.000,-9.322,154.273,0,0,561,214,107,115
1778699185.373139,2,0.979040,0.892627,0.873917,0.9871,0.4240,1.3560,0.000,1.329,-148.048,0,0,36,162,73,126
1778699185.439872,0,0.984538,0.999996,0.984534,1.1093,-0.0306,1.2502,0.000,-1.310,-172.841,0,0,314,234,95,111
1778699185.439872,1,0.955927,0.917387,0.876955,1.1284,-0.4927,1.2897,-0.000,-9.814,155.263,0,0,561,214,106,115
1778699185.439872,2,0.967162,0.893553,0.864210,0.9845,0.4209,1.3521,0.000,-1.316,-146.465,0,0,37,164,74,126
1778699185.506596,0,0.985392,0.999996,0.985388,1.1063,-0.0306,1.2499,-0.000,-1.220,-173.155,0,0,314,234,95,111
1778699185.506596,1,0.955193,0.917387,0.876281,1.1284,-0.4927,1.2897,-0.000,-9.902,154.623,0,0,561,214,107,115
1778699185.506596,2,0.969703,0.893395,0.866328,0.9843,0.4209,1.3537,0.000,-1.253,-147.823,0,0,37,163,74,128
1778699185.606704,0,0.986118,0.999996,0.986114,1.1063,-0.0306,1.2499,0.000,-0.945,-173.227,0,0,314,234,95,111
1778699185.606704,1,0.953790,0.917387,0.874994,1.1284,-0.4927,1.2897,0.000,-10.235,155.381,0,0,561,214,107,115
1778699185.606704,2,0.976762,0.892627,0.871884,0.9842,0.4226,1.3553,0.000,0.905,-147.515,0,0,36,162,73,128
1778699185.673452,0,0.984461,0.999996,0.984457,1.1063,-0.0306,1.2499,0.000,-1.092,-172.592,0,0,314,234,96,111
1778699185.673452,1,0.953126,0.917335,0.874335,1.1282,-0.4927,1.2916,-0.000,-10.220,154.742,0,0,561,213,107,117
1778699185.673452,2,0.982487,0.893235,0.877592,0.9842,0.4209,1.3553,0.000,1.143,-151.867,0,0,37,162,74,128
1778699185.740196,0,0.984774,0.999996,0.984770,1.1093,-0.0306,1.2502,0.000,-1.436,-173.084,0,0,314,234,95,111
1778699185.740196,1,0.957383,0.917387,0.878290,1.1284,-0.4927,1.2897,0.000,-9.486,154.772,0,0,561,214,107,115
1778699185.740196,0,0.985042,0.999996,0.985038,1.1093,-0.0306,1.2502,0.000,-1.124,-172.890,0,0,314,234,95,111
1778699185.740196,3,0.955579,0.917387,0.876636,1.1284,-0.4927,1.2897,0.000,-9.833,154.682,0,0,562,214,106,115
1778699185.806934,0,0.984953,0.999996,0.984949,1.1093,-0.0306,1.2502,0.000,-1.102,-172.827,0,0,313,234,95,111
1778699185.806934,4,0.955491,0.916801,0.875995,1.1245,-0.4928,1.2892,-0.000,-9.858,154.638,0,0,562,214,106,115
1778699185.873672,0,0.985771,0.999993,0.985765,1.1093,-0.0288,1.2502,0.000,-1.264,-173.289,0,0,314,234,96,111
1778699185.873672,5,0.956787,0.916801,0.877183,1.1245,-0.4928,1.2892,0.000,-9.637,155.001,0,0,561,214,107,115
1778699185.907041,6,0.984350,0.999996,0.984346,1.1063,-0.0306,1.2499,0.000,-1.526,-172.977,0,0,314,234,96,111
1778699185.907041,0,0.956914,0.917387,0.877860,1.1284,-0.4927,1.2897,0.000,-9.541,154.421,0,0,561,214,107,114
1778699185.973779,0,0.984658,0.999996,0.984654,1.1093,-0.0306,1.2502,-0.000,-1.323,-172.911,0,0,314,234,96,111
1778699185.973779,7,0.958983,0.917387,0.879758,1.1284,-0.4927,1.2897,0.000,-9.179,154.935,0,0,561,214,107,115
1778699185.973779,0,0.984404,0.999996,0.984400,1.1093,-0.0306,1.2502,-0.000,-1.323,-172.911,0,0,314,234,96,111
1778699185.973779,8,0.957250,0.917387,0.878169,1.1284,-0.4927,1.2897,0.000,-9.179,154.935,0,0,561,214,107,115
1778699186.107246,0,0.985286,0.999996,0.985283,1.1093,-0.0306,1.2502,0.000,-1.288,-173.175,0,0,314,234,96,111
1778699186.107246,9,0.954046,0.917387,0.875230,1.1245,-0.4910,1.2892,-0.000,-10.153,154.937,0,0,561,214,107,115
1778699186.107246,10,0.984597,0.999996,0.984593,1.1093,-0.0306,1.2502,0.000,-1.540,-173.110,0,0,314,234,96,111
1778699186.107246,0,0.956209,0.917387,0.877214,1.1245,-0.4910,1.2892,-0.000,-9.696,154.559,0,0,562,214,106,115
1778699186.107246,0,0.985521,0.999996,0.985517,1.1093,-0.0306,1.2502,0.000,-1.540,-173.110,0,0,314,235,96,110
1778699186.107246,11,0.958779,0.916801,0.879009,1.1245,-0.4910,1.2892,-0.000,-9.696,154.559,0,0,561,214,107,115
1778699186.274078,0,0.987011,0.999996,0.987007,1.1093,-0.0306,1.2502,0.000,-1.036,-173.782,0,0,314,234,96,110
1778699186.274078,12,0.958925,0.916851,0.879191,1.1246,-0.4928,1.2873,0.000,-9.264,154.612,0,0,562,215,106,114
1778699186.274078,0,0.984409,0.999996,0.984405,1.1093,-0.0306,1.2502,-0.000,-1.355,-172.826,0,0,314,233,96,113
1778699186.274078,13,0.954964,0.916851,0.875560,1.1246,-0.4928,1.2873,0.000,-10.068,154.796,0,0,562,214,106,115
1778699186.374179,0,0.984141,0.999990,0.984131,1.1091,-0.0306,1.2520,0.000,-1.359,-172.809,0,0,314,233,96,113
1778699186.374179,14,0.955606,0.917387,0.876660,1.1245,-0.4910,1.2892,-0.000,-9.870,155.167,0,0,561,214,107,115
1778699186.374179,0,0.983821,0.999990,0.983811,1.1091,-0.0306,1.2520,0.000,-1.359,-172.809,0,0,314,233,96,113
1778699186.374179,15,0.955482,0.917387,0.876547,1.1245,-0.4910,1.2892,-0.000,-9.870,155.167,0,0,562,215,107,114
1778699186.474274,0,0.984531,0.999987,0.984518,1.1091,-0.0288,1.2520,0.000,-1.637,-173.197,0,0,313,233,96,113
1778699186.474274,16,0.956466,0.916851,0.876937,1.1246,-0.4928,1.2873,0.000,-9.734,154.411,0,0,562,215,108,114
1778699186.474274,0,0.984396,0.999987,0.984383,1.1091,-0.0288,1.2520,0.000,-1.773,-173.287,0,0,313,234,95,111
1778699186.474274,17,0.959171,0.916851,0.879417,1.1246,-0.4928,1.2873,0.000,-9.243,154.913,0,0,562,215,108,114
1778699186.574395,18,0.985067,0.999993,0.985061,1.1122,-0.0288,1.2505,-0.000,-1.631,-173.344,0,0,313,234,95,111
1778699186.574395,0,0.956379,0.917387,0.877370,1.1245,-0.4910,1.2892,0.000,-9.674,154.664,0,0,561,214,107,113
1778699186.574395,0,0.984991,0.999993,0.984984,1.1122,-0.0288,1.2505,0.000,-1.718,-173.408,0,0,313,234,95,110
1778699186.574395,19,0.958389,0.917387,0.879213,1.1245,-0.4910,1.2892,-0.000,-9.312,155.078,0,0,561,214,107,113
1778699186.674493,0,0.986500,0.999993,0.986493,1.1122,-0.0288,1.2505,-0.000,-1.176,-173.567,0,0,313,234,95,111
1778699186.674493,20,0.957127,0.917437,0.878103,1.1246,-0.4910,1.2873,-0.000,-9.601,154.515,0,0,561,215,107,114
1778699186.674493,0,0.985255,0.999993,0.985248,1.1122,-0.0288,1.2505,-0.000,-1.388,-173.166,0,0,313,234,96,110
1778699186.674493,21,0.961100,0.917437,0.881748,1.1246,-0.4910,1.2873,0.000,-8.835,154.927,0,0,561,214,107,113
1778699186.774600,0,0.986521,0.999993,0.986514,1.1122,-0.0288,1.2505,0.000,-1.234,-173.644,0,0,313,234,95,110
1778699186.774600,22,0.957198,0.917387,0.878121,1.1245,-0.4910,1.2892,0.000,-9.577,155.467,0,0,561,214,106,115
1778699186.841336,0,0.985763,0.999993,0.985756,1.1152,-0.0288,1.2508,0.000,-1.295,-173.319,0,0,313,234,95,110
1778699186.841336,22,0.956068,0.917437,0.877131,1.1286,-0.4927,1.2879,0.000,-9.894,155.521,0,0,561,215,108,114
1778699186.841336,0,0.985058,0.999993,0.985051,1.1152,-0.0288,1.2508,0.000,-1.559,-173.257,0,0,313,234,95,111
1778699186.841336,22,0.959376,0.917437,0.880167,1.1286,-0.4927,1.2879,0.000,-9.201,155.043,0,0,561,215,107,114
1778699186.941447,0,0.985447,0.999993,0.985440,1.1122,-0.0288,1.2505,0.000,-1.674,-173.593,0,0,313,234,95,110
1778699186.941447,22,0.961048,0.917437,0.881701,1.1286,-0.4927,1.2879,0.000,-8.827,154.740,0,0,561,215,106,114
1778699186.941447,0,0.985405,0.999993,0.985398,1.1122,-0.0288,1.2505,0.000,-1.885,-173.833,0,0,313,234,95,111
1778699186.941447,22,0.960441,0.917437,0.881144,1.1286,-0.4927,1.2879,0.000,-8.938,154.607,0,0,561,215,106,114
1778699187.041546,0,0.985121,0.999993,0.985114,1.1122,-0.0288,1.2505,0.000,-1.966,-173.782,0,0,313,234,95,111
1778699187.041546,22,0.957182,0.917437,0.878154,1.1286,-0.4927,1.2879,0.000,-9.660,155.274,0,0,561,215,108,114
1778699187.041546,0,0.984093,0.999993,0.984086,1.1122,-0.0288,1.2505,0.000,-1.611,-172.845,0,0,313,234,95,111
1778699187.041546,22,0.959680,0.917437,0.880445,1.1286,-0.4927,1.2879,0.000,-9.184,155.763,0,0,560,215,107,114
1778699187.141621,0,0.984875,0.999993,0.984868,1.1152,-0.0288,1.2508,0.000,-1.619,-173.234,0,0,313,234,95,111
1778699187.141621,22,0.957010,0.917971,0.878508,1.1245,-0.4891,1.2892,-0.000,-9.585,155.190,0,0,560,214,107,115
1778699187.141621,0,0.985089,0.999993,0.985082,1.1152,-0.0288,1.2508,0.000,-1.757,-173.505,0,0,313,234,95,111
1778699187.141621,22,0.957694,0.917971,0.879135,1.1245,-0.4891,1.2892,0.000,-9.466,155.433,0,0,561,215,106,113
1778699187.241729,0,0.984010,0.999993,0.984003,1.1152,-0.0288,1.2508,-0.000,-1.892,-173.117,0,0,313,234,95,111
1778699187.241729,22,0.955761,0.917437,0.876850,1.1286,-0.4927,1.2879,0.000,-9.909,154.896,0,0,561,215,108,114
1778699187.241729,0,0.984394,0.999993,0.984387,1.1152,-0.0288,1.2508,-0.000,-1.872,-173.285,0,0,313,234,95,111
1778699187.241729,22,0.957767,0.917437,0.878690,1.1286,-0.4927,1.2879,0.000,-9.548,155.341,0,0,561,215,106,114
1778699187.375220,0,0.984671,0.999993,0.984664,1.1152,-0.0288,1.2508,0.000,-1.813,-173.356,0,0,313,234,95,111
1778699187.375220,22,0.959907,0.918021,0.881215,1.1246,-0.4891,1.2873,0.000,-9.105,155.346,0,0,560,215,107,114
1778699187.375220,23,0.944244,0.892627,0.842857,0.9724,0.4167,1.3526,-0.000,-0.562,-138.684,0,0,36,162,73,128
1778699187.375220,0,0.984673,0.999993,0.984667,1.1152,-0.0288,1.2508,-0.000,-2.174,-173.811,0,0,313,234,95,111
1778699187.375220,1,0.957330,0.918021,0.878849,1.1246,-0.4891,1.2873,-0.000,-9.610,155.156,0,0,561,215,106,114
1778699187.475328,0,0.986205,0.999987,0.986193,1.1150,-0.0288,1.2526,-0.000,-1.592,-174.031,0,0,313,233,95,113
1778699187.475328,22,0.958725,0.917437,0.879570,1.1286,-0.4927,1.2879,0.000,-9.341,155.150,0,0,561,215,107,114
1778699187.475328,0,0.983481,0.999993,0.983474,1.1150,-0.0288,1.2526,-0.000,-1.592,-174.031,0,0,313,234,95,111
1778699187.475328,24,0.960050,0.917437,0.880785,1.1286,-0.4927,1.2879,0.000,-9.341,155.150,0,0,561,215,106,114
1778699187.542052,0,0.985018,0.999993,0.985012,1.1122,-0.0288,1.2505,0.000,-1.834,-173.560,0,0,313,234,95,111
1778699187.542052,1,0.962154,0.917437,0.882715,1.1286,-0.4927,1.2879,0.000,-8.594,154.737,0,0,561,215,106,114
1778699187.542052,0,0.985122,0.999993,0.985115,1.1122,-0.0288,1.2505,0.000,-1.834,-173.560,0,0,313,234,95,111
1778699187.542052,25,0.957616,0.917437,0.878552,1.1286,-0.4927,1.2879,0.000,-8.594,154.737,0,0,560,215,107,114
1778699187.542052,23,0.869781,0.893235,0.776919,nan,nan,nan,nan,nan,nan,0,0,37,163,74,133
1778699187.775635,0,0.984666,0.999993,0.984660,1.1122,-0.0288,1.2505,0.000,-2.080,-173.683,0,0,313,234,95,110
1778699187.775635,25,0.957546,0.918021,0.879047,1.1286,-0.4908,1.2879,0.000,-9.574,155.236,0,0,560,215,107,114
1778699187.775635,23,0.882828,0.893395,0.788714,0.9794,0.4185,1.3526,0.000,-0.984,-128.483,0,0,37,163,75,129
1778699187.842346,0,0.986294,0.999993,0.986287,1.1122,-0.0288,1.2505,0.000,-1.714,-174.110,0,0,313,234,95,110
1778699187.842346,25,0.957670,0.917437,0.878602,1.1246,-0.4910,1.2873,0.000,-9.541,155.001,0,0,561,215,108,114
1778699187.842346,23,0.874112,0.893553,0.781065,0.9580,0.4078,1.3460,0.000,-1.693,-127.635,0,0,37,164,75,128
1778699187.842346,0,0.985352,0.999993,0.985345,1.1122,-0.0288,1.2505,-0.000,-1.636,-173.497,0,0,313,234,96,110
1778699187.842346,25,0.959887,0.917437,0.880635,1.1246,-0.4910,1.2873,0.000,-9.102,155.111,0,0,561,215,108,115
1778699187.842346,23,0.866505,0.893553,0.774268,0.9580,0.4078,1.3460,-0.000,-0.923,-126.260,0,0,37,164,75,130
1778699187.842346,0,0.986144,0.999993,0.986137,1.1122,-0.0288,1.2505,-0.000,-1.636,-173.497,0,0,312,234,95,110
1778699187.842346,25,0.960224,0.918021,0.881506,1.1246,-0.4910,1.2873,0.000,-9.102,155.111,0,0,560,215,107,114
1778699187.842346,23,0.869077,0.894161,0.777095,0.9580,0.4078,1.3460,-0.000,-0.923,-126.260,0,0,38,164,76,126
1778699188.009188,0,0.985562,0.999993,0.985555,1.1122,-0.0288,1.2505,-0.000,-1.475,-173.726,0,0,313,234,96,111
1778699188.009188,25,0.960086,0.918021,0.881379,1.1286,-0.4908,1.2879,0.000,-9.032,155.253,0,0,560,215,107,114
1778699188.009188,23,0.865680,0.894161,0.774057,0.9894,0.4217,1.3532,-0.000,-2.228,-127.339,0,0,38,164,76,126
1778699188.142645,0,0.986421,0.999993,0.986414,1.1122,-0.0288,1.2505,-0.000,-1.633,-174.076,0,0,313,235,96,110
1778699188.142645,25,0.960899,0.918021,0.882125,1.1246,-0.4891,1.2873,0.000,-8.907,155.438,0,0,560,215,107,114
1778699188.142645,23,0.851950,0.893395,0.761128,0.9922,0.4248,1.3555,-0.000,-1.691,-124.854,0,0,37,163,74,130
1778699188.209385,0,0.986108,0.999987,0.986095,1.1122,-0.0270,1.2505,0.000,-1.711,-173.899,0,0,312,234,95,110
1778699188.209385,25,0.958021,0.918021,0.879484,1.1286,-0.4908,1.2879,0.000,-9.526,156.236,0,0,560,215,107,114
1778699188.209385,23,0.830271,0.894003,0.742265,0.9922,0.4232,1.3555,0.000,-2.368,-122.716,0,0,38,163,76,129
1778699188.209385,0,0.985688,0.999987,0.985676,1.1122,-0.0270,1.2505,0.000,-1.711,-173.899,0,0,312,234,95,109
1778699188.209385,25,0.959664,0.917971,0.880944,1.1286,-0.4908,1.2879,0.000,-9.526,156.236,0,0,560,214,107,115
1778699188.209385,23,0.818528,0.894003,0.731767,0.9922,0.4232,1.3555,0.000,-2.368,-122.716,0,0,38,163,76,128
1778699188.342860,0,0.986463,0.999993,0.986456,1.1122,-0.0288,1.2505,0.000,-1.462,-173.883,0,0,313,234,96,110
1778699188.342860,25,0.958143,0.918021,0.879596,1.1286,-0.4908,1.2879,0.000,-9.488,155.801,0,0,560,215,107,114
1778699188.342860,23,0.816937,0.894003,0.730344,0.9873,0.4208,1.3544,0.000,-2.807,-121.433,0,0,38,163,76,129
1778699188.342860,0,0.986385,0.999987,0.986372,1.1122,-0.0288,1.2505,0.000,-1.462,-173.883,0,0,312,234,95,109
1778699188.342860,25,0.958767,0.918021,0.880168,1.1286,-0.4908,1.2879,0.000,-9.488,155.801,0,0,560,215,107,114
1778699188.342860,23,0.813243,0.893553,0.726676,0.9873,0.4208,1.3544,0.000,-2.807,-121.433,0,0,37,164,75,126
1778699188.476360,0,0.986134,0.999996,0.986130,1.1124,-0.0288,1.2486,-0.000,-1.261,-173.361,0,0,313,235,96,110
1778699188.476360,25,0.958292,0.917387,0.879124,1.1284,-0.4927,1.2897,0.000,-9.362,155.528,0,0,561,214,106,113
1778699188.476360,23,0.797205,0.894003,0.712704,0.9893,0.4217,1.3549,0.000,-3.005,-119.418,0,0,38,163,76,128
1778699188.476360,0,0.984998,0.999996,0.984994,1.1124,-0.0288,1.2486,-0.000,-1.684,-173.256,0,0,313,234,96,111
1778699188.476360,25,0.959811,0.917387,0.880518,1.1284,-0.4927,1.2897,-0.000,-9.028,155.145,0,0,561,215,107,114
1778699188.476360,23,0.809676,0.894003,0.723853,0.9893,0.4217,1.3549,0.000,-3.741,-121.083,0,0,38,163,76,129
1778699188.576468,0,0.985567,0.999993,0.985560,1.1122,-0.0288,1.2505,0.000,-1.431,-173.371,0,0,313,234,95,111
1778699188.576468,25,0.962596,0.917437,0.883121,1.1246,-0.4910,1.2873,0.000,-8.555,155.343,0,0,561,215,107,114
1778699188.576468,23,0.810375,0.894003,0.724478,0.9893,0.4217,1.3549,-0.000,-3.159,-120.882,0,0,37,163,75,129
1778699188.709934,0,0.987022,0.999993,0.987016,1.1122,-0.0288,1.2505,-0.000,-0.567,-173.197,0,0,313,234,95,111
1778699188.709934,25,0.957260,0.917387,0.878177,1.1284,-0.4927,1.2897,0.000,-9.549,155.223,0,0,561,214,107,115
1778699188.709934,23,0.806399,0.894003,0.720923,0.9873,0.4208,1.3544,0.000,-4.158,-120.931,0,0,38,163,76,128
1778699188.709934,0,0.987035,0.999996,0.987032,1.1122,-0.0288,1.2505,-0.000,-0.567,-173.197,0,0,314,234,96,111
1778699188.709934,25,0.960280,0.917387,0.880948,1.1284,-0.4927,1.2897,0.000,-9.549,155.223,0,0,561,214,107,115
1778699188.709934,23,0.798986,0.894003,0.714296,0.9873,0.4208,1.3544,0.000,-4.158,-120.931,0,0,38,163,76,129
1778699188.776645,0,0.986544,0.999996,0.986540,1.1122,-0.0306,1.2505,0.000,-0.594,-173.332,0,0,314,234,96,111
1778699188.776645,25,0.955551,0.917437,0.876658,1.1284,-0.4927,1.2897,0.000,-8.960,155.560,0,0,561,215,107,114
1778699188.776645,23,0.810250,0.894003,0.724366,0.9873,0.4208,1.3544,0.000,-3.684,-119.913,0,0,38,163,76,129
1778699188.843384,0,0.986599,0.999996,0.986595,1.1122,-0.0306,1.2505,0.000,-0.953,-173.476,0,0,314,234,96,111
1778699188.843384,25,0.958142,0.917437,0.879035,1.1246,-0.4910,1.2873,-0.000,-9.492,155.692,0,0,561,214,107,115
1778699188.843384,23,0.810177,0.894003,0.724301,0.9873,0.4208,1.3544,-0.000,-3.479,-121.012,0,0,38,163,76,129
1778699189.010230,0,0.986596,0.999996,0.986593,1.1122,-0.0306,1.2505,0.000,-0.222,-172.780,0,0,314,234,96,111
1778699189.010230,25,0.956850,0.917387,0.877802,1.1245,-0.4910,1.2892,0.000,-9.618,155.063,0,0,561,214,107,115
1778699189.010230,23,0.812675,0.894003,0.726534,0.9843,0.4193,1.3537,0.000,-3.063,-121.087,0,0,38,163,76,129
1778699189.010230,0,0.986744,0.999996,0.986740,1.1122,-0.0306,1.2505,0.000,-0.222,-172.780,0,0,314,234,96,111
1778699189.010230,25,0.955704,0.917387,0.876750,1.1245,-0.4910,1.2892,0.000,-9.618,155.063,0,0,561,214,107,115
1778699189.010230,23,0.813256,0.894003,0.727053,0.9843,0.4193,1.3537,0.000,-3.063,-121.087,0,0,38,164,76,130
1778699189.010230,0,0.986295,0.999996,0.986291,1.1122,-0.0306,1.2505,-0.000,-0.352,-172.963,0,0,314,234,95,109
1778699189.010230,25,0.957579,0.917387,0.878470,1.1245,-0.4910,1.2892,-0.000,-9.869,155.437,0,0,561,214,107,115
1778699189.010230,23,0.803303,0.894161,0.718282,0.9843,0.4193,1.3537,-0.000,-3.821,-121.514,0,0,38,164,76,126
1778699189.177104,0,0.985246,0.999996,0.985242,1.1122,-0.0306,1.2505,-0.000,-0.772,-173.141,0,0,314,235,96,110
1778699189.177104,25,0.956726,0.917387,0.877688,1.1284,-0.4927,1.2897,0.000,-9.508,155.588,0,0,561,214,108,115
1778699189.177104,23,0.808130,0.894161,0.722599,0.9511,0.4028,1.3445,-0.000,-3.468,-120.235,0,0,38,163,76,128
1778699189.277196,0,0.986227,0.999999,0.986226,1.1094,-0.0306,1.2483,0.000,-0.969,-173.203,0,0,314,234,95,111
1778699189.277196,25,0.956227,0.917387,0.877230,1.1245,-0.4910,1.2892,-0.000,-9.773,155.553,0,0,561,214,107,115
1778699189.277196,23,0.812320,0.894003,0.726216,0.9843,0.4193,1.3537,-0.000,-3.132,-121.080,0,0,38,164,76,126
1778699189.343932,0,0.986195,0.999996,0.986191,1.1122,-0.0306,1.2505,-0.000,-0.639,-172.966,0,0,314,234,96,111
1778699189.343932,25,0.957026,0.917387,0.877963,1.1245,-0.4910,1.2892,0.000,-9.587,155.120,0,0,561,215,107,114
1778699189.343932,23,0.801613,0.894161,0.716772,0.9491,0.4019,1.3440,-0.000,-4.952,-120.775,0,0,38,164,76,126
1778699189.343932,0,0.984746,0.999993,0.984739,1.1122,-0.0306,1.2505,-0.000,-0.639,-172.966,0,0,313,234,95,111
1778699189.343932,25,0.956878,0.917387,0.877828,1.1245,-0.4910,1.2892,0.000,-9.587,155.120,0,0,561,214,108,115
1778699189.343932,23,0.819908,0.894161,0.733130,0.9491,0.4019,1.3440,-0.000,-4.952,-120.775,0,0,38,164,77,128
1778699189.477403,0,0.983889,0.999993,0.983882,1.1122,-0.0288,1.2505,-0.000,-1.092,-172.620,0,0,314,234,96,111
1778699189.477403,25,0.956295,0.917387,0.877292,1.1284,-0.4927,1.2897,0.000,-9.663,156.016,0,0,561,214,107,115
1778699189.477403,23,0.811232,0.894161,0.725372,0.9875,0.4208,1.3528,0.000,-3.491,-122.052,0,0,38,165,77,126
1778699189.644240,0,0.983864,0.999996,0.983861,1.1093,-0.0306,1.2502,0.000,-1.247,-172.474,0,0,314,234,96,111
1778699189.644240,25,0.954663,0.917387,0.875796,1.1284,-0.4927,1.2897,0.000,-10.090,155.857,0,0,561,214,108,115
1778699189.644240,23,0.824534,0.894161,0.737266,0.9491,0.4019,1.3440,0.000,-3.642,-122.648,0,0,38,164,77,125
1778699189.744341,0,0.984445,0.999993,0.984438,1.1122,-0.0288,1.2505,0.000,-1.341,-172.729,0,0,313,234,95,111
1778699189.744341,25,0.955994,0.917437,0.877064,1.1286,-0.4927,1.2879,0.000,-9.902,155.408,0,0,561,215,108,114
1778699189.744341,23,0.815961,0.894161,0.729601,0.9462,0.4004,1.3434,0.000,-4.296,-122.014,0,0,38,164,77,125
1778699189.744341,0,0.985351,0.999993,0.985344,1.1122,-0.0288,1.2505,0.000,-1.082,-172.893,0,0,313,234,95,111
1778699189.744341,25,0.957642,0.917437,0.878576,1.1286,-0.4927,1.2879,0.000,-9.546,154.990,0,0,561,214,107,115
1778699189.744341,23,0.819585,0.894161,0.732841,0.9462,0.4004,1.3434,0.000,-3.048,-121.804,0,0,38,165,77,126
1778699189.844447,0,0.984918,0.999993,0.984911,1.1093,-0.0288,1.2502,0.000,-1.266,-172.875,0,0,313,234,95,111
1778699189.844447,25,0.960586,0.917387,0.881229,1.1284,-0.4927,1.2897,0.000,-8.865,155.100,0,0,561,215,107,114
1778699189.844447,23,0.814053,0.894317,0.728021,0.9513,0.4028,1.3429,0.000,-4.926,-122.089,0,0,38,163,77,128
1778699189.977932,0,0.984905,0.999993,0.984898,1.1122,-0.0288,1.2505,0.000,-1.535,-173.155,0,0,313,234,95,111
1778699189.977932,25,0.958384,0.917437,0.879257,1.1246,-0.4910,1.2873,0.000,-9.399,155.016,0,0,561,215,107,115
1778699189.977932,23,0.809227,0.894003,0.723452,0.9893,0.4217,1.3549,-0.000,-5.153,-121.752,0,0,38,163,77,128
1778699190.044671,0,0.984888,0.999996,0.984885,1.1122,-0.0306,1.2505,0.000,-1.243,-172.938,0,0,314,234,96,111
1778699190.044671,25,0.957019,0.917387,0.877957,1.1245,-0.4910,1.2892,0.000,-9.596,155.211,0,0,561,214,108,117
1778699190.044671,23,0.816542,0.894003,0.729991,0.9843,0.4193,1.3537,-0.000,-4.225,-122.081,0,0,38,163,77,126
1778699190.044671,0,0.984525,0.999996,0.984521,1.1122,-0.0306,1.2505,-0.000,-1.375,-172.902,0,0,313,234,95,111
1778699190.044671,25,0.961553,0.917387,0.882116,1.1245,-0.4910,1.2892,0.000,-8.635,154.795,0,0,561,215,107,114
1778699190.044671,23,0.817271,0.894003,0.730643,0.9843,0.4193,1.3537,0.000,-2.998,-121.559,0,0,38,162,77,129
1778699190.211503,0,0.983933,0.999993,0.983926,1.1122,-0.0288,1.2505,0.000,-1.653,-172.815,0,1,313,234,95,111
1778699190.211503,25,0.959665,0.917437,0.880432,1.1246,-0.4910,1.2873,-0.000,-9.138,154.998,0,1,561,215,108,115
1778699190.211503,23,0.826930,0.893843,0.739145,0.9842,0.4193,1.3553,0.000,-2.425,-122.399,1,1,38,162,77,129
1778699192.246933,0,0.990424,0.965552,0.956306,1.1556,0.0262,1.2473,0.000,-0.619,-171.965,0,1,481,288,104,117
1778699192.246933,23,0.810987,0.975974,0.791503,0.9535,0.4829,1.3505,0.000,-1.870,-116.512,0,1,206,226,93,109
1778699192.280295,0,0.987786,0.956206,0.944527,1.1332,-0.0309,1.2241,0.000,-1.635,-173.421,0,1,486,290,104,115
1778699192.280295,23,0.800720,0.982250,0.786508,0.9817,0.4373,1.3338,0.000,-3.563,-118.782,0,1,211,229,93,103
1778699192.347041,26,0.989503,0.953658,0.943647,1.1115,-0.0531,1.2133,-0.000,-1.569,-175.020,0,1,491,291,106,115
1778699192.347041,23,0.803112,0.983868,0.790156,0.9760,0.4090,1.3199,0.000,-3.062,-119.897,0,1,216,230,94,105
1778699192.413806,0,0.988940,0.951201,0.940680,1.1172,-0.0615,1.2118,0.000,-2.707,-176.177,0,1,505,294,106,120
1778699192.413806,23,0.807244,0.985368,0.795432,0.9732,0.3980,1.3171,0.000,-4.937,-121.578,0,1,228,234,93,105
1778699192.447175,0,0.986145,0.944034,0.930954,1.1369,-0.0999,1.2009,0.000,-3.849,-177.227,0,1,507,295,107,118
1778699192.447175,23,0.789319,0.988690,0.780392,1.9543,0.7825,1.4727,0.000,-1.618,-120.245,0,1,230,236,93,109
1778699192.547257,0,0.984529,0.942892,0.928305,2.0393,-0.1667,1.2455,0.000,-4.220,-176.905,0,1,507,295,107,117
1778699192.547257,23,0.796462,0.989452,0.788061,1.9461,0.7673,1.4635,0.000,-2.675,-121.540,0,1,231,236,93,107
1778699192.547257,0,0.984833,0.942892,0.928592,2.0378,-0.1950,1.2354,-0.000,-3.881,-177.272,0,1,500,293,105,114
1778699192.547257,23,0.800420,0.989452,0.791977,1.9592,0.7406,1.4526,-0.000,-3.334,-122.899,0,1,225,232,93,103
1778699192.547257,23,0.787925,0.987344,0.777953,2.0378,-0.1950,1.2354,-0.000,-3.881,-177.272,0,1,223,231,93,106
1778699192.547257,0,0.988041,0.947257,0.935929,1.9592,0.7406,1.4526,-0.000,-3.334,-122.899,0,1,499,292,106,111
1778699192.680700,23,0.800070,0.986467,0.789242,1.9533,0.7365,1.4608,0.000,-4.853,-123.556,0,1,220,228,93,105
1778699192.680700,0,0.986518,0.949604,0.936801,1.1625,-0.1221,1.1965,-0.000,-3.629,-177.963,0,1,495,289,105,113
1778699192.747432,0,0.988082,0.954675,0.943298,1.1546,-0.1043,1.2018,-0.000,-3.274,-177.792,0,1,485,286,105,117
1778699192.747432,23,0.795506,0.984070,0.782834,1.9345,0.7593,1.4695,-0.000,-3.721,-121.955,0,1,212,225,92,107
1778699192.747432,0,0.988278,0.954675,0.943485,1.1539,-0.1199,1.1961,-0.000,-3.055,-178.225,0,1,482,284,105,117
1778699192.747432,23,0.798309,0.984070,0.785592,1.9475,0.7327,1.4587,0.000,-3.898,-123.032,0,1,209,223,94,107
1778699192.814177,0,0.983785,0.956300,0.940794,1.1616,-0.1154,1.2002,-0.000,-4.071,-176.958,0,1,478,281,105,117
1778699192.814177,23,0.792647,0.983090,0.779244,1.9230,0.7340,1.4620,-0.000,-3.990,-122.259,0,1,206,221,94,109
1778699192.914284,0,0.987173,0.959660,0.947351,1.9630,-0.1835,1.2366,-0.000,-3.331,-177.828,0,1,475,282,103,115
1778699192.914284,23,0.788393,0.981072,0.773471,1.9299,0.7296,1.4599,0.000,-3.142,-121.694,0,1,203,220,94,109
1778699192.914284,0,0.987371,0.959660,0.947540,1.9630,-0.1835,1.2366,0.000,-2.733,-177.427,0,1,466,278,103,114
1778699192.914284,23,0.795018,0.981072,0.779970,1.9299,0.7296,1.4599,-0.000,-2.827,-122.244,0,1,194,216,95,110
1778699193.014417,0,0.986112,0.965345,0.951938,1.1525,-0.1030,1.2034,0.000,-3.676,-177.226,0,1,463,277,103,110
1778699193.014417,23,0.794647,0.976687,0.776121,1.9140,0.7540,1.4734,0.000,-3.638,-121.806,0,1,191,214,95,109
1778699193.081156,0,0.986670,0.965345,0.952477,1.1525,-0.1030,1.2034,0.000,-3.089,-176.936,0,1,460,274,102,113
1778699193.081156,23,0.811177,0.976687,0.792266,1.9140,0.7540,1.4734,-0.000,-3.734,-123.550,0,1,189,214,96,110
1778699193.081156,0,0.986816,0.966900,0.954152,1.1525,-0.1030,1.2034,0.000,-3.089,-176.936,0,1,451,271,102,111
1778699193.081156,23,0.810961,0.975974,0.791477,1.9140,0.7540,1.4734,-0.000,-3.734,-123.550,0,1,179,210,97,107
1778699193.147894,0,0.986878,0.970758,0.958019,1.9817,-0.2037,1.2354,0.000,-4.159,-178.991,0,1,448,269,102,113
1778699193.147894,23,0.787083,0.972001,0.765045,1.9441,0.7169,1.4518,-0.000,-3.744,-122.157,0,1,176,209,95,111
1778699193.214633,0,0.986407,0.972094,0.958880,1.9796,-0.1941,1.2419,0.000,-3.432,-177.945,0,1,445,268,102,113
1778699193.214633,23,0.787466,0.970769,0.764448,1.9215,0.7188,1.4518,0.000,-3.519,-121.853,0,1,173,206,96,110
1778699193.247996,23,0.788664,0.969355,0.764495,1.9308,0.7040,1.4515,0.000,-4.244,-122.713,0,1,170,205,96,110
1778699193.247996,0,0.987325,0.973308,0.960971,1.9763,-0.2102,1.2351,-0.000,-3.122,-178.417,0,1,442,267,102,114
1778699193.348087,23,0.987262,0.977659,0.965206,1.1553,-0.1123,1.2051,0.000,-3.296,-177.966,0,1,434,263,100,114
1778699193.348087,0,0.793209,0.963995,0.764650,1.9123,0.7398,1.4666,-0.000,-3.710,-121.965,0,1,161,201,96,109
1778699193.348087,0,0.985795,0.977659,0.963771,1.1546,-0.1271,1.1993,0.000,-3.447,-177.884,0,1,430,261,100,115
1778699193.348087,23,0.796183,0.963995,0.767517,1.9243,0.7150,1.4562,0.000,-3.458,-122.858,0,1,158,199,96,111
1778699193.414824,0,0.988289,0.979165,0.967698,1.9866,-0.1892,1.2488,0.000,-2.714,-178.223,0,1,428,260,100,113
1778699193.414824,23,0.806855,0.962523,0.776616,1.9120,0.7209,1.4612,-0.000,-4.202,-124.008,0,1,155,198,98,111
1778699193.514930,0,0.986631,0.983254,0.970109,1.1529,-0.1126,1.2097,0.000,-3.540,-178.173,0,1,418,257,97,107
1778699193.514930,23,0.813350,0.956696,0.778128,1.9066,0.7322,1.4746,0.000,-4.459,-124.583,0,1,146,194,100,109
1778699193.514930,0,0.987561,0.983254,0.971023,1.1529,-0.1126,1.2097,0.000,-2.829,-177.909,0,1,416,255,98,109
1778699193.514930,23,0.799244,0.956696,0.764634,1.9066,0.7322,1.4746,0.000,-4.900,-123.281,0,1,143,193,98,106
1778699193.615019,0,0.799446,0.953594,0.762347,1.9083,0.7097,1.4827,0.000,-4.452,-123.831,0,1,140,191,98,110
1778699193.615019,23,0.988421,0.984909,0.973505,1.9726,-0.1992,1.2701,0.000,-2.148,-178.688,0,1,413,254,98,110
1778699193.615019,23,0.797480,0.953594,0.760472,1.9083,0.7097,1.4827,0.000,-4.452,-123.831,0,1,137,188,100,113
1778699193.615019,0,0.986195,0.984909,0.971313,1.9726,-0.1992,1.2701,0.000,-2.148,-178.688,0,1,410,252,98,114
1778699193.681752,23,0.786574,0.951823,0.748680,1.9162,0.6946,1.4928,0.000,-3.190,-122.607,0,1,127,184,100,113
1778699193.681752,0,0.987551,0.985868,0.973595,1.9686,-0.2152,1.2767,0.000,-1.548,-178.407,0,1,401,250,97,110
1778699193.715121,23,0.988533,0.988382,0.977048,1.9769,-0.1865,1.2841,0.000,-1.364,-178.014,0,1,398,247,97,113
1778699193.715121,0,0.810453,0.946505,0.767099,1.9125,0.7281,1.5061,-0.000,-2.491,-123.957,0,1,123,183,103,115
1778699193.781860,0,0.986117,0.989255,0.975522,1.9618,-0.2015,1.2931,0.000,-1.546,-177.760,0,1,395,246,97,114
1778699193.781860,23,0.802361,0.944401,0.757750,1.9106,0.7121,1.5074,0.000,-3.154,-123.806,0,1,120,181,103,115
1778699193.815222,0,0.798623,0.942630,0.752806,1.8997,0.7181,1.5121,0.000,-3.162,-123.206,0,1,111,177,104,115
1778699193.815222,23,0.983824,0.990021,0.974007,1.9509,-0.1907,1.2956,0.000,-1.592,-176.614,0,1,386,242,97,115
1778699193.915330,23,0.988074,0.992170,0.980337,1.1555,-0.1280,1.2391,0.000,-0.685,-178.329,0,1,384,240,96,113
1778699193.915330,0,0.807759,0.935625,0.755760,1.9103,0.7213,1.5319,-0.000,-3.737,-124.634,0,1,108,175,104,117
1778699193.915330,23,0.815492,0.935625,0.762995,1.9103,0.7213,1.5319,0.000,-3.056,-125.160,0,1,104,175,105,114
1778699193.915330,0,0.988786,0.992627,0.981496,1.9537,-0.1930,1.3161,-0.000,-1.081,-179.074,0,1,381,240,96,110
1778699194.015448,27,0.986225,0.994938,0.981232,1.1424,-0.1076,1.2438,0.000,-1.133,-177.084,0,1,372,239,97,109
1778699194.015448,23,0.810371,0.927732,0.751807,1.8921,0.7473,1.5374,0.000,-2.633,-123.600,0,1,94,172,104,117
1778699194.015448,0,0.799398,0.927732,0.741627,1.8921,0.7473,1.5374,0.000,-2.838,-122.534,0,1,90,172,105,117
1778699194.015448,23,0.987162,0.994938,0.982165,1.1424,-0.1076,1.2438,0.000,-0.653,-177.099,0,1,370,239,96,110
1778699194.115556,23,0.987581,0.995787,0.983420,1.1508,-0.1205,1.2486,0.000,-1.151,-178.627,0,1,367,237,96,111
1778699194.115556,0,0.812426,0.923752,0.750479,1.9061,0.7339,1.5407,-0.000,-2.694,-124.376,0,1,87,171,106,118
1778699194.115556,0,0.983672,0.995787,0.979527,1.1508,-0.1205,1.2486,-0.000,-1.889,-177.472,0,1,364,238,96,110
1778699194.115556,23,0.816157,0.923752,0.753927,1.9061,0.7339,1.5407,0.000,-2.738,-124.798,0,1,84,170,106,120
1778699194.182304,0,0.986079,0.996245,0.982376,1.1462,-0.1214,1.2463,0.000,-1.284,-177.954,0,0,355,237,95,111
1778699194.182304,1,0.835737,0.921935,0.770495,1.9104,0.7321,1.5439,0.000,-2.787,-127.140,0,0,73,170,108,120
1778699194.182304,23,0.849536,0.913453,0.776011,1.1462,-0.1214,1.2463,0.000,-1.284,-177.954,0,0,69,170,108,118
1778699194.182304,0,0.985500,0.997836,0.983367,1.9104,0.7321,1.5439,0.000,-2.787,-127.140,0,0,352,238,96,110
1778699194.182304,28,0.967427,0.896345,0.867148,nan,nan,nan,nan,nan,nan,0,0,596,217,87,128
1778699194.182304,29,0.964205,0.896345,0.864260,nan,nan,nan,nan,nan,nan,0,0,596,218,88,110
1778699194.449220,0,0.987837,0.998065,0.985926,1.1198,-0.0972,1.2457,0.000,-0.691,-177.158,0,0,350,237,96,113
1778699194.449220,23,0.854444,0.911722,0.779015,1.0612,0.4072,1.3588,0.000,-2.284,-127.722,0,0,66,170,110,120
1778699194.449220,28,0.969377,0.896968,0.869500,1.1032,-0.5435,1.2807,0.000,-7.286,155.645,0,0,595,217,90,122
1778699194.515959,0,0.989745,0.998371,0.988133,1.1160,-0.0914,1.2434,0.000,-0.445,-177.548,0,0,347,238,96,110
1778699194.515959,23,0.866455,0.909396,0.787951,1.0524,0.4103,1.3569,0.000,-2.798,-129.153,0,0,62,170,108,118
1778699194.515959,28,0.960998,0.898168,0.863138,1.1000,-0.5384,1.2821,-0.000,-9.159,154.350,0,0,593,216,94,121
1778699194.582695,0,0.987592,0.999149,0.986752,1.1158,-0.0748,1.2453,-0.000,-0.064,-175.282,0,0,338,237,96,113
1778699194.582695,28,0.968607,0.901916,0.873602,1.0843,-0.5198,1.2782,0.000,-7.546,153.435,0,0,587,217,105,124
1778699194.582695,23,0.882756,0.903639,0.797693,1.0184,0.4104,1.3547,-0.000,-1.518,-129.986,0,0,53,167,107,125
1778699194.582695,0,0.989406,0.999149,0.988564,1.1158,-0.0748,1.2453,-0.000,-0.088,-176.208,0,0,335,236,95,113
1778699194.582695,23,0.897991,0.903639,0.811460,1.0184,0.4104,1.3547,0.000,-0.657,-131.701,0,0,52,166,104,124
1778699194.582695,28,0.961253,0.901916,0.866969,1.0843,-0.5198,1.2782,0.000,-9.152,153.368,0,0,585,217,109,121
1778699194.782905,0,0.988354,0.999520,0.987880,1.1130,-0.0637,1.2432,-0.000,0.086,-174.842,0,0,332,238,96,110
1778699194.782905,28,0.974542,0.904933,0.881895,1.0842,-0.5109,1.2800,0.000,-5.982,155.649,0,0,582,216,107,121
1778699194.782905,23,0.907793,0.901699,0.818556,1.0055,0.4095,1.3535,-0.000,-0.058,-132.642,0,0,50,166,100,125
1778699194.849619,0,0.988590,0.999621,0.988216,1.1070,-0.0598,1.2426,0.000,-0.186,-174.979,0,0,330,238,96,111
1778699194.849619,28,0.976223,0.906800,0.885239,1.0873,-0.5069,1.2786,0.000,-5.648,155.434,0,0,579,217,107,118
1778699194.849619,23,0.920197,0.900505,0.828642,1.0006,0.4105,1.3524,0.000,-0.303,-134.629,0,0,48,166,97,126
1778699194.916354,0,0.988213,0.999916,0.988131,1.1042,-0.0434,1.2405,0.000,-0.517,-174.087,0,0,321,239,95,107
1778699194.916354,28,0.966560,0.912212,0.881707,1.1091,-0.5006,1.2815,-0.000,-7.954,155.966,0,0,570,217,107,117
1778699194.916354,23,0.940966,0.897345,0.844371,0.9896,0.4135,1.3516,0.000,-0.453,-138.296,0,0,43,165,86,125
1778699194.983093,0,0.990866,0.999959,0.990826,1.1070,-0.0398,1.2426,-0.000,0.424,-174.551,0,0,319,238,95,110
1778699194.983093,28,0.962784,0.913444,0.879449,1.1123,-0.4982,1.2801,0.000,-8.849,155.274,0,0,568,218,106,114
1778699194.983093,23,0.945506,0.896137,0.847303,0.9876,0.4159,1.3511,0.000,-0.522,-139.177,0,0,41,165,83,128
1778699195.049834,0,0.989039,0.999978,0.989017,1.1068,-0.0379,1.2444,0.000,-0.377,-174.272,0,0,318,237,95,109
1778699195.049834,28,0.958279,0.914037,0.875903,1.1163,-0.4982,1.2806,-0.000,-9.778,155.487,0,0,567,218,106,113
1778699195.049834,23,0.961686,0.895686,0.861368,0.9878,0.4175,1.3495,0.000,-0.626,-143.429,0,0,40,166,80,124
1778699195.049834,0,0.987474,0.999978,0.987452,1.1068,-0.0379,1.2444,0.000,-0.791,-173.856,0,0,315,236,96,113
1778699195.049834,28,0.962629,0.914037,0.879879,1.1163,-0.4982,1.2806,0.000,-8.878,155.361,0,0,562,218,106,111
1778699195.049834,23,0.966250,0.895686,0.865456,0.9878,0.4175,1.3495,-0.000,-0.875,-145.366,0,0,38,164,77,128
1778699195.049834,0,0.987260,0.999999,0.987259,1.1068,-0.0379,1.2444,0.000,-0.791,-173.856,0,0,315,236,96,113
1778699195.049834,28,0.965639,0.916986,0.885477,1.1163,-0.4982,1.2806,0.000,-8.878,155.361,0,0,562,218,106,114
1778699195.049834,23,0.974343,0.894161,0.871219,0.9878,0.4175,1.3495,-0.000,-0.875,-145.366,0,0,37,163,75,129
1778699195.149939,0,0.987791,0.999999,0.987790,1.1126,-0.0325,1.2468,0.000,-1.102,-173.867,0,0,315,236,96,113
1778699195.149939,28,0.965358,0.917572,0.885786,1.1222,-0.4915,1.2814,0.000,-8.214,156.057,0,0,561,218,107,115
1778699195.149939,23,0.974367,0.893553,0.870649,0.9875,0.4208,1.3528,-0.000,-0.128,-148.002,0,0,37,164,75,126
1778699195.283376,0,0.987700,0.999999,0.987699,1.1126,-0.0325,1.2468,0.000,-0.841,-173.821,0,0,315,237,96,111
1778699195.283376,28,0.959339,0.917572,0.880263,1.1222,-0.4897,1.2814,-0.000,-9.526,155.684,0,0,561,217,107,113
1778699195.283376,23,0.975293,0.893553,0.871476,0.9825,0.4200,1.3517,0.000,-0.267,-148.820,0,0,37,163,74,128
1778699195.383466,0,0.987432,0.999999,0.987432,1.1096,-0.0325,1.2465,-0.000,-0.725,-173.565,0,0,315,236,96,113
1778699195.383466,1,0.959192,0.916943,0.879524,1.1220,-0.4915,1.2832,0.000,-9.486,156.487,0,0,562,217,106,113
1778699195.483574,0,0.987028,0.999999,0.987027,1.1126,-0.0325,1.2468,0.000,-0.956,-173.591,0,0,315,236,96,111
1778699195.483574,28,0.959102,0.916943,0.879442,1.1220,-0.4915,1.2832,0.000,-9.493,155.758,0,0,562,217,107,113
1778699195.483574,23,0.973851,0.893395,0.870034,0.9824,0.4200,1.3533,0.000,-0.720,-149.204,0,0,37,163,75,128
1778699195.550318,0,0.987624,0.999996,0.987621,1.1128,-0.0325,1.2450,0.000,-0.308,-173.183,0,0,315,237,96,114
1778699195.550318,28,0.959708,0.916356,0.879434,1.1191,-0.4921,1.2828,0.000,-9.384,156.521,0,0,563,217,108,113
1778699195.550318,23,0.973460,0.894003,0.870276,0.9843,0.4193,1.3537,0.000,-1.126,-150.293,0,0,38,163,76,129
1778699195.617074,0,0.986851,0.999996,0.986847,1.1128,-0.0325,1.2450,0.000,-0.637,-173.102,0,0,315,237,96,114
1778699195.617074,28,0.958232,0.916356,0.878082,1.1191,-0.4921,1.2828,0.000,-9.673,156.901,0,0,563,217,108,111
1778699195.617074,23,0.970225,0.893235,0.866639,0.9822,0.4200,1.3549,0.000,-1.616,-149.355,0,0,37,162,75,128
1778699195.617074,0,0.986207,0.999996,0.986203,1.1128,-0.0325,1.2450,0.000,-0.707,-172.863,0,0,315,237,96,114
1778699195.617074,28,0.958663,0.916356,0.878476,1.1191,-0.4921,1.2828,0.000,-9.588,156.849,0,0,563,216,108,113
1778699195.617074,23,0.972206,0.893235,0.868409,0.9822,0.4200,1.3549,0.000,-1.323,-150.044,0,0,37,163,75,128
1778699195.717192,0,0.988674,0.999996,0.988670,1.1128,-0.0325,1.2450,0.000,0.070,-173.377,0,0,315,237,96,114
1778699195.717192,28,0.954344,0.916311,0.874476,1.1189,-0.4921,1.2847,0.000,-10.354,156.321,0,0,563,217,107,111
1778699195.717192,23,0.975345,0.893395,0.871368,0.9824,0.4200,1.3533,0.000,-0.880,-151.263,0,0,37,164,75,128
1778699195.850678,0,0.986797,0.999996,0.986793,1.1098,-0.0325,1.2447,-0.000,-0.950,-173.369,0,0,315,237,96,114
1778699195.850678,28,0.958632,0.916356,0.878448,1.1191,-0.4921,1.2828,0.000,-9.583,157.118,0,0,563,217,107,111
1778699195.850678,23,0.967901,0.894161,0.865459,0.9845,0.4193,1.3521,0.000,-2.414,-149.657,0,0,38,164,76,130
1778699195.850678,0,0.988059,0.999996,0.988055,1.1098,-0.0325,1.2447,-0.000,-0.950,-173.369,0,0,315,237,96,114
1778699195.850678,28,0.948310,0.916356,0.868990,1.1191,-0.4921,1.2828,0.000,-9.583,157.118,0,0,563,217,107,111
1778699195.850678,23,0.972686,0.893395,0.868993,0.9845,0.4193,1.3521,0.000,-2.414,-149.657,0,0,37,163,75,128
1778699195.917417,0,0.988423,0.999996,0.988419,1.1098,-0.0325,1.2447,-0.000,-0.613,-173.871,0,0,315,237,96,114
1778699195.917417,28,0.953103,0.916356,0.873382,1.1220,-0.4934,1.2832,0.000,-10.682,156.351,0,0,563,217,107,111
1778699195.917417,23,0.976592,0.893395,0.872482,0.9794,0.4185,1.3526,0.000,-0.476,-150.924,0,0,37,163,75,126
1778699196.017516,0,0.988086,0.999996,0.988082,1.1098,-0.0325,1.2447,0.000,-0.676,-173.756,0,0,315,237,96,114
1778699196.017516,28,0.954504,0.916356,0.874665,1.1191,-0.4921,1.2828,0.000,-10.397,157.094,0,0,562,217,107,111
1778699196.017516,23,0.967653,0.893395,0.864497,0.9824,0.4200,1.3533,-0.000,-2.256,-149.124,0,0,37,163,75,128
1778699196.151002,0,0.986795,0.999996,0.986792,1.1098,-0.0325,1.2447,0.000,-0.253,-172.751,0,0,315,237,96,114
1778699196.151002,28,0.953168,0.916943,0.874001,1.1220,-0.4915,1.2832,0.000,-10.665,156.201,0,0,563,217,106,111
1778699196.151002,23,0.973332,0.893395,0.869570,0.9824,0.4200,1.3533,0.000,-1.258,-150.573,0,0,37,163,75,128
1778699196.217707,0,0.986092,0.999996,0.986088,1.1068,-0.0325,1.2444,0.000,-0.520,-172.652,0,0,315,237,96,114
1778699196.217707,28,0.956029,0.916356,0.876063,1.1191,-0.4921,1.2828,0.000,-10.119,156.495,0,0,563,217,106,113
1778699196.217707,23,0.973086,0.893235,0.869195,0.9822,0.4200,1.3549,0.000,-0.992,-149.684,0,0,37,162,75,128
1778699196.284446,0,0.987214,0.999996,0.987211,1.1068,-0.0325,1.2444,-0.000,-0.025,-172.762,0,0,315,237,96,114
1778699196.284446,28,0.954387,0.916943,0.875118,1.1191,-0.4902,1.2828,0.000,-10.421,157.041,0,0,562,217,107,111
1778699196.284446,23,0.970416,0.893395,0.866965,0.9824,0.4200,1.3533,0.000,-1.780,-149.765,0,0,37,163,75,129
1778699196.284446,0,0.987032,0.999996,0.987028,1.1068,-0.0325,1.2444,-0.000,-0.025,-172.762,0,0,315,237,96,114
1778699196.284446,28,0.956999,0.916943,0.877514,1.1191,-0.4902,1.2828,0.000,-10.421,157.041,0,0,562,217,107,113
1778699196.284446,23,0.975074,0.893395,0.871127,0.9824,0.4200,1.3533,0.000,-1.780,-149.765,0,0,37,163,74,126
1778699196.384561,0,0.986546,0.999996,0.986542,1.1068,-0.0325,1.2444,0.000,-0.357,-172.722,0,0,315,237,96,114
1778699196.384561,28,0.952132,0.916943,0.873051,1.1191,-0.4902,1.2828,0.000,-10.855,156.846,0,0,563,217,108,111
1778699196.384561,23,0.971075,0.893395,0.867554,0.9824,0.4200,1.3533,0.000,-1.719,-150.138,0,0,37,164,75,122
1778699196.484670,0,0.985387,0.999996,0.985384,1.1068,-0.0325,1.2444,-0.000,-0.798,-172.572,0,0,315,237,96,114
1778699196.484670,28,0.955822,0.916356,0.875873,1.1191,-0.4921,1.2828,0.000,-10.154,156.763,0,0,563,217,108,113
1778699196.484670,23,0.972099,0.893553,0.868622,0.9796,0.4185,1.3510,0.000,-1.097,-148.735,0,0,37,163,75,125
1778699196.484670,0,0.987277,0.999996,0.987273,1.1068,-0.0325,1.2444,-0.000,-0.798,-172.572,0,0,315,237,96,114
1778699196.484670,28,0.955500,0.916356,0.875578,1.1191,-0.4921,1.2828,0.000,-10.154,156.763,0,0,563,217,107,113
1778699196.484670,23,0.971961,0.893395,0.868345,0.9796,0.4185,1.3510,0.000,-1.097,-148.735,0,0,37,163,75,129
1778699196.618159,0,0.986123,0.999996,0.986119,1.1068,-0.0325,1.2444,0.000,-0.289,-172.480,0,0,315,237,96,114
1778699196.618159,28,0.956510,0.916356,0.876504,1.1191,-0.4921,1.2828,0.000,-10.024,156.017,0,0,563,217,107,113
1778699196.618159,23,0.970375,0.893395,0.866928,0.9824,0.4200,1.3533,-0.000,-1.526,-148.937,0,0,37,163,75,126
1778699196.751637,0,0.987004,0.999996,0.987000,1.1068,-0.0325,1.2444,0.000,-0.105,-172.729,0,0,315,237,96,114
1778699196.751637,28,0.957972,0.916356,0.877843,1.1161,-0.4908,1.2824,0.000,-9.735,156.448,0,0,563,217,107,111
1778699196.751637,23,0.977504,0.893395,0.873297,0.9824,0.4200,1.3533,0.000,-0.123,-150.509,0,0,37,163,74,126
1778699196.751637,0,0.986672,0.999996,0.986668,1.1068,-0.0325,1.2444,0.000,-0.297,-172.731,0,0,315,237,96,114
1778699196.751637,28,0.959876,0.916356,0.879588,1.1161,-0.4908,1.2824,0.000,-9.346,156.721,0,0,563,217,107,111
1778699196.751637,23,0.964922,0.893395,0.862056,0.9824,0.4200,1.3533,0.000,-3.202,-150.287,0,0,38,164,76,130
1778699196.851745,0,0.984994,0.999996,0.984990,1.1038,-0.0325,1.2441,0.000,-0.408,-172.090,0,0,315,237,96,114
1778699196.851745,28,0.955205,0.916356,0.875308,1.1191,-0.4921,1.2828,0.000,-10.280,156.132,0,0,562,217,107,113
1778699196.851745,23,0.973119,0.894161,0.870126,0.9825,0.4183,1.3517,0.000,-1.016,-149.353,0,0,37,163,74,128
1778699196.918457,0,0.985566,0.999996,0.985563,1.1038,-0.0325,1.2441,0.000,-0.790,-172.644,0,0,315,236,96,113
1778699196.918457,28,0.960180,0.916943,0.880430,1.1191,-0.4902,1.2828,0.000,-9.272,155.720,0,0,562,217,107,113
1778699196.918457,23,0.973827,0.893395,0.870012,0.9824,0.4200,1.3533,0.000,-0.851,-149.573,0,0,37,163,74,125
1778699196.985196,0,0.985162,0.999999,0.985161,1.1066,-0.0325,1.2462,0.000,-0.454,-172.273,0,0,315,237,96,114
1778699196.985196,28,0.956270,0.916943,0.876846,1.1191,-0.4902,1.2828,0.000,-10.056,155.721,0,0,562,217,107,113
1778699196.985196,23,0.970246,0.893395,0.866813,0.9843,0.4209,1.3537,0.000,-1.541,-148.889,0,0,37,163,75,126
1778699196.985196,0,0.987094,0.999996,0.987091,1.1066,-0.0325,1.2462,0.000,-0.454,-172.273,0,0,315,237,96,114
1778699196.985196,28,0.958913,0.916943,0.879269,1.1191,-0.4902,1.2828,0.000,-10.056,155.721,0,0,562,217,107,113
1778699196.985196,23,0.971067,0.893395,0.867546,0.9843,0.4209,1.3537,0.000,-1.541,-148.889,0,0,37,163,75,126
1778699197.118687,0,0.985624,0.999996,0.985620,1.1038,-0.0325,1.2441,0.000,-0.516,-172.442,0,0,314,237,97,114
1778699197.118687,28,0.954513,0.916943,0.875234,1.1191,-0.4902,1.2828,0.000,-10.391,155.577,0,0,562,217,107,113
1778699197.118687,23,0.969228,0.893395,0.865904,0.9824,0.4200,1.3533,0.000,-1.497,-148.110,0,0,37,163,75,129
1778699197.252148,0,0.986687,0.999996,0.986683,1.1068,-0.0306,1.2444,-0.000,-0.441,-172.754,0,0,314,237,95,113
1778699197.252148,28,0.958776,0.917484,0.879662,1.1248,-0.4910,1.2855,0.000,-9.471,156.127,0,0,561,216,107,113
1778699197.252148,23,0.974839,0.893395,0.870917,0.9843,0.4209,1.3537,0.000,-0.395,-149.051,0,0,37,163,74,126
1778699197.352258,0,0.987779,0.999996,0.987776,1.1068,-0.0306,1.2444,0.000,-0.329,-173.176,0,0,314,237,96,114
1778699197.352258,28,0.959258,0.917529,0.880147,1.1220,-0.4897,1.2832,-0.000,-9.454,155.754,0,0,561,217,107,113
1778699197.352258,23,0.972781,0.893395,0.869078,0.9824,0.4200,1.3533,0.000,-0.954,-149.065,0,0,37,163,74,128
1778699197.418994,0,0.987355,0.999996,0.987352,1.1068,-0.0306,1.2444,-0.000,-0.812,-173.412,0,0,314,237,96,113
1778699197.418994,28,0.959296,0.917529,0.880182,1.1220,-0.4897,1.2832,-0.000,-9.441,155.654,0,0,561,217,107,113
1778699197.418994,23,0.973685,0.893395,0.869885,0.9824,0.4200,1.3533,0.000,-0.611,-148.793,0,0,37,163,75,128
1778699197.485721,0,0.987937,0.999990,0.987928,1.1070,-0.0306,1.2426,-0.000,-0.643,-173.449,0,0,314,238,96,114
1778699197.485721,28,0.957972,0.917529,0.878967,1.1220,-0.4897,1.2832,0.000,-9.717,155.856,0,0,561,217,107,113
1778699197.485721,23,0.971358,0.893395,0.867806,0.9824,0.4200,1.3533,0.000,-1.124,-148.532,0,0,37,163,75,128
1778699197.552456,0,0.987356,0.999996,0.987352,1.1068,-0.0306,1.2444,0.000,-0.856,-173.456,0,0,314,237,96,114
1778699197.552456,28,0.962331,0.917529,0.882967,1.1220,-0.4897,1.2832,0.000,-8.802,155.459,0,0,561,217,107,113
1778699197.619195,0,0.988342,0.999996,0.988338,1.1068,-0.0306,1.2444,0.000,-0.905,-174.032,0,0,314,237,96,113
1778699197.619195,30,0.958811,0.917529,0.879737,1.1220,-0.4897,1.2832,0.000,-9.524,155.373,0,0,561,217,107,113
1778699197.619195,23,0.976150,0.893553,0.872242,0.9845,0.4209,1.3521,0.000,0.065,-148.608,0,0,37,164,74,126
1778699197.685911,0,0.987195,0.999996,0.987191,1.1038,-0.0306,1.2441,-0.000,-0.711,-173.235,0,0,314,237,96,114
1778699197.685911,30,0.961444,0.917529,0.882153,1.1220,-0.4897,1.2832,-0.000,-9.011,155.949,0,0,561,217,107,113
1778699197.685911,23,0.977258,0.893395,0.873077,0.9843,0.4209,1.3537,0.000,-0.413,-151.524,0,0,37,163,74,125
1778699197.685911,0,0.988946,0.999996,0.988942,1.1038,-0.0306,1.2441,-0.000,-0.711,-173.235,0,0,314,237,96,113
1778699197.685911,30,0.961269,0.917529,0.881992,1.1220,-0.4897,1.2832,-0.000,-9.011,155.949,0,0,562,217,106,113
1778699197.685911,23,0.976012,0.893395,0.871964,0.9843,0.4209,1.3537,0.000,-0.413,-151.524,0,0,37,164,74,126
1778699197.786019,0,0.986799,0.999996,0.986796,1.1068,-0.0306,1.2444,0.000,-0.686,-173.020,0,0,314,237,96,114
1778699197.786019,30,0.959029,0.916943,0.879375,1.1220,-0.4915,1.2832,0.000,-9.484,155.282,0,0,561,216,107,113
1778699197.786019,23,0.976789,0.893553,0.872813,0.9845,0.4209,1.3521,0.000,-0.503,-150.894,0,0,37,164,74,126
1778699197.919486,0,0.988154,0.999996,0.988150,1.1068,-0.0306,1.2444,0.000,-0.581,-173.597,0,0,314,238,96,114
1778699197.919486,30,0.960251,0.917484,0.881015,1.1219,-0.4897,1.2851,0.000,-9.099,154.885,0,0,562,217,106,113
1778699197.919486,23,0.978501,0.892786,0.873593,0.9824,0.4216,1.3533,-0.000,0.117,-150.564,0,0,36,163,73,125
1778699197.986216,0,0.988513,0.999996,0.988509,1.1098,-0.0306,1.2447,0.000,-0.251,-173.473,0,0,314,237,95,113
1778699197.986216,30,0.961664,0.917529,0.882355,1.1220,-0.4897,1.2832,0.000,-8.927,155.241,0,0,561,217,107,113
1778699197.986216,23,0.974632,0.893395,0.870731,0.9824,0.4200,1.3533,-0.000,-0.637,-149.576,0,0,37,163,75,125
1778699197.986216,0,0.988222,0.999996,0.988218,1.1098,-0.0306,1.2447,0.000,-0.251,-173.473,0,0,314,237,95,113
1778699197.986216,30,0.964356,0.916943,0.884260,1.1220,-0.4897,1.2832,0.000,-8.927,155.241,0,0,562,217,108,113
1778699197.986216,23,0.976094,0.892786,0.871444,0.9824,0.4200,1.3533,-0.000,-0.637,-149.576,0,0,36,163,73,128
1778699198.052952,0,0.988406,0.999996,0.988402,1.1098,-0.0306,1.2447,-0.000,-0.539,-173.591,0,0,314,237,95,113
1778699198.052952,30,0.963496,0.917529,0.884036,1.1191,-0.4902,1.2828,0.000,-8.393,155.758,0,0,561,217,107,113
1778699198.052952,23,0.975528,0.893395,0.871532,0.9794,0.4201,1.3526,0.000,-0.173,-149.288,0,0,37,163,75,126
1778699198.119666,0,0.987894,0.999996,0.987890,1.1098,-0.0306,1.2447,0.000,-0.615,-173.495,0,0,314,237,96,113
1778699198.119666,30,0.962858,0.917529,0.883450,1.1220,-0.4897,1.2832,0.000,-8.688,155.420,0,0,561,217,107,111
1778699198.119666,23,0.975118,0.893395,0.871165,0.9794,0.4185,1.3526,0.000,-0.378,-149.211,0,0,38,163,76,126
1778699198.286510,0,0.987564,0.999996,0.987561,1.1098,-0.0306,1.2447,0.000,-0.845,-173.552,0,0,314,237,97,113
1778699198.286510,30,0.962261,0.917529,0.882903,1.1220,-0.4897,1.2832,-0.000,-8.845,156.136,0,0,561,217,107,113
1778699198.286510,23,0.974587,0.893395,0.870691,0.9843,0.4209,1.3537,0.000,-0.665,-149.626,0,0,37,163,75,126
1778699198.286510,0,0.987709,0.999996,0.987706,1.1098,-0.0306,1.2447,0.000,-0.845,-173.552,0,0,315,237,96,113
1778699198.286510,30,0.962034,0.917529,0.882695,1.1220,-0.4897,1.2832,-0.000,-8.845,156.136,0,0,561,217,107,113
1778699198.286510,23,0.968126,0.893709,0.865223,0.9843,0.4209,1.3537,0.000,-0.665,-149.626,0,0,37,165,75,126
1778699198.353247,0,0.987562,0.999996,0.987558,1.1098,-0.0325,1.2447,0.000,-0.597,-173.411,0,0,315,237,96,113
1778699198.353247,30,0.960063,0.917529,0.880885,1.1191,-0.4884,1.2828,0.000,-9.286,155.674,0,0,561,217,107,113
1778699198.353247,23,0.973288,0.893709,0.869836,0.9847,0.4209,1.3505,0.000,-0.612,-148.127,0,0,37,163,75,125
1778699198.520089,0,0.988587,0.999996,0.988584,1.1128,-0.0325,1.2450,0.000,-0.476,-173.823,0,0,315,237,96,114
1778699198.520089,30,0.959709,0.917529,0.880561,1.1220,-0.4897,1.2832,0.000,-9.370,155.978,0,0,561,217,107,114
1778699198.520089,23,0.970322,0.893709,0.867185,0.9847,0.4209,1.3505,0.000,-1.141,-147.552,0,0,37,165,75,122
1778699198.520089,0,0.988112,0.999990,0.988103,1.1128,-0.0325,1.2450,0.000,-0.476,-173.823,0,0,315,238,96,114
1778699198.520089,30,0.960283,0.917484,0.881044,1.1220,-0.4897,1.2832,0.000,-9.370,155.978,0,0,561,216,107,113
1778699198.520089,23,0.972551,0.893553,0.869026,0.9847,0.4209,1.3505,0.000,-1.141,-147.552,0,0,37,164,74,122
1778699198.586832,0,0.987980,0.999990,0.987970,1.1100,-0.0325,1.2429,0.000,-0.164,-173.150,0,0,315,238,96,114
1778699198.586832,30,0.958958,0.917484,0.879829,1.1219,-0.4897,1.2851,0.000,-9.402,155.370,0,0,562,217,108,113
1778699198.586832,23,0.981500,0.893553,0.877023,0.9845,0.4209,1.3521,0.000,0.525,-153.304,0,0,36,164,73,124
1778699198.686950,0,0.987077,0.999990,0.987068,1.1100,-0.0325,1.2429,0.000,-0.051,-172.645,0,0,315,237,96,113
1778699198.686950,30,0.959149,0.916943,0.879485,1.1220,-0.4915,1.2832,0.000,-9.485,155.809,0,0,561,216,107,113
1778699198.686950,23,0.980758,0.892944,0.875762,0.9796,0.4201,1.3510,0.000,0.537,-151.216,0,0,36,163,73,125
1778699198.753691,0,0.988125,0.999996,0.988121,1.1098,-0.0325,1.2447,-0.000,-0.122,-173.268,0,0,315,238,96,114
1778699198.753691,30,0.960231,0.917484,0.880997,1.1248,-0.4910,1.2855,-0.000,-9.141,155.360,0,0,561,217,107,113
1778699198.753691,23,0.978322,0.892786,0.873432,0.9794,0.4201,1.3526,0.000,0.230,-149.982,0,0,37,164,74,126
1778699198.853799,0,0.988779,0.999990,0.988769,1.1130,-0.0325,1.2432,-0.000,0.277,-173.185,0,0,315,238,95,114
1778699198.853799,30,0.960324,0.917529,0.881125,1.1220,-0.4897,1.2832,-0.000,-9.225,155.527,0,0,561,217,107,114
1778699198.920537,0,0.987844,0.999990,0.987834,1.1130,-0.0325,1.2432,0.000,-0.003,-172.957,0,0,315,238,95,114
1778699198.920537,31,0.963244,0.917529,0.883804,1.1220,-0.4897,1.2832,0.000,-8.639,156.322,0,0,561,217,107,111
1778699198.920537,0,0.989006,0.999990,0.988996,1.1130,-0.0325,1.2432,0.000,0.502,-173.128,0,0,315,238,95,114
1778699198.920537,32,0.962589,0.917529,0.883203,1.1220,-0.4897,1.2832,0.000,-8.769,155.892,0,0,561,217,107,113
1778699198.987276,0,0.988197,0.999990,0.988187,1.1130,-0.0325,1.2432,-0.000,-0.059,-173.168,0,0,315,238,96,114
1778699198.987276,1,0.960911,0.917529,0.881664,1.1220,-0.4897,1.2832,0.000,-9.099,155.450,0,0,561,217,107,114
1778699199.120742,0,0.988438,0.999990,0.988428,1.1100,-0.0325,1.2429,0.000,0.194,-173.085,0,0,315,238,96,114
1778699199.120742,33,0.960550,0.916943,0.880770,1.1220,-0.4915,1.2832,0.000,-9.193,155.658,0,0,562,217,108,114
1778699199.120742,23,0.971141,0.893395,0.867613,0.9824,0.4200,1.3533,0.000,-0.886,-147.840,0,0,37,163,74,128
1778699199.120742,0,0.989968,0.999990,0.989958,1.1100,-0.0325,1.2429,0.000,0.402,-173.682,0,0,315,238,96,114
1778699199.120742,1,0.962835,0.916943,0.882865,1.1220,-0.4915,1.2832,0.000,-8.688,155.205,0,0,561,217,107,113
1778699199.187465,0,0.989513,0.999990,0.989503,1.1100,-0.0325,1.2429,0.000,0.259,-173.563,0,0,315,238,96,114
1778699199.187465,1,0.960304,0.917529,0.881107,1.1191,-0.4884,1.2828,-0.000,-9.226,155.485,0,0,562,217,108,114
1778699199.187465,0,0.990424,0.999990,0.990414,1.1100,-0.0325,1.2429,0.000,0.259,-173.563,0,0,315,238,95,114
1778699199.187465,33,0.959666,0.916943,0.879959,1.1191,-0.4884,1.2828,-0.000,-9.226,155.485,0,0,561,217,107,114
1778699199.187465,23,0.976178,0.894003,0.872706,nan,nan,nan,nan,nan,nan,0,0,37,163,75,128
1778699199.254197,0,0.987172,0.999990,0.987162,1.1100,-0.0325,1.2429,-0.000,0.448,-173.885,0,0,315,237,96,113
1778699199.254197,1,0.963026,0.917529,0.883605,1.1191,-0.4902,1.2828,0.000,-9.387,156.055,0,0,562,217,106,113
1778699199.387681,0,0.988371,0.999996,0.988367,1.1068,-0.0325,1.2444,-0.000,0.165,-173.153,0,0,315,237,96,115
1778699199.387681,33,0.960815,0.916943,0.881013,1.1191,-0.4902,1.2828,0.000,-9.140,155.689,0,0,562,217,108,114
1778699199.421057,0,0.988509,0.999996,0.988506,1.1068,-0.0325,1.2444,0.000,0.615,-172.885,0,0,315,237,96,115
1778699199.421057,34,0.961706,0.916943,0.881830,1.1191,-0.4902,1.2828,0.000,-8.962,155.884,0,0,561,217,107,114
1778699199.487796,35,0.988386,0.999996,0.988382,1.1068,-0.0325,1.2444,0.000,0.346,-173.022,0,0,315,238,96,114
1778699199.487796,0,0.960714,0.917529,0.881483,1.1191,-0.4884,1.2828,0.000,-9.098,154.927,0,0,561,217,107,113
1778699199.521165,0,0.988340,0.999990,0.988330,1.1070,-0.0325,1.2426,0.000,0.297,-172.963,0,0,315,238,96,114
1778699199.521165,36,0.962116,0.917529,0.882769,1.1191,-0.4884,1.2828,0.000,-8.789,154.770,0,0,562,217,106,113
1778699199.587889,0,0.987629,0.999990,0.987619,1.1070,-0.0325,1.2426,0.000,-0.011,-172.864,0,0,315,238,96,114
1778699199.587889,37,0.962213,0.916943,0.882295,1.1191,-0.4902,1.2828,0.000,-8.833,155.400,0,0,561,217,107,114
1778699199.587889,38,0.988754,0.999990,0.988744,1.1070,-0.0325,1.2426,0.000,-0.011,-172.864,0,0,315,237,96,114
1778699199.587889,0,0.959160,0.916943,0.879495,1.1191,-0.4902,1.2828,0.000,-8.833,155.400,0,0,562,217,108,113
1778699199.687952,0,0.987517,0.999996,0.987513,1.1068,-0.0325,1.2444,0.000,0.446,-172.555,0,0,315,237,96,113
1778699199.687952,39,0.961102,0.916943,0.881276,1.1191,-0.4902,1.2828,-0.000,-9.070,155.472,0,0,561,217,107,114
1778699199.788091,0,0.987315,0.999996,0.987311,1.1038,-0.0325,1.2441,-0.000,0.242,-172.608,0,0,315,237,96,113
1778699199.788091,40,0.960582,0.917529,0.881362,1.1220,-0.4897,1.2832,0.000,-9.196,156.196,0,0,561,217,107,113
1778699199.788091,0,0.986900,0.999996,0.986896,1.1038,-0.0325,1.2441,0.000,0.126,-172.509,0,0,315,237,96,113
1778699199.788091,41,0.962849,0.917529,0.883442,1.1220,-0.4897,1.2832,-0.000,-8.704,155.661,0,0,562,217,106,113
1778699199.788091,42,0.988691,0.999996,0.988687,1.1038,-0.0325,1.2441,0.000,0.126,-172.509,0,0,315,238,96,114
1778699199.788091,0,0.961863,0.916943,0.881974,1.1220,-0.4897,1.2832,-0.000,-8.704,155.661,0,0,562,217,106,113
1778699199.954933,0,0.988350,0.999990,0.988340,1.1070,-0.0306,1.2426,0.000,0.175,-172.957,0,0,314,238,96,114
1778699199.954933,43,0.961770,0.916943,0.881888,1.1220,-0.4915,1.2832,0.000,-8.955,156.251,0,0,562,217,108,113
1778699199.954933,0,0.988621,0.999990,0.988611,1.1070,-0.0306,1.2426,-0.000,0.043,-173.191,0,0,314,238,95,113
1778699199.954933,44,0.962765,0.916943,0.882801,1.1220,-0.4915,1.2832,-0.000,-8.732,155.708,0,0,561,217,107,113
1778699200.055045,0,0.987539,0.999996,0.987535,1.1068,-0.0306,1.2444,0.000,-0.502,-173.212,0,0,314,237,96,113
1778699200.055045,45,0.960624,0.916943,0.880837,1.1220,-0.4915,1.2832,0.000,-9.173,155.555,0,0,562,217,106,113
1778699200.055045,46,0.989326,0.999996,0.989322,1.1068,-0.0306,1.2444,-0.000,0.193,-173.503,0,0,314,238,96,111
1778699200.055045,0,0.960803,0.916943,0.881002,1.1220,-0.4915,1.2832,0.000,-9.141,155.655,0,0,562,217,108,113
1778699200.055045,0,0.987826,0.999990,0.987816,1.1068,-0.0306,1.2444,-0.000,0.193,-173.503,0,0,314,238,96,113
1778699200.055045,47,0.961470,0.917529,0.882176,1.1220,-0.4915,1.2832,0.000,-9.141,155.655,0,0,561,217,107,113
1778699200.155171,0,0.988372,0.999990,0.988362,1.1070,-0.0306,1.2426,0.000,-0.276,-173.335,0,0,314,237,96,113
1778699200.155171,48,0.961526,0.917529,0.882228,1.1220,-0.4897,1.2832,0.000,-8.996,156.016,0,0,561,217,107,113
1778699200.155171,0,0.988970,0.999990,0.988961,1.1070,-0.0306,1.2426,0.000,-0.276,-173.335,0,0,314,238,96,114
1778699200.155171,49,0.961196,0.916943,0.881362,1.1220,-0.4897,1.2832,0.000,-8.996,156.016,0,0,562,217,107,115
1778699200.155171,23,0.976361,0.893395,0.872276,nan,nan,nan,nan,nan,nan,0,0,37,163,74,128
1778699200.288629,0,0.988518,0.999990,0.988508,1.1070,-0.0306,1.2426,-0.000,-0.210,-173.351,0,0,314,238,96,111
1778699200.288629,1,0.963825,0.916943,0.883773,1.1191,-0.4902,1.2828,-0.000,-8.492,155.440,0,0,562,218,107,114
1778699200.355350,0,0.989035,0.999990,0.989025,1.1100,-0.0306,1.2429,0.000,-0.158,-173.568,0,0,314,238,96,114
1778699200.355350,49,0.961361,0.916986,0.881554,1.1192,-0.4902,1.2810,-0.000,-9.118,155.682,0,0,562,218,106,114
1778699200.355350,0,0.988392,0.999990,0.988382,1.1100,-0.0306,1.2429,0.000,-0.158,-173.568,0,0,314,238,96,114
1778699200.355350,49,0.962810,0.916986,0.882884,1.1192,-0.4902,1.2810,-0.000,-9.118,155.682,0,0,561,217,107,113
1778699200.355350,23,0.977560,0.893395,0.873348,nan,nan,nan,nan,nan,nan,0,0,37,163,74,125
1778699200.555532,0,0.990069,0.999990,0.990060,1.1100,-0.0306,1.2429,0.000,0.222,-173.784,0,0,314,238,96,113
1778699200.555532,49,0.961428,0.917529,0.882139,1.1191,-0.4884,1.2828,-0.000,-9.016,156.018,0,0,561,217,107,111
1778699200.555532,23,0.979186,0.893553,0.874954,0.9825,0.4200,1.3517,0.000,0.139,-151.038,0,0,37,164,74,126
1778699200.555532,0,0.988804,0.999990,0.988794,1.1100,-0.0306,1.2429,-0.000,0.062,-173.266,0,0,314,238,96,111
1778699200.555532,49,0.962573,0.917529,0.883189,1.1191,-0.4884,1.2828,0.000,-8.746,155.384,0,0,562,217,107,113
1778699200.555532,23,0.979509,0.893553,0.875244,0.9825,0.4200,1.3517,-0.000,0.652,-149.619,0,0,36,163,73,125
1778699200.655635,0,0.989161,0.999990,0.989151,1.1100,-0.0306,1.2429,0.000,0.158,-173.366,0,0,314,238,96,113
1778699200.655635,49,0.959947,0.916943,0.880217,1.1191,-0.4902,1.2828,-0.000,-9.330,156.108,0,0,562,217,107,111
1778699200.655635,23,0.980623,0.892786,0.875487,0.9824,0.4216,1.3533,0.000,0.865,-150.143,0,0,36,163,73,126
1778699200.722368,0,0.989831,0.999990,0.989821,1.1070,-0.0306,1.2426,0.000,0.010,-173.841,0,0,314,238,96,113
1778699200.722368,49,0.961274,0.916943,0.881434,1.1191,-0.4902,1.2828,0.000,-9.031,155.415,0,0,562,217,108,113
1778699200.722368,23,0.977603,0.892786,0.872791,0.9824,0.4216,1.3533,0.000,-0.209,-150.859,0,0,37,163,74,126
1778699200.855845,0,0.989913,0.999990,0.989903,1.1100,-0.0306,1.2429,-0.000,0.046,-173.853,0,0,314,238,96,114
1778699200.855845,49,0.964336,0.916943,0.884242,1.1191,-0.4902,1.2828,0.000,-8.371,155.275,0,0,562,217,108,113
1778699200.855845,23,0.977124,0.893395,0.872958,0.9843,0.4209,1.3537,-0.000,0.211,-149.148,0,0,37,163,74,125
1778699200.922591,0,0.988656,0.999990,0.988646,1.1100,-0.0306,1.2429,0.000,-0.151,-173.370,0,0,314,238,96,114
1778699200.922591,49,0.964507,0.916943,0.884398,1.1191,-0.4902,1.2828,0.000,-8.329,155.219,0,0,562,217,106,113
1778699200.922591,23,0.979592,0.892944,0.874721,0.9825,0.4216,1.3517,0.000,0.232,-151.031,0,0,36,164,73,126
1778699200.922591,0,0.990724,0.999990,0.990714,1.1100,-0.0306,1.2429,0.000,-0.151,-173.370,0,0,314,238,95,113
1778699200.922591,49,0.962469,0.916943,0.882530,1.1191,-0.4902,1.2828,0.000,-8.329,155.219,0,0,562,217,107,114
1778699200.922591,23,0.977631,0.893395,0.873411,0.9825,0.4216,1.3517,0.000,0.232,-151.031,0,0,37,163,74,126
1778699200.989325,0,0.988522,0.999990,0.988512,1.1100,-0.0306,1.2429,0.000,0.308,-172.939,0,0,315,237,96,115
1778699200.989325,49,0.962533,0.916943,0.882588,1.1191,-0.4902,1.2828,0.000,-8.786,155.830,0,0,562,217,108,113
1778699200.989325,23,0.976525,0.893395,0.872422,0.9873,0.4224,1.3544,0.000,-0.417,-150.595,0,0,37,164,74,126
1778699201.156162,0,0.988270,0.999990,0.988261,1.1130,-0.0325,1.2432,-0.000,0.435,-172.832,0,0,315,238,96,114
1778699201.156162,49,0.961835,0.916943,0.881948,1.1191,-0.4902,1.2828,0.000,-8.920,155.524,0,0,562,217,107,113
1778699201.156162,23,0.977273,0.893395,0.873091,0.9824,0.4200,1.3533,0.000,-0.039,-149.986,0,0,37,163,74,128
1778699201.222901,0,0.988539,0.999990,0.988529,1.1130,-0.0325,1.2432,-0.000,0.422,-172.965,0,0,315,238,96,114
1778699201.222901,49,0.961394,0.916943,0.881544,1.1220,-0.4915,1.2832,0.000,-9.033,156.243,0,0,562,217,107,113
1778699201.222901,23,0.982679,0.892944,0.877477,0.9825,0.4216,1.3517,0.000,1.060,-151.548,0,0,36,164,73,126
1778699201.289627,0,0.989792,0.999990,0.989782,1.1100,-0.0325,1.2429,-0.000,0.568,-173.464,0,0,315,238,96,115
1778699201.289627,49,0.961235,0.916943,0.881398,1.1191,-0.4902,1.2828,-0.000,-9.065,156.097,0,0,562,217,108,113
1778699201.289627,23,0.979450,0.892786,0.874440,0.9824,0.4216,1.3533,-0.000,0.350,-150.728,0,0,36,163,73,125
1778699201.289627,0,0.988666,0.999990,0.988656,1.1100,-0.0325,1.2429,-0.000,0.928,-172.686,0,0,316,238,96,114
1778699201.289627,1,0.961961,0.916943,0.882064,1.1191,-0.4902,1.2828,-0.000,-8.915,156.511,0,0,561,217,107,113
1778699201.389711,0,0.988578,0.999987,0.988565,1.1130,-0.0343,1.2432,-0.000,0.810,-172.821,0,0,316,238,96,111
1778699201.389711,49,0.962424,0.916986,0.882529,1.1192,-0.4902,1.2810,-0.000,-8.896,155.694,0,0,562,218,107,114
1778699201.456446,0,0.988687,0.999987,0.988674,1.1130,-0.0343,1.2432,0.000,0.282,-173.239,0,0,316,238,96,113
1778699201.456446,50,0.962021,0.916943,0.882119,1.1191,-0.4902,1.2828,0.000,-8.903,156.346,0,0,562,217,106,111
1778699201.456446,0,0.988331,0.999987,0.988318,1.1130,-0.0343,1.2432,0.000,0.492,-172.921,0,0,317,238,95,113
1778699201.456446,51,0.960115,0.916943,0.880371,1.1191,-0.4902,1.2828,0.000,-9.278,155.546,0,0,562,217,107,113
1778699201.523185,0,0.988709,0.999981,0.988690,1.1130,-0.0361,1.2432,0.000,0.597,-173.123,0,0,318,238,96,113
1778699201.523185,52,0.962746,0.916943,0.882784,1.1191,-0.4902,1.2828,0.000,-8.730,155.574,0,0,562,217,106,113
1778699201.690052,0,0.989778,0.999962,0.989740,1.1132,-0.0380,1.2413,0.000,1.053,-173.361,0,0,318,239,96,111
1778699201.690052,52,0.963966,0.916943,0.883902,1.1191,-0.4902,1.2828,-0.000,-8.472,155.639,0,0,562,217,108,113
1778699201.690052,23,0.977379,0.892786,0.872591,0.9794,0.4201,1.3526,0.000,-0.170,-150.444,0,0,36,163,73,125
1778699201.690052,0,0.989515,0.999962,0.989478,1.1132,-0.0380,1.2413,0.000,0.669,-173.487,0,0,319,239,95,110
1778699201.690052,52,0.962297,0.916943,0.882372,1.1191,-0.4902,1.2828,0.000,-8.815,155.400,0,0,562,217,107,111
1778699201.690052,23,0.974585,0.892786,0.870097,0.9794,0.4201,1.3526,-0.000,-0.178,-148.246,0,0,37,163,74,126
1778699201.790162,0,0.988967,0.999950,0.988918,1.1132,-0.0398,1.2413,0.000,0.435,-173.490,0,0,319,239,95,110
1778699201.790162,52,0.962772,0.916943,0.882808,1.1191,-0.4902,1.2828,0.000,-8.725,155.580,0,0,562,217,106,113
1778699201.790162,23,0.975859,0.893395,0.871827,0.9873,0.4224,1.3544,0.000,-0.189,-149.256,0,0,37,164,74,126
1778699201.923625,0,0.988985,0.999959,0.988945,1.1130,-0.0398,1.2432,0.000,0.508,-173.518,0,0,319,238,95,111
1778699201.923625,52,0.961830,0.916986,0.881985,1.1192,-0.4902,1.2810,0.000,-9.012,155.517,0,0,562,218,108,114
1778699201.923625,23,0.972383,0.893395,0.868722,0.9873,0.4224,1.3544,-0.000,-0.726,-148.222,0,0,37,163,74,128
1778699201.923625,0,0.987647,0.999959,0.987607,1.1130,-0.0398,1.2432,0.000,0.328,-173.028,0,0,319,239,95,110
1778699201.923625,1,0.964905,0.916986,0.884804,1.1192,-0.4902,1.2810,0.000,-8.359,155.613,0,0,562,217,106,113
1778699202.023728,0,0.987022,0.999950,0.986973,1.1132,-0.0398,1.2413,0.000,0.216,-172.764,0,0,319,239,95,110
1778699202.023728,52,0.963385,0.916943,0.883370,1.1191,-0.4902,1.2828,0.000,-8.599,155.684,0,0,562,217,106,113
1778699202.023728,0,0.988091,0.999950,0.988041,1.1132,-0.0398,1.2413,0.000,0.216,-173.238,0,0,319,239,95,110
1778699202.023728,53,0.964752,0.916943,0.884622,1.1191,-0.4902,1.2828,0.000,-8.310,155.836,0,0,562,218,106,114
1778699202.090466,0,0.987202,0.999950,0.987153,1.1132,-0.0398,1.2413,0.000,-0.141,-173.096,0,0,319,238,95,109
1778699202.090466,54,0.961374,0.916986,0.881566,1.1192,-0.4902,1.2810,0.000,-9.109,155.555,0,0,562,217,106,113
1778699202.190547,0,0.987378,0.999950,0.987329,1.1132,-0.0398,1.2413,0.000,0.259,-172.889,0,0,319,239,95,110
1778699202.190547,1,0.963068,0.916943,0.883079,1.1191,-0.4902,1.2828,-0.000,-8.647,155.328,0,0,562,217,106,113
1778699202.190547,0,0.987770,0.999950,0.987721,1.1132,-0.0398,1.2413,0.000,0.088,-173.184,0,0,319,239,95,110
1778699202.190547,54,0.965858,0.916943,0.885637,1.1191,-0.4902,1.2828,0.000,-8.062,155.712,0,0,562,217,106,113
1778699202.290655,0,0.988450,0.999959,0.988409,1.1160,-0.0398,1.2434,0.000,0.398,-173.344,0,0,319,238,95,109
1778699202.290655,55,0.963302,0.916943,0.883293,1.1191,-0.4902,1.2828,-0.000,-8.623,155.833,0,0,562,217,106,113
1778699202.290655,0,0.988712,0.999959,0.988672,1.1160,-0.0398,1.2434,0.000,0.091,-173.702,0,0,320,239,96,107
1778699202.290655,56,0.963599,0.916943,0.883565,1.1191,-0.4902,1.2828,0.000,-8.560,155.854,0,0,561,217,107,113
1778699202.357372,0,0.985028,0.999935,0.984963,1.1201,-0.0417,1.2420,-0.000,-0.308,-172.391,0,0,320,239,96,109
1778699202.357372,57,0.961849,0.917529,0.882525,1.1220,-0.4897,1.2832,0.000,-8.932,156.152,0,0,561,217,107,113
1778699202.457480,58,0.986977,0.999935,0.986912,1.1201,-0.0417,1.2420,0.000,0.298,-172.791,0,0,320,239,95,110
1778699202.457480,0,0.963069,0.917529,0.883644,1.1220,-0.4897,1.2832,-0.000,-8.671,156.016,0,0,561,217,107,113
1778699202.524218,0,0.985537,0.999916,0.985454,1.1231,-0.0436,1.2423,-0.000,-0.387,-172.759,0,0,321,239,96,109
1778699202.524218,59,0.960945,0.917529,0.881696,1.1220,-0.4897,1.2832,0.000,-9.121,156.204,0,0,561,217,107,113
1778699202.524218,23,0.981642,0.892944,0.876552,0.9845,0.4226,1.3521,0.000,0.739,-151.551,0,0,36,164,73,126
1778699202.590957,0,0.987742,0.999916,0.987659,1.1231,-0.0436,1.2423,-0.000,-0.388,-173.744,0,0,321,239,95,107
1778699202.590957,59,0.960549,0.917529,0.881332,1.1191,-0.4884,1.2828,-0.000,-9.201,156.103,0,0,561,217,107,113
1778699202.590957,23,0.971829,0.893395,0.868227,0.9843,0.4209,1.3537,0.000,-0.872,-148.220,0,0,37,163,75,125
1778699202.657698,0,0.988944,0.999904,0.988849,1.1263,-0.0436,1.2407,0.000,-0.058,-173.977,0,0,321,240,95,109
1778699202.657698,59,0.960719,0.917529,0.881488,1.1220,-0.4897,1.2832,0.000,-9.159,155.883,0,0,561,217,107,113
1778699202.657698,23,0.970470,0.893395,0.867014,0.9843,0.4209,1.3537,0.000,-1.087,-147.895,0,0,37,163,75,125
1778699202.657698,0,0.987917,0.999904,0.987822,1.1263,-0.0436,1.2407,0.000,-0.058,-173.977,0,0,321,240,95,107
1778699202.657698,59,0.961529,0.917529,0.882231,1.1220,-0.4897,1.2832,0.000,-9.159,155.883,0,0,561,217,107,113
1778699202.657698,23,0.970946,0.892944,0.867001,0.9843,0.4209,1.3537,0.000,-1.087,-147.895,0,0,36,164,73,124
1778699202.724442,0,0.987462,0.999904,0.987367,1.1263,-0.0436,1.2407,0.000,0.050,-173.202,0,0,321,240,95,107
1778699202.724442,59,0.963072,0.917529,0.883647,1.1220,-0.4897,1.2832,-0.000,-8.671,156.037,0,0,561,217,107,113
1778699202.724442,23,0.978905,0.892944,0.874108,0.9825,0.4216,1.3517,0.000,-0.137,-152.009,0,0,37,163,74,126
1778699202.824545,0,0.987952,0.999904,0.987857,1.1293,-0.0437,1.2410,-0.000,-0.276,-173.671,0,0,321,239,95,109
1778699202.824545,59,0.961508,0.917529,0.882211,1.1220,-0.4897,1.2832,0.000,-8.992,155.787,0,0,561,217,107,113
1778699202.824545,23,0.974788,0.893395,0.870871,0.9824,0.4200,1.3533,0.000,-0.507,-149.318,0,0,37,164,74,126
1778699202.824545,0,0.987606,0.999916,0.987523,1.1293,-0.0437,1.2410,-0.000,-0.276,-173.671,0,0,321,239,95,109
1778699202.824545,59,0.960461,0.916943,0.880688,1.1220,-0.4897,1.2832,0.000,-8.992,155.787,0,0,562,217,108,113
1778699202.824545,23,0.979075,0.893553,0.874855,0.9824,0.4200,1.3533,0.000,-0.507,-149.318,0,0,37,164,74,126
1778699203.024736,0,0.986027,0.999916,0.985944,1.1291,-0.0437,1.2428,0.000,-0.657,-173.177,0,0,321,239,95,109
1778699203.024736,59,0.964079,0.917572,0.884612,1.1222,-0.4897,1.2814,0.000,-8.546,155.991,0,0,561,218,107,114
1778699203.024736,23,0.976671,0.892944,0.872112,0.9825,0.4216,1.3517,0.000,-0.233,-149.682,0,0,36,164,73,126
1778699203.024736,0,0.986532,0.999916,0.986449,1.1291,-0.0437,1.2428,-0.000,-0.519,-173.291,0,0,322,240,94,106
1778699203.024736,1,0.961827,0.917572,0.882546,1.1222,-0.4897,1.2814,-0.000,-8.997,155.414,0,0,561,217,107,113
1778699203.091475,0,0.985507,0.999882,0.985391,1.1293,-0.0455,1.2410,0.000,-0.694,-173.002,0,0,321,239,95,107
1778699203.091475,1,0.963623,0.917529,0.884152,1.1191,-0.4884,1.2828,0.000,-8.515,155.291,0,0,562,218,106,114
1778699203.091475,0,0.985643,0.999925,0.985569,1.1293,-0.0455,1.2410,0.000,-0.694,-173.002,0,0,321,238,95,109
1778699203.091475,59,0.962937,0.917529,0.883523,1.1191,-0.4884,1.2828,0.000,-8.515,155.291,0,0,561,217,107,113
1778699203.091475,23,0.972306,0.893553,0.868807,nan,nan,nan,nan,nan,nan,0,0,37,164,74,126
1778699203.224959,0,0.984193,0.999925,0.984120,1.1289,-0.0437,1.2447,0.000,-0.640,-173.075,0,0,321,238,95,107
1778699203.224959,1,0.960493,0.917529,0.881281,1.1191,-0.4884,1.2828,0.000,-8.704,156.257,0,0,562,217,106,113
1778699203.325068,0,0.982611,0.999932,0.982544,1.1287,-0.0437,1.2465,0.000,-1.449,-172.558,0,0,321,237,95,109
1778699203.325068,59,0.961900,0.916986,0.882049,1.1192,-0.4902,1.2810,0.000,-8.996,155.497,0,0,562,218,106,114
1778699203.325068,0,0.984395,0.999932,0.984327,1.1287,-0.0437,1.2465,-0.000,-0.791,-172.744,0,0,321,237,95,109
1778699203.325068,60,0.963520,0.916986,0.883534,1.1192,-0.4902,1.2810,0.000,-8.619,155.028,0,0,561,217,107,113
1778699203.425180,0,0.983966,0.999932,0.983898,1.1287,-0.0437,1.2465,0.000,-1.361,-173.051,0,0,321,237,95,107
1778699203.425180,61,0.961015,0.917529,0.881759,1.1220,-0.4897,1.2832,-0.000,-9.089,155.658,0,0,561,217,107,113
1778699203.425180,62,0.983583,0.999932,0.983516,1.1287,-0.0437,1.2465,0.000,-1.804,-173.306,0,0,322,237,94,109
1778699203.425180,0,0.963988,0.917529,0.884487,1.1220,-0.4897,1.2832,0.000,-8.463,155.726,0,0,562,217,106,113
1778699203.525295,0,0.982296,0.999932,0.982229,1.1287,-0.0437,1.2465,0.000,-2.111,-173.045,0,0,321,237,95,107
1778699203.525295,63,0.964784,0.916943,0.884653,1.1191,-0.4902,1.2828,0.000,-8.299,155.728,0,0,562,217,106,113
1778699203.525295,0,0.981285,0.999932,0.981218,1.1287,-0.0437,1.2465,0.000,-2.111,-173.045,0,0,322,236,94,109
1778699203.525295,64,0.964653,0.916943,0.884532,1.1191,-0.4902,1.2828,0.000,-8.299,155.728,0,0,562,217,106,114
1778699203.592026,65,0.982946,0.999913,0.982860,1.1285,-0.0455,1.2484,0.000,-1.337,-172.787,0,0,322,236,95,109
1778699203.592026,0,0.962837,0.916943,0.882867,1.1191,-0.4902,1.2828,0.000,-8.725,155.955,0,0,562,218,108,114
1778699203.658771,0,0.980265,0.999913,0.980180,1.1325,-0.0456,1.2488,0.000,-1.857,-172.172,0,0,322,237,95,109
1778699203.658771,66,0.962738,0.916986,0.882817,1.1192,-0.4902,1.2810,0.000,-8.806,155.275,0,0,562,218,107,114
1778699203.725497,0,0.982606,0.999910,0.982517,1.1357,-0.0456,1.2472,0.000,-1.878,-173.049,0,0,324,237,94,109
1778699203.725497,66,0.962272,0.916986,0.882390,1.1192,-0.4902,1.2810,0.000,-8.887,155.046,0,0,562,218,107,114
1778699203.825605,0,0.982163,0.999858,0.982024,1.1387,-0.0494,1.2475,0.000,-1.923,-173.107,0,0,324,237,94,110
1778699203.825605,67,0.964911,0.916943,0.884769,1.1191,-0.4902,1.2828,0.000,-8.266,155.624,0,0,562,217,107,113
1778699203.825605,0,0.981489,0.999858,0.981349,1.1387,-0.0494,1.2475,0.000,-1.662,-172.594,0,0,324,237,95,109
1778699203.825605,68,0.965612,0.916943,0.885412,1.1191,-0.4902,1.2828,0.000,-8.103,155.453,0,0,562,217,107,113
1778699203.892339,0,0.982498,0.999858,0.982358,1.1427,-0.0495,1.2479,0.000,-1.548,-172.901,0,0,325,237,95,109
1778699203.892339,1,0.961843,0.916943,0.881955,1.1191,-0.4902,1.2828,0.000,-8.882,155.005,0,0,562,218,107,114
1778699203.892339,69,0.980631,0.999787,0.980422,1.1427,-0.0495,1.2479,0.000,-1.548,-172.901,0,0,326,238,94,106
1778699203.892339,0,0.964240,0.916943,0.884154,1.1191,-0.4902,1.2828,0.000,-8.882,155.005,0,0,562,217,107,113
1778699203.992445,0,0.980757,0.999787,0.980548,1.1259,-0.0529,1.2444,0.000,-0.855,-171.825,0,0,326,237,94,107
1778699203.992445,70,0.961174,0.916943,0.881342,1.1191,-0.4902,1.2828,0.000,-9.058,155.535,0,0,562,217,107,113
1778699204.092553,0,0.980386,0.999717,0.980108,1.1327,-0.0568,1.2469,-0.000,-1.414,-172.372,0,0,328,237,94,109
1778699204.092553,71,0.957447,0.916399,0.877403,1.1163,-0.4908,1.2806,0.000,-9.921,155.663,0,0,563,218,107,111
1778699204.092553,0,0.981506,0.999717,0.981228,1.1327,-0.0568,1.2469,0.000,-1.261,-172.672,0,0,329,237,94,109
1778699204.092553,1,0.961570,0.916399,0.881181,1.1163,-0.4908,1.2806,0.000,-9.083,155.703,0,0,563,218,108,114
1778699204.192645,72,0.979938,0.999674,0.979618,1.1387,-0.0588,1.2475,0.000,-2.263,-173.025,0,0,329,237,95,107
1778699204.192645,0,0.963464,0.916399,0.882918,1.1163,-0.4908,1.2806,0.000,-8.689,155.906,0,0,563,218,108,114
1778699204.192645,23,0.971839,0.894161,0.868981,0.9894,0.4217,1.3532,0.000,-0.487,-147.331,0,0,38,163,76,128
1778699204.192645,0,0.983946,0.999621,0.983573,1.1387,-0.0588,1.2475,0.000,-2.263,-173.025,0,0,330,238,94,106
1778699204.192645,1,0.961885,0.916986,0.882035,1.1163,-0.4908,1.2806,0.000,-8.689,155.906,0,0,562,218,107,111
1778699204.292759,0,0.986442,0.999621,0.986068,1.1428,-0.0608,1.2460,0.000,-1.758,-175.459,0,0,331,238,94,106
1778699204.292759,1,0.960767,0.916986,0.881010,1.1192,-0.4902,1.2810,0.000,-9.256,156.305,0,0,562,217,107,113
1778699204.392877,0,0.990285,0.999572,0.989861,1.1428,-0.0627,1.2460,0.000,-1.479,-177.684,0,0,332,237,94,107
1778699204.392877,1,0.962233,0.916943,0.882313,1.1220,-0.4915,1.2832,0.000,-8.848,155.799,0,0,563,218,108,114
1778699204.459615,72,0.991809,0.999529,0.991342,1.1385,-0.0645,1.2494,0.000,-1.471,179.989,0,0,332,236,94,109
1778699204.459615,0,0.961056,0.916943,0.881234,1.1161,-0.4889,1.2824,0.000,-9.103,156.181,0,0,562,217,107,113
1778699204.459615,0,0.956429,0.999529,0.955979,1.1385,-0.0645,1.2494,0.000,-3.947,164.217,0,0,332,235,94,109
1778699204.459615,73,0.961359,0.916943,0.881511,1.1161,-0.4889,1.2824,0.000,-9.040,156.166,0,0,562,217,107,113
1778699204.559706,74,0.923314,0.999529,0.922879,1.1323,-0.0643,1.2506,0.000,-4.493,158.080,0,0,332,235,93,109
1778699204.559706,0,0.960382,0.916943,0.880616,1.1220,-0.4915,1.2832,-0.000,-9.241,156.119,0,0,562,217,107,113
1778699204.559706,0,0.885893,0.999529,0.885476,1.1323,-0.0643,1.2506,0.000,-4.771,152.642,0,0,332,234,93,109
1778699204.559706,1,0.962774,0.916943,0.882809,1.1220,-0.4915,1.2832,-0.000,-8.744,156.266,0,0,562,217,107,111
1778699204.659809,0,0.800428,0.999526,0.800048,1.1321,-0.0643,1.2525,0.000,-5.603,143.174,0,0,332,233,92,109
1778699204.659809,75,0.959862,0.916943,0.880139,1.1220,-0.4915,1.2832,0.000,-9.349,156.219,0,0,562,217,107,113
1778699204.659809,23,0.969191,0.893395,0.865870,0.9824,0.4200,1.3533,0.000,-1.106,-147.230,0,0,38,165,76,130
1778699204.726549,0,0.785902,0.999520,0.785525,1.1280,-0.0642,1.2540,-0.000,-4.371,141.406,0,0,332,233,90,109
1778699204.726549,75,0.958892,0.916943,0.879249,1.1220,-0.4915,1.2832,-0.000,-9.547,156.438,0,0,562,217,107,113
1778699204.726549,23,0.958743,0.894317,0.857421,0.9630,0.4086,1.3456,0.000,-1.555,-143.535,0,0,38,165,76,130
1778699204.860026,0,0.779632,0.999520,0.779258,1.1320,-0.0643,1.2544,0.000,-4.016,140.711,0,0,332,233,88,109
1778699204.860026,75,0.959323,0.916943,0.879645,1.1191,-0.4902,1.2828,0.000,-9.459,156.250,0,0,562,217,107,113
1778699204.860026,23,0.945044,0.894471,0.845315,0.9563,0.4053,1.3425,0.000,-1.382,-139.480,0,0,38,166,77,126
1778699204.860026,0,0.739397,0.999520,0.739042,1.1320,-0.0643,1.2544,0.000,-4.016,140.711,0,0,333,233,88,109
1778699204.860026,75,0.954715,0.916943,0.875420,1.1191,-0.4902,1.2828,0.000,-9.459,156.250,0,0,562,218,107,111
1778699204.860026,23,0.941248,0.894471,0.841919,0.9563,0.4053,1.3425,0.000,-1.382,-139.480,0,0,38,166,76,132
1778699205.026878,0,0.955285,0.916986,0.875983,1.1192,-0.4902,1.2810,0.000,-10.346,155.919,0,0,563,218,107,111
1778699205.026878,75,0.733198,0.999520,0.732846,1.1280,-0.0642,1.2540,-0.000,-4.517,136.626,0,0,332,233,87,107
1778699205.026878,23,0.900849,0.894471,0.805784,0.9583,0.4062,1.3429,0.000,-0.765,-130.923,0,0,38,166,77,126
1778699205.093610,75,0.959502,0.916356,0.879245,1.1161,-0.4908,1.2824,0.000,-9.425,156.604,0,0,563,217,108,113
1778699205.093610,0,0.708623,0.999465,0.708244,1.1280,-0.0660,1.2540,0.000,-4.669,134.465,0,0,333,233,87,107
1778699205.093610,23,0.892251,0.894471,0.798093,0.9583,0.4062,1.3429,0.000,-1.420,-130.014,0,0,38,166,77,128
1778699205.160318,75,0.959473,0.916356,0.879219,1.1191,-0.4921,1.2828,0.000,-9.432,156.532,0,0,563,217,108,113
1778699205.160318,0,0.715961,0.999520,0.715618,1.1280,-0.0642,1.2540,0.000,-3.266,134.867,0,0,332,233,87,107
1778699205.160318,23,0.868747,0.896292,0.778651,0.9976,0.4207,1.3517,0.000,-0.594,-126.667,0,0,41,166,82,133
1778699205.160318,75,0.957948,0.916356,0.877821,1.1191,-0.4921,1.2828,0.000,-9.741,156.263,0,0,563,218,107,111
1778699205.160318,0,0.685169,0.999520,0.684840,1.1280,-0.0642,1.2540,0.000,-5.681,132.875,0,0,331,233,86,107
1778699205.160318,23,0.853413,0.896292,0.764907,0.9976,0.4207,1.3517,0.000,-1.274,-125.077,0,0,38,165,76,130
1778699205.360530,75,0.957113,0.916399,0.877097,1.1163,-0.4908,1.2806,-0.000,-9.999,156.358,0,0,563,218,107,111
1778699205.360530,0,0.678172,0.999658,0.677940,1.1318,-0.0587,1.2562,0.000,-6.188,132.761,0,0,330,233,86,105
1778699205.360530,23,0.852311,0.894317,0.762237,0.9611,0.4077,1.3451,0.000,-1.922,-125.025,0,0,38,165,77,129
1778699205.360530,76,0.634521,0.999658,0.634304,1.1318,-0.0587,1.2562,-0.000,-5.807,129.241,0,0,329,232,83,114
1778699205.360530,75,0.957112,0.916399,0.877096,1.1163,-0.4908,1.2806,-0.000,-9.999,156.358,0,0,563,218,107,111
1778699205.360530,0,0.680708,0.999621,0.680451,1.1318,-0.0587,1.2562,0.000,-6.188,132.761,0,0,330,233,86,107
1778699205.360530,23,0.838166,0.894471,0.749715,0.9611,0.4077,1.3451,0.000,-1.922,-125.025,0,0,38,166,77,126
1778699205.527376,75,0.654194,0.999710,0.654004,1.1419,-0.0570,1.2554,-0.000,-5.320,130.728,0,0,328,233,86,105
1778699205.527376,0,0.960025,0.916399,0.879765,1.1192,-0.4921,1.2810,-0.000,-9.413,156.380,0,0,563,218,107,111
1778699205.527376,23,0.833354,0.894471,0.745411,0.9563,0.4053,1.3425,0.000,-2.240,-122.908,0,0,38,166,77,126
1778699205.594121,0,0.676584,0.999756,0.676420,1.1421,-0.0552,1.2535,0.000,-3.950,132.276,0,0,327,234,87,106
1778699205.594121,75,0.959686,0.915810,0.878891,1.1163,-0.4926,1.2806,0.000,-9.482,156.594,0,0,564,218,106,111
1778699205.594121,23,0.812633,0.894471,0.726877,0.9563,0.4053,1.3425,0.000,-2.228,-120.614,0,0,38,166,76,130
1778699205.660879,0,0.660252,0.999793,0.660116,1.1421,-0.0533,1.2535,0.000,-4.612,131.227,0,0,326,234,85,106
1778699205.660879,75,0.961667,0.915810,0.880704,1.1163,-0.4926,1.2806,0.000,-9.070,155.711,0,0,564,218,107,111
1778699205.660879,23,0.817110,0.894317,0.730755,0.9562,0.4053,1.3440,0.000,-2.034,-121.043,0,0,38,165,77,129
1778699205.660879,0,0.641069,0.999793,0.640937,1.1421,-0.0533,1.2535,0.000,-4.612,131.227,0,0,326,233,85,107
1778699205.660879,75,0.959753,0.915810,0.878952,1.1163,-0.4926,1.2806,0.000,-9.070,155.711,0,0,564,218,106,111
1778699205.660879,23,0.819947,0.894317,0.733293,0.9562,0.4053,1.3440,0.000,-2.034,-121.043,0,0,38,165,77,128
1778699205.660879,0,0.634814,0.999787,0.634679,1.1421,-0.0533,1.2535,0.000,-3.182,129.466,0,0,326,233,86,107
1778699205.660879,75,0.957581,0.915810,0.876962,1.1163,-0.4926,1.2806,-0.000,-9.472,156.381,0,0,564,218,108,111
1778699205.660879,23,0.802106,0.894317,0.717337,0.9562,0.4053,1.3440,0.000,-2.330,-121.481,0,0,38,165,77,128
1778699205.760958,0,0.649966,0.999787,0.649827,1.1419,-0.0533,1.2554,0.000,-3.647,129.095,0,0,326,233,84,106
1778699205.760958,75,0.958357,0.915810,0.877673,1.1163,-0.4926,1.2806,0.000,-9.899,156.835,0,0,564,218,106,110
1778699205.760958,23,0.832678,0.894768,0.745054,0.9562,0.4053,1.3440,0.000,-3.431,-120.058,0,0,39,164,78,125
1778699205.894419,0,0.656598,0.999787,0.656458,1.1449,-0.0533,1.2557,0.000,-3.967,130.828,0,0,326,233,85,107
1778699205.894419,75,0.958030,0.915810,0.877374,1.1163,-0.4926,1.2806,0.000,-9.821,156.298,0,0,564,218,107,110
1778699205.894419,23,0.831898,0.894768,0.744356,0.9943,0.4225,1.3543,0.000,-1.945,-122.758,0,0,39,164,78,126
1778699205.894419,0,0.654459,0.999787,0.654320,1.1449,-0.0533,1.2557,0.000,-3.967,130.828,0,0,326,233,85,107
1778699205.894419,75,0.958472,0.915810,0.877779,1.1163,-0.4926,1.2806,0.000,-9.821,156.298,0,0,564,218,106,109
1778699205.894419,23,0.821084,0.894768,0.734680,0.9943,0.4225,1.3543,0.000,-1.945,-122.758,0,0,39,164,78,125
1778699206.061257,0,0.645018,0.999787,0.644881,1.1449,-0.0533,1.2557,0.000,-4.989,130.146,0,0,327,234,86,106
1778699206.061257,75,0.959700,0.915810,0.878903,1.1163,-0.4926,1.2806,0.000,-9.484,156.229,0,0,564,218,107,110
1778699206.061257,23,0.825947,0.894768,0.739031,0.9973,0.4240,1.3550,0.000,-2.538,-122.359,0,0,39,164,78,126
1778699206.194729,0,0.663210,0.999717,0.663022,1.1421,-0.0570,1.2535,0.000,-5.191,131.384,0,0,328,234,87,106
1778699206.194729,75,0.958943,0.915810,0.878210,1.1163,-0.4926,1.2806,0.000,-9.631,155.742,0,0,564,218,107,110
1778699206.194729,23,0.831675,0.894768,0.744157,0.9943,0.4225,1.3543,0.000,-2.820,-123.143,0,0,39,164,79,125
1778699206.194729,0,0.652178,0.999717,0.651993,1.1421,-0.0570,1.2535,0.000,-5.191,131.384,0,0,328,234,86,105
1778699206.194729,75,0.957536,0.915810,0.876921,1.1163,-0.4926,1.2806,0.000,-9.631,155.742,0,0,564,218,107,110
1778699206.194729,23,0.808364,0.894768,0.723299,0.9943,0.4225,1.3543,0.000,-2.820,-123.143,0,0,39,164,78,125
1778699206.328198,0,0.629639,0.999677,0.629436,1.1423,-0.0589,1.2517,0.000,-5.260,128.686,0,0,329,235,86,103
1778699206.328198,75,0.957857,0.915810,0.877215,1.1163,-0.4926,1.2806,0.000,-9.844,156.829,0,0,564,218,107,110
1778699206.328198,23,0.818954,0.894925,0.732902,0.9945,0.4225,1.3527,-0.000,-3.007,-121.766,0,0,39,165,78,126
1778699206.394936,0,0.665269,0.999674,0.665052,1.1421,-0.0589,1.2535,-0.000,-3.999,131.190,0,0,329,234,87,109
1778699206.394936,75,0.961902,0.915810,0.880920,1.1163,-0.4926,1.2806,0.000,-9.028,156.044,0,0,564,218,107,109
1778699206.394936,23,0.821725,0.894768,0.735253,0.9943,0.4225,1.3543,0.000,-4.062,-122.628,0,0,39,164,78,126
1778699206.394936,0,0.668014,0.999674,0.667796,1.1421,-0.0589,1.2535,-0.000,-3.999,131.190,0,0,329,234,88,107
1778699206.394936,75,0.960207,0.915810,0.879367,1.1163,-0.4926,1.2806,0.000,-9.028,156.044,0,0,564,218,107,110
1778699206.394936,23,0.822766,0.894768,0.736185,0.9943,0.4225,1.3543,0.000,-4.062,-122.628,0,0,38,164,77,126
1778699206.495044,0,0.667089,0.999674,0.666872,1.1381,-0.0588,1.2531,-0.000,-4.549,131.448,0,0,329,234,87,106
1778699206.495044,75,0.961148,0.915810,0.880229,1.1163,-0.4926,1.2806,0.000,-9.185,156.041,0,0,564,218,107,110
1778699206.495044,23,0.821709,0.894161,0.734740,0.9531,0.4038,1.3449,0.000,-3.572,-122.294,0,0,38,164,77,128
1778699206.628514,0,0.676234,0.999674,0.676014,1.1351,-0.0588,1.2528,-0.000,-5.506,132.390,0,0,329,234,87,107
1778699206.628514,75,0.958626,0.915810,0.877919,1.1163,-0.4926,1.2806,0.000,-9.699,155.949,0,0,564,218,107,111
1778699206.628514,23,0.815012,0.894003,0.728623,0.9942,0.4242,1.3560,0.000,-5.107,-122.375,0,0,38,163,77,128
1778699206.628514,0,0.671406,0.999674,0.671187,1.1351,-0.0588,1.2528,-0.000,-5.506,132.390,0,0,329,234,87,107
1778699206.628514,75,0.960689,0.915810,0.879808,1.1163,-0.4926,1.2806,0.000,-9.699,155.949,0,0,564,218,106,109
1778699206.628514,23,0.820818,0.894003,0.733814,0.9942,0.4242,1.3560,0.000,-5.107,-122.375,0,0,38,163,77,126
1778699206.761954,75,0.958973,0.915810,0.878238,1.1163,-0.4926,1.2806,0.000,-9.631,156.218,0,0,564,218,107,110
1778699206.761954,0,0.671090,0.999627,0.670840,1.1252,-0.0604,1.2518,0.000,-6.676,132.162,0,0,330,234,86,107
1778699206.761954,23,0.809833,0.894003,0.723993,0.9942,0.4242,1.3560,0.000,-3.984,-121.219,0,0,38,163,76,129
1778699206.828730,75,0.959042,0.915810,0.878301,1.1192,-0.4939,1.2810,0.000,-9.617,156.239,0,0,564,218,107,110
1778699206.828730,0,0.663172,0.999627,0.662925,1.1192,-0.0602,1.2512,0.000,-6.184,131.409,0,0,330,234,86,107
1778699206.828730,23,0.825015,0.894003,0.737566,0.9971,0.4256,1.3567,0.000,-4.571,-123.227,0,0,38,163,77,126
1778699206.828730,75,0.958730,0.915810,0.878015,1.1192,-0.4939,1.2810,-0.000,-9.665,155.493,0,0,564,218,107,111
1778699206.828730,0,0.690129,0.999627,0.689872,1.1192,-0.0602,1.2512,-0.000,-4.914,133.275,0,0,330,234,85,107
1778699206.828730,23,0.835741,0.894003,0.747155,0.9971,0.4256,1.3567,0.000,-2.774,-123.541,0,0,39,163,78,125
1778699206.995539,75,0.957905,0.915220,0.876694,1.1163,-0.4945,1.2806,-0.000,-9.848,155.868,0,0,565,218,108,111
1778699206.995539,0,0.696922,0.999526,0.696591,1.1063,-0.0635,1.2499,0.000,-3.448,133.308,0,0,332,234,87,109
1778699206.995539,23,0.822228,0.894610,0.735573,1.0001,0.4254,1.3573,0.000,-4.780,-123.105,0,0,39,163,78,125
1778699206.995539,75,0.959423,0.915220,0.878083,1.1163,-0.4945,1.2806,0.000,-9.543,156.377,0,0,564,218,107,111
1778699206.995539,0,0.689500,0.999526,0.689173,1.1063,-0.0635,1.2499,0.000,-3.889,132.796,0,0,332,234,87,109
1778699206.995539,23,0.820199,0.894610,0.733758,1.0001,0.4254,1.3573,-0.000,-5.031,-123.010,0,0,39,163,78,124
1778699207.095642,75,0.957712,0.915810,0.877083,1.1163,-0.4926,1.2806,-0.000,-9.884,156.119,0,0,565,218,108,111
1778699207.095642,0,0.699567,0.999526,0.699235,1.1033,-0.0634,1.2495,-0.000,-5.176,133.910,0,0,332,234,87,109
1778699207.095642,23,0.827369,0.894610,0.740172,1.0001,0.4254,1.3573,0.000,-4.332,-123.456,0,0,39,163,78,125
1778699207.095642,75,0.960023,0.915260,0.878671,1.1163,-0.4926,1.2806,-0.000,-9.884,156.119,0,0,565,219,106,110
1778699207.095642,0,0.691542,0.999471,0.691176,1.1033,-0.0634,1.2495,-0.000,-5.176,133.910,0,0,333,234,88,109
1778699207.095642,23,0.854659,0.894161,0.764203,1.0001,0.4254,1.3573,0.000,-4.332,-123.456,0,0,38,164,77,126
1778699207.229138,75,0.959593,0.915260,0.878277,1.1165,-0.4945,1.2788,-0.000,-9.598,155.762,0,0,564,218,107,111
1778699207.229138,0,0.692171,0.999471,0.691805,1.0963,-0.0650,1.2488,-0.000,-3.504,132.832,0,0,332,234,87,109
1778699207.229138,23,0.830995,0.894161,0.743043,0.9560,0.4053,1.3456,0.000,-2.834,-122.986,0,0,39,163,78,125
1778699207.329225,75,0.957337,0.915810,0.876739,1.1192,-0.4939,1.2810,0.000,-9.957,155.930,0,0,564,218,107,110
1778699207.329225,0,0.687054,0.999526,0.686729,1.0993,-0.0633,1.2491,0.000,-4.039,132.630,0,0,332,234,87,109
1778699207.329225,23,0.822532,0.894610,0.735846,0.9971,0.4240,1.3567,-0.000,-3.138,-122.295,0,0,38,163,77,125
1778699207.462696,75,0.957869,0.915850,0.877264,1.1165,-0.4926,1.2788,0.000,-9.944,156.385,0,0,564,219,107,110
1778699207.462696,0,0.671067,0.999581,0.670786,1.0995,-0.0615,1.2473,0.000,-6.012,131.871,0,0,331,235,85,106
1778699207.462696,23,0.820611,0.894003,0.733629,0.9942,0.4242,1.3560,0.000,-3.913,-122.378,0,0,38,163,77,128
1778699207.462696,75,0.956185,0.915850,0.875723,1.1165,-0.4926,1.2788,0.000,-9.944,156.385,0,1,565,219,108,110
1778699207.462696,0,0.667605,0.999581,0.667326,1.0995,-0.0615,1.2473,0.000,-6.012,131.871,0,1,331,235,86,107
1778699207.462696,23,0.815676,0.894003,0.729217,0.9942,0.4242,1.3560,0.000,-3.913,-122.378,1,1,39,163,78,128
1778699209.598282,77,0.793553,0.979913,0.777613,0.9764,0.4561,1.3415,0.000,-4.466,-117.521,0,1,199,224,94,107
1778699209.598282,0,0.640740,0.955130,0.611990,1.1337,-0.0296,1.2313,0.000,-2.587,130.242,0,1,484,286,95,110
1778699209.598282,0,0.806692,0.979913,0.790488,0.9764,0.4561,1.3415,0.000,-3.225,-118.346,0,1,204,225,94,107
1778699209.598282,78,0.653900,0.955130,0.624560,1.1337,-0.0296,1.2313,-0.000,-4.032,131.474,0,1,489,286,95,111
1778699209.664989,0,0.788099,0.981584,0.773585,0.9814,0.4328,1.3332,0.000,-5.405,-118.502,0,1,217,230,93,103
1778699209.664989,79,0.637858,0.952835,0.607773,1.1366,-0.0525,1.2257,0.000,-6.027,129.326,0,1,504,291,97,110
1778699209.765097,80,0.791514,0.986783,0.781052,1.0281,0.4214,1.3316,0.000,-5.547,-120.424,0,1,221,230,93,105
1778699209.765097,0,0.618623,0.942988,0.583354,1.1250,-0.0836,1.2154,0.000,-6.280,126.119,0,1,508,291,95,113
1778699209.765097,23,0.785137,0.986783,0.774759,1.0391,0.4018,1.3222,0.000,-6.476,-121.169,0,1,225,232,93,103
1778699209.765097,0,0.643459,0.942988,0.606774,1.1246,-0.1053,1.2064,0.000,-5.780,126.640,0,1,512,292,95,117
1778699209.831835,23,0.785670,0.987892,0.776157,1.9508,0.7909,1.4816,0.000,-4.836,-120.846,0,1,231,234,92,107
1778699209.831835,0,0.652812,0.940835,0.614188,1.1329,-0.1126,1.2050,0.000,-5.188,126.889,0,1,519,294,100,118
1778699209.865205,23,0.790457,0.989449,0.782117,1.9467,0.7357,1.4596,0.000,-5.783,-122.907,0,1,229,231,93,105
1778699209.865205,0,0.646978,0.936963,0.606194,1.1579,-0.1410,1.1971,0.000,-5.749,125.063,0,1,516,291,98,117
1778699209.965293,23,0.798545,0.988391,0.789274,1.9412,0.7490,1.4737,0.000,-4.844,-123.093,0,1,227,230,92,105
1778699209.965293,0,0.661250,0.940329,0.621792,1.1717,-0.1323,1.2016,0.000,-6.245,126.804,0,1,513,292,97,110
1778699209.965293,23,0.789017,0.988391,0.779857,1.9534,0.7240,1.4628,-0.000,-6.234,-123.358,0,1,220,228,93,102
1778699209.965293,0,0.674849,0.940329,0.634580,1.1707,-0.1471,1.1959,0.000,-7.096,127.198,0,1,506,288,97,111
1778699210.065368,23,0.787096,0.985250,0.775487,1.9310,0.7569,1.4784,-0.000,-5.741,-122.040,0,1,216,225,93,105
1778699210.065368,0,0.642582,0.946638,0.608293,1.1678,-0.1282,1.2069,-0.000,-6.026,125.581,0,1,502,286,95,113
1778699210.065368,23,0.776624,0.985250,0.765169,1.9310,0.7569,1.4784,-0.000,-5.741,-122.040,0,1,213,225,93,106
1778699210.065368,0,0.663141,0.946638,0.627755,1.1678,-0.1282,1.2069,-0.000,-6.026,125.581,0,1,498,286,95,115
1778699210.132100,23,0.790683,0.984369,0.778324,1.9319,0.7366,1.4641,0.000,-5.278,-122.602,0,1,205,221,94,106
1778699210.132100,0,0.675928,0.948579,0.641171,1.1716,-0.1375,1.2005,0.000,-5.023,127.493,0,1,490,281,96,117
1778699210.232187,23,0.794887,0.980420,0.779323,1.9289,0.7347,1.4617,0.000,-5.081,-122.940,0,1,201,220,95,109
1778699210.232187,0,0.647819,0.954520,0.618356,1.1615,-0.1403,1.2018,0.000,-6.445,125.359,0,1,487,280,95,113
1778699210.232187,23,0.780110,0.980420,0.764835,1.9289,0.7347,1.4617,-0.000,-5.954,-121.807,0,1,198,220,93,107
1778699210.232187,0,0.646856,0.954520,0.617437,1.1615,-0.1403,1.2018,0.000,-5.210,125.089,0,1,484,280,94,110
1778699210.232187,23,0.797474,0.976269,0.778549,1.9289,0.7347,1.4617,-0.000,-5.954,-121.807,0,1,190,213,95,109
1778699210.232187,0,0.652060,0.960806,0.626503,1.1615,-0.1403,1.2018,0.000,-5.210,125.089,0,1,474,276,94,114
1778699210.332305,23,0.788824,0.976269,0.770104,1.9198,0.7424,1.4733,0.000,-4.798,-122.916,0,1,187,212,95,109
1778699210.332305,0,0.654689,0.960806,0.629029,1.1553,-0.1318,1.2033,-0.000,-6.256,126.096,0,1,471,274,95,113
1778699210.432411,23,0.788928,0.973883,0.768324,1.9283,0.7363,1.4713,0.000,-5.135,-122.399,0,1,184,210,95,109
1778699210.432411,0,0.670428,0.963800,0.646158,1.1650,-0.1380,1.2047,0.000,-7.053,127.414,0,1,468,272,94,115
1778699210.432411,23,0.765667,0.973883,0.745671,1.9283,0.7363,1.4713,-0.000,-5.470,-120.241,0,1,175,206,96,109
1778699210.432411,0,0.674591,0.963800,0.650171,1.1650,-0.1380,1.2047,-0.000,-4.847,127.361,0,1,459,270,93,109
1778699210.499141,23,0.766576,0.970143,0.743688,1.9134,0.7335,1.4708,0.000,-5.687,-120.343,0,1,172,205,96,110
1778699210.499141,0,0.665817,0.967710,0.644318,1.1579,-0.1361,1.2024,0.000,-5.535,126.838,0,1,455,268,93,111
1778699210.499141,23,0.783862,0.967582,0.758451,1.9134,0.7335,1.4708,0.000,-5.687,-120.343,0,1,169,204,96,110
1778699210.499141,0,0.656086,0.970449,0.636698,1.1579,-0.1361,1.2024,0.000,-5.535,126.838,0,1,453,266,93,113
1778699210.599257,23,0.786415,0.967582,0.760921,1.9109,0.7244,1.4634,0.000,-5.806,-122.233,0,1,166,202,96,111
1778699210.599257,0,0.672091,0.970449,0.652230,1.1680,-0.1412,1.2038,-0.000,-7.300,126.188,0,1,450,266,92,111
1778699210.699350,23,0.783420,0.961559,0.753305,1.9216,0.7301,1.4681,0.000,-5.539,-122.063,0,1,156,198,97,111
1778699210.699350,0,0.660647,0.975346,0.644360,1.1555,-0.1411,1.2040,0.000,-3.806,125.943,0,1,441,261,93,113
1778699210.699350,23,0.796033,0.961559,0.765433,1.9216,0.7301,1.4681,0.000,-4.762,-123.022,0,1,154,196,98,110
1778699210.699350,0,0.667969,0.975346,0.651501,1.1555,-0.1411,1.2040,-0.000,-6.211,126.886,0,1,438,260,94,113
1778699210.699350,23,0.784113,0.958494,0.751567,1.9216,0.7301,1.4681,0.000,-4.762,-123.022,0,1,150,194,97,113
1778699210.699350,0,0.663585,0.977674,0.648770,1.1555,-0.1411,1.2040,-0.000,-6.211,126.886,0,1,435,258,92,113
1778699210.799458,23,0.769348,0.958494,0.737415,1.9087,0.7171,1.4746,0.000,-7.035,-121.618,0,1,141,192,100,105
1778699210.799458,0,0.669547,0.977674,0.654598,1.1593,-0.1455,1.2080,0.000,-6.621,126.926,0,1,426,255,88,109
1778699210.899571,23,0.783839,0.952540,0.746638,1.9035,0.7263,1.4861,-0.000,-6.099,-122.485,0,1,138,190,100,109
1778699210.899571,0,0.643822,0.981828,0.632122,1.1446,-0.1380,1.2130,0.000,-6.414,125.283,0,1,423,255,88,110
1778699210.899571,23,0.792509,0.952540,0.754897,1.9035,0.7263,1.4861,0.000,-5.979,-123.322,0,1,135,189,100,110
1778699210.899571,0,0.649337,0.981828,0.637537,1.1446,-0.1380,1.2130,-0.000,-7.075,125.833,0,1,421,253,90,110
1778699210.999691,23,0.791023,0.948965,0.750654,1.9102,0.7264,1.4928,-0.000,-5.600,-123.130,0,1,131,188,98,110
1778699210.999691,0,0.668080,0.983833,0.657279,1.1485,-0.1413,1.2190,-0.000,-4.134,126.681,0,1,417,252,93,111
1778699210.999691,23,0.811253,0.948965,0.769851,1.9102,0.7264,1.4928,-0.000,-5.600,-123.130,0,1,121,182,102,115
1778699210.999691,0,0.676078,0.983833,0.665148,1.1485,-0.1413,1.2190,-0.000,-4.134,126.681,0,1,409,248,88,106
1778699210.999691,23,0.825974,0.943269,0.779116,1.9102,0.7264,1.4928,-0.000,-4.525,-124.778,0,1,117,180,103,115
1778699210.999691,0,0.678995,0.986319,0.669705,1.1485,-0.1413,1.2190,0.000,-5.507,127.550,0,1,406,247,88,107
1778699211.166541,23,0.842109,0.939453,0.791122,1.8989,0.7363,1.5154,0.000,-3.921,-127.882,0,1,114,180,104,114
1778699211.166541,0,0.671126,0.988272,0.663255,1.1389,-0.1355,1.2298,0.000,-6.192,127.700,0,1,402,246,93,105
1778699211.166541,23,0.868485,0.939453,0.815901,1.9082,0.7131,1.5154,0.000,-3.368,-131.612,0,1,104,175,104,115
1778699211.166541,0,0.678870,0.988272,0.670908,1.1372,-0.1491,1.2298,0.000,-2.689,126.950,0,1,394,241,88,111
1778699211.266631,23,0.887109,0.931414,0.826265,1.9045,0.7595,1.5319,0.000,-3.178,-133.013,0,1,100,175,105,114
1778699211.266631,0,0.668761,0.991094,0.662805,1.1293,-0.1281,1.2404,-0.000,-2.821,127.344,0,1,391,240,88,111
1778699211.266631,23,0.890397,0.931414,0.829328,1.9147,0.7345,1.5319,-0.000,-2.805,-134.040,0,1,96,172,105,115
1778699211.266631,0,0.667095,0.991094,0.661153,1.1276,-0.1426,1.2404,0.000,-3.944,126.642,0,1,388,239,88,111
1778699211.366739,23,0.903561,0.926874,0.837487,1.8920,0.7489,1.5439,-0.000,-2.256,-135.323,0,1,93,170,106,117
1778699211.366739,0,0.665203,0.992437,0.660172,1.1269,-0.1315,1.2441,-0.000,-5.500,127.443,0,1,385,238,87,110
1778699211.366739,23,0.925697,0.926874,0.858005,1.9066,0.7125,1.5439,-0.000,-1.089,-139.459,0,1,82,169,107,120
1778699211.366739,0,0.681201,0.992437,0.676049,1.1243,-0.1526,1.2441,0.000,-2.668,127.020,0,1,378,238,88,111
1778699211.433473,23,0.931997,0.920663,0.858055,1.9060,0.7486,1.5472,0.000,-1.554,-140.056,0,1,79,168,108,121
1778699211.433473,0,0.673070,0.994533,0.669391,1.1301,-0.1403,1.2447,-0.000,-4.664,127.460,0,1,374,239,87,110
1778699211.533585,23,0.943850,0.917292,0.865786,1.9008,0.7525,1.5450,-0.000,-1.256,-142.162,0,1,76,169,110,120
1778699211.533585,0,0.672372,0.995111,0.669084,1.1205,-0.1331,1.2420,-0.000,-4.328,127.652,0,1,371,239,87,110
1778699211.533585,23,0.944591,0.917292,0.866466,1.9029,0.7475,1.5450,0.000,-1.503,-142.713,0,0,73,169,110,120
1778699211.533585,0,0.677232,0.995111,0.673921,1.1201,-0.1360,1.2420,0.000,-3.528,127.728,0,0,369,239,88,110
1778699211.600314,0,0.945993,0.915588,0.866140,1.9127,0.7615,1.5472,0.000,-1.826,-143.083,0,0,62,168,110,121
1778699211.600314,1,0.681907,0.995447,0.678803,1.1161,-0.1319,1.2416,0.000,-4.390,128.470,0,0,361,238,90,107
1778699211.767183,23,0.954685,0.909089,0.867893,1.0520,0.4103,1.3604,0.000,-0.910,-143.498,0,0,59,167,110,121
1778699211.767183,0,0.665924,0.997095,0.663989,1.1070,-0.1109,1.2426,0.000,-4.576,128.361,0,0,358,238,90,109
1778699211.767183,81,0.966746,0.897590,0.867741,1.0903,-0.5353,1.2790,-0.000,-7.470,157.736,0,0,594,217,92,121
1778699211.833899,23,0.959071,0.904823,0.867790,1.0292,0.4121,1.3571,0.000,-0.779,-144.070,0,0,55,167,111,122
1778699211.833899,0,0.658111,0.997601,0.656532,1.1040,-0.1034,1.2423,0.000,-3.832,128.007,0,0,354,238,87,107
1778699211.833899,81,0.965768,0.898788,0.868020,1.0871,-0.5303,1.2804,0.000,-7.958,156.232,0,0,592,216,95,117
1778699211.900637,23,0.960558,0.901699,0.866134,1.0084,0.4109,1.3542,0.000,-0.058,-143.371,0,0,50,166,101,124
1778699211.900637,0,0.666225,0.998655,0.665329,1.1000,-0.0850,1.2419,0.000,-4.490,129.776,0,0,344,238,87,110
1778699211.900637,81,0.972814,0.901916,0.877397,1.0754,-0.5155,1.2770,0.000,-6.560,154.688,0,0,587,217,105,121
1778699211.900637,23,0.667142,0.998655,0.666245,1.0084,0.4109,1.3542,0.000,-0.058,-143.371,0,0,342,238,87,109
1778699211.900637,0,0.963660,0.901699,0.868931,1.1000,-0.0850,1.2419,0.000,-4.490,129.776,0,0,49,166,98,126
1778699211.900637,81,0.975404,0.901916,0.879732,1.0754,-0.5155,1.2770,0.000,-6.560,154.688,0,0,585,217,109,121
1778699212.000744,81,0.978249,0.903143,0.883499,1.0754,-0.5120,1.2770,-0.000,-4.839,157.110,0,0,581,217,107,117
1778699212.000744,0,0.681738,0.998830,0.680940,1.1040,-0.0816,1.2423,0.000,-2.027,130.750,0,0,339,238,87,111
1778699212.000744,23,0.960205,0.901103,0.865243,1.0055,0.4112,1.3535,0.000,-0.099,-143.217,0,0,47,166,95,125
1778699212.000744,81,0.970351,0.905585,0.878735,1.0754,-0.5120,1.2770,-0.000,-4.839,157.110,0,0,575,217,107,117
1778699212.000744,0,0.682452,0.999069,0.681817,1.1040,-0.0816,1.2423,0.000,-2.027,130.750,0,0,333,238,87,111
1778699212.000744,23,0.967702,0.899906,0.870841,1.0055,0.4112,1.3535,0.000,-0.099,-143.217,0,0,44,166,88,126
1778699212.134225,81,0.967840,0.909216,0.879976,1.0933,-0.5024,1.2794,0.000,-7.653,156.325,0,0,570,218,107,117
1778699212.134225,0,0.659270,0.999465,0.658917,1.1040,-0.0652,1.2423,0.000,-4.714,130.386,0,0,328,238,85,105
1778699212.134225,23,0.965774,0.898103,0.867365,0.9976,0.4157,1.3517,0.000,-0.690,-145.295,0,0,41,166,83,128
1778699212.267698,81,0.967716,0.912849,0.883379,1.1093,-0.4987,1.2797,0.000,-7.766,156.485,0,0,569,218,106,117
1778699212.267698,0,0.672614,0.999717,0.672423,1.1068,-0.0562,1.2444,0.000,-3.303,131.679,0,0,328,237,88,109
1778699212.267698,23,0.965156,0.895531,0.864328,0.9925,0.4199,1.3523,0.000,-1.946,-146.828,0,0,40,165,81,126
1778699212.267698,81,0.961341,0.912849,0.877560,1.1093,-0.4987,1.2797,0.000,-9.122,154.559,0,0,568,220,107,114
1778699212.267698,0,0.677614,0.999717,0.677422,1.1068,-0.0562,1.2444,-0.000,-3.561,132.124,0,0,326,238,87,105
1778699212.267698,23,0.967647,0.895531,0.866558,0.9925,0.4199,1.3523,0.000,-1.620,-147.415,0,0,39,167,79,126
1778699212.267698,81,0.959873,0.913521,0.876864,1.1093,-0.4987,1.2797,0.000,-9.122,154.559,0,0,565,219,107,113
1778699212.267698,0,0.659279,0.999787,0.659139,1.1068,-0.0562,1.2444,-0.000,-3.561,132.124,0,0,325,238,86,103
1778699212.267698,23,0.974849,0.895231,0.872715,0.9925,0.4199,1.3523,0.000,-1.620,-147.415,0,0,38,166,76,128
1778699212.367806,81,0.956541,0.915220,0.875446,1.1097,-0.4969,1.2760,0.000,-9.590,154.473,0,0,565,218,107,113
1778699212.367806,0,0.661574,0.999852,0.661476,1.1130,-0.0527,1.2432,0.000,-4.062,130.963,0,0,324,238,85,105
1778699212.367806,23,0.969923,0.894925,0.868008,0.9929,0.4215,1.3490,0.000,-0.588,-148.865,0,0,39,165,78,129
1778699212.568018,81,0.957804,0.915260,0.876640,1.1125,-0.4927,1.2783,0.000,-9.937,155.196,0,0,565,219,107,111
1778699212.568018,0,0.650295,0.999821,0.650178,1.1100,-0.0508,1.2429,-0.000,-4.531,130.460,0,0,325,238,86,105
1778699212.568018,23,0.972255,0.894317,0.869504,0.9847,0.4193,1.3505,0.000,-1.158,-148.877,0,0,38,165,76,129
1778699212.634764,0,0.665305,0.999821,0.665186,1.1100,-0.0508,1.2429,0.000,-5.515,131.836,0,0,325,238,87,105
1778699212.634764,81,0.963036,0.915260,0.881429,1.1165,-0.4945,1.2788,-0.000,-8.853,155.104,0,0,565,219,107,111
1778699212.634764,23,0.974860,0.894623,0.872132,0.9850,0.4193,1.3472,0.000,-1.283,-150.996,0,0,38,167,76,128
1778699212.634764,0,0.958044,0.915260,0.876860,1.1165,-0.4945,1.2788,0.000,-9.890,155.226,0,0,565,219,107,111
1778699212.634764,81,0.659181,0.999821,0.659063,1.1100,-0.0508,1.2429,0.000,-4.794,131.202,0,0,324,238,87,105
1778699212.634764,23,0.978038,0.894623,0.874975,0.9850,0.4193,1.3472,0.000,-0.355,-150.739,0,0,38,166,76,128
1778699212.634764,81,0.959126,0.915260,0.877850,1.1165,-0.4945,1.2788,0.000,-9.890,155.226,0,0,565,219,107,111
1778699212.634764,0,0.665579,0.999821,0.665460,1.1100,-0.0508,1.2429,0.000,-4.794,131.202,0,0,325,238,86,105
1778699212.634764,23,0.978368,0.894623,0.875271,0.9850,0.4193,1.3472,0.000,-0.355,-150.739,0,0,38,167,76,129
1778699212.868310,81,0.958032,0.915260,0.876849,1.1165,-0.4945,1.2788,0.000,-9.895,155.269,0,0,565,219,107,111
1778699212.868310,0,0.666896,0.999821,0.666777,1.1070,-0.0507,1.2426,-0.000,-4.062,131.660,0,0,325,238,87,107
1778699212.868310,23,0.974378,0.894317,0.871403,0.9896,0.4217,1.3516,0.000,-0.745,-149.287,0,0,38,165,76,129
1778699212.868310,81,0.955453,0.915260,0.874488,1.1165,-0.4945,1.2788,0.000,-9.895,155.269,0,0,565,219,107,111
1778699212.868310,0,0.659108,0.999821,0.658990,1.1070,-0.0507,1.2426,-0.000,-4.062,131.660,0,0,325,238,87,107
1778699212.868310,23,0.976455,0.893862,0.872817,0.9896,0.4217,1.3516,0.000,-0.745,-149.287,0,0,37,166,75,129
1778699212.935048,81,0.962399,0.915260,0.880846,1.1125,-0.4927,1.2783,0.000,-9.015,155.708,0,0,565,219,107,111
1778699212.935048,0,0.678168,0.999821,0.678046,1.1070,-0.0507,1.2426,-0.000,-3.461,132.435,0,0,325,238,87,107
1778699212.935048,23,0.979938,0.893862,0.875929,0.9897,0.4234,1.3500,-0.000,-0.032,-152.258,0,0,38,166,76,130
1778699213.035154,81,0.682760,0.999821,0.682638,1.1070,-0.0507,1.2426,0.000,-3.861,132.878,0,0,325,238,87,107
1778699213.035154,0,0.960418,0.915260,0.879032,1.1165,-0.4945,1.2788,0.000,-9.406,155.185,0,0,565,219,106,110
1778699213.035154,23,0.973485,0.894471,0.870754,0.9927,0.4232,1.3506,-0.000,-0.631,-148.194,0,0,37,166,75,128
1778699213.101880,0,0.957966,0.915260,0.876788,1.1125,-0.4927,1.2783,0.000,-9.910,155.302,0,0,565,219,107,110
1778699213.101880,81,0.670291,0.999821,0.670171,1.1070,-0.0507,1.2426,0.000,-4.116,131.938,0,0,325,238,87,107
1778699213.101880,23,0.976381,0.893862,0.872751,0.9848,0.4209,1.3489,0.000,-0.530,-149.917,0,0,38,166,76,130
1778699213.168618,81,0.958996,0.915260,0.877731,1.1125,-0.4927,1.2783,0.000,-9.712,155.508,0,0,565,219,106,111
1778699213.168618,0,0.673248,0.999821,0.673128,1.1070,-0.0507,1.2426,0.000,-3.545,132.060,0,0,325,238,87,109
1778699213.168618,23,0.974675,0.894471,0.871818,0.9878,0.4208,1.3495,0.000,-0.424,-148.470,0,0,38,166,77,130
1778699213.302063,81,0.962221,0.915260,0.880683,1.1165,-0.4945,1.2788,0.000,-9.051,155.645,0,0,565,219,106,111
1778699213.302063,0,0.672301,0.999821,0.672181,1.1070,-0.0507,1.2426,0.000,-3.555,131.988,0,0,325,238,88,109
1778699213.302063,23,0.979932,0.894471,0.876521,0.9878,0.4208,1.3495,0.000,0.078,-151.658,0,0,38,166,76,128
1778699213.368801,81,0.960673,0.915850,0.879833,1.1165,-0.4926,1.2788,0.000,-9.341,155.141,0,0,564,219,107,111
1778699213.368801,0,0.677960,0.999821,0.677839,1.1070,-0.0507,1.2426,0.000,-3.605,132.445,0,0,325,238,87,109
1778699213.368801,23,0.975020,0.894317,0.871977,0.9896,0.4217,1.3516,0.000,-1.261,-152.160,0,0,38,165,76,126
1778699213.435537,81,0.959745,0.915850,0.878983,1.1125,-0.4909,1.2783,0.000,-9.557,155.650,0,0,564,219,107,111
1778699213.435537,0,0.676675,0.999821,0.676554,1.1070,-0.0507,1.2426,-0.000,-2.887,132.211,0,0,325,238,88,109
1778699213.435537,23,0.981757,0.894317,0.878002,0.9896,0.4217,1.3516,0.000,0.800,-151.242,0,0,38,165,76,129
1778699213.435537,81,0.959460,0.915850,0.878721,1.1125,-0.4909,1.2783,0.000,-9.533,154.473,0,0,565,219,106,111
1778699213.435537,0,0.673266,0.999821,0.673146,1.1070,-0.0507,1.2426,0.000,-3.190,131.996,0,0,326,239,88,109
1778699213.435537,23,0.983443,0.894317,0.879510,0.9896,0.4217,1.3516,0.000,1.318,-151.311,0,0,37,166,75,130
1778699213.602385,0,0.900077,0.915850,0.824336,1.1125,-0.4909,1.2783,-0.000,-3.334,132.381,0,0,326,239,90,110
1778699213.602385,81,0.959344,0.915850,0.878616,1.1125,-0.4909,1.2783,0.000,-9.600,154.951,0,0,564,219,107,111
1778699213.602385,23,0.976684,0.893709,0.872871,0.9876,0.4224,1.3511,0.000,-0.251,-149.589,0,0,37,165,75,132
1778699213.602385,81,0.957624,0.915260,0.876475,1.1125,-0.4909,1.2783,-0.000,-3.334,132.381,0,0,565,219,106,110
1778699213.602385,0,0.684096,0.999778,0.683944,1.1125,-0.4909,1.2783,0.000,-9.600,154.951,0,0,326,239,90,110
1778699213.602385,23,0.974099,0.893553,0.870409,0.9876,0.4224,1.3511,0.000,-0.251,-149.589,0,0,37,164,75,128
1778699213.735860,81,0.957974,0.915260,0.876796,1.1125,-0.4927,1.2783,0.000,-9.871,154.736,0,0,565,219,107,110
1778699213.735860,0,0.677875,0.999812,0.677748,1.1072,-0.0507,1.2408,0.000,-3.066,132.322,0,0,325,239,87,110
1778699213.735860,23,0.976278,0.893709,0.872508,0.9847,0.4209,1.3505,-0.000,0.007,-148.625,0,0,37,165,75,129
1778699213.835964,81,0.960009,0.915260,0.878658,1.1125,-0.4927,1.2783,-0.000,-9.448,154.622,0,0,565,219,108,111
1778699213.835964,0,0.672869,0.999812,0.672742,1.1072,-0.0507,1.2408,0.000,-3.204,131.951,0,0,325,239,88,107
1778699213.835964,23,0.966976,0.894161,0.864632,0.9875,0.4208,1.3528,-0.000,-1.633,-147.078,0,0,38,164,76,129
1778699213.902703,81,0.957097,0.915850,0.876557,1.1125,-0.4909,1.2783,0.000,-10.083,155.495,0,0,564,219,107,110
1778699213.902703,0,0.670703,0.999787,0.670560,1.1040,-0.0525,1.2423,0.000,-3.137,131.684,0,0,326,238,88,109
1778699213.902703,23,0.975603,0.893709,0.871905,0.9847,0.4209,1.3505,0.000,-0.312,-148.931,0,0,37,165,75,128
1778699213.902703,81,0.957788,0.915850,0.877190,1.1125,-0.4909,1.2783,-0.000,-9.923,155.069,0,0,565,219,107,111
1778699213.902703,0,0.676407,0.999787,0.676263,1.1040,-0.0525,1.2423,-0.000,-3.763,132.252,0,0,326,239,88,110
1778699213.902703,23,0.971387,0.893709,0.868137,0.9847,0.4209,1.3505,0.000,-0.826,-147.487,0,0,38,165,76,128
1778699214.002789,81,0.957436,0.915260,0.876303,1.1125,-0.4927,1.2783,0.000,-9.987,154.843,0,0,565,219,107,110
1778699214.002789,0,0.675218,0.999778,0.675068,1.1042,-0.0525,1.2405,0.000,-3.138,132.023,0,0,326,239,88,110
1778699214.002789,23,0.977105,0.894317,0.873842,0.9876,0.4208,1.3511,0.000,-0.094,-149.588,0,0,37,166,75,130
1778699214.002789,81,0.960997,0.915260,0.879563,1.1125,-0.4927,1.2783,0.000,-9.987,154.843,0,0,565,219,107,110
1778699214.002789,0,0.681522,0.999778,0.681371,1.1042,-0.0525,1.2405,0.000,-3.138,132.023,0,0,326,239,88,107
1778699214.002789,23,0.975414,0.894317,0.872330,0.9876,0.4208,1.3511,0.000,-0.094,-149.588,0,0,38,165,76,128
1778699214.203000,81,0.955451,0.915260,0.874487,1.1125,-0.4927,1.2783,-0.000,-10.399,155.171,0,0,565,219,107,111
1778699214.203000,0,0.678533,0.999778,0.678382,1.1042,-0.0525,1.2405,0.000,-3.733,132.397,0,0,326,239,88,109
1778699214.203000,23,0.977387,0.893709,0.873499,0.9876,0.4224,1.3511,0.000,0.206,-148.916,0,0,37,165,75,129
1778699214.203000,81,0.681168,0.999778,0.681017,1.1042,-0.0525,1.2405,-0.000,-3.000,132.471,0,0,326,239,88,107
1778699214.203000,0,0.956646,0.915260,0.875580,1.1125,-0.4927,1.2783,0.000,-10.138,154.767,0,0,565,219,108,111
1778699214.203000,23,0.972236,0.893709,0.868896,0.9876,0.4224,1.3511,0.000,-1.187,-148.836,0,0,38,165,76,130
1778699214.303103,0,0.679575,0.999778,0.679424,1.1072,-0.0525,1.2408,0.000,-2.853,132.318,0,0,326,239,88,109
1778699214.303103,81,0.957956,0.915260,0.876779,1.1125,-0.4927,1.2783,0.000,-9.925,155.640,0,0,565,219,108,111
1778699214.303103,23,0.969237,0.894317,0.866805,0.9896,0.4217,1.3516,0.000,-1.406,-147.615,0,0,38,165,76,130
1778699214.369837,0,0.685009,0.999778,0.684857,1.1042,-0.0525,1.2405,0.000,-2.743,132.731,0,0,326,239,88,109
1778699214.369837,81,0.957818,0.915260,0.876653,1.1125,-0.4927,1.2783,0.000,-9.912,154.861,0,0,564,219,107,111
1778699214.369837,23,0.969025,0.894317,0.866616,0.9896,0.4217,1.3516,0.000,-1.439,-147.572,0,0,38,164,76,128
1778699214.503308,0,0.681354,0.999778,0.681202,1.1072,-0.0525,1.2408,0.000,-3.241,132.529,0,0,326,239,88,109
1778699214.503308,81,0.956454,0.915850,0.875968,1.1125,-0.4909,1.2783,0.000,-10.187,155.066,0,0,564,219,107,111
1778699214.503308,23,0.972487,0.893709,0.869121,0.9876,0.4224,1.3511,-0.000,-0.847,-148.167,0,0,37,165,74,128
1778699214.570047,0,0.684992,0.999778,0.684840,1.1072,-0.0525,1.2408,0.000,-3.395,132.849,0,0,326,239,90,109
1778699214.570047,81,0.955213,0.915850,0.874832,1.1125,-0.4909,1.2783,0.000,-10.446,155.346,0,0,564,219,107,111
1778699214.570047,23,0.970200,0.894317,0.867667,0.9896,0.4217,1.3516,0.000,-1.104,-147.509,0,0,38,165,76,132
1778699214.570047,81,0.956672,0.915850,0.876168,1.1125,-0.4909,1.2783,0.000,-10.159,155.311,0,0,564,219,107,111
1778699214.570047,0,0.674533,0.999778,0.674383,1.1072,-0.0525,1.2408,-0.000,-3.719,132.077,0,0,326,239,88,110
1778699214.570047,23,0.974388,0.894317,0.871412,0.9896,0.4217,1.3516,0.000,-0.244,-148.091,0,0,37,166,75,130
1778699214.570047,81,0.955669,0.915850,0.875249,1.1125,-0.4909,1.2783,0.000,-10.159,155.311,0,0,564,219,107,110
1778699214.570047,0,0.668906,0.999787,0.668763,1.1072,-0.0525,1.2408,-0.000,-3.719,132.077,0,0,326,238,88,109
1778699214.570047,23,0.973532,0.894161,0.870494,0.9896,0.4217,1.3516,0.000,-0.244,-148.091,0,0,38,164,77,128
1778699214.803643,81,0.957067,0.915850,0.876530,1.1165,-0.4926,1.2788,0.000,-10.045,154.795,0,0,564,219,107,110
1778699214.803643,0,0.674601,0.999778,0.674452,1.1042,-0.0525,1.2405,0.000,-3.013,131.952,0,0,326,239,90,110
1778699214.803643,23,0.978951,0.894161,0.875340,0.9894,0.4217,1.3532,0.000,-0.184,-152.930,0,0,38,164,76,128
1778699214.803643,81,0.956310,0.915850,0.875837,1.1165,-0.4926,1.2788,0.000,-10.232,155.350,0,0,564,219,107,110
1778699214.803643,0,0.678111,0.999778,0.677961,1.1042,-0.0525,1.2405,0.000,-3.493,132.318,0,0,325,238,88,109
1778699214.803643,23,0.971248,0.894161,0.868452,0.9894,0.4217,1.3532,0.000,-1.295,-148.779,0,0,37,164,75,128
1778699214.903751,81,0.675089,0.999821,0.674968,1.1000,-0.0506,1.2419,0.000,-3.257,132.152,0,0,325,238,88,109
1778699214.903751,0,0.954970,0.915850,0.874610,1.1125,-0.4909,1.2783,-0.000,-10.485,155.206,0,0,564,219,107,111
1778699214.903751,23,0.965201,0.893553,0.862459,0.9875,0.4224,1.3528,0.000,-1.729,-146.311,0,0,38,164,76,126
1778699214.903751,0,0.961415,0.915850,0.880512,1.1000,-0.0506,1.2419,0.000,-3.257,132.152,0,0,564,219,107,111
1778699214.903751,81,0.684170,0.999821,0.684048,1.1125,-0.4909,1.2783,-0.000,-10.485,155.206,0,0,325,238,88,109
1778699214.903751,23,0.975303,0.893709,0.871637,0.9875,0.4224,1.3528,0.000,-1.729,-146.311,0,0,37,165,74,128
1778699215.103928,81,0.960195,0.915850,0.879395,1.1125,-0.4909,1.2783,0.000,-9.467,155.710,0,0,564,219,107,111
1778699215.103928,0,0.683767,0.999821,0.683644,1.0941,-0.0505,1.2414,0.000,-2.921,132.781,0,0,325,238,88,109
1778699215.103928,23,0.972847,0.893553,0.869290,0.9845,0.4209,1.3521,-0.000,-0.594,-148.013,0,0,37,164,75,128
1778699215.170657,81,0.957970,0.915850,0.877357,1.1125,-0.4909,1.2783,0.000,-9.892,155.153,0,0,564,219,107,110
1778699215.170657,0,0.675781,0.999852,0.675680,1.0941,-0.0487,1.2414,0.000,-2.614,132.193,0,0,324,238,87,109
1778699215.170657,23,0.977862,0.893709,0.873924,0.9876,0.4224,1.3511,0.000,0.029,-149.755,0,0,37,165,75,126
1778699215.237405,81,0.954249,0.915850,0.873949,1.1165,-0.4926,1.2788,0.000,-10.626,155.247,0,0,564,219,106,111
1778699215.237405,0,0.696472,0.999842,0.696362,1.0942,-0.0487,1.2396,0.000,-2.395,133.795,0,0,324,239,88,110
1778699215.237405,23,0.976395,0.893709,0.872613,0.9876,0.4224,1.3511,0.000,-0.440,-149.923,0,0,37,165,75,128
1778699215.237405,81,0.960402,0.915850,0.879584,1.1165,-0.4926,1.2788,0.000,-10.626,155.247,0,0,564,219,107,111
1778699215.237405,0,0.692081,0.999842,0.691972,1.0942,-0.0487,1.2396,0.000,-2.395,133.795,0,0,325,239,90,110
1778699215.237405,23,0.977912,0.893709,0.873968,0.9876,0.4224,1.3511,0.000,-0.440,-149.923,0,0,37,164,75,129
1778699215.337521,81,0.962022,0.915850,0.881068,1.1165,-0.4926,1.2788,0.000,-9.019,154.643,0,0,564,219,107,111
1778699215.337521,0,0.693304,0.999812,0.693173,1.0913,-0.0504,1.2393,-0.000,-2.543,133.464,0,0,325,238,88,109
1778699215.337521,23,0.974234,0.893553,0.870530,0.9845,0.4209,1.3521,0.000,-0.630,-149.004,0,0,37,164,75,129
1778699215.471002,81,0.959617,0.915850,0.878865,1.1125,-0.4909,1.2783,0.000,-9.579,155.548,0,0,564,219,106,111
1778699215.471002,0,0.700288,0.999821,0.700162,1.0911,-0.0504,1.2411,0.000,-2.495,134.038,0,0,325,238,90,107
1778699215.471002,23,0.973346,0.893553,0.869736,0.9845,0.4209,1.3521,0.000,-0.662,-148.477,0,0,37,164,75,129
1778699215.537736,0,0.718071,0.999842,0.717958,1.0883,-0.0486,1.2390,0.000,-4.186,135.929,0,0,324,239,93,110
1778699215.537736,81,0.957264,0.915850,0.876710,1.1165,-0.4926,1.2788,-0.000,-10.009,154.832,0,0,564,219,106,111
1778699215.537736,23,0.972420,0.893709,0.869061,0.9847,0.4209,1.3505,0.000,-0.931,-148.318,0,0,37,165,75,126
1778699215.537736,0,0.722574,0.999842,0.722460,1.0883,-0.0486,1.2390,-0.000,-4.301,136.336,0,0,324,239,93,111
1778699215.537736,81,0.954943,0.915850,0.874585,1.1165,-0.4926,1.2788,0.000,-10.508,155.586,0,0,564,219,106,110
1778699215.537736,23,0.977133,0.893709,0.873273,0.9847,0.4209,1.3505,0.000,-0.544,-151.109,0,0,37,165,75,126
1778699215.671213,0,0.720429,0.999842,0.720315,1.0883,-0.0486,1.2390,-0.000,-4.915,136.292,0,0,324,239,92,111
1778699215.671213,81,0.959675,0.915850,0.878919,1.1165,-0.4926,1.2788,0.000,-9.531,154.925,0,0,563,219,107,111
1778699215.671213,23,0.975092,0.893709,0.871448,0.9896,0.4234,1.3516,0.000,-0.571,-149.242,0,0,38,165,77,129
1778699215.804676,0,0.749342,0.999870,0.749245,1.0883,-0.0468,1.2390,-0.000,-2.855,138.452,0,0,323,239,93,107
1778699215.804676,81,0.964368,0.916399,0.883745,1.1163,-0.4908,1.2806,0.000,-8.496,156.611,0,0,563,218,107,113
1778699215.804676,23,0.978039,0.893709,0.874082,0.9876,0.4224,1.3511,0.000,0.220,-149.364,0,0,37,165,75,130
1778699215.871414,0,0.762541,0.999882,0.762452,1.0855,-0.0449,1.2369,0.000,-3.121,139.770,0,0,322,240,93,106
1778699215.871414,81,0.960258,0.915850,0.879452,1.1165,-0.4926,1.2788,-0.000,-9.432,155.223,0,0,564,219,106,110
1778699215.871414,23,0.973934,0.893709,0.870413,0.9876,0.4224,1.3511,0.000,-0.156,-147.555,0,0,37,165,75,128
1778699215.871414,0,0.778931,0.999882,0.778839,1.0855,-0.0449,1.2369,0.000,-3.407,141.343,0,0,321,239,94,110
1778699215.871414,81,0.957837,0.915850,0.877235,1.1165,-0.4926,1.2788,0.000,-9.865,154.502,0,0,564,219,107,111
1778699215.871414,23,0.968790,0.893709,0.865817,0.9876,0.4224,1.3511,0.000,-1.775,-148.095,0,0,38,165,77,130
1778699216.038249,0,0.807746,0.999935,0.807693,1.0823,-0.0413,1.2384,0.000,-2.468,144.140,0,0,320,239,94,110
1778699216.038249,81,0.957430,0.915850,0.876863,1.1165,-0.4926,1.2788,-0.000,-9.986,154.960,0,0,564,219,106,111
1778699216.038249,23,0.973781,0.893553,0.870125,0.9875,0.4224,1.3528,0.000,-0.731,-148.945,0,0,37,164,75,129
1778699216.104989,0,0.821501,0.999944,0.821455,1.0851,-0.0414,1.2405,0.000,-1.903,145.428,0,0,320,238,94,111
1778699216.104989,81,0.955830,0.915850,0.875397,1.1165,-0.4926,1.2788,-0.000,-10.339,155.681,0,0,564,219,106,110
1778699216.104989,23,0.975054,0.893553,0.871263,0.9845,0.4209,1.3521,0.000,-0.347,-148.853,0,0,37,164,75,129
1778699216.104989,0,0.827664,0.999959,0.827631,1.0851,-0.0414,1.2405,0.000,-1.903,145.428,0,0,319,238,95,111
1778699216.104989,81,0.965152,0.915850,0.883934,1.1165,-0.4926,1.2788,-0.000,-10.339,155.681,0,0,564,219,106,111
1778699216.104989,23,0.976746,0.893553,0.872774,0.9845,0.4209,1.3521,0.000,-0.347,-148.853,0,0,37,164,75,129
1778699216.205097,0,0.883304,0.999959,0.883268,1.0851,-0.0396,1.2405,0.000,-0.124,152.111,0,0,318,237,94,111
1778699216.205097,81,0.958032,0.915850,0.877414,1.1165,-0.4926,1.2788,0.000,-9.884,155.238,0,0,564,219,107,111
1778699216.205097,23,0.976800,0.893553,0.872823,0.9845,0.4209,1.3521,-0.000,-0.539,-151.068,0,0,38,164,76,128
1778699216.305179,0,0.905378,0.999981,0.905361,1.0851,-0.0360,1.2405,0.000,0.336,155.109,0,0,317,238,93,110
1778699216.305179,1,0.956512,0.915850,0.876021,1.1165,-0.4926,1.2788,0.000,-10.210,155.832,0,0,564,219,107,111
1778699216.305179,0,0.916379,0.999981,0.916362,1.0851,-0.0360,1.2405,-0.000,0.173,156.713,0,0,317,237,94,111
1778699216.305179,81,0.958734,0.915850,0.878057,1.1165,-0.4926,1.2788,-0.000,-9.765,155.729,0,0,563,219,107,111
1778699216.405286,0,0.974915,0.999987,0.974903,1.0879,-0.0360,1.2426,-0.000,-0.083,168.173,0,0,313,237,96,111
1778699216.405286,81,0.953204,0.916439,0.873553,1.1165,-0.4908,1.2788,0.000,-10.813,155.182,0,0,564,218,106,111
1778699216.405286,23,0.974864,0.894161,0.871686,0.9894,0.4217,1.3532,-0.000,-0.609,-149.526,0,0,37,165,74,128
1778699216.472025,0,0.978954,0.999993,0.978947,1.0909,-0.0289,1.2429,0.000,0.383,169.556,0,0,313,237,96,111
1778699216.472025,81,0.958093,0.915810,0.877432,1.1163,-0.4926,1.2806,0.000,-9.735,154.635,0,0,563,218,107,113
1778699216.472025,23,0.978829,0.893709,0.874788,0.9876,0.4224,1.3511,-0.000,0.585,-149.039,0,0,37,164,74,129
1778699216.605501,0,0.985530,0.999981,0.985511,1.0937,-0.0252,1.2449,-0.000,-0.389,172.682,0,0,311,236,97,113
1778699216.605501,81,0.956113,0.916399,0.876180,1.1163,-0.4908,1.2806,-0.000,-10.176,155.479,0,0,563,218,107,113
1778699216.605501,23,0.976729,0.893709,0.872912,0.9876,0.4224,1.3511,0.000,-0.363,-149.973,0,0,37,165,74,126
1778699216.672235,0,0.995052,0.999932,0.994984,1.0969,-0.0198,1.2434,-0.000,0.175,-177.461,0,0,308,237,97,113
1778699216.672235,81,0.957158,0.916399,0.877138,1.1163,-0.4908,1.2806,0.000,-9.889,154.442,0,0,563,218,107,111
1778699216.672235,23,0.968884,0.894161,0.866338,0.9894,0.4217,1.3532,0.000,-1.112,-147.014,0,0,38,164,76,128
1778699216.738971,0,0.991866,0.999910,0.991777,1.0969,-0.0180,1.2434,-0.000,-0.434,-175.045,0,0,307,237,97,114
1778699216.738971,81,0.957314,0.916399,0.877281,1.1163,-0.4908,1.2806,0.000,-9.891,154.768,0,0,563,218,107,111
1778699216.738971,23,0.978877,0.893862,0.874981,0.9878,0.4224,1.3495,0.000,-0.321,-152.142,0,0,37,166,75,128
1778699216.738971,0,0.990842,0.999910,0.990753,1.0969,-0.0180,1.2434,-0.000,0.250,-173.573,0,0,307,237,96,114
1778699216.738971,81,0.958741,0.916399,0.878589,1.1163,-0.4908,1.2806,0.000,-9.573,154.459,0,0,563,217,107,113
1778699216.738971,23,0.976911,0.893862,0.873224,0.9878,0.4224,1.3495,-0.000,-0.208,-149.402,0,0,37,164,75,128
1778699216.839079,0,0.952489,0.999910,0.952403,1.0969,-0.0180,1.2434,-0.000,0.077,-162.351,0,0,303,237,97,113
1778699216.839079,81,0.957844,0.916356,0.877726,1.1161,-0.4908,1.2824,0.000,-9.645,154.310,0,0,563,217,107,113
1778699216.839079,23,0.979059,0.893553,0.874841,0.9875,0.4224,1.3528,-0.000,0.054,-151.263,0,0,38,164,76,125
1778699216.972541,0,0.945253,0.999756,0.945022,1.0909,-0.0091,1.2429,-0.000,-0.709,-160.726,0,0,302,237,97,113
1778699216.972541,81,0.957827,0.916399,0.877752,1.1163,-0.4908,1.2806,0.000,-9.749,154.387,0,0,563,218,107,111
1778699216.972541,23,0.977275,0.894317,0.873994,0.9876,0.4208,1.3511,-0.000,-0.698,-152.477,0,0,38,165,76,125
1778699216.972541,0,0.939901,0.999756,0.939672,1.0909,-0.0091,1.2429,0.000,-0.841,-159.800,0,0,302,237,97,111
1778699216.972541,81,0.958293,0.916399,0.878179,1.1163,-0.4908,1.2806,0.000,-9.553,153.643,0,0,563,217,107,113
1778699216.972541,23,0.977228,0.894317,0.873952,0.9876,0.4208,1.3511,0.000,-0.233,-150.115,0,0,37,165,75,125
1778699217.072660,0,0.911534,0.999756,0.911312,1.0909,-0.0091,1.2429,-0.000,-0.998,-155.326,0,0,301,237,96,111
1778699217.072660,81,0.956895,0.916356,0.876856,1.1161,-0.4908,1.2824,0.000,-9.856,154.497,0,0,563,218,107,111
1778699217.072660,23,0.972320,0.893709,0.868971,0.9847,0.4209,1.3505,0.000,-1.244,-149.052,0,0,37,165,75,129
1778699217.206137,0,0.906599,0.999717,0.906342,1.0909,-0.0073,1.2429,-0.000,-0.618,-154.418,0,0,301,236,96,113
1778699217.206137,81,0.957038,0.916399,0.877028,1.1123,-0.4890,1.2801,0.000,-9.933,154.633,0,0,563,218,107,111
1778699217.206137,23,0.972820,0.893553,0.869266,0.9875,0.4224,1.3528,-0.000,-0.584,-147.974,0,0,37,164,75,128
1778699217.272876,0,0.895045,0.999674,0.894753,1.0939,-0.0054,1.2431,-0.000,-0.637,-152.748,0,0,300,237,95,113
1778699217.272876,81,0.959131,0.916399,0.878947,1.1123,-0.4890,1.2801,0.000,-9.349,153.445,0,0,563,218,107,111
1778699217.272876,23,0.979197,0.893709,0.875117,0.9896,0.4234,1.3516,-0.000,0.058,-151.023,0,0,37,165,74,126
1778699217.339579,0,0.870504,0.999674,0.870220,1.0969,-0.0053,1.2434,0.000,-2.106,-150.032,0,0,300,237,96,113
1778699217.339579,81,0.962452,0.916399,0.881989,1.1123,-0.4890,1.2801,0.000,-8.795,154.395,0,0,563,218,107,111
1778699217.339579,23,0.971387,0.893553,0.867986,0.9875,0.4224,1.3528,0.000,-0.815,-147.643,0,0,37,164,74,129
1778699217.406318,0,0.870661,0.999621,0.870331,1.1000,-0.0034,1.2419,0.000,-2.396,-150.004,0,0,299,238,95,113
1778699217.406318,81,0.953749,0.916399,0.874014,1.1123,-0.4890,1.2801,0.000,-10.540,154.303,0,0,563,218,107,111
1778699217.406318,23,0.977609,0.893709,0.873698,0.9876,0.4224,1.3511,0.000,-0.075,-149.851,0,0,37,165,74,126
1778699217.406318,0,0.857690,0.999621,0.857365,1.1000,-0.0034,1.2419,-0.000,-2.994,-148.636,0,0,299,238,95,111
1778699217.406318,81,0.955695,0.916399,0.875797,1.1123,-0.4890,1.2801,-0.000,-10.170,154.365,0,0,563,218,107,111
1778699217.406318,23,0.975900,0.893709,0.872171,0.9876,0.4224,1.3511,0.000,-0.223,-148.918,0,0,37,165,74,130
1778699217.573179,0,0.836206,0.999667,0.835928,1.1040,-0.0052,1.2423,0.000,-2.605,-146.233,0,0,300,238,94,109
1778699217.573179,81,0.960908,0.916439,0.880614,1.1125,-0.4890,1.2783,0.000,-9.180,154.142,0,0,563,219,107,111
1778699217.573179,23,0.980137,0.893099,0.875360,0.9876,0.4240,1.3511,0.000,0.200,-151.548,0,0,36,165,73,126
1778699217.573179,0,0.839535,0.999621,0.839218,1.1040,-0.0052,1.2423,0.000,-2.605,-146.233,0,0,299,238,95,109
1778699217.573179,81,0.955683,0.916439,0.875825,1.1125,-0.4890,1.2783,0.000,-9.180,154.142,0,0,563,219,108,111
1778699217.573179,23,0.972337,0.893553,0.868835,0.9876,0.4240,1.3511,0.000,0.200,-151.548,0,0,37,164,75,129
1778699217.639918,0,0.837481,0.999621,0.837164,1.1040,-0.0033,1.2423,-0.000,-2.852,-146.557,0,0,299,238,95,110
1778699217.639918,81,0.957952,0.916439,0.877904,1.1125,-0.4890,1.2783,0.000,-10.257,154.308,0,0,563,219,107,110
1778699217.639918,23,0.977319,0.893553,0.873286,0.9875,0.4224,1.3528,0.000,-0.556,-147.639,0,0,37,164,74,129
1778699217.706638,0,0.837526,0.999621,0.837209,1.1040,-0.0033,1.2423,0.000,-2.665,-146.290,0,0,300,238,94,109
1778699217.706638,81,0.956200,0.916439,0.876299,1.1165,-0.4908,1.2788,0.000,-10.219,154.962,0,0,562,219,107,111
1778699217.706638,23,0.981521,0.893553,0.877041,0.9845,0.4209,1.3521,0.000,0.784,-151.266,0,0,36,164,73,128
1778699217.873446,0,0.836818,0.999667,0.836540,1.1000,-0.0053,1.2419,0.000,-2.930,-146.382,0,0,300,238,94,109
1778699217.873446,81,0.958339,0.917026,0.878822,1.1165,-0.4889,1.2788,0.000,-9.755,154.672,0,0,562,219,107,110
1778699217.873446,23,0.974201,0.893553,0.870500,0.9875,0.4224,1.3528,0.000,-0.314,-148.216,0,0,37,164,74,129
1778699217.873446,0,0.839527,0.999667,0.839248,1.1000,-0.0053,1.2419,0.000,-2.926,-146.676,0,0,300,239,95,110
1778699217.873446,81,0.955814,0.917026,0.876507,1.1165,-0.4889,1.2788,0.000,-10.162,153.894,0,0,562,219,107,110
1778699217.873446,23,0.979365,0.893553,0.875114,0.9875,0.4224,1.3528,-0.000,0.039,-151.831,0,0,37,164,74,128
1778699217.973558,0,0.836637,0.999658,0.836351,1.0972,-0.0053,1.2398,-0.000,-2.289,-146.179,0,0,301,238,95,110
1778699217.973558,81,0.959888,0.917026,0.880243,1.1125,-0.4872,1.2783,0.000,-9.419,154.484,0,0,562,218,108,113
1778699217.973558,23,0.970377,0.893553,0.867083,0.9825,0.4200,1.3517,-0.000,-0.746,-146.972,0,0,37,164,75,129
1778699218.040296,0,0.831359,0.999710,0.831118,1.0941,-0.0072,1.2414,-0.000,-2.578,-145.808,0,0,302,239,94,110
1778699218.040296,81,0.955122,0.916986,0.875834,1.1004,-0.4820,1.2785,-0.000,-10.278,154.456,0,0,562,219,107,113
1778699218.040296,23,0.976897,0.893553,0.872909,0.9845,0.4209,1.3521,-0.000,0.114,-149.007,0,0,37,164,74,128
1778699218.173750,0,0.829744,0.999778,0.829560,1.0942,-0.0108,1.2396,0.000,-1.957,-145.672,0,0,303,239,94,110
1778699218.173750,81,0.958799,0.917612,0.879806,1.0966,-0.4784,1.2762,-0.000,-9.669,154.868,0,0,561,219,107,111
1778699218.173750,23,0.973007,0.893553,0.869434,0.9845,0.4209,1.3521,0.000,-0.374,-147.643,0,0,37,164,74,128
1778699218.240505,0,0.825258,0.999842,0.825128,1.0913,-0.0145,1.2393,0.000,-1.665,-145.341,0,0,305,239,94,110
1778699218.240505,81,0.960900,0.917612,0.881734,1.1036,-0.4815,1.2771,0.000,-9.209,154.603,0,0,561,219,107,114
1778699218.240505,23,0.974215,0.893709,0.870665,0.9847,0.4209,1.3505,-0.000,-0.299,-148.005,0,0,37,165,74,130
1778699218.307244,0,0.814548,0.999852,0.814427,1.0911,-0.0145,1.2411,0.000,-2.989,-144.565,0,0,305,238,96,111
1778699218.307244,81,0.960902,0.917572,0.881697,1.1063,-0.4828,1.2793,0.000,-9.155,154.971,0,0,561,218,107,113
1778699218.307244,23,0.978133,0.892944,0.873418,0.9845,0.4226,1.3521,0.000,0.035,-150.156,0,0,36,164,73,128
1778699218.373984,0,0.810568,0.999842,0.810440,1.0883,-0.0145,1.2390,-0.000,-2.929,-144.125,0,0,305,239,95,110
1778699218.373984,81,0.962043,0.917572,0.882744,1.1093,-0.4841,1.2797,0.000,-8.903,154.830,0,0,561,218,107,111
1778699218.373984,23,0.977944,0.893709,0.873998,0.9847,0.4209,1.3505,0.000,0.039,-149.797,0,0,37,165,74,126
1778699218.440723,0,0.806192,0.999879,0.806095,1.0881,-0.0163,1.2408,-0.000,-3.452,-143.937,0,0,306,238,95,109
1778699218.440723,81,0.959577,0.917572,0.880481,1.1123,-0.4854,1.2801,-0.000,-9.408,154.755,0,0,561,218,107,113
1778699218.440723,23,0.974373,0.893709,0.870806,0.9876,0.4224,1.3511,-0.000,-0.570,-148.723,0,0,37,165,74,128
1778699218.540811,0,0.809318,0.999879,0.809221,1.0881,-0.0163,1.2408,0.000,-3.181,-144.184,0,0,306,238,95,109
1778699218.540811,81,0.959736,0.917572,0.880626,1.1123,-0.4854,1.2801,-0.000,-9.377,154.774,0,0,561,218,107,113
1778699218.540811,23,0.968295,0.893709,0.865374,0.9876,0.4224,1.3511,0.000,-1.416,-147.042,0,0,37,165,75,126
1778699218.540811,0,0.818973,0.999879,0.818874,1.0881,-0.0163,1.2408,0.000,-3.299,-145.197,0,0,307,239,94,110
1778699218.540811,81,0.960084,0.917572,0.880946,1.1123,-0.4854,1.2801,0.000,-9.263,154.403,0,0,561,218,107,111
1778699218.540811,23,0.975989,0.893709,0.872250,0.9876,0.4224,1.3511,0.000,-0.287,-149.146,0,0,37,165,75,128
1778699218.707684,0,0.805220,0.999870,0.805115,1.0883,-0.0163,1.2390,-0.000,-2.479,-143.588,0,0,306,239,94,110
1778699218.707684,81,0.954861,0.917612,0.876192,1.1095,-0.4841,1.2779,0.000,-9.937,151.985,0,0,561,219,106,111
1778699218.707684,23,0.967522,0.894317,0.865272,0.9945,0.4242,1.3527,0.000,-1.474,-146.868,0,0,38,165,77,129
1778699218.774422,0,0.811981,0.999870,0.811876,1.0883,-0.0163,1.2390,-0.000,-2.055,-144.170,0,0,306,239,94,110
1778699218.774422,81,0.954834,0.917612,0.876167,1.1095,-0.4841,1.2779,-0.000,-9.642,150.981,0,0,561,219,106,113
1778699218.774422,23,0.969121,0.894471,0.866850,0.9514,0.4028,1.3414,0.000,-1.574,-147.727,0,0,38,166,77,130
1778699218.774422,0,0.806659,0.999870,0.806554,1.0883,-0.0163,1.2390,-0.000,-2.385,-143.710,0,0,306,239,94,110
1778699218.774422,81,0.951698,0.917612,0.873290,1.1095,-0.4841,1.2779,0.000,-9.267,148.504,0,0,560,219,105,111
1778699218.774422,23,0.971701,0.894471,0.869159,0.9514,0.4028,1.3414,-0.000,-1.205,-148.411,0,0,37,166,75,130
1778699218.941266,0,0.812356,0.999870,0.812250,1.0883,-0.0163,1.2390,0.000,-2.438,-144.292,0,0,305,239,94,110
1778699218.941266,81,0.909982,0.919944,0.837132,1.1095,-0.4767,1.2779,0.000,-7.715,136.998,0,0,557,219,103,113
1778699218.941266,23,0.970998,0.894471,0.868530,0.9494,0.4019,1.3409,0.000,-1.135,-147.832,0,0,38,166,77,129
1778699219.008007,0,0.809251,0.999830,0.809114,1.0884,-0.0145,1.2372,0.000,-2.147,-143.796,0,0,305,240,94,110
1778699219.008007,81,0.890641,0.919944,0.819340,1.1095,-0.4767,1.2779,-0.000,-7.703,133.897,0,0,557,219,102,113
1778699219.008007,23,0.972348,0.894317,0.869588,0.9513,0.4028,1.3429,-0.000,-0.896,-148.293,0,0,38,165,77,129
1778699219.008007,0,0.814742,0.999830,0.814603,1.0884,-0.0145,1.2372,0.000,-2.147,-143.796,0,0,304,240,95,110
1778699219.008007,81,0.873223,0.919944,0.803317,1.1095,-0.4767,1.2779,-0.000,-7.703,133.897,0,0,556,220,103,113
1778699219.008007,23,0.973476,0.894317,0.870597,0.9513,0.4028,1.3429,-0.000,-0.896,-148.293,0,0,38,166,76,128
1778699219.174851,0,0.804766,0.999799,0.804605,1.0884,-0.0127,1.2372,-0.000,-2.425,-143.310,0,0,304,240,94,110
1778699219.174851,81,0.831890,0.922330,0.767277,1.1069,-0.4681,1.2738,0.000,-5.745,125.730,0,0,553,221,103,113
1778699219.174851,23,0.975308,0.894317,0.872235,0.9493,0.4019,1.3425,0.000,-0.482,-149.263,0,0,38,165,77,128
1778699219.241571,0,0.816686,0.999812,0.816532,1.0883,-0.0127,1.2390,-0.000,-2.742,-144.600,0,0,304,239,94,111
1778699219.241571,81,0.823064,0.922364,0.759165,1.1071,-0.4681,1.2720,-0.000,-5.987,124.822,0,0,553,222,103,113
1778699219.241571,23,0.975535,0.894161,0.872286,0.9491,0.4019,1.3440,0.000,-0.301,-149.182,0,0,38,164,77,128
1778699219.241571,0,0.818999,0.999812,0.818845,1.0883,-0.0127,1.2390,-0.000,-3.075,-144.918,0,0,304,239,94,111
1778699219.241571,81,0.827289,0.922364,0.763061,1.1071,-0.4681,1.2720,0.000,-5.371,125.052,0,0,552,221,103,113
1778699219.241571,23,0.972835,0.894161,0.869871,0.9491,0.4019,1.3440,0.000,-0.682,-148.303,0,0,38,165,76,128
1778699219.408414,0,0.819050,0.999812,0.818896,1.0883,-0.0127,1.2390,-0.000,-2.789,-144.853,0,0,304,239,94,111
1778699219.408414,81,0.801713,0.923512,0.740391,1.1200,-0.4698,1.2736,0.000,-6.001,122.756,0,0,551,222,104,117
1778699219.408414,23,0.951939,0.894161,0.851187,1.0022,0.4280,1.3561,0.000,-2.514,-142.727,0,0,38,164,76,118
1778699219.475139,0,0.824860,0.999812,0.824705,1.0883,-0.0127,1.2390,-0.000,-2.208,-145.318,0,0,304,239,94,113
1778699219.475139,81,0.795858,0.923512,0.734984,1.1230,-0.4711,1.2740,0.000,-5.508,121.994,0,0,551,222,104,115
1778699219.475139,23,0.949393,0.894317,0.849058,0.9513,0.4028,1.3429,-0.000,-2.280,-141.595,0,0,38,165,76,118
1778699219.475139,0,0.817466,0.999812,0.817312,1.0883,-0.0127,1.2390,0.000,-1.669,-144.441,0,0,304,239,94,111
1778699219.475139,81,0.798176,0.923512,0.737125,1.1230,-0.4711,1.2740,0.000,-5.734,122.304,0,0,551,222,105,117
1778699219.475139,0,0.808852,0.999812,0.808699,1.0883,-0.0127,1.2390,0.000,-1.669,-144.441,0,0,304,239,95,113
1778699219.475139,1,0.815404,0.923512,0.753035,1.1230,-0.4711,1.2740,0.000,-5.734,122.304,0,0,551,223,105,114
1778699219.675356,0,0.801489,0.999812,0.801338,1.0853,-0.0128,1.2387,0.000,-2.591,-143.043,1,1,304,239,96,113
1778699219.675356,82,0.818637,0.923543,0.756047,1.1043,-0.4632,1.2698,0.000,-5.017,124.145,0,1,551,223,105,114
1778699219.675356,23,0.898038,0.894287,0.803104,1.0017,0.4264,1.3611,-0.000,-4.453,-133.308,0,1,39,162,78,118
1778699221.610684,0,0.694452,0.999935,0.694407,1.0886,-0.0253,1.2354,-0.000,-1.542,-134.070,0,1,311,240,93,109
1778699221.610684,82,0.838371,0.910634,0.763449,1.0944,-0.4988,1.2686,0.000,-5.933,124.738,0,1,572,223,103,111
1778699221.610684,23,0.873972,0.897903,0.784743,1.0076,0.4192,1.3625,0.000,-6.340,-131.528,0,1,45,161,91,118
1778699221.710770,0,0.694426,0.999950,0.694391,1.0884,-0.0253,1.2372,0.000,-1.417,-134.062,0,1,311,240,93,109
1778699221.710770,82,0.828221,0.911233,0.754702,1.0944,-0.4970,1.2686,0.000,-5.752,123.622,0,1,573,223,104,111
1778699221.710770,23,0.872423,0.897903,0.783351,1.0095,0.4202,1.3629,0.000,-6.022,-131.043,0,1,45,161,91,118
1778699221.844247,0,0.708130,0.999959,0.708101,1.0914,-0.0271,1.2375,0.000,-1.838,-135.345,0,1,312,240,93,109
1778699221.844247,82,0.834803,0.911233,0.760700,1.0944,-0.4970,1.2686,0.000,-5.947,124.426,0,1,572,223,103,114
1778699221.844247,23,0.866584,0.897736,0.777964,1.0094,0.4202,1.3646,0.000,-6.152,-130.347,0,1,45,160,91,121
1778699221.844247,0,0.705868,0.999959,0.705840,1.0914,-0.0271,1.2375,0.000,-2.190,-135.218,0,1,312,240,94,109
1778699221.844247,82,0.822168,0.911233,0.749187,1.0944,-0.4970,1.2686,0.000,-5.871,123.009,0,1,573,223,104,113
1778699221.844247,23,0.870915,0.897736,0.781852,1.0094,0.4202,1.3646,0.000,-5.711,-130.644,0,1,45,161,91,117
1778699222.011085,0,0.703386,0.999959,0.703358,1.0944,-0.0270,1.2378,-0.000,-1.651,-134.926,0,1,312,240,94,109
1778699222.011085,82,0.834398,0.910634,0.759831,1.0914,-0.4975,1.2683,0.000,-5.463,124.112,0,1,573,223,104,111
1778699222.011085,23,0.867157,0.897903,0.778623,1.0076,0.4192,1.3625,-0.000,-6.008,-130.259,0,1,45,161,91,120
1778699222.077824,0,0.694035,0.999959,0.694007,1.0914,-0.0271,1.2375,0.000,-2.285,-134.270,0,1,312,240,93,110
1778699222.077824,82,0.829594,0.910634,0.755457,1.0944,-0.4988,1.2686,0.000,-6.176,123.849,0,1,573,223,104,111
1778699222.077824,23,0.870912,0.897736,0.781849,1.0094,0.4202,1.3646,0.000,-7.029,-131.699,0,1,45,160,91,120
1778699222.077824,0,0.700624,0.999959,0.700595,1.0914,-0.0271,1.2375,0.000,-2.285,-134.270,0,1,312,240,93,110
1778699222.077824,82,0.834562,0.910634,0.759980,1.0944,-0.4988,1.2686,0.000,-6.176,123.849,0,1,573,223,104,113
1778699222.077824,23,0.868643,0.897903,0.779957,1.0094,0.4202,1.3646,0.000,-7.029,-131.699,0,1,45,161,91,120
1778699222.211301,0,0.703726,0.999959,0.703697,1.0914,-0.0271,1.2375,0.000,-2.270,-135.056,0,1,312,240,93,110
1778699222.211301,82,0.824072,0.911233,0.750922,1.0944,-0.4970,1.2686,0.000,-7.582,123.897,0,1,572,223,105,114
1778699222.211301,23,0.864681,0.897903,0.776400,1.0095,0.4202,1.3629,0.000,-7.031,-130.695,0,1,45,161,90,118
1778699222.278034,0,0.704967,0.999858,0.704866,1.0884,-0.0163,1.2372,0.000,-2.458,-134.585,0,1,306,240,93,110
1778699222.278034,82,0.825762,0.914834,0.755435,1.0945,-0.4862,1.2668,0.000,-6.426,124.093,0,1,566,224,104,111
1778699222.278034,23,0.892507,0.896425,0.800066,1.0001,0.4204,1.3573,0.000,-6.558,-134.315,0,1,42,163,85,115
1778699222.344773,0,0.718808,0.999830,0.718686,1.0884,-0.0145,1.2372,0.000,-2.287,-135.601,0,1,305,240,93,110
1778699222.344773,82,0.831624,0.915987,0.761757,1.0944,-0.4826,1.2686,0.000,-6.209,124.860,0,1,564,223,102,110
1778699222.344773,23,0.921110,0.895330,0.824698,0.9996,0.4221,1.3623,0.000,-0.015,-134.284,0,1,41,160,83,117
1778699222.411510,0,0.707752,0.999799,0.707610,1.0884,-0.0127,1.2372,0.000,-2.836,-134.680,0,1,304,240,92,109
1778699222.411510,82,0.838428,0.917750,0.769467,1.0944,-0.4771,1.2686,0.000,-5.493,125.606,0,1,561,223,103,114
1778699222.411510,23,0.923578,0.894892,0.826502,0.9997,0.4238,1.3606,0.000,-1.153,-135.350,0,1,40,161,81,117
1778699222.411510,0,0.689911,0.999799,0.689772,1.0884,-0.0127,1.2372,-0.000,-1.960,-133.078,0,1,301,240,94,109
1778699222.411510,82,0.828490,0.917750,0.760347,1.0944,-0.4771,1.2686,0.000,-6.396,124.846,0,1,558,224,103,114
1778699222.411510,23,0.883788,0.894892,0.790895,0.9997,0.4238,1.3606,0.000,-7.491,-133.674,0,1,38,161,77,115
1778699222.411510,0,0.705978,0.999689,0.705758,1.0884,-0.0127,1.2372,-0.000,-1.960,-133.078,0,1,300,240,93,109
1778699222.411510,82,0.830917,0.919530,0.764054,1.0944,-0.4771,1.2686,0.000,-6.396,124.846,0,1,558,223,103,114
1778699222.411510,23,0.884794,0.893516,0.790577,0.9997,0.4238,1.3606,0.000,-7.491,-133.674,0,1,38,160,77,117
1778699222.578357,0,0.705159,0.999646,0.704910,1.0884,-0.0074,1.2372,-0.000,-2.426,-134.158,0,1,300,240,93,109
1778699222.578357,82,0.825101,0.919502,0.758682,1.0945,-0.4717,1.2668,0.000,-5.262,124.915,0,1,558,223,104,113
1778699222.578357,23,0.868865,0.893349,0.776200,0.9966,0.4256,1.3616,0.000,-8.256,-134.527,0,1,38,159,77,120
1778699222.711791,0,0.698715,0.999631,0.698457,1.0916,-0.0055,1.2357,0.000,-2.367,-133.438,0,1,300,241,93,110
1778699222.711791,82,0.820989,0.919502,0.754901,1.0973,-0.4730,1.2690,0.000,-6.568,124.352,0,1,558,223,104,115
1778699222.711791,0,0.698291,0.999631,0.698033,1.0916,-0.0055,1.2357,0.000,-2.626,-133.448,0,1,300,241,92,110
1778699222.711791,83,0.828452,0.919502,0.761763,1.0973,-0.4730,1.2690,0.000,-6.510,125.147,0,1,557,223,103,114
1778699222.711791,0,0.698594,0.999631,0.698335,1.0916,-0.0055,1.2357,0.000,-2.626,-133.448,0,1,300,241,92,110
1778699222.711791,84,0.822935,0.919502,0.756690,1.0973,-0.4730,1.2690,0.000,-6.510,125.147,0,1,558,223,104,115
1778699222.811894,85,0.699886,0.999631,0.699628,1.0916,-0.0055,1.2357,0.000,-2.549,-133.460,0,1,300,241,93,110
1778699222.811894,0,0.826275,0.919502,0.759761,1.0973,-0.4730,1.2690,0.000,-5.866,124.296,0,1,558,222,104,113
1778699222.912006,0,0.696603,0.999646,0.696357,1.0884,-0.0056,1.2372,0.000,-2.931,-133.381,0,1,300,240,93,109
1778699222.912006,86,0.829092,0.919502,0.762351,1.0973,-0.4730,1.2690,0.000,-5.983,125.012,0,1,558,223,104,114
1778699222.912006,0,0.703368,0.999646,0.703119,1.0884,-0.0056,1.2372,0.000,-3.001,-133.946,0,1,300,241,93,110
1778699222.912006,87,0.829935,0.919502,0.763127,1.0973,-0.4730,1.2690,0.000,-6.990,125.509,0,1,558,223,104,114
1778699222.978763,0,0.705634,0.999631,0.705373,1.0916,-0.0055,1.2357,0.000,-2.912,-134.099,0,1,300,241,93,110
1778699222.978763,88,0.830047,0.919502,0.763229,1.0944,-0.4717,1.2686,-0.000,-6.812,125.448,0,1,557,223,103,114
1778699222.978763,89,0.702472,0.999631,0.702212,1.0916,-0.0055,1.2357,0.000,-2.912,-134.099,0,1,300,241,93,110
1778699222.978763,0,0.832577,0.919471,0.765530,1.0944,-0.4717,1.2686,-0.000,-6.812,125.448,0,1,558,222,104,113
1778699223.078870,0,0.714480,0.999631,0.714216,1.0916,-0.0055,1.2357,-0.000,-3.112,-134.869,0,1,301,240,94,110
1778699223.078870,90,0.833044,0.919471,0.765960,1.1011,-0.4747,1.2713,0.000,-6.309,125.612,0,1,557,223,103,113
1778699223.078870,0,0.709584,0.999689,0.709364,1.0916,-0.0055,1.2357,-0.000,-3.112,-134.869,0,1,301,240,94,110
1778699223.078870,91,0.826351,0.920083,0.760312,1.1011,-0.4747,1.2713,0.000,-6.309,125.612,0,1,557,223,103,114
1778699223.212347,0,0.703256,0.999689,0.703037,1.0914,-0.0073,1.2375,-0.000,-2.915,-134.022,0,1,300,241,93,110
1778699223.212347,92,0.827616,0.920083,0.761475,1.0973,-0.4712,1.2690,0.000,-6.070,124.970,0,1,557,223,103,113
1778699223.212347,0,0.709706,0.999689,0.709485,1.0914,-0.0073,1.2375,-0.000,-2.915,-134.022,0,1,301,240,92,109
1778699223.212347,93,0.834381,0.920083,0.767700,1.0973,-0.4712,1.2690,0.000,-6.070,124.970,0,1,557,223,103,114
1778699223.279086,94,0.707836,0.999689,0.707616,1.0914,-0.0073,1.2375,-0.000,-3.205,-134.453,0,1,301,240,94,110
1778699223.279086,0,0.826792,0.920083,0.760717,1.0973,-0.4712,1.2690,-0.000,-6.693,125.124,0,1,558,223,104,114
1778699223.279086,0,0.709611,0.999689,0.709390,1.0914,-0.0073,1.2375,-0.000,-3.205,-134.453,0,1,301,240,92,109
1778699223.279086,95,0.822955,0.920083,0.757187,1.0973,-0.4712,1.2690,-0.000,-6.693,125.124,0,1,557,223,104,115
1778699223.379191,0,0.707898,0.999689,0.707677,1.0914,-0.0073,1.2375,-0.000,-2.328,-134.440,0,1,301,240,92,109
1778699223.379191,96,0.815846,0.920083,0.750646,1.0973,-0.4712,1.2690,0.000,-7.196,124.907,0,1,558,223,104,114
1778699223.479278,0,0.708104,0.999646,0.707853,1.0914,-0.0055,1.2375,0.000,-2.919,-134.321,0,1,300,240,93,111
1778699223.479278,97,0.825690,0.920083,0.759703,1.0944,-0.4699,1.2686,0.000,-7.039,125.144,0,1,557,223,105,115
1778699223.546009,98,0.704611,0.999646,0.704362,1.0914,-0.0055,1.2375,0.000,-2.661,-133.986,0,1,301,241,94,110
1778699223.546009,0,0.825871,0.920083,0.759870,1.0973,-0.4712,1.2690,-0.000,-6.339,124.882,0,1,557,223,104,113
1778699223.546009,0,0.705412,0.999674,0.705182,1.0916,-0.0073,1.2357,-0.000,-2.703,-134.145,0,1,300,241,93,110
1778699223.546009,99,0.827767,0.920083,0.761615,1.0973,-0.4712,1.2690,0.000,-6.405,125.117,0,1,557,223,104,114
1778699223.646125,0,0.705455,0.999674,0.705225,1.0916,-0.0073,1.2357,0.000,-2.116,-134.047,0,1,301,241,93,110
1778699223.646125,100,0.823467,0.920112,0.757682,1.0975,-0.4712,1.2672,0.000,-5.778,124.378,0,1,557,224,104,114
1778699223.646125,0,0.712334,0.999674,0.712102,1.0916,-0.0073,1.2357,0.000,-2.116,-134.047,0,0,301,241,94,110
1778699223.646125,101,0.832306,0.920112,0.765814,1.0975,-0.4712,1.2672,0.000,-5.778,124.378,0,0,557,223,104,113
1778699223.746224,102,0.705199,0.999674,0.704969,1.0916,-0.0073,1.2357,0.000,-2.690,-134.125,0,0,301,241,92,110
1778699223.746224,0,0.828971,0.920083,0.762722,1.0973,-0.4712,1.2690,0.000,-6.833,125.423,0,0,557,223,104,113
1778699223.746224,102,0.706893,0.999674,0.706662,1.0916,-0.0073,1.2357,-0.000,-2.558,-134.241,0,0,301,241,92,110
1778699223.746224,0,0.821579,0.920083,0.755921,1.0973,-0.4712,1.2690,-0.000,-6.426,124.448,0,0,557,223,103,114
1778699223.746224,102,0.705151,0.999631,0.704891,1.0916,-0.0073,1.2357,-0.000,-2.558,-134.241,0,0,300,241,93,110
1778699223.746224,0,0.828229,0.920112,0.762063,1.0973,-0.4712,1.2690,-0.000,-6.426,124.448,0,0,557,224,104,114
1778699223.846326,102,0.707275,0.999631,0.707014,1.0916,-0.0055,1.2357,0.000,-2.714,-134.199,0,0,301,241,94,110
1778699223.846326,0,0.823335,0.920112,0.757560,1.0945,-0.4699,1.2668,-0.000,-6.747,124.733,0,0,558,223,104,115
1778699223.979820,102,0.706048,0.999674,0.705818,1.0886,-0.0074,1.2354,-0.000,-2.488,-134.159,0,0,301,241,92,110
1778699223.979820,0,0.825276,0.920083,0.759322,1.0944,-0.4699,1.2686,-0.000,-6.677,124.951,0,0,557,223,105,115
1778699223.979820,102,0.706530,0.999674,0.706300,1.0886,-0.0074,1.2354,0.000,-2.997,-134.289,0,0,300,240,93,111
1778699223.979820,0,0.825686,0.920083,0.759699,1.0944,-0.4699,1.2686,0.000,-6.712,125.010,0,0,558,224,104,114
1778699224.079911,102,0.713668,0.999689,0.713446,1.0884,-0.0074,1.2372,0.000,-2.761,-134.854,0,0,301,240,94,111
1778699224.079911,0,0.826953,0.919502,0.760384,1.0944,-0.4717,1.2686,0.000,-7.041,125.198,0,0,558,223,104,114
1778699224.079911,102,0.704028,0.999689,0.703809,1.0884,-0.0074,1.2372,0.000,-3.027,-134.106,0,0,300,240,93,111
1778699224.079911,0,0.823137,0.919502,0.756876,1.0944,-0.4717,1.2686,0.000,-6.730,124.650,0,0,558,223,104,113
1778699224.146649,102,0.709804,0.999646,0.709552,1.0884,-0.0056,1.2372,0.000,-3.139,-134.502,0,0,300,240,93,111
1778699224.146649,0,0.825686,0.919502,0.759220,1.0973,-0.4730,1.2690,0.000,-6.809,124.962,0,0,558,223,104,114
1778699224.213377,102,0.708719,0.999646,0.708468,1.0914,-0.0055,1.2375,0.000,-2.997,-134.386,0,1,300,240,93,111
1778699224.213377,0,0.823985,0.919502,0.757656,1.0973,-0.4730,1.2690,0.000,-7.178,124.926,1,1,558,223,104,114
1778699226.282173,102,0.719880,0.966009,0.695411,1.0718,-0.0241,1.2100,-0.000,-2.616,-135.881,0,1,163,254,103,113
1778699226.282173,0,0.813328,0.985957,0.801906,1.0746,-0.4831,1.2448,-0.000,-4.881,121.905,0,1,411,240,92,106
1778699226.282173,102,0.697533,0.966009,0.673823,1.0718,-0.0241,1.2100,0.000,-2.995,-134.100,0,1,152,252,102,117
1778699226.282173,0,0.825160,0.985957,0.813572,1.0746,-0.4831,1.2448,-0.000,-6.128,123.540,0,1,399,239,92,106
1778699226.282173,102,0.701922,0.961354,0.674796,1.0718,-0.0241,1.2100,0.000,-2.995,-134.100,0,1,148,253,102,114
1778699226.282173,0,0.819284,0.989184,0.810422,1.0746,-0.4831,1.2448,-0.000,-6.128,123.540,0,1,396,239,90,105
1778699226.348914,102,0.709493,0.957275,0.679180,1.0678,0.0067,1.2119,0.000,-2.610,-132.665,0,1,143,252,103,117
1778699226.449037,102,0.708371,0.957275,0.678106,1.0793,0.0339,1.2125,-0.000,-3.566,-131.832,0,1,133,251,106,117
1778699226.449037,102,0.710722,0.951664,0.676369,1.0793,0.0339,1.2125,-0.000,-3.566,-131.832,0,1,131,250,105,117
1778699226.449037,0,0.828921,0.993069,0.823175,nan,nan,nan,nan,nan,nan,0,1,382,236,90,105
1778699226.549144,102,0.722922,0.951664,0.687979,1.1348,0.0721,1.2196,0.000,-3.230,-131.189,0,1,133,249,106,115
1778699226.549144,0,0.814979,0.993069,0.809330,1.9659,-0.6876,1.3413,-0.000,-6.862,127.819,0,1,382,236,93,106
1778699226.549144,102,0.711676,0.956123,0.680449,1.1348,0.0721,1.2196,0.000,-3.230,-131.189,0,1,140,245,105,117
1778699226.549144,0,0.813166,0.991321,0.806109,1.9659,-0.6876,1.3413,-0.000,-6.862,127.819,0,1,390,231,90,107
1778699226.649278,102,0.713545,0.956123,0.682237,1.1234,0.0694,1.2281,-0.000,-3.530,-130.629,0,1,142,246,104,115
1778699226.649278,0,0.826257,0.991321,0.819086,1.9556,-0.6868,1.3575,0.000,-5.073,128.485,0,1,391,230,88,105
1778699226.749358,102,0.720702,0.957030,0.689734,1.1291,0.0664,1.2268,0.000,-3.366,-131.370,0,1,145,243,103,117
1778699226.749358,0,0.811281,0.990379,0.803476,1.9524,-0.7004,1.3610,-0.000,-4.672,126.408,0,1,394,230,92,106
1778699226.749358,102,0.713316,0.958488,0.683705,1.1291,0.0664,1.2268,0.000,-3.366,-131.370,0,1,153,240,102,117
1778699226.749358,0,0.809567,0.990379,0.801778,1.9524,-0.7004,1.3610,-0.000,-4.672,126.408,0,1,402,226,90,106
1778699226.849460,102,0.716408,0.963470,0.690238,1.1217,0.0612,1.2393,0.000,-2.943,-131.307,0,1,156,239,104,117
1778699226.849460,0,0.813898,0.987448,0.803682,1.9555,-0.7037,1.3818,-0.000,-4.522,126.744,0,1,405,224,90,105
1778699226.849460,102,0.714197,0.963470,0.688107,1.1208,0.0746,1.2393,0.000,-2.046,-130.244,0,1,159,237,104,117
1778699226.849460,0,0.817464,0.987448,0.807203,1.9641,-0.6797,1.3818,-0.000,-3.885,127.629,0,1,407,223,92,107
1778699226.949557,102,0.711699,0.965635,0.687242,1.1250,0.0664,1.2434,0.000,-1.971,-130.518,0,1,161,237,103,114
1778699226.949557,0,0.814861,0.986001,0.803453,1.9491,-0.6928,1.3873,0.000,-5.734,127.564,0,1,410,222,92,105
1778699226.949557,102,0.716561,0.965635,0.691936,1.1250,0.0664,1.2434,0.000,-1.971,-130.518,0,1,170,238,102,114
1778699226.949557,0,0.823830,0.986001,0.812297,1.9491,-0.6928,1.3873,0.000,-5.734,127.564,0,1,417,223,93,106
1778699227.049659,102,0.716658,0.970575,0.695570,1.1204,0.0584,1.2452,0.000,-2.660,-131.487,0,1,173,236,102,117
1778699227.049659,0,0.829391,0.983052,0.815335,1.9635,-0.7073,1.3888,-0.000,-5.263,128.687,0,1,420,222,92,106
1778699227.049659,102,0.697507,0.970575,0.676983,1.1204,0.0584,1.2452,0.000,-2.660,-131.487,0,1,175,237,100,115
1778699227.049659,0,0.830876,0.983052,0.816795,1.9635,-0.7073,1.3888,-0.000,-5.263,128.687,0,1,423,221,90,107
1778699227.049659,102,0.711127,0.974432,0.692945,1.1196,0.0708,1.2452,0.000,-2.130,-129.144,0,1,183,237,98,113
1778699227.049659,0,0.878959,0.979128,0.860613,1.9715,-0.6850,1.3888,0.000,-5.351,129.554,0,1,432,221,94,107
1778699227.149763,102,0.723585,0.974432,0.705084,1.1127,0.0726,1.2431,-0.000,-2.965,-131.323,0,1,186,238,98,113
1778699227.149763,0,0.894338,0.979128,0.875671,1.9782,-0.6903,1.3922,0.000,-4.826,137.183,0,1,434,221,93,107
1778699227.149763,102,0.370783,0.978444,0.362790,1.1127,0.0726,1.2431,-0.000,-2.965,-131.323,0,1,188,237,98,113
1778699227.249871,102,0.704381,0.976272,0.687667,1.1208,0.0771,1.2441,0.000,-2.010,-129.362,0,1,191,238,98,114
1778699227.249871,0,0.907743,0.977401,0.887228,1.9725,-0.6813,1.3907,0.000,-6.121,140.112,0,1,440,221,96,109
1778699227.249871,102,0.720807,0.977340,0.704474,1.1208,0.0771,1.2441,0.000,-2.010,-129.362,0,1,199,237,98,113
1778699227.249871,0,0.941194,0.976335,0.918921,1.9725,-0.6813,1.3907,0.000,-6.121,140.112,0,1,449,221,97,110
1778699227.416721,102,0.711032,0.980101,0.696884,1.1176,0.0705,1.2441,-0.000,-2.018,-130.257,0,1,201,238,97,114
1778699227.416721,0,0.954755,0.971809,0.927839,1.9540,-0.7014,1.3914,-0.000,-6.499,149.713,0,1,452,220,97,111
1778699227.416721,102,0.720455,0.980759,0.706593,1.1234,0.0675,1.2429,-0.000,-2.211,-131.257,0,1,204,237,98,113
1778699227.416721,0,0.958453,0.971809,0.931433,1.9540,-0.7014,1.3914,0.000,-5.623,149.793,0,1,456,222,96,110
1778699227.450090,102,0.708740,0.981741,0.695799,1.1247,0.0758,1.2450,0.000,-2.039,-129.838,0,1,206,238,97,111
1778699227.450090,0,0.965657,0.970320,0.936995,1.9620,-0.6912,1.3846,0.000,-6.329,153.533,0,1,458,220,97,107
1778699227.550198,102,0.709403,0.984809,0.698626,1.1235,0.0574,1.2413,0.000,-1.870,-130.816,0,1,214,239,97,110
1778699227.550198,0,0.975902,0.965262,0.942001,1.9572,-0.7322,1.3948,0.000,-5.322,157.608,0,1,468,219,98,113
1778699227.550198,102,0.712928,0.984809,0.702098,1.1235,0.0574,1.2413,0.000,-1.870,-130.816,0,1,217,239,96,109
1778699227.550198,0,0.971138,0.965262,0.937402,1.9572,-0.7322,1.3948,0.000,-5.322,157.608,0,1,471,221,97,110
1778699227.650297,102,0.705194,0.986251,0.695499,1.1380,0.0622,1.2428,-0.000,-1.529,-130.238,0,1,219,239,96,109
1778699227.650297,0,0.971982,0.962720,0.935747,1.9420,-0.7223,1.3885,0.000,-6.460,157.840,0,1,474,220,98,113
1778699227.650297,102,0.702001,0.986251,0.692350,1.1370,0.0758,1.2428,0.000,-2.349,-129.392,0,1,221,240,95,110
1778699227.650297,0,0.974891,0.962720,0.938547,1.9508,-0.6986,1.3885,0.000,-5.858,161.090,0,1,476,221,97,111
1778699227.650297,102,0.714599,0.989193,0.706876,1.1370,0.0758,1.2428,0.000,-2.349,-129.392,0,1,230,238,96,110
1778699227.750404,102,0.723721,0.989193,0.715900,1.1311,0.0744,1.2444,0.000,-1.506,-131.120,0,1,233,238,97,113
1778699227.850506,102,0.706954,0.990415,0.700178,1.1377,0.0658,1.2451,0.000,-1.717,-130.256,0,1,235,238,95,113
1778699227.850506,0,0.971906,0.954980,0.928151,1.9602,-0.7221,1.3885,0.000,-4.915,166.661,0,1,491,220,98,114
1778699227.850506,102,0.706899,0.990415,0.700123,1.1367,0.0794,1.2451,-0.000,-1.758,-129.538,0,1,238,239,96,114
1778699227.850506,0,0.962698,0.954980,0.919358,1.9690,-0.6981,1.3885,0.000,-7.323,167.252,0,1,495,221,100,110
1778699227.850506,102,0.709762,0.991106,0.703449,1.1367,0.0794,1.2451,-0.000,-1.758,-129.538,0,1,240,239,95,111
1778699227.850506,0,0.970221,0.953114,0.924731,1.9690,-0.6981,1.3885,0.000,-7.323,167.252,0,1,498,220,100,113
1778699227.983989,102,0.359099,0.951625,0.341727,1.9665,-0.6960,1.3872,0.000,-1.239,-130.674,0,1,248,238,95,113
1778699228.050728,102,0.698249,0.993262,0.693544,1.1450,0.0686,1.2460,0.000,-1.788,-129.461,0,1,251,240,94,107
1778699228.050728,0,0.955948,0.947675,0.905928,1.9658,-0.7230,1.3872,0.000,-4.941,172.301,0,1,509,219,102,117
1778699228.084097,102,0.705318,0.993829,0.700965,1.1398,0.0811,1.2419,0.000,-2.120,-129.389,0,1,254,240,94,111
1778699228.084097,0,0.942509,0.946123,0.891729,1.9664,-0.6966,1.3892,0.000,-7.288,174.042,0,1,511,219,103,114
1778699228.184199,102,0.691222,0.994750,0.687593,1.1368,0.0714,1.2416,-0.000,-1.541,-128.652,0,1,256,240,94,109
1778699228.184199,0,0.945240,0.943524,0.891858,1.9551,-0.7095,1.3911,-0.000,-6.848,173.281,0,1,514,218,104,113
1778699228.184199,102,0.717600,0.994750,0.713832,1.1363,0.0772,1.2416,0.000,-2.410,-130.647,0,1,264,239,94,111
1778699228.184199,0,0.944928,0.943524,0.891563,1.9588,-0.6993,1.3911,0.000,-6.735,173.788,0,1,522,219,104,114
1778699228.284250,102,0.695346,0.996373,0.692824,1.1233,0.0583,1.2404,0.000,-1.992,-129.696,0,0,266,240,93,111
1778699228.284250,102,0.700118,0.996373,0.697579,1.1233,0.0583,1.2404,0.000,-1.714,-130.039,0,0,268,240,93,111
1778699228.350989,102,0.707282,0.996662,0.704921,1.1263,0.0549,1.2407,0.000,-1.703,-130.823,0,0,277,240,93,109
1778699228.350989,102,0.705617,0.997815,0.704075,1.1263,0.0549,1.2407,0.000,-1.703,-130.823,0,0,279,240,94,111
1778699228.350989,0,0.950460,0.931831,0.885669,nan,nan,nan,nan,nan,nan,0,0,539,218,105,117
1778699228.417725,102,0.716067,0.998038,0.714662,1.1104,0.0371,1.2392,0.000,-1.052,-131.489,0,0,282,239,94,113
1778699228.417725,0,0.955801,0.930130,0.889019,1.1809,-0.4661,1.2871,-0.000,-5.951,171.448,0,0,542,218,105,117
1778699228.517816,102,0.708696,0.998362,0.707535,1.1002,0.0274,1.2401,0.000,-1.253,-132.287,0,0,284,240,93,110
1778699228.517816,0,0.953168,0.928457,0.884976,1.1589,-0.4691,1.2862,0.000,-4.783,171.260,0,0,544,218,105,117
1778699228.584554,102,0.709123,0.999106,0.708489,1.0916,0.0107,1.2357,0.000,-2.207,-133.356,0,0,291,241,93,109
1778699228.584554,0,0.956393,0.922214,0.881999,1.1292,-0.4777,1.2823,0.000,-6.399,167.747,0,0,553,218,107,117
1778699228.584554,102,0.702116,0.999106,0.701488,1.0916,0.0107,1.2357,0.000,-2.472,-132.826,0,0,294,243,94,106
1778699228.584554,0,0.952383,0.922214,0.878301,1.1292,-0.4777,1.2823,0.000,-6.738,168.551,0,0,556,218,108,115
1778699228.684655,102,0.700982,0.999483,0.700620,1.0916,-0.0001,1.2357,0.000,-0.975,-133.102,0,0,297,241,92,107
1778699228.684655,0,0.962262,0.918819,0.884145,1.1166,-0.4834,1.2769,-0.000,-6.373,165.549,0,0,559,220,107,114
1778699228.684655,102,0.700956,0.999483,0.700594,1.0916,-0.0001,1.2357,0.000,-1.326,-133.152,0,0,300,241,93,109
1778699228.684655,0,0.954072,0.918819,0.876619,1.1166,-0.4834,1.2769,0.000,-8.098,165.916,0,0,563,218,107,117
1778699228.684655,102,0.705164,0.999674,0.704934,1.0916,-0.0001,1.2357,0.000,-1.326,-133.152,0,0,301,241,93,110
1778699228.684655,0,0.952641,0.915850,0.872476,1.1166,-0.4834,1.2769,0.000,-8.098,165.916,0,0,564,219,107,115
1778699228.784763,102,0.694075,0.999674,0.693848,1.0886,-0.0074,1.2354,-0.000,-0.729,-132.913,1,1,301,241,93,109
1778699228.784763,0,0.959776,0.915850,0.879011,1.1095,-0.4896,1.2779,-0.000,-7.349,164.427,0,1,564,220,107,115
1778699230.853584,102,0.704660,0.999938,0.704616,1.0945,-0.0359,1.2378,0.000,-0.642,-135.378,0,1,319,240,93,111
1778699230.853584,0,0.977085,0.903755,0.883045,1.0802,-0.5080,1.2774,-0.000,-5.451,154.628,0,1,584,217,108,120
1778699230.853584,103,0.881766,0.899530,0.793175,1.0030,0.4162,1.3634,0.000,-4.752,-131.604,0,1,48,160,97,121
1778699230.920314,102,0.710867,0.999938,0.710823,1.0944,-0.0397,1.2378,0.000,-0.787,-136.113,0,1,319,240,93,111
1778699230.920314,0,0.975872,0.903755,0.881949,1.0754,-0.5102,1.2770,0.000,-5.773,154.427,0,1,584,217,108,118
1778699230.920314,103,0.877395,0.899530,0.789243,1.0045,0.4128,1.3634,0.000,-4.832,-131.212,0,1,48,160,97,122
1778699230.920314,102,0.705187,0.999938,0.705144,1.0944,-0.0397,1.2378,0.000,-0.681,-135.633,0,1,319,240,93,111
1778699230.920314,0,0.976290,0.903755,0.882327,1.0754,-0.5102,1.2770,0.000,-5.639,155.306,0,1,584,217,107,120
1778699230.920314,103,0.883019,0.899530,0.794302,1.0045,0.4128,1.3634,-0.000,-4.648,-131.923,0,1,48,160,97,121
1778699230.920314,102,0.708532,0.999938,0.708488,1.0944,-0.0397,1.2378,0.000,-0.681,-135.633,0,1,319,240,93,111
1778699230.920314,0,0.979141,0.903143,0.884304,1.0754,-0.5102,1.2770,0.000,-5.639,155.306,0,1,585,217,110,120
1778699230.920314,103,0.874923,0.899530,0.787019,1.0045,0.4128,1.3634,-0.000,-4.648,-131.923,0,1,48,160,97,122
1778699231.153901,102,0.704826,0.999938,0.704782,1.0944,-0.0397,1.2378,-0.000,-0.753,-135.613,0,1,319,240,93,111
1778699231.153901,0,0.977594,0.903100,0.882865,1.0752,-0.5120,1.2788,0.000,-5.217,154.954,0,1,585,216,108,121
1778699231.153901,103,0.877763,0.899530,0.789574,1.0045,0.4128,1.3634,0.000,-4.677,-131.154,0,1,48,160,97,122
1778699231.153901,102,0.698351,0.999938,0.698307,1.0944,-0.0397,1.2378,0.000,-0.574,-135.062,0,1,319,240,93,113
1778699231.153901,0,0.980122,0.903100,0.885148,1.0752,-0.5120,1.2788,-0.000,-4.500,155.108,0,1,585,217,108,120
1778699231.153901,103,0.876181,0.899530,0.788151,1.0045,0.4128,1.3634,0.000,-4.812,-131.018,0,1,48,160,97,122
1778699231.153901,102,0.695531,0.999938,0.695488,1.0944,-0.0397,1.2378,0.000,-0.574,-135.062,0,1,319,240,93,113
1778699231.153901,0,0.976282,0.903143,0.881722,1.0752,-0.5120,1.2788,-0.000,-4.500,155.108,0,1,585,217,108,120
1778699231.153901,103,0.880400,0.899530,0.791946,1.0045,0.4128,1.3634,0.000,-4.812,-131.018,0,1,48,160,97,121
1778699231.320754,102,0.704665,0.999938,0.704621,1.0974,-0.0397,1.2380,0.000,-0.061,-135.505,0,1,314,241,95,110
1778699231.320754,0,0.962750,0.903143,0.869500,1.0754,-0.5120,1.2770,0.000,-7.353,161.158,0,1,578,217,110,117
1778699231.320754,103,0.884358,0.899530,0.795506,1.0074,0.4142,1.3641,0.000,-5.980,-133.196,0,1,45,161,91,120
1778699231.487600,102,0.701188,0.999953,0.701155,1.0886,-0.0307,1.2354,0.000,-0.526,-134.770,0,1,312,242,93,110
1778699231.487600,0,0.974770,0.907523,0.884626,1.0908,-0.5065,1.2736,0.000,-6.250,153.847,0,1,578,220,108,114
1778699231.487600,103,0.883512,0.897903,0.793308,1.0017,0.4164,1.3611,0.000,-5.204,-132.093,0,1,45,161,90,120
1778699231.587697,102,0.693610,0.999925,0.693558,1.0858,-0.0271,1.2334,-0.000,-0.069,-133.889,0,1,311,243,93,110
1778699231.587697,0,0.967764,0.908731,0.879437,1.0938,-0.5043,1.2740,0.000,-7.986,155.313,0,1,576,220,108,115
1778699231.587697,103,0.907830,0.897028,0.814348,0.9971,0.4173,1.3567,0.000,-3.089,-134.130,0,1,43,163,87,118
1778699231.587697,102,0.700731,0.999803,0.700592,1.0858,-0.0271,1.2334,-0.000,-0.069,-133.889,0,1,306,243,94,110
1778699231.587697,0,0.970835,0.912331,0.885723,1.0938,-0.5043,1.2740,0.000,-7.986,155.313,0,1,570,220,108,117
1778699231.587697,103,0.930059,0.895216,0.832603,0.9971,0.4173,1.3567,0.000,-3.089,-134.130,0,1,40,163,81,122
1778699231.654432,102,0.704533,0.999815,0.704403,1.0890,-0.0163,1.2319,0.000,-0.906,-133.958,0,1,305,241,93,111
1778699231.654432,0,0.973648,0.912927,0.888869,1.1037,-0.4979,1.2753,0.000,-7.242,155.942,0,1,569,220,108,117
1778699231.654432,103,0.922596,0.894449,0.825215,0.9942,0.4209,1.3560,0.000,1.999,-134.471,0,1,39,162,79,121
1778699231.721163,102,0.705142,0.999815,0.705012,1.0886,-0.0145,1.2354,-0.000,-1.110,-134.268,0,1,304,242,93,111
1778699231.721163,0,0.965670,0.912927,0.881586,1.1067,-0.4974,1.2757,0.000,-8.424,155.883,0,1,568,220,107,117
1778699231.721163,103,0.908733,0.894449,0.812816,0.9969,0.4240,1.3583,0.000,-2.100,-133.275,0,1,39,162,78,120
1778699231.887985,102,0.709422,0.999784,0.709269,1.0886,-0.0127,1.2354,-0.000,-1.107,-134.517,0,1,304,241,93,113
1778699231.887985,0,0.969200,0.913521,0.885385,1.1067,-0.4956,1.2757,0.000,-7.612,155.368,0,1,568,220,108,115
1778699231.887985,103,0.904919,0.894287,0.809257,0.9968,0.4240,1.3599,0.000,-3.618,-133.809,0,1,39,161,78,120
1778699231.887985,102,0.711807,0.999784,0.711654,1.0886,-0.0127,1.2354,0.000,-2.079,-134.867,0,1,304,242,93,110
1778699231.887985,0,0.967996,0.913521,0.884285,1.1067,-0.4956,1.2757,0.000,-7.896,156.136,0,1,568,220,107,115
1778699231.887985,103,0.908533,0.894287,0.812489,0.9968,0.4240,1.3599,-0.000,-4.116,-134.853,0,1,39,161,78,120
1778699232.054816,102,0.706969,0.999766,0.706803,1.0888,-0.0127,1.2337,-0.000,-0.848,-134.267,0,1,304,242,93,110
1778699232.054816,0,0.967769,0.913521,0.884078,1.1067,-0.4956,1.2757,0.000,-7.950,155.863,0,1,568,220,108,115
1778699232.054816,103,0.900789,0.894122,0.805415,0.9966,0.4240,1.3616,0.000,-4.610,-133.973,0,1,39,160,78,121
1778699232.054816,102,0.702757,0.999796,0.702614,1.0888,-0.0127,1.2337,-0.000,-0.848,-134.267,0,1,305,242,90,110
1778699232.054816,0,0.968450,0.914115,0.885274,1.1067,-0.4956,1.2757,0.000,-7.950,155.863,0,1,567,220,107,115
1778699232.054816,103,0.907577,0.894287,0.811634,0.9966,0.4240,1.3616,0.000,-4.610,-133.973,0,1,39,161,78,122
1778699232.121554,102,0.701832,0.999766,0.701667,1.0888,-0.0145,1.2337,0.000,-1.565,-134.129,0,1,304,242,92,109
1778699232.121554,0,0.970496,0.913521,0.886568,1.1097,-0.4951,1.2760,0.000,-7.781,156.468,0,1,568,220,108,115
1778699232.121554,103,0.899457,0.893516,0.803679,0.9968,0.4240,1.3599,0.000,-4.249,-134.795,0,1,38,160,77,126
1778699232.188308,102,0.706559,0.999766,0.706394,1.0888,-0.0127,1.2337,0.000,-1.070,-134.265,0,1,304,242,92,110
1778699232.188308,0,0.968807,0.913521,0.885026,1.1097,-0.4969,1.2760,0.000,-7.680,154.915,0,1,568,220,107,117
1778699232.188308,103,0.893705,0.893516,0.798539,0.9966,0.4256,1.3616,0.000,-3.703,-131.998,0,1,38,161,77,124
1778699232.321785,0,0.711406,0.999732,0.711216,1.0918,-0.0109,1.2339,0.000,-1.133,-134.572,0,1,303,242,93,110
1778699232.321785,1,0.969575,0.913521,0.885728,1.1067,-0.4956,1.2757,0.000,-7.533,155.776,0,1,568,220,108,115
1778699232.321785,102,0.717603,0.999732,0.717411,1.0918,-0.0109,1.2339,0.000,-1.486,-135.138,0,1,304,242,92,110
1778699232.321785,0,0.966565,0.913521,0.882978,1.1067,-0.4956,1.2757,0.000,-8.219,156.149,0,1,568,220,107,114
1778699232.421885,0,0.722630,0.999766,0.722461,1.0918,-0.0127,1.2339,0.000,-0.443,-135.506,0,1,304,242,92,109
1778699232.421885,104,0.965790,0.913521,0.882270,1.1067,-0.4956,1.2757,-0.000,-8.390,156.210,0,1,568,220,106,115
1778699232.488616,105,0.708749,0.999766,0.708583,1.0918,-0.0127,1.2339,-0.000,-1.509,-134.510,0,1,303,241,93,114
1778699232.488616,0,0.967291,0.913521,0.883641,1.1067,-0.4956,1.2757,-0.000,-8.056,156.116,0,1,568,220,108,115
1778699232.488616,0,0.716156,0.999750,0.715977,1.0916,-0.0109,1.2357,0.000,-1.521,-135.036,0,1,304,240,92,113
1778699232.488616,106,0.962746,0.913521,0.879489,1.1067,-0.4956,1.2757,0.000,-9.051,156.072,0,1,568,221,108,114
1778699232.555343,0,0.714161,0.999799,0.714017,1.0974,-0.0126,1.2380,-0.000,-1.427,-134.970,0,1,303,241,93,114
1778699232.555343,107,0.963714,0.913556,0.880407,1.1069,-0.4956,1.2738,-0.000,-8.926,156.461,0,1,568,220,108,115
1778699232.588696,108,0.717050,0.999750,0.716871,1.0976,-0.0108,1.2362,0.000,-2.196,-135.222,0,1,302,240,93,111
1778699232.588696,0,0.964945,0.913521,0.881498,1.1037,-0.4942,1.2753,-0.000,-8.574,156.276,0,1,567,220,107,115
1778699232.688803,0,0.723471,0.999750,0.723290,1.1046,-0.0106,1.2369,0.000,-1.518,-135.647,0,1,303,241,94,110
1778699232.688803,109,0.965800,0.913521,0.882279,1.1067,-0.4956,1.2757,0.000,-8.386,155.469,0,1,568,220,108,115
1778699232.688803,0,0.729813,0.999750,0.729631,1.1046,-0.0106,1.2369,-0.000,-1.292,-136.147,0,1,303,242,94,110
1778699232.688803,110,0.966980,0.913521,0.883356,1.1067,-0.4956,1.2757,0.000,-8.128,155.981,0,1,567,221,107,114
1778699232.788928,0,0.752946,0.999695,0.752717,1.1047,-0.0088,1.2351,0.000,-2.171,-138.184,0,1,302,242,93,110
1778699232.788928,111,0.967004,0.914115,0.883953,1.1097,-0.4951,1.2760,-0.000,-8.106,155.347,0,1,567,220,107,113
1778699232.788928,112,0.757715,0.999695,0.757484,1.1047,-0.0088,1.2351,-0.000,-1.719,-138.528,0,0,302,240,94,113
1778699232.788928,0,0.967356,0.914115,0.884275,1.1097,-0.4951,1.2760,0.000,-8.020,155.202,0,0,568,221,108,114
1778699232.788928,0,0.768483,0.999729,0.768275,1.1047,-0.0088,1.2351,-0.000,-1.719,-138.528,0,0,302,241,94,109
1778699232.788928,113,0.966830,0.913556,0.883254,1.1097,-0.4951,1.2760,0.000,-8.020,155.202,0,0,567,220,107,115
1778699232.855650,0,0.780359,0.999713,0.780135,1.1074,-0.0087,1.2390,0.000,-1.801,-139.544,0,0,302,241,94,111
1778699232.855650,114,0.968485,0.913556,0.884765,1.1069,-0.4956,1.2738,0.000,-8.253,155.997,0,0,568,221,108,114
1778699232.955775,0,0.779414,0.999713,0.779190,1.1046,-0.0088,1.2369,0.000,-1.448,-140.470,0,0,302,240,94,113
1778699232.955775,115,0.968862,0.913556,0.885110,1.1069,-0.4956,1.2738,-0.000,-7.791,155.805,0,0,568,221,108,114
1778699233.055883,0,0.776462,0.999729,0.776252,1.1044,-0.0088,1.2387,0.000,-1.362,-140.197,0,0,302,240,94,113
1778699233.055883,116,0.967830,0.913521,0.884133,1.1067,-0.4956,1.2757,0.000,-7.936,155.755,0,0,568,220,108,115
1778699233.055883,0,0.774930,0.999729,0.774719,1.1044,-0.0088,1.2387,-0.000,-1.006,-139.994,0,0,302,240,94,111
1778699233.055883,117,0.971637,0.913521,0.887611,1.1067,-0.4956,1.2757,-0.000,-7.001,154.814,0,0,568,220,108,115
1778699233.122622,0,0.814456,0.999729,0.814235,1.1044,-0.0088,1.2387,0.000,-2.058,-143.997,0,0,301,240,96,114
1778699233.122622,118,0.972453,0.913521,0.888357,1.1067,-0.4956,1.2757,0.000,-6.843,155.758,0,0,567,220,107,115
1778699233.122622,119,0.843320,0.999689,0.843058,1.1044,-0.0088,1.2387,0.000,-2.058,-143.997,0,0,301,240,96,115
1778699233.122622,0,0.970255,0.914115,0.886925,1.1067,-0.4956,1.2757,0.000,-6.843,155.758,0,0,567,220,108,115
1778699233.222692,0,0.865648,0.999689,0.865379,1.1104,-0.0068,1.2392,0.000,-2.504,-147.037,0,0,300,239,97,115
1778699233.222692,120,0.971190,0.914115,0.887779,1.1067,-0.4937,1.2757,0.000,-7.363,156.359,0,0,567,220,107,115
1778699233.289424,0,0.917416,0.999658,0.917102,1.1132,-0.0049,1.2413,-0.000,-2.081,-156.274,0,0,300,239,96,111
1778699233.289424,121,0.968707,0.914115,0.885510,1.1067,-0.4937,1.2757,0.000,-7.730,156.031,0,0,567,221,107,114
1778699233.356169,122,0.930652,0.999658,0.930334,1.1132,-0.0049,1.2413,0.000,-1.645,-158.224,0,0,299,238,95,109
1778699233.356169,0,0.970013,0.914150,0.886737,1.1069,-0.4937,1.2738,0.000,-7.511,155.523,0,0,568,220,110,115
1778699233.422894,0,0.942118,0.999621,0.941761,1.1130,-0.0031,1.2432,-0.000,-1.142,-159.967,0,0,299,237,97,109
1778699233.422894,123,0.972861,0.913521,0.888730,1.1037,-0.4942,1.2753,0.000,-6.740,156.136,0,0,567,221,107,114
1778699233.489621,0,0.953914,0.999627,0.953558,1.1158,-0.0030,1.2453,0.000,-1.306,-162.357,0,0,299,237,95,107
1778699233.489621,123,0.971562,0.914115,0.888119,1.1067,-0.4937,1.2757,-0.000,-7.056,156.050,0,0,567,220,107,113
1778699233.556339,0,0.979134,0.999627,0.978769,1.1158,-0.0030,1.2453,0.000,-1.054,-168.738,0,0,299,237,95,109
1778699233.556339,123,0.972984,0.914150,0.889453,1.1069,-0.4937,1.2738,0.000,-6.797,155.705,0,0,567,221,107,114
1778699233.556339,0,0.983178,0.999627,0.982812,1.1158,-0.0030,1.2453,0.000,-1.371,-170.502,0,0,299,237,95,111
1778699233.556339,123,0.968122,0.914150,0.885008,1.1069,-0.4937,1.2738,-0.000,-7.955,156.169,0,0,567,221,107,114
1778699233.656458,0,0.986496,0.999674,0.986174,1.1158,-0.0049,1.2453,0.000,-1.402,-172.169,0,0,300,237,96,111
1778699233.656458,123,0.972864,0.914150,0.889343,1.1099,-0.4951,1.2742,0.000,-6.815,155.342,0,0,567,221,107,114
1778699233.656458,0,0.992109,0.999674,0.991785,1.1158,-0.0049,1.2453,-0.000,-1.507,-177.127,0,0,300,237,95,110
1778699233.656458,123,0.972263,0.914150,0.888794,1.1099,-0.4951,1.2742,-0.000,-6.957,155.223,0,0,567,221,107,114
1778699233.756554,0,0.992078,0.999677,0.991757,1.1126,-0.0049,1.2468,-0.000,-1.475,-177.428,0,0,300,236,95,109
1778699233.756554,123,0.972719,0.914150,0.889211,1.1099,-0.4951,1.2742,0.000,-6.861,155.627,0,0,567,221,107,114
1778699233.756554,0,0.992498,0.999677,0.992177,1.1126,-0.0049,1.2468,-0.000,-1.359,-178.848,0,0,300,236,95,110
1778699233.756554,123,0.972740,0.914150,0.889230,1.1099,-0.4951,1.2742,0.000,-6.842,155.263,0,0,567,221,107,114
1778699233.856662,0,0.992270,0.999720,0.991992,1.1124,-0.0068,1.2486,0.000,-0.983,179.039,0,0,301,235,96,113
1778699233.856662,123,0.969998,0.914150,0.886723,1.1069,-0.4937,1.2738,0.000,-7.511,155.420,0,0,567,221,107,115
1778699233.856662,0,0.991554,0.999720,0.991276,1.1124,-0.0068,1.2486,-0.000,-1.183,178.645,0,0,301,235,96,111
1778699233.856662,123,0.969393,0.914150,0.886170,1.1069,-0.4937,1.2738,0.000,-7.663,155.832,0,0,567,221,108,114
1778699233.856662,0,0.992816,0.999720,0.992537,1.1124,-0.0068,1.2486,-0.000,-1.183,178.645,0,0,301,236,95,110
1778699233.856662,123,0.970566,0.914150,0.887243,1.1069,-0.4937,1.2738,0.000,-7.663,155.832,0,0,567,220,107,113
1778699233.990152,0,0.988970,0.999720,0.988693,1.1066,-0.0069,1.2462,-0.000,-1.898,177.423,0,0,303,234,96,113
1778699233.990152,1,0.969725,0.914115,0.886440,1.1067,-0.4937,1.2757,0.000,-7.492,155.713,0,0,567,221,107,114
1778699234.123635,0,0.991787,0.999760,0.991548,1.1035,-0.0088,1.2477,0.000,-0.639,177.640,0,0,302,235,95,111
1778699234.123635,1,0.970924,0.913556,0.886994,1.1069,-0.4956,1.2738,0.000,-7.267,154.838,0,0,568,221,108,114
1778699234.123635,0,0.990966,0.999760,0.990727,1.1035,-0.0088,1.2477,0.000,-0.962,177.482,0,0,303,236,96,111
1778699234.123635,123,0.972343,0.913556,0.888290,1.1069,-0.4956,1.2738,-0.000,-6.961,155.808,0,0,567,221,107,114
1778699234.223754,0,0.991428,0.999796,0.991226,1.1037,-0.0106,1.2459,0.000,-0.594,176.997,0,0,303,236,96,111
1778699234.223754,123,0.970681,0.914115,0.887314,1.1067,-0.4937,1.2757,0.000,-7.257,156.504,0,0,567,220,107,113
1778699234.290492,0,0.990173,0.999830,0.990005,1.0997,-0.0125,1.2455,0.000,-2.075,178.859,0,0,304,236,96,111
1778699234.290492,1,0.971316,0.914150,0.887928,1.1099,-0.4951,1.2742,0.000,-7.199,156.431,0,0,567,221,107,114
1778699234.290492,2,0.902109,0.893680,0.806197,0.9938,0.4242,1.3593,0.000,-3.263,-132.976,0,0,38,161,77,126
1778699234.290492,0,0.990710,0.999830,0.990542,1.0997,-0.0125,1.2455,0.000,-2.075,178.859,0,0,304,236,95,113
1778699234.290492,123,0.972138,0.914115,0.888646,1.1099,-0.4951,1.2742,0.000,-7.199,156.431,0,0,567,220,107,115
1778699234.290492,124,0.887629,0.893516,0.793111,0.9938,0.4242,1.3593,0.000,-3.263,-132.976,0,0,38,160,77,128
1778699234.423969,0,0.990594,0.999861,0.990456,1.0997,-0.0143,1.2455,-0.000,-2.068,179.483,0,0,305,236,96,113
1778699234.423969,1,0.970950,0.914150,0.887594,1.1069,-0.4937,1.2738,-0.000,-7.290,156.312,0,0,567,221,107,114
1778699234.490708,0,0.989744,0.999861,0.989607,1.0997,-0.0143,1.2455,-0.000,-2.223,178.645,0,0,305,236,95,113
1778699234.490708,123,0.970686,0.914115,0.887318,1.1097,-0.4951,1.2760,0.000,-7.251,156.613,0,0,567,220,107,113
1778699234.490708,124,0.901384,0.893516,0.805401,0.9966,0.4256,1.3616,0.000,-2.819,-132.592,0,0,38,160,77,125
1778699234.490708,0,0.990388,0.999861,0.990250,1.0997,-0.0143,1.2455,-0.000,-1.975,178.729,0,0,306,236,96,113
1778699234.490708,123,0.970265,0.914115,0.886934,1.1097,-0.4951,1.2760,0.000,-7.366,155.930,0,0,568,221,108,114
1778699234.490708,0,0.991004,0.999889,0.990893,1.0997,-0.0143,1.2455,-0.000,-1.975,178.729,0,0,305,236,95,113
1778699234.490708,1,0.970950,0.913556,0.887018,1.1097,-0.4951,1.2760,0.000,-7.366,155.930,0,0,568,221,108,114
1778699234.690909,0,0.990911,0.999889,0.990800,1.0967,-0.0162,1.2452,0.000,-1.826,178.915,0,0,306,236,96,113
1778699234.690909,125,0.971177,0.913521,0.887190,1.1067,-0.4956,1.2757,0.000,-7.144,156.381,0,0,568,220,108,115
1778699234.690909,124,0.900310,0.894287,0.805135,0.9997,0.4254,1.3606,0.000,-4.441,-133.683,0,0,39,161,78,122
1778699234.690909,0,0.992416,0.999889,0.992306,1.0967,-0.0162,1.2452,0.000,-1.229,179.296,0,0,306,237,96,111
1778699234.690909,1,0.968802,0.913521,0.885022,1.1067,-0.4956,1.2757,0.000,-7.712,155.976,0,0,568,220,108,115
1778699234.824367,0,0.992803,0.999858,0.992662,1.0999,-0.0143,1.2437,0.000,-1.260,-179.958,0,0,305,237,95,111
1778699234.824367,125,0.968133,0.913521,0.884410,1.1067,-0.4956,1.2757,0.000,-7.859,156.353,0,0,568,220,108,115
1778699234.824367,0,0.993024,0.999858,0.992882,1.0999,-0.0143,1.2437,-0.000,-1.096,179.695,0,0,306,238,96,111
1778699234.824367,126,0.971073,0.913521,0.887095,1.1067,-0.4956,1.2757,0.000,-7.171,156.329,0,0,568,220,108,115
1778699234.891106,0,0.992505,0.999879,0.992385,1.0941,-0.0162,1.2414,0.000,-1.337,179.090,0,0,306,237,96,113
1778699234.891106,127,0.970556,0.913521,0.886623,1.1067,-0.4956,1.2757,-0.000,-7.298,156.182,0,0,568,220,108,115
1778699234.957824,0,0.992901,0.999885,0.992787,1.0939,-0.0162,1.2431,-0.000,-1.218,179.988,0,0,305,238,95,111
1778699234.957824,128,0.970540,0.913521,0.886609,1.1067,-0.4956,1.2757,0.000,-7.305,155.764,0,0,568,220,108,115
1778699235.057950,129,0.994078,0.999842,0.993922,1.0972,-0.0144,1.2398,0.000,-0.793,179.905,0,0,305,239,95,110
1778699235.057950,0,0.969887,0.914115,0.886588,1.1097,-0.4951,1.2760,0.000,-7.442,156.571,0,0,567,220,107,117
1778699235.057950,0,0.993461,0.999842,0.993304,1.0972,-0.0144,1.2398,0.000,-1.085,179.736,0,0,306,238,96,111
1778699235.057950,130,0.967484,0.914115,0.884392,1.1097,-0.4951,1.2760,0.000,-8.008,156.194,0,0,567,220,107,115
1778699235.158058,0,0.994053,0.999858,0.993912,1.0969,-0.0144,1.2434,0.000,-0.654,-179.750,0,0,305,237,97,115
1778699235.158058,131,0.970060,0.913521,0.886171,1.1037,-0.4942,1.2753,0.000,-7.419,155.884,0,0,568,220,107,115
1778699235.158058,0,0.993407,0.999858,0.993266,1.0969,-0.0144,1.2434,-0.000,-0.903,179.694,0,0,305,238,97,114
1778699235.158058,132,0.967394,0.913521,0.883735,1.1037,-0.4942,1.2753,-0.000,-8.035,155.800,0,0,568,220,108,117
1778699235.158058,133,0.994157,0.999852,0.994009,1.0969,-0.0144,1.2434,-0.000,-0.903,179.694,0,0,305,238,97,114
1778699235.158058,0,0.966764,0.913556,0.883194,1.1037,-0.4942,1.2753,-0.000,-8.035,155.800,0,0,568,221,107,115
1778699235.258166,0,0.994530,0.999852,0.994382,1.0970,-0.0144,1.2416,-0.000,-0.696,-179.778,0,0,305,238,96,114
1778699235.258166,134,0.968579,0.913556,0.884851,1.1069,-0.4956,1.2738,0.000,-8.268,155.884,0,0,568,220,108,117
1778699235.258166,0,0.994838,0.999852,0.994691,1.0970,-0.0144,1.2416,0.000,-0.539,-179.114,0,0,304,238,97,113
1778699235.258166,135,0.968714,0.913521,0.884941,1.1069,-0.4956,1.2738,0.000,-7.856,156.013,0,0,568,220,108,115
1778699235.391588,0,0.994317,0.999821,0.994139,1.0970,-0.0126,1.2416,0.000,-0.650,-179.188,0,0,305,238,96,114
1778699235.391588,136,0.967673,0.913521,0.883990,1.1067,-0.4956,1.2757,-0.000,-7.969,156.169,0,0,568,220,108,115
1778699235.491697,0,0.994968,0.999852,0.994820,1.0941,-0.0144,1.2414,0.000,-0.284,-179.374,0,0,305,238,96,113
1778699235.491697,136,0.967813,0.913521,0.884118,1.1067,-0.4956,1.2757,0.000,-7.939,155.715,0,0,568,220,108,115
1778699235.491697,0,0.994543,0.999852,0.994395,1.0941,-0.0144,1.2414,0.000,-0.283,179.250,0,0,305,238,96,114
1778699235.491697,1,0.969640,0.913521,0.885787,1.1067,-0.4956,1.2757,-0.000,-7.497,156.639,0,0,567,220,107,115
1778699235.658544,0,0.994992,0.999821,0.994814,1.0970,-0.0126,1.2416,0.000,-0.221,-179.763,0,0,304,238,97,114
1778699235.658544,137,0.967632,0.914115,0.884527,1.1067,-0.4937,1.2757,-0.000,-7.968,156.466,0,0,567,220,107,115
1778699235.658544,124,0.889003,0.894122,0.794877,0.9917,0.4215,1.3604,0.000,-4.968,-132.305,0,0,39,160,78,122
1778699235.725282,0,0.995135,0.999821,0.994957,1.0941,-0.0126,1.2414,0.000,-0.148,-179.685,0,0,304,238,96,113
1778699235.725282,137,0.964914,0.914115,0.882042,1.1097,-0.4951,1.2760,0.000,-8.579,156.251,0,0,567,220,107,115
1778699235.725282,124,0.900044,0.894287,0.804898,0.9889,0.4201,1.3581,0.000,-3.973,-133.262,0,0,39,161,78,122
1778699235.792021,0,0.995271,0.999821,0.995093,1.0970,-0.0126,1.2416,0.000,-0.012,179.978,0,0,304,238,97,113
1778699235.792021,137,0.969447,0.913556,0.885644,1.1069,-0.4956,1.2738,0.000,-7.632,155.071,0,0,568,221,108,115
1778699235.792021,124,0.903652,0.894287,0.808124,0.9919,0.4215,1.3588,0.000,-3.423,-133.442,0,0,39,161,78,121
1778699235.858770,0,0.994031,0.999852,0.993884,1.0941,-0.0144,1.2414,0.000,-0.616,179.422,0,0,305,238,96,115
1778699235.858770,137,0.968882,0.913521,0.885094,1.1067,-0.4956,1.2757,0.000,-7.694,155.750,0,0,568,220,108,115
1778699235.858770,124,0.907010,0.894287,0.811127,0.9889,0.4201,1.3581,0.000,-1.846,-132.871,0,0,39,161,78,124
1778699235.925509,0,0.994559,0.999842,0.994402,1.0942,-0.0144,1.2396,0.000,-0.266,178.920,0,0,305,239,96,111
1778699235.925509,137,0.968724,0.914115,0.885525,1.1097,-0.4951,1.2760,0.000,-7.723,155.618,0,0,567,220,107,115
1778699235.925509,124,0.899244,0.894287,0.804181,0.9889,0.4201,1.3581,-0.000,-4.856,-133.846,0,0,39,161,78,122
1778699235.992237,0,0.995145,0.999842,0.994988,1.0942,-0.0144,1.2396,0.000,-0.027,179.248,0,0,305,239,96,114
1778699235.992237,137,0.968121,0.914115,0.884974,1.1067,-0.4937,1.2757,0.000,-7.865,155.999,0,0,567,220,107,113
1778699235.992237,124,0.897730,0.894122,0.802680,0.9868,0.4191,1.3593,0.000,-4.676,-133.506,0,0,39,160,78,121
1778699236.058976,0,0.995011,0.999842,0.994854,1.0942,-0.0144,1.2396,-0.000,-0.158,179.415,0,0,305,239,96,113
1778699236.058976,137,0.968753,0.914150,0.885585,1.1069,-0.4937,1.2738,0.000,-7.809,155.686,0,0,567,221,107,114
1778699236.058976,124,0.898828,0.894122,0.803662,0.9868,0.4191,1.3593,0.000,-4.998,-133.966,0,0,39,160,78,121
1778699236.159081,0,0.995122,0.999842,0.994965,1.0942,-0.0144,1.2396,0.000,-0.036,179.229,0,0,305,239,96,113
1778699236.159081,137,0.972771,0.914150,0.889259,1.1069,-0.4937,1.2738,0.000,-6.852,155.994,0,0,567,220,107,115
1778699236.159081,124,0.894180,0.893680,0.799111,0.9840,0.4193,1.3570,0.000,-1.779,-130.731,0,0,38,161,77,125
1778699236.225820,0,0.994802,0.999842,0.994645,1.0942,-0.0144,1.2396,0.000,-0.346,179.676,0,0,305,239,96,114
1778699236.225820,137,0.968728,0.914150,0.885563,1.1069,-0.4937,1.2738,0.000,-7.813,155.608,0,0,567,221,107,114
1778699236.225820,124,0.887070,0.893680,0.792757,0.9840,0.4193,1.3570,-0.000,-3.446,-130.738,0,0,38,161,77,126
1778699236.292534,0,0.995301,0.999842,0.995144,1.0942,-0.0144,1.2396,0.000,0.014,179.430,0,0,305,239,96,113
1778699236.292534,137,0.970593,0.914150,0.887268,1.1069,-0.4937,1.2738,0.000,-7.368,155.372,0,0,567,221,107,114
1778699236.292534,124,0.907458,0.893843,0.811125,0.9842,0.4193,1.3553,-0.000,-3.386,-133.913,0,0,38,162,77,126
1778699236.359266,0,0.994695,0.999812,0.994508,1.0972,-0.0126,1.2398,0.000,-0.257,179.225,0,0,304,239,97,113
1778699236.359266,137,0.972765,0.914150,0.889253,1.1069,-0.4937,1.2738,0.000,-6.853,155.821,0,0,567,221,107,114
1778699236.359266,124,0.929860,0.894610,0.831862,0.9843,0.4177,1.3537,-0.000,-4.163,-139.056,0,0,39,163,78,122
1778699236.359266,0,0.994505,0.999812,0.994318,1.0972,-0.0126,1.2398,0.000,-0.321,179.087,0,0,305,240,96,114
1778699236.359266,137,0.969290,0.914150,0.886077,1.1069,-0.4937,1.2738,0.000,-7.661,155.099,0,0,567,220,107,113
1778699236.359266,124,0.940819,0.894610,0.841666,0.9843,0.4177,1.3537,0.000,-3.658,-141.188,0,0,39,163,78,121
1778699236.559483,0,0.994124,0.999799,0.993924,1.0974,-0.0126,1.2380,-0.000,-0.757,179.486,0,0,304,240,97,111
1778699236.559483,137,0.973683,0.914150,0.890092,1.1069,-0.4937,1.2738,-0.000,-6.609,156.597,0,0,567,221,107,114
1778699236.559483,124,0.933146,0.894003,0.834235,0.9824,0.4183,1.3533,0.000,-2.232,-137.795,0,0,38,163,77,122
1778699236.626226,0,0.995300,0.999799,0.995101,1.0974,-0.0126,1.2380,0.000,-0.113,179.621,0,0,304,240,97,114
1778699236.626226,137,0.968142,0.914115,0.884993,1.1067,-0.4937,1.2757,0.000,-7.855,155.543,0,0,567,220,107,113
1778699236.626226,124,0.942249,0.894161,0.842522,0.9825,0.4183,1.3517,-0.000,-2.090,-139.641,0,0,38,164,77,122
1778699236.692976,0,0.996255,0.999830,0.996085,1.0974,-0.0144,1.2380,-0.000,0.528,179.455,0,0,305,240,96,114
1778699236.692976,137,0.971070,0.914150,0.887703,1.1069,-0.4937,1.2738,0.000,-7.265,155.742,0,0,567,221,108,114
1778699236.692976,124,0.944407,0.894610,0.844876,0.9824,0.4167,1.3533,0.000,-2.701,-141.010,0,0,39,163,78,124
1778699236.759725,0,0.996347,0.999799,0.996147,1.0974,-0.0126,1.2380,0.000,0.520,179.803,0,0,304,240,97,114
1778699236.759725,137,0.967497,0.913556,0.883863,1.1069,-0.4956,1.2738,-0.000,-8.103,155.818,0,0,568,221,110,114
1778699236.759725,124,0.949963,0.894161,0.849420,0.9825,0.4183,1.3517,0.000,-2.054,-141.592,0,0,38,164,76,122
1778699236.759725,0,0.996881,0.999799,0.996681,1.0974,-0.0126,1.2380,-0.000,0.899,179.829,0,0,305,240,96,114
1778699236.759725,137,0.973692,0.913556,0.889523,1.1069,-0.4956,1.2738,0.000,-6.623,155.590,0,0,567,221,108,114
1778699236.759725,124,0.957537,0.894161,0.856192,0.9825,0.4183,1.3517,0.000,-2.507,-144.589,0,0,39,164,78,128
1778699236.759725,0,0.996412,0.999830,0.996243,1.0974,-0.0126,1.2380,-0.000,0.899,179.829,0,0,305,240,96,114
1778699236.759725,137,0.968935,0.914150,0.885752,1.1069,-0.4956,1.2738,0.000,-6.623,155.590,0,0,567,221,107,114
1778699236.759725,124,0.971608,0.894768,0.869364,0.9825,0.4183,1.3517,0.000,-2.507,-144.589,0,0,38,164,76,129
1778699236.959930,0,0.996893,0.999830,0.996724,1.0944,-0.0144,1.2378,-0.000,0.808,-179.832,0,0,304,240,97,115
1778699236.959930,137,0.971219,0.914150,0.887840,1.1069,-0.4937,1.2738,0.000,-7.225,156.342,0,0,567,221,108,114
1778699236.959930,124,0.975444,0.894161,0.872204,0.9825,0.4183,1.3517,0.000,-0.069,-148.550,0,0,38,164,76,129
1778699237.060039,0,0.996807,0.999830,0.996637,1.0944,-0.0144,1.2378,0.000,0.857,179.681,0,0,305,240,96,115
1778699237.060039,137,0.969114,0.914150,0.885916,1.1069,-0.4937,1.2738,-0.000,-7.702,155.092,0,0,567,221,107,114
1778699237.060039,124,0.976479,0.894161,0.873129,0.9845,0.4193,1.3521,0.000,-0.535,-150.781,0,0,38,164,76,130
1778699237.126750,0,0.996468,0.999830,0.996299,1.0944,-0.0144,1.2378,0.000,0.542,179.964,0,0,305,240,96,114
1778699237.126750,137,0.972604,0.914150,0.889106,1.1069,-0.4937,1.2738,0.000,-6.890,156.236,0,0,567,221,108,114
1778699237.126750,124,0.978915,0.894161,0.875308,0.9845,0.4193,1.3521,0.000,0.226,-150.498,0,0,38,164,76,129
1778699237.193488,0,0.996613,0.999830,0.996444,1.0974,-0.0144,1.2380,0.000,0.603,-179.817,0,0,305,240,98,114
1778699237.193488,137,0.967578,0.914115,0.884477,1.1067,-0.4937,1.2757,-0.000,-7.965,155.124,0,0,567,220,107,113
1778699237.193488,124,0.964625,0.894161,0.862531,0.9845,0.4193,1.3521,0.000,-1.901,-146.463,0,0,38,164,77,130
1778699237.193488,0,0.996125,0.999830,0.995956,1.0974,-0.0144,1.2380,0.000,0.303,179.994,0,0,305,240,97,115
1778699237.193488,137,0.971445,0.914115,0.888012,1.1067,-0.4937,1.2757,0.000,-7.083,155.752,0,0,567,220,108,113
1778699237.193488,124,0.970577,0.894161,0.867852,0.9845,0.4193,1.3521,-0.000,-1.807,-157.677,0,0,38,164,76,126
1778699237.293623,0,0.997557,0.999830,0.997387,1.0974,-0.0144,1.2380,0.000,1.266,-179.405,0,0,305,240,96,115
1778699237.293623,137,0.967758,0.914115,0.884641,1.1067,-0.4937,1.2757,0.000,-7.946,155.702,0,0,567,220,108,113
1778699237.293623,124,0.977742,0.894161,0.874259,0.9845,0.4193,1.3521,-0.000,-0.152,-156.824,0,0,38,163,76,128
1778699237.360331,0,0.997265,0.999830,0.997096,1.0974,-0.0144,1.2380,-0.000,1.066,-179.679,0,0,304,240,97,114
1778699237.360331,137,0.969166,0.914115,0.885929,1.1067,-0.4937,1.2757,-0.000,-7.619,155.567,0,0,567,220,108,113
1778699237.360331,124,0.977172,0.894003,0.873595,0.9824,0.4183,1.3533,0.000,-0.583,-154.578,0,0,37,164,75,125
1778699237.493808,0,0.996240,0.999799,0.996040,1.1004,-0.0125,1.2383,0.000,0.382,-179.916,0,0,304,240,97,114
1778699237.493808,137,0.965507,0.914115,0.882584,1.1097,-0.4951,1.2760,0.000,-8.446,155.553,0,0,567,221,108,114
1778699237.493808,124,0.979582,0.893709,0.875461,0.9827,0.4200,1.3500,0.000,-0.125,-154.026,0,0,37,165,74,126
1778699237.560546,0,0.996966,0.999799,0.996766,1.0974,-0.0126,1.2380,-0.000,0.834,-179.557,0,0,304,240,97,114
1778699237.560546,137,0.966536,0.914115,0.883525,1.1067,-0.4937,1.2757,-0.000,-8.213,155.415,0,0,567,220,107,113
1778699237.560546,124,0.980244,0.893709,0.876053,0.9847,0.4209,1.3505,0.000,0.166,-155.220,0,0,37,165,75,126
1778699237.627279,0,0.997305,0.999799,0.997105,1.0974,-0.0126,1.2380,0.000,1.063,-179.284,0,0,304,240,97,115
1778699237.627279,137,0.970393,0.914115,0.887051,1.1067,-0.4937,1.2757,0.000,-7.334,155.716,0,0,567,220,108,114
1778699237.627279,124,0.984089,0.893709,0.879489,0.9827,0.4200,1.3500,-0.000,1.451,-155.775,0,0,37,165,74,126
1778699237.627279,0,0.996657,0.999799,0.996458,1.0974,-0.0126,1.2380,0.000,0.661,-179.863,0,0,304,240,97,114
1778699237.627279,137,0.965708,0.914115,0.882768,1.1067,-0.4937,1.2757,0.000,-8.406,156.188,0,0,567,221,108,114
1778699237.627279,124,0.984323,0.893709,0.879698,0.9827,0.4200,1.3500,-0.000,1.737,-156.598,0,0,37,164,75,129
1778699237.727384,0,0.996785,0.999799,0.996585,1.0974,-0.0126,1.2380,0.000,0.689,-179.452,0,0,304,240,97,113
1778699237.727384,137,0.966774,0.914150,0.883776,1.1069,-0.4937,1.2738,0.000,-8.243,155.201,0,0,567,221,107,114
1778699237.727384,124,0.982589,0.893553,0.877996,0.9845,0.4209,1.3521,0.000,0.855,-153.977,0,0,37,165,75,128
1778699237.860863,0,0.996391,0.999799,0.996191,1.0974,-0.0126,1.2380,0.000,0.416,-179.476,0,0,304,240,97,114
1778699237.860863,137,0.967918,0.914115,0.884788,1.1067,-0.4937,1.2757,0.000,-7.911,156.062,0,0,567,220,108,113
1778699237.860863,124,0.983904,0.893862,0.879475,0.9848,0.4209,1.3489,0.000,1.288,-155.716,0,0,37,166,74,125
1778699237.927609,0,0.997116,0.999799,0.996916,1.0974,-0.0126,1.2380,-0.000,0.912,-178.661,0,0,304,240,97,114
1778699237.927609,137,0.965671,0.914115,0.882734,1.1067,-0.4937,1.2757,-0.000,-8.410,156.377,0,0,567,220,107,114
1778699237.927609,124,0.980914,0.893862,0.876802,0.9829,0.4200,1.3484,-0.000,0.192,-152.911,0,0,37,166,75,126
1778699237.994340,0,0.996656,0.999799,0.996456,1.0974,-0.0126,1.2380,0.000,0.569,-179.035,0,0,304,240,97,115
1778699237.994340,137,0.965627,0.913556,0.882155,1.1039,-0.4942,1.2735,0.000,-8.515,155.455,0,0,568,221,108,114
1778699237.994340,124,0.983817,0.893862,0.879397,0.9848,0.4209,1.3489,0.000,1.062,-153.351,0,0,37,166,74,125
1778699237.994340,0,0.996522,0.999799,0.996323,1.0974,-0.0126,1.2380,0.000,0.482,-179.178,0,0,305,240,96,113
1778699237.994340,137,0.967859,0.913556,0.884194,1.1039,-0.4942,1.2735,-0.000,-8.020,155.682,0,0,567,220,108,115
1778699237.994340,124,0.980046,0.893862,0.876026,0.9848,0.4209,1.3489,-0.000,-0.064,-152.943,0,0,37,165,75,125
1778699238.094433,0,0.996687,0.999830,0.996517,1.0944,-0.0144,1.2378,-0.000,0.602,-179.363,0,0,304,240,97,113
1778699238.094433,137,0.962537,0.914115,0.879869,1.1067,-0.4937,1.2757,0.000,-9.092,155.880,0,0,567,220,108,114
1778699238.094433,124,0.978351,0.893709,0.874361,0.9798,0.4185,1.3494,-0.000,-0.472,-153.976,0,0,37,166,75,128
1778699238.261286,0,0.996953,0.999799,0.996753,1.0944,-0.0126,1.2378,0.000,0.889,-179.915,0,0,304,240,97,115
1778699238.261286,137,0.966596,0.914115,0.883579,1.1067,-0.4937,1.2757,0.000,-8.171,154.875,0,0,567,220,108,113
1778699238.261286,124,0.984777,0.893862,0.880255,0.9799,0.4185,1.3478,0.000,1.405,-154.520,0,0,37,166,75,130
1778699238.261286,0,0.997030,0.999799,0.996830,1.0944,-0.0126,1.2378,0.000,0.889,-179.915,0,0,304,240,97,113
1778699238.261286,137,0.964520,0.914115,0.881682,1.1067,-0.4937,1.2757,0.000,-8.171,154.875,0,0,567,220,107,113
1778699238.261286,124,0.974314,0.893709,0.870753,0.9799,0.4185,1.3478,0.000,1.405,-154.520,0,0,37,165,75,128
1778699238.328025,0,0.996165,0.999799,0.995965,1.0944,-0.0126,1.2378,0.000,0.253,-179.361,0,0,304,240,97,113
1778699238.328025,137,0.968000,0.914115,0.884863,1.1067,-0.4937,1.2757,0.000,-7.892,155.770,0,0,567,219,106,113
1778699238.328025,124,0.980962,0.893709,0.876694,0.9827,0.4200,1.3500,-0.000,0.301,-152.821,0,0,37,166,75,126
1778699238.461484,0,0.996065,0.999799,0.995865,1.0974,-0.0126,1.2380,0.000,0.171,-178.887,0,0,304,240,97,115
1778699238.461484,137,0.963252,0.914115,0.880523,1.1067,-0.4937,1.2757,0.000,-8.934,155.510,0,0,567,220,107,113
1778699238.461484,124,0.979932,0.893862,0.875924,0.9848,0.4209,1.3489,0.000,-0.118,-153.845,0,0,37,166,75,126
1778699238.461484,0,0.996675,0.999799,0.996475,1.0974,-0.0126,1.2380,0.000,0.598,-178.560,0,0,304,240,97,114
1778699238.461484,137,0.962199,0.914115,0.879560,1.1067,-0.4937,1.2757,0.000,-9.156,155.483,0,0,567,221,107,114
1778699238.461484,124,0.977043,0.893862,0.873342,0.9848,0.4209,1.3489,0.000,-0.522,-150.534,0,0,37,165,75,128
1778699238.628316,0,0.996905,0.999784,0.996690,1.0976,-0.0126,1.2362,0.000,0.651,-178.734,0,0,304,241,97,114
1778699238.628316,137,0.964755,0.914150,0.881931,1.1069,-0.4937,1.2738,0.000,-8.703,156.345,0,0,567,221,108,114
1778699238.628316,124,0.978277,0.893709,0.874295,0.9847,0.4209,1.3505,-0.000,-0.263,-151.295,0,0,37,165,75,128
1778699238.628316,0,0.997035,0.999784,0.996820,1.0976,-0.0126,1.2362,0.000,0.754,-179.271,0,0,304,240,97,115
1778699238.628316,137,0.965253,0.914150,0.882386,1.1069,-0.4937,1.2738,0.000,-8.599,155.830,0,0,567,220,107,113
1778699238.628316,124,0.979514,0.893709,0.875401,0.9847,0.4209,1.3505,0.000,-0.087,-152.454,0,0,37,166,75,126
1778699238.795157,0,0.997305,0.999784,0.997090,1.0946,-0.0126,1.2360,0.000,0.952,-178.759,0,0,304,241,97,114
1778699238.795157,137,0.966333,0.914115,0.883339,1.1067,-0.4937,1.2757,0.000,-8.269,155.913,0,0,567,220,107,114
1778699238.795157,124,0.985237,0.894317,0.881114,0.9876,0.4208,1.3511,0.000,1.679,-154.843,0,0,38,165,76,130
1778699238.861896,0,0.997286,0.999784,0.997070,1.0946,-0.0126,1.2360,0.000,0.935,-179.082,0,0,304,241,97,114
1778699238.861896,137,0.967348,0.914115,0.884267,1.1067,-0.4937,1.2757,0.000,-8.030,155.382,0,0,567,220,107,115
1778699238.861896,124,0.981622,0.894317,0.877882,0.9876,0.4208,1.3511,0.000,0.577,-152.231,0,0,38,165,76,132
1778699238.861896,0,0.996845,0.999815,0.996660,1.0946,-0.0126,1.2360,0.000,0.935,-179.082,0,0,305,241,96,114
1778699238.861896,137,0.966437,0.914115,0.883435,1.1067,-0.4937,1.2757,0.000,-8.030,155.382,0,0,567,220,107,113
1778699238.861896,124,0.987136,0.893862,0.882364,0.9876,0.4208,1.3511,0.000,0.577,-152.231,0,0,37,166,75,130
1778699238.928634,0,0.996563,0.999815,0.996379,1.0916,-0.0145,1.2357,-0.000,0.429,-179.531,0,0,305,240,96,113
1778699238.928634,137,0.967978,0.914115,0.884843,1.1067,-0.4937,1.2757,0.000,-7.897,156.117,0,0,567,221,108,114
1778699238.928634,124,0.988525,0.893862,0.883605,0.9848,0.4209,1.3489,0.000,2.702,-153.217,0,0,37,166,74,130
1778699239.095469,0,0.996452,0.999830,0.996283,1.0914,-0.0145,1.2375,0.000,0.528,179.980,0,0,305,241,96,114
1778699239.095469,137,0.963655,0.914150,0.880926,1.1069,-0.4937,1.2738,0.000,-8.945,155.906,0,0,567,220,107,113
1778699239.095469,124,0.979025,0.893709,0.874964,0.9847,0.4209,1.3505,-0.000,0.050,-150.842,0,0,37,165,75,130
1778699239.162198,0,0.996232,0.999815,0.996048,1.0916,-0.0145,1.2357,0.000,0.181,-179.114,0,0,305,241,96,114
1778699239.162198,137,0.964731,0.914150,0.881909,1.1069,-0.4937,1.2738,0.000,-8.713,155.896,0,0,567,221,107,114
1778699239.162198,124,0.980894,0.894317,0.877230,0.9876,0.4208,1.3511,0.000,0.410,-151.887,0,0,38,165,76,130
1778699239.162198,0,0.996389,0.999815,0.996204,1.0916,-0.0145,1.2357,0.000,0.292,-179.315,0,0,305,241,96,114
1778699239.162198,137,0.964575,0.914150,0.881766,1.1069,-0.4937,1.2738,0.000,-8.743,156.311,0,0,568,221,110,114
1778699239.162198,124,0.976062,0.894317,0.872909,0.9876,0.4208,1.3511,0.000,-1.082,-153.444,0,0,38,165,76,129
1778699239.262298,0,0.996850,0.999815,0.996666,1.0916,-0.0145,1.2357,0.000,0.619,-179.373,0,0,305,241,96,114
1778699239.262298,137,0.964690,0.913556,0.881299,1.1069,-0.4956,1.2738,-0.000,-8.725,156.048,0,0,567,220,108,113
1778699239.262298,124,0.977370,0.894317,0.874079,0.9847,0.4193,1.3505,0.000,-0.406,-150.904,0,0,38,166,76,130
1778699239.262298,0,0.996665,0.999815,0.996480,1.0916,-0.0145,1.2357,0.000,0.619,-179.373,0,0,305,241,97,114
1778699239.262298,137,0.965016,0.914115,0.882135,1.1069,-0.4956,1.2738,-0.000,-8.725,156.048,0,0,567,220,108,113
1778699239.262298,124,0.977025,0.894471,0.873921,0.9847,0.4193,1.3505,0.000,-0.406,-150.904,0,0,38,166,76,130
1778699239.462521,0,0.997150,0.999815,0.996966,1.0916,-0.0145,1.2357,0.000,0.842,-179.377,0,0,305,241,96,114
1778699239.462521,137,0.966961,0.914115,0.883913,1.1067,-0.4937,1.2757,-0.000,-8.128,156.065,0,0,567,220,108,113
1778699239.462521,124,0.978377,0.893709,0.874384,0.9827,0.4200,1.3500,0.000,0.569,-148.758,0,0,37,165,75,130
1778699239.462521,0,0.996123,0.999830,0.995954,1.0916,-0.0145,1.2357,0.000,0.842,-179.377,0,0,305,240,97,115
1778699239.462521,137,0.964025,0.914115,0.881229,1.1067,-0.4937,1.2757,-0.000,-8.128,156.065,0,0,567,220,108,113
1778699239.462521,124,0.973689,0.894317,0.870787,0.9827,0.4200,1.3500,0.000,0.569,-148.758,0,0,38,165,77,130
1778699239.595998,0,0.997773,0.999815,0.997588,1.0916,-0.0145,1.2357,0.000,1.345,-179.374,0,0,305,241,96,115
1778699239.595998,137,0.966332,0.914115,0.883339,1.1097,-0.4951,1.2760,-0.000,-8.261,155.460,0,0,567,220,108,114
1778699239.595998,124,0.976914,0.893553,0.872924,0.9825,0.4200,1.3517,0.000,0.072,-149.123,0,0,37,164,75,128
1778699239.595998,0,0.997128,0.999830,0.996958,1.0916,-0.0145,1.2357,0.000,1.345,-179.374,0,0,305,240,97,115
1778699239.595998,137,0.965453,0.914115,0.882535,1.1097,-0.4951,1.2760,-0.000,-8.261,155.460,0,0,567,220,108,113
1778699239.595998,124,0.974955,0.893553,0.871174,0.9825,0.4200,1.3517,0.000,0.072,-149.123,0,0,37,164,75,129
1778699239.662726,0,0.996549,0.999830,0.996380,1.0914,-0.0145,1.2375,0.000,0.651,179.748,0,0,305,241,97,115
1778699239.662726,137,0.964595,0.914115,0.881750,1.1097,-0.4951,1.2760,0.000,-8.647,156.297,0,0,567,221,108,114
1778699239.662726,124,0.981145,0.893553,0.876705,0.9825,0.4200,1.3517,-0.000,0.805,-150.705,0,0,37,164,75,130
1778699239.762803,0,0.996943,0.999815,0.996759,1.0916,-0.0145,1.2357,-0.000,0.796,179.919,0,0,305,240,97,117
1778699239.762803,137,0.966498,0.914150,0.883524,1.1069,-0.4937,1.2738,0.000,-8.323,155.865,0,0,568,221,110,114
1778699239.762803,124,0.982100,0.893553,0.877558,0.9845,0.4209,1.3521,-0.000,0.817,-152.054,0,0,37,165,75,129
1778699239.929677,0,0.996229,0.999815,0.996045,1.0886,-0.0145,1.2354,-0.000,0.198,-179.489,0,0,305,241,97,115
1778699239.929677,137,0.963220,0.914150,0.880527,1.1099,-0.4951,1.2742,0.000,-8.998,157.083,0,0,567,221,107,113
1778699239.929677,124,0.967450,0.894317,0.865207,0.9847,0.4193,1.3505,0.000,-1.256,-146.432,0,0,38,165,76,130
1778699239.929677,0,0.994981,0.999815,0.994797,1.0886,-0.0145,1.2354,-0.000,0.198,-179.489,0,0,305,240,97,117
1778699239.929677,137,0.968270,0.914150,0.885144,1.1099,-0.4951,1.2742,0.000,-8.998,157.083,0,0,567,220,108,113
1778699239.929677,124,0.980723,0.894317,0.877077,0.9847,0.4193,1.3505,0.000,-1.256,-146.432,0,0,37,165,75,130
1778699240.029784,0,0.995771,0.999830,0.995602,1.0855,-0.0146,1.2369,-0.000,0.672,178.352,0,0,305,240,97,115
1778699240.029784,137,0.965734,0.914115,0.882791,1.1097,-0.4951,1.2760,0.000,-8.393,156.452,0,0,567,221,107,114
1778699240.029784,124,0.975935,0.893709,0.872202,0.9827,0.4200,1.3500,-0.000,-0.659,-150.238,0,0,38,165,76,132
1778699240.029784,0,0.996747,0.999830,0.996578,1.0855,-0.0146,1.2369,-0.000,0.672,178.352,0,0,305,240,97,115
1778699240.029784,137,0.969088,0.914150,0.885892,1.1097,-0.4951,1.2760,0.000,-8.393,156.452,0,0,567,221,108,113
1778699240.029784,124,0.976502,0.894317,0.873303,0.9827,0.4200,1.3500,-0.000,-0.659,-150.238,0,0,38,165,77,132
1778699240.163244,0,0.997556,0.999830,0.997386,1.0855,-0.0146,1.2369,0.000,1.969,178.662,0,0,306,242,98,115
1778699240.163244,137,0.964472,0.914150,0.881672,1.1099,-0.4951,1.2742,0.000,-8.765,156.312,0,0,567,221,107,114
1778699240.163244,124,0.983821,0.894317,0.879848,0.9847,0.4193,1.3505,0.000,1.217,-154.879,0,0,37,166,75,128
1778699240.330060,0,0.997311,0.999824,0.997136,1.0858,-0.0164,1.2334,-0.000,1.794,178.201,0,0,306,242,98,115
1778699240.330060,137,0.964784,0.914115,0.881923,1.1067,-0.4937,1.2757,0.000,-8.605,156.361,0,0,567,220,107,113
1778699240.330060,124,0.982837,0.893862,0.878521,0.9829,0.4200,1.3484,0.000,0.774,-152.922,0,0,37,166,75,128
1778699240.330060,0,0.997533,0.999824,0.997358,1.0858,-0.0164,1.2334,0.000,1.468,179.027,0,0,306,242,98,115
1778699240.330060,137,0.966816,0.914115,0.883781,1.1067,-0.4937,1.2757,-0.000,-8.161,155.923,0,0,567,220,107,113
1778699240.330060,124,0.980417,0.893862,0.876358,0.9829,0.4200,1.3484,0.000,0.301,-151.141,0,0,38,166,76,128
1778699240.330060,0,0.997644,0.999803,0.997447,1.0858,-0.0164,1.2334,0.000,1.468,179.027,0,0,306,243,97,114
1778699240.330060,137,0.962925,0.914115,0.880224,1.1067,-0.4937,1.2757,-0.000,-8.161,155.923,0,0,567,220,107,113
1778699240.330060,124,0.983097,0.894317,0.879201,0.9829,0.4200,1.3484,0.000,0.301,-151.141,0,0,38,165,76,129
1778699240.496906,0,0.998603,0.999803,0.998406,1.0860,-0.0164,1.2316,-0.000,1.444,179.079,0,0,306,241,97,113
1778699240.496906,137,0.964097,0.914115,0.881295,1.1067,-0.4937,1.2757,-0.000,-9.007,156.245,0,0,568,221,110,113
1778699240.496906,124,0.981388,0.894317,0.877672,0.9847,0.4193,1.3505,0.000,0.978,-152.692,0,0,38,166,76,130
1778699240.663761,0,0.997831,0.999842,0.997674,1.0856,-0.0164,1.2352,0.000,2.138,178.585,0,0,306,241,97,113
1778699240.663761,137,0.967470,0.914150,0.884413,1.1069,-0.4937,1.2738,0.000,-8.066,157.038,0,0,567,221,108,114
1778699240.663761,124,0.976938,0.894317,0.873693,0.9847,0.4193,1.3505,0.000,-0.604,-151.261,0,0,38,165,76,129
1778699240.730509,0,0.997054,0.999842,0.996897,1.0886,-0.0163,1.2354,0.000,0.892,179.773,0,0,306,241,97,114
1778699240.730509,137,0.965559,0.914115,0.882632,1.1097,-0.4951,1.2760,-0.000,-8.440,155.900,0,0,567,220,107,113
1778699240.730509,124,0.981034,0.894317,0.877356,0.9847,0.4193,1.3505,-0.000,0.503,-151.604,0,0,38,165,76,130
1778699240.797222,0,0.997383,0.999824,0.997207,1.0888,-0.0163,1.2337,-0.000,1.249,179.210,0,0,306,242,97,114
1778699240.797222,137,0.965670,0.914115,0.882733,1.1097,-0.4951,1.2760,0.000,-8.389,155.061,0,0,567,220,107,115
1778699240.797222,124,0.978684,0.894317,0.875254,0.9876,0.4208,1.3511,0.000,0.456,-149.351,0,0,38,165,76,130
1778699240.797222,0,0.997456,0.999824,0.997280,1.0888,-0.0163,1.2337,-0.000,1.249,179.210,0,0,306,241,97,113
1778699240.797222,137,0.968097,0.914115,0.884952,1.1097,-0.4951,1.2760,0.000,-8.389,155.061,0,0,567,221,107,114
1778699240.797222,124,0.977865,0.894317,0.874522,0.9876,0.4208,1.3511,0.000,0.456,-149.351,0,0,38,165,76,130
1778699240.797222,0,0.998364,0.999824,0.998188,1.0888,-0.0163,1.2337,0.000,1.209,179.469,0,0,306,242,97,113
1778699240.797222,137,0.967523,0.914115,0.884427,1.1097,-0.4951,1.2760,0.000,-7.868,155.710,0,0,567,220,107,113
1778699240.797222,124,0.975828,0.894317,0.872700,0.9876,0.4208,1.3511,-0.000,0.013,-149.914,0,0,38,165,76,130
1778699241.030761,0,0.997995,0.999824,0.997820,1.0888,-0.0163,1.2337,0.000,1.428,-179.043,0,0,306,242,97,115
1778699241.030761,137,0.964486,0.914115,0.881651,1.1097,-0.4951,1.2760,0.000,-8.657,156.701,0,0,567,220,108,114
1778699241.030761,124,0.970733,0.894317,0.868143,0.9847,0.4193,1.3505,-0.000,-1.429,-148.557,0,0,38,165,77,130
1778699241.030761,0,0.998042,0.999824,0.997866,1.0888,-0.0163,1.2337,0.000,1.428,-179.043,0,0,306,242,97,113
1778699241.030761,137,0.966847,0.914115,0.883809,1.1097,-0.4951,1.2760,0.000,-8.657,156.701,0,0,567,220,107,114
1778699241.030761,124,0.974279,0.894317,0.871314,0.9847,0.4193,1.3505,-0.000,-1.429,-148.557,0,0,38,165,76,128
1778699241.164237,0,0.998070,0.999824,0.997894,1.0888,-0.0163,1.2337,-0.000,1.499,-179.317,0,0,306,242,97,113
1778699241.164237,137,0.967085,0.914115,0.884027,1.1097,-0.4951,1.2760,-0.000,-8.087,155.321,0,0,567,220,107,114
1778699241.164237,124,0.972884,0.894317,0.870067,0.9847,0.4193,1.3505,-0.000,-0.418,-147.588,0,0,38,165,77,130
1778699241.164237,0,0.998300,0.999824,0.998125,1.0888,-0.0163,1.2337,-0.000,1.772,-179.764,0,0,306,242,97,113
1778699241.164237,137,0.964559,0.914115,0.881718,1.1097,-0.4951,1.2760,-0.000,-8.652,155.509,0,0,567,220,107,114
1778699241.164237,124,0.967393,0.894317,0.865157,0.9847,0.4193,1.3505,-0.000,-1.691,-147.232,0,0,38,165,77,128
1778699241.264339,0,0.997917,0.999824,0.997741,1.0888,-0.0163,1.2337,0.000,1.373,-179.498,0,0,306,242,97,114
1778699241.264339,137,0.965597,0.914115,0.882666,1.1067,-0.4937,1.2757,0.000,-8.429,155.693,0,0,567,220,107,114
1778699241.264339,124,0.977308,0.894317,0.874023,0.9847,0.4193,1.3505,0.000,-0.247,-150.236,0,0,38,165,76,129
1778699241.397816,0,0.998138,0.999849,0.997987,1.0828,-0.0182,1.2331,0.000,1.583,-179.660,0,0,307,242,98,113
1778699241.397816,137,0.970669,0.914077,0.887266,1.1095,-0.4951,1.2779,-0.000,-7.176,156.227,0,0,567,219,107,113
1778699241.397816,124,0.981805,0.894317,0.878045,0.9876,0.4208,1.3511,0.000,1.107,-150.207,0,0,38,165,76,130
1778699241.397816,0,0.998275,0.999849,0.998124,1.0828,-0.0182,1.2331,0.000,1.711,-179.628,0,0,307,243,97,111
1778699241.397816,137,0.968103,0.914077,0.884921,1.1095,-0.4951,1.2779,0.000,-7.760,156.668,0,0,567,220,107,114
1778699241.397816,124,0.983434,0.894317,0.879502,0.9876,0.4208,1.3511,0.000,1.356,-151.144,0,0,38,165,76,129
1778699241.397816,0,0.998316,0.999827,0.998143,1.0828,-0.0182,1.2331,0.000,1.711,-179.628,0,0,307,243,97,111
1778699241.397816,137,0.966466,0.914115,0.883460,1.1095,-0.4951,1.2779,0.000,-7.760,156.668,0,0,567,220,108,114
1778699241.397816,124,0.974170,0.894317,0.871217,0.9876,0.4208,1.3511,0.000,1.356,-151.144,0,0,38,166,76,130
1778699241.497927,0,0.998077,0.999827,0.997905,1.0830,-0.0182,1.2314,0.000,1.853,179.554,0,0,307,244,97,110
1778699241.497927,137,0.972094,0.914115,0.888606,1.1097,-0.4951,1.2760,-0.000,-8.238,156.144,0,0,567,220,108,114
1778699241.497927,124,0.979590,0.894471,0.876215,0.9847,0.4193,1.3505,0.000,-1.040,-150.022,0,0,38,165,77,128
1778699241.631404,0,0.998303,0.999803,0.998106,1.0862,-0.0181,1.2298,0.000,1.680,179.722,0,0,307,243,97,109
1778699241.631404,137,0.961859,0.914115,0.879250,1.1067,-0.4937,1.2757,-0.000,-9.227,156.456,0,0,567,219,108,113
1778699241.631404,124,0.981496,0.894317,0.877769,0.9847,0.4193,1.3505,0.000,0.721,-151.237,0,0,38,165,77,129
1778699241.631404,0,0.998086,0.999827,0.997913,1.0862,-0.0181,1.2298,0.000,1.680,179.722,0,0,307,243,97,111
1778699241.631404,137,0.964775,0.914115,0.881915,1.1067,-0.4937,1.2757,-0.000,-9.227,156.456,0,0,567,220,108,114
1778699241.631404,124,0.968216,0.894768,0.866329,0.9847,0.4193,1.3505,0.000,0.721,-151.237,0,0,39,164,78,129
1778699241.764889,0,0.997502,0.999827,0.997329,1.0830,-0.0182,1.2314,0.000,1.492,179.993,0,0,307,242,97,111
1778699241.764889,137,0.964447,0.914115,0.881615,1.1067,-0.4937,1.2757,0.000,-8.572,157.064,0,0,567,220,108,111
1778699241.764889,124,0.977892,0.894768,0.874987,0.9875,0.4191,1.3528,0.000,-1.284,-147.110,0,0,38,166,77,130
1778699241.864994,0,0.997872,0.999849,0.997721,1.0858,-0.0181,1.2334,-0.000,1.460,179.731,0,0,306,242,97,113
1778699241.864994,137,0.968106,0.914115,0.884960,1.1097,-0.4951,1.2760,0.000,-7.836,156.926,0,0,567,220,108,113
1778699241.864994,124,0.978943,0.894471,0.875637,0.9878,0.4208,1.3495,0.000,0.188,-150.071,0,0,38,165,76,129
1778699241.998462,0,0.997464,0.999824,0.997288,1.0828,-0.0164,1.2331,-0.000,0.989,-179.492,0,0,306,242,97,114
1778699241.998462,137,0.964841,0.914077,0.881940,1.1095,-0.4951,1.2779,0.000,-8.503,155.682,0,0,567,219,106,113
1778699241.998462,124,0.981481,0.894471,0.877907,0.9848,0.4193,1.3489,-0.000,0.782,-150.641,0,0,38,166,76,130
