Time,MarkerID,Cam_X,Cam_Y,Cam_Z,Map_X,Map_Y,Map_Z
1770241718.62073,0,-0.283745,-0.345655,5.453,2.88136,1.03763,0.265447
1770241718.65377,0,-0.283277,-0.345085,5.444,2.8733,1.03716,0.269498
1770241718.73392,0,-0.283225,-0.345021,5.443,2.8724,1.03711,0.269948
1770241776.00049,1,-0.282913,-0.344641,5.437,2.86703,1.03679,0.272649
1770241718.85814,1,-0.282861,-0.344578,5.436,2.86614,1.03674,0.273099
1770241718.78811,0,-0.282549,-0.344197,5.43,2.86077,1.03642,0.2758
1770241718.68789,0,-0.282497,-0.344134,5.429,2.85987,1.03637,0.27625
1770241718.82062,0,-0.28182,-0.34331,5.416,2.84823,1.03568,0.282102
1770241718.75641,0,-0.281768,-0.343246,5.415,2.84734,1.03563,0.282552
1770241718.9835,0,-0.281612,-0.343056,5.412,2.84465,1.03547,0.283902
1770241718.89852,0,-0.280623,-0.341852,5.393,2.82765,1.03447,0.292455
1770241718.92164,0,-0.280467,-0.341662,5.39,2.82496,1.03431,0.293805
1770241718.9553,0,-0.279843,-0.340901,5.378,2.81422,1.03368,0.299207
1770241775.96796,1,-0.278022,-0.338683,5.343,2.78289,1.03183,0.314961
1770241719.07816,0,-0.275836,-0.33602,5.301,2.74529,1.02961,0.333867
1770241719.04931,0,-0.275056,-0.335069,5.286,2.73186,1.02882,0.340618
1770241775.93463,1,-0.274951,-0.334943,5.284,2.73007,1.02872,0.341519
1770241775.89858,1,-0.271933,-0.331266,5.226,2.67815,1.02566,0.367626
1770241780.01696,0,-3.60809,0.133924,5.478,2.65818,4.3618,-0.161152
1770241719.11954,0,-0.270633,-0.329681,5.201,2.65577,1.02434,0.378879
1770241719.20313,1,-0.268967,-0.327653,5.169,2.62713,1.02265,0.393284
1770241719.15341,0,-0.268655,-0.327273,5.163,2.62176,1.02234,0.395984
1770241775.85384,1,-0.268031,-0.326512,5.151,2.61101,1.0217,0.401386
1770241775.81259,1,-0.267719,-0.326132,5.145,2.60564,1.02139,0.404087
1770241775.76388,1,-0.263712,-0.321251,5.068,2.53672,1.01732,0.438747
1770241775.73948,1,-0.261943,-0.319096,5.034,2.50628,1.01553,0.454051
1770241775.70136,1,-0.261006,-0.317955,5.016,2.49017,1.01458,0.462153
1770241775.66613,1,-0.259809,-0.316497,4.993,2.46958,1.01337,0.472506
1770241775.63028,1,-0.259653,-0.316307,4.99,2.46689,1.01321,0.473857
1770241775.58589,1,-0.256999,-0.313074,4.939,2.42124,1.01052,0.496813
1770241775.54598,1,-0.256531,-0.312503,4.93,2.41318,1.01005,0.500864
1770241719.28871,0,-0.254554,-0.310095,4.892,2.37917,1.00804,0.517969
1770241775.49865,1,-0.253305,-0.308573,4.868,2.35768,1.00678,0.528772
1770241775.47093,1,-0.252837,-0.308003,4.859,2.34963,1.0063,0.532824
1770241719.3218,0,-0.252264,-0.307305,4.848,2.33978,1.00572,0.537775
1770241719.35452,1,-0.25112,-0.305911,4.826,2.32009,1.00456,0.547678
1770241775.4232,1,-0.250391,-0.305023,4.812,2.30755,1.00382,0.55398
1770241775.38612,1,-0.249507,-0.303946,4.795,2.29233,1.00292,0.561632
1770241719.46613,0,-0.24857,-0.302805,4.777,2.27622,1.00198,0.569734
1770241775.34678,1,-0.247997,-0.302108,4.766,2.26638,1.0014,0.574685
1770241775.29767,1,-0.246541,-0.300333,4.738,2.24131,0.999918,0.587289
1770241719.43087,0,-0.246488,-0.300269,4.737,2.24041,0.999865,0.587739
1770241719.43096,1,-0.241315,-1.21012,4.195,2.23189,0.994685,1.64676
1770241775.26961,1,-0.245552,-0.299128,4.719,2.2243,0.998916,0.595842
1770241719.51984,0,-0.244875,-0.298304,4.706,2.21267,0.99823,0.601693
1770241775.14536,1,-0.244667,-0.298051,4.702,2.20908,0.998019,0.603494
1770241719.48807,0,-0.243991,-0.297227,4.689,2.19745,0.997333,0.609345
1770241775.22072,1,-0.243679,-0.296846,4.683,2.19208,0.997017,0.612046
1770241775.19162,1,-0.243366,-0.296466,4.677,2.1867,0.9967,0.614747
1770241719.48817,1,-0.227171,-1.18489,4.147,2.17773,0.980498,1.64921
1770241719.5584,0,-0.242638,-0.295579,4.663,2.17417,0.995962,0.621049
1770241775.14546,2,-0.295184,-1.17238,4.143,2.16791,1.0485,1.64043
1770241719.58814,0,-0.241961,-0.294755,4.65,2.16254,0.995276,0.626901
1770241775.09741,1,-0.241961,-0.294755,4.65,2.16254,0.995276,0.626901
1770241719.51994,1,-0.237461,-1.17946,4.128,2.15858,0.990773,1.65412
1770241719.61997,1,-0.241129,-0.29374,4.634,2.14821,0.994432,0.634102
1770241719.66256,0,-0.2404,-0.292853,4.62,2.13568,0.993694,0.640404
1770241719.55848,1,-0.269809,-1.17232,4.103,2.13337,1.0231,1.66057
1770241775.08391,1,-0.239464,-0.291712,4.602,2.11957,0.992744,0.648507
1770241775.09748,2,-0.292049,-1.14867,4.099,2.11796,1.04533,1.64218
1770241719.58826,2,-0.280318,-1.15794,4.092,2.11661,1.0336,1.65372
1770241719.58822,1,-0.246019,-1.15511,4.082,2.10658,0.99929,1.65632
1770241775.08408,3,-0.324133,-1.14279,4.078,2.09684,1.0774,1.6477
1770241775.08403,2,-0.290481,-1.14251,4.077,2.09586,1.04374,1.64797
1770241775.02339,1,-0.237643,-0.289493,4.567,2.08824,0.990898,0.664261
1770241719.708,1,-0.237591,-0.28943,4.566,2.08734,0.990845,0.664711
1770241719.62009,2,-0.256216,-1.13943,4.066,2.08484,1.00947,1.65086
1770241719.66262,1,-0.293713,-1.1334,4.0445,2.06321,1.04695,1.65651
1770241719.72398,0,-0.235613,-0.287021,4.528,2.05332,0.988841,0.681816
1770241774.98466,3,-0.321033,-1.12077,4.039,2.05206,1.07426,1.64839
1770241774.9846,2,-0.298786,-1.1205,4.038,2.05108,1.05201,1.64865
1770241719.7081,2,-0.309563,-1.11939,4.034,2.04706,1.06279,1.64972
1770241774.98446,1,-0.234573,-0.285754,4.508,2.03542,0.987786,0.690819
1770241774.94551,2,-0.297677,-1.10529,4.023,2.03045,1.05089,1.6431
1770241774.94554,3,-0.319762,-1.10529,4.023,2.03044,1.07297,1.6431
1770241774.94547,1,-0.233948,-0.284993,4.496,2.02468,0.987153,0.69622
1770241719.7241,2,-0.318887,-1.10227,4.012,2.01942,1.07209,1.64605
1770241719.72406,1,-0.285779,-1.10199,4.011,2.01844,1.03898,1.64631
1770241719.75442,0,-0.232283,-0.282964,4.464,1.99603,0.985465,0.710624
1770241719.75451,1,-0.295383,-1.08582,3.992,1.99387,1.04856,1.64194
1770241774.89717,3,-0.317059,-1.085,3.989,1.99085,1.07024,1.64275
1770241774.89713,2,-0.284069,-1.07898,3.987,1.98611,1.03724,1.63857
1770241774.86911,3,-0.304882,-1.06974,3.973,1.96934,1.05804,1.63766
1770241774.86908,2,-0.282858,-1.06894,3.97,1.96636,1.03602,1.63848
1770241719.78849,1,-0.229993,-0.280175,4.42,1.95665,0.983144,0.73043
1770241719.82226,1,-0.325048,-1.06436,3.953,1.94934,1.07819,1.64311
1770241774.8358,2,-0.27107,-1.05457,3.957,1.9479,1.02421,1.63264
1770241774.83583,3,-0.292719,-1.05431,3.956,1.94688,1.04586,1.63292
1770241774.89706,1,-0.228901,-0.278844,4.399,1.93785,0.982037,0.739883
1770241774.8007,2,-0.259156,-1.03949,3.941,1.92648,1.01228,1.6277
1770241774.80074,3,-0.280364,-1.04871,3.935,1.92594,1.03349,1.63869
1770241774.86901,1,-0.227444,-0.277069,4.371,1.91278,0.98056,0.752486
1770241774.83573,1,-0.227184,-0.276752,4.366,1.90831,0.980296,0.754737
1770241774.76786,3,-0.279295,-1.03395,3.92,1.90554,1.03241,1.63352
1770241719.82216,0,-0.226975,-0.276499,4.362,1.90473,0.980085,0.756538
1770241774.76781,2,-0.24689,-1.03343,3.918,1.90358,0.999998,1.63408
1770241719.90379,1,-0.35371,-1.04205,3.91,1.90094,1.10682,1.64556
1770241719.85611,0,-0.226299,-0.275675,4.349,1.89309,0.979399,0.762389
1770241774.74172,2,-0.267302,-1.02921,3.902,1.88762,1.0204,1.63851
1770241719.92139,1,-0.394002,-1.03512,3.884,1.87497,1.14709,1.6527
1770241719.90371,0,-0.224842,-0.2739,4.321,1.86802,0.977922,0.774993
1770241774.8006,1,-0.224842,-0.2739,4.321,1.86802,0.977922,0.774993
1770241774.68539,3,-0.255211,-1.02367,3.881,1.86671,1.00829,1.64433
1770241774.68535,2,-0.233724,-1.01223,3.878,1.85836,0.986797,1.63597
1770241719.96841,2,-0.402059,-1.02846,3.859,1.85002,1.15512,1.65957
1770241719.96837,1,-0.380874,-1.01786,3.859,1.84468,1.13394,1.65043
1770241774.64568,2,-0.222102,-1.00779,3.861,1.84145,0.975161,1.64073
1770241719.92131,0,-0.223021,-0.271681,4.286,1.83669,0.976076,0.790747
1770241774.7677,1,-0.222396,-0.270921,4.274,1.82595,0.975443,0.796149
1770241719.98847,1,-0.389234,-1.01206,3.837,1.82276,1.14228,1.65653
1770241719.98852,2,-0.42083,-1.01206,3.837,1.82273,1.17387,1.65653
1770241774.74164,1,-0.22146,-0.26978,4.256,1.80984,0.974494,0.804251
1770241774.59825,2,-0.209203,-0.99683,3.819,1.79967,0.962229,1.65247
1770241774.5983,3,-0.240651,-0.99683,3.819,1.79965,0.993677,1.65247
1770241720.0335,2,-0.408267,-0.996569,3.818,1.79852,1.16129,1.65275
1770241720.03355,3,-0.428777,-0.995525,3.814,1.79452,1.1818,1.65386
1770241719.96829,0,-0.220523,-0.268639,4.238,1.79373,0.973544,0.812353
1770241719.98838,0,-0.220003,-0.268005,4.228,1.78477,0.973017,0.816855
1770241774.58004,2,-0.208053,-0.991349,3.798,1.77878,0.961062,1.65834
1770241774.58011,3,-0.228903,-0.991349,3.798,1.77876,0.981912,1.65834
1770241720.03342,1,-0.219378,-0.267244,4.216,1.77403,0.972384,0.822256
1770241720.0514,3,-0.436482,-0.989261,3.79,1.77064,1.18948,1.66057
1770241720.05135,2,-0.405273,-0.978857,3.79,1.76541,1.15827,1.65159
1770241774.68527,1,-0.218858,-0.26661,4.206,1.76508,0.971856,0.826758
1770241774.52258,3,-0.222547,-0.986259,3.7785,1.75937,0.97554,1.66379
1770241774.52255,2,-0.196431,-0.974983,3.775,1.75067,0.949418,1.65582
1770241720.05125,1,-0.217921,-0.265469,4.188,1.74897,0.970907,0.83486
1770241774.64559,1,-0.217609,-0.265089,4.182,1.7436,0.97059,0.837561
1770241774.496,3,-0.216177,-0.980908,3.758,1.73898,0.969154,1.66952
1770241774.49596,2,-0.190238,-0.969818,3.755,1.73081,0.943209,1.66146
1770241720.10631,0,-0.216569,-0.263821,4.162,1.72569,0.969535,0.846563
1770241774.44818,2,-0.18968,-0.966977,3.744,1.71988,0.942642,1.66456
1770241720.10647,2,-0.441107,-0.966202,3.741,1.7167,1.19407,1.66541
1770241720.10642,1,-0.420907,-0.9567,3.744,1.71451,1.17387,1.65569
1770241720.14462,1,-0.215684,-0.262744,4.145,1.71047,0.968639,0.854216
1770241720.14476,3,-0.449445,-0.951845,3.725,1.69563,1.20239,1.66109
1770241774.59816,1,-0.214799,-0.261666,4.128,1.69526,0.967742,0.861868
1770241720.14472,2,-0.418546,-0.951334,3.723,1.69367,1.17149,1.66166
1770241774.40359,2,-0.182668,-0.94699,3.706,1.67699,0.935596,1.66649
1770241774.57993,1,-0.213707,-0.260335,4.107,1.67646,0.966634,0.87132
1770241720.18601,2,-0.446549,-0.945712,3.701,1.67182,1.19947,1.66791
1770241720.3391,0,-0.213238,-0.259764,4.098,1.6684,0.96616,0.875372
1770241772.47167,0,-2.84076,0.105443,4.313,1.66753,3.59368,0.451579
1770241774.38377,3,-0.212208,-0.942646,3.689,1.6601,0.965122,1.67132
1770241720.18591,1,-0.415286,-0.933784,3.694,1.65978,1.1682,1.66115
1770241720.38852,0,-0.212718,-0.259131,4.088,1.65945,0.965632,0.879873
1770241774.52247,1,-0.212562,-0.25894,4.085,1.65676,0.965474,0.881223
1770241774.38372,2,-0.18188,-0.932773,3.69,1.656,0.934791,1.6623
1770241720.22037,2,-0.454857,-0.931762,3.686,1.65182,1.20777,1.66344
1770241720.2203,1,-0.423929,-0.930498,3.681,1.64689,1.17683,1.66488
1770241774.33914,2,-0.181337,-0.929992,3.679,1.6451,0.93424,1.66545
1770241774.49583,1,-0.211625,-0.257799,4.067,1.64065,0.964524,0.889326
1770241720.41958,0,-0.211001,-0.257039,4.055,1.62991,0.963891,0.894727
1770241774.31973,2,-0.210597,-0.925442,3.661,1.62725,0.963486,1.67061
1770241774.27255,3,-0.209964,-0.922662,3.65,1.61635,0.962844,1.67376
1770241720.2635,1,-0.420934,-0.913893,3.655,1.61607,1.17381,1.66367
1770241720.2636,2,-0.450476,-0.917777,3.6505,1.61412,1.20335,1.66929
1770241774.4481,1,-0.20996,-0.255771,4.035,1.61201,0.962837,0.90373
1770241720.28251,1,-0.437407,-0.911705,3.64625,1.6074,1.19028,1.6662
1770241774.27251,2,-0.184667,-0.911393,3.645,1.60636,0.937539,1.66656
1770241720.4628,0,-0.208711,-0.25425,4.011,1.59052,0.961571,0.914533
1770241774.22549,2,-0.188782,-0.907142,3.628,1.58954,0.94164,1.67147
1770241774.40352,1,-0.208295,-0.253743,4.003,1.58336,0.961149,0.918134
1770241774.38363,1,-0.208191,-0.253616,4.001,1.58157,0.961043,0.919034
1770241774.18682,3,-0.217874,-0.903892,3.615,1.57665,0.970722,1.67523
1770241774.18679,2,-0.193281,-0.894958,3.619,1.57562,0.946128,1.6655
1770241774.33906,1,-0.207775,-0.253109,3.993,1.57441,0.960621,0.922635
1770241774.14597,3,-0.227355,-0.892238,3.608,1.56472,0.980194,1.6687
1770241774.14593,2,-0.202371,-0.891249,3.604,1.56079,0.955206,1.66987
1770241720.33924,2,-0.447618,-0.883839,3.60067,1.55397,1.20045,1.66516
1770241774.31966,1,-0.206318,-0.251334,3.965,1.54934,0.959144,0.935239
1770241720.4888,0,-0.206214,-0.251207,3.963,1.54755,0.959039,0.936139
1770241720.33919,1,-0.418725,-0.878666,3.593,1.54477,1.17155,1.66456
1770241774.10053,3,-0.241042,-0.878055,3.5905,1.54244,0.993863,1.66529
1770241774.27242,1,-0.205589,-0.250446,3.951,1.53681,0.958406,0.941541
1770241774.10047,2,-0.215824,-0.875731,3.581,1.53309,0.968638,1.66809
1770241774.2254,1,-0.205017,-0.249749,3.94,1.52697,0.957826,0.946492
1770241774.06906,3,-0.248268,-0.868045,3.57633,1.52515,1.00108,1.66381
1770241720.38861,1,-0.416915,-0.865056,3.5775,1.52452,1.16972,1.66064
1770241774.06901,2,-0.220398,-0.864572,3.5755,1.5227,0.973203,1.66123
1770241774.03602,3,-0.259587,-0.86433,3.5745,1.52169,1.01239,1.66153
1770241720.38866,2,-0.445693,-0.863726,3.572,1.51908,1.1985,1.66227
1770241774.18671,1,-0.203924,-0.248418,3.919,1.50817,0.956718,0.955945
1770241720.52,1,-0.20382,-0.248291,3.917,1.50638,0.956612,0.956845
1770241774.03598,2,-0.229444,-0.851889,3.5635,1.50594,0.982236,1.65634
1770241774.14585,1,-0.203456,-0.247847,3.91,1.50011,0.956243,0.959996
1770241720.41974,2,-0.443631,-0.849977,3.5555,1.49789,1.19642,1.65873
1770241720.4197,1,-0.4136,-0.848423,3.549,1.49152,1.16638,1.66067
1770241773.99474,2,-0.257722,-0.848363,3.54875,1.4914,1.0105,1.66074
1770241773.96591,3,-0.281769,-0.847467,3.545,1.48769,1.03455,1.66186
1770241773.96586,2,-0.257081,-0.836554,3.54,1.47789,1.00985,1.65497
1770241773.91892,3,-0.30055,-0.835845,3.537,1.4749,1.05332,1.65587
1770241720.5657,0,-0.201478,-0.245439,3.872,1.46609,0.954239,0.977101
1770241774.10034,1,-0.201478,-0.245439,3.872,1.46609,0.954239,0.977101
1770241720.46293,2,-0.440141,-0.8336,3.5275,1.46546,1.1929,1.65873
1770241774.06891,1,-0.201322,-0.245249,3.869,1.46341,0.95408,0.978451
1770241720.46289,1,-0.410799,-0.83301,3.525,1.46303,1.16356,1.65948
1770241759.36578,2,1.34078,-0.891285,3.488,1.4619,-0.588029,1.72846
1770241759.12503,2,1.36462,-0.886433,3.48775,1.45926,-0.61187,1.7244
1770241759.10176,2,1.36912,-0.886244,3.487,1.45852,-0.616362,1.72462
1770241759.05987,2,1.36432,-0.886247,3.487,1.45851,-0.611565,1.72462
1770241773.91888,2,-0.265289,-0.831828,3.52,1.45823,1.01804,1.66098
1770241759.23441,2,1.3736,-0.886052,3.48625,1.45778,-0.620849,1.72483
1770241773.87874,3,-0.313561,-0.83171,3.5195,1.4577,1.06631,1.66113
1770241759.02291,2,1.36169,-0.883528,3.4876,1.45766,-0.608938,1.72197
1770241759.15989,2,1.36804,-0.885544,3.48425,1.45579,-0.615284,1.7254
1770241759.28795,2,1.37282,-0.885544,3.48425,1.45579,-0.620064,1.7254
1770241774.03591,1,-0.200854,-0.244678,3.86,1.45535,0.953606,0.982502
1770241758.99968,2,1.35538,-0.882428,3.4845,1.45442,-0.602625,1.72258
1770241759.18965,2,1.37203,-0.885036,3.48225,1.45381,-0.619278,1.72597
1770241759.25652,2,1.37203,-0.885036,3.48225,1.45381,-0.619277,1.72597
1770241759.47875,2,1.37632,-0.884715,3.481,1.45257,-0.623572,1.72633
1770241759.33175,2,1.37075,-0.88421,3.479,1.45059,-0.617999,1.7269
1770241759.36573,1,1.37075,-0.88421,3.479,1.45059,-0.617999,1.7269
1770241773.87869,2,-0.283922,-0.829819,3.5115,1.44986,1.03667,1.66354
1770241758.95574,2,1.35846,-0.879749,3.48017,1.44933,-0.605712,1.72246
1770241759.55502,2,1.37434,-0.883448,3.476,1.44761,-0.621593,1.72776
1770241759.51967,2,1.37365,-0.883,3.47425,1.44588,-0.620907,1.72825
1770241773.99464,1,-0.200282,-0.243981,3.849,1.44551,0.953025,0.987454
1770241759.38772,2,1.36858,-0.882812,3.4735,1.44513,-0.615836,1.72847
1770241759.62181,2,1.36331,-0.882499,3.47225,1.44389,-0.610572,1.72883
1770241759.417,2,1.36789,-0.882367,3.47175,1.4434,-0.615148,1.72897
1770241759.58761,2,1.3671,-0.881861,3.46975,1.44141,-0.614356,1.72954
1770241758.92041,2,1.36421,-0.873534,3.4745,1.44131,-0.611475,1.71995
1770241759.65669,2,1.36213,-0.881739,3.46925,1.44092,-0.609389,1.72969
1770241720.48891,1,-0.42316,-0.81913,3.507,1.44047,1.1759,1.65659
1770241758.88821,2,1.36859,-0.873278,3.4735,1.44032,-0.615851,1.72024
1770241759.72086,2,1.36065,-0.880788,3.4655,1.4372,-0.607913,1.73076
1770241759.70179,2,1.36046,-0.880659,3.465,1.4367,-0.607723,1.7309
1770241759.75587,2,1.35985,-0.880284,3.4635,1.43522,-0.607116,1.73133
1770241760.05592,2,1.37385,-0.875337,3.46275,1.43208,-0.621122,1.72744
1770241760.02574,2,1.37356,-0.875147,3.462,1.43134,-0.62083,1.72766
1770241773.8343,3,-0.339919,-0.825329,3.4925,1.43115,1.09265,1.66926
1770241759.81783,2,1.36046,-0.876601,3.4602,1.43051,-0.607727,1.72982
1770241720.58875,1,-0.199397,-0.242903,3.832,1.43029,0.952129,0.995106
1770241759.7894,2,1.36542,-0.874521,3.4595,1.42886,-0.612691,1.72838
1770241759.99603,2,1.37174,-0.872696,3.4598,1.4282,-0.619007,1.72665
1770241758.85526,2,1.35852,-0.869878,3.46,1.42694,-0.605795,1.72412
1770241758.8126,2,1.35802,-0.869569,3.45875,1.4257,-0.605296,1.72448
1770241760.10122,2,1.37962,-0.870803,3.45733,1.42512,-0.626897,1.72626
1770241760.1555,2,1.37282,-0.873203,3.45425,1.42367,-0.620095,1.72989
1770241773.83426,2,-0.310432,-0.823439,3.4845,1.42331,1.06316,1.67166
1770241759.87734,2,1.3657,-0.871281,3.4542,1.42265,-0.612978,1.72826
1770241760.12161,2,1.37856,-0.870129,3.45467,1.42248,-0.62583,1.72703
1770241760.18823,2,1.37509,-0.871235,3.454,1.42246,-0.62237,1.72832
1770241760.27476,2,1.38675,-0.869473,3.4546,1.4221,-0.634027,1.7265
1770241773.96578,1,-0.198877,-0.242269,3.822,1.42134,0.951601,0.999607
1770241759.91367,2,1.36506,-0.870881,3.4526,1.42106,-0.612338,1.72872
1770241760.21656,2,1.37342,-0.870173,3.4498,1.4183,-0.620703,1.72952
1770241760.3203,2,1.3849,-0.868315,3.45,1.41754,-0.632182,1.72782
1770241760.43333,2,1.37805,-0.867247,3.4495,1.41656,-0.625331,1.72715
1770241760.36759,2,1.38744,-0.86718,3.44925,1.41632,-0.634716,1.72722
1770241759.95486,2,1.36277,-0.86942,3.4468,1.41532,-0.610048,1.73039
1770241758.77884,2,1.35853,-0.866866,3.448,1.41506,-0.605814,1.72758
1770241760.38799,2,1.3819,-0.866677,3.44725,1.41434,-0.629178,1.72779
1770241760.45378,2,1.3691,-0.863429,3.44683,1.41233,-0.616382,1.7252
1770241720.52009,2,-0.42194,-0.805467,3.4812,1.4113,1.17466,1.65782
1770241773.80058,2,-0.352208,-0.820485,3.472,1.411,1.10492,1.67542
1770241773.80056,1,-0.328237,-0.820131,3.4705,1.40955,1.08095,1.67588
1770241758.68772,2,1.3601,-0.864856,3.44,1.40714,-0.60739,1.72988
1770241773.91875,1,-0.198044,-0.241255,3.806,1.40701,0.950757,1.00681
1770241758.71822,1,1.35527,-0.864797,3.43975,1.40689,-0.602561,1.72996
1770241773.7669,3,-0.370627,-0.819067,3.466,1.40509,1.12334,1.67723
1770241760.49291,2,1.36381,-0.857944,3.4375,1.4015,-0.611102,1.72518
1770241758.65666,2,1.36954,-0.860819,3.4352,1.40097,-0.616832,1.72882
1770241760.574,2,1.36438,-0.850466,3.439,1.39902,-0.611678,1.71796
1770241760.51774,2,1.37157,-0.853736,3.43325,1.39571,-0.618867,1.72369
1770241773.76686,2,-0.341099,-0.816704,3.456,1.39529,1.0938,1.68024
1770241720.56583,2,-0.422524,-0.799232,3.4625,1.39201,1.17523,1.66187
1770241773.73409,3,-0.383349,-0.815759,3.452,1.39133,1.13605,1.68144
1770241720.62062,0,-0.196951,-0.239924,3.785,1.38821,0.94965,1.01626
1770241773.8786,1,-0.196795,-0.239734,3.782,1.38553,0.949491,1.01761
1770241773.73404,2,-0.354093,-0.813868,3.444,1.38349,1.10679,1.68385
1770241760.61228,2,1.36338,-0.842159,3.4245,1.38231,-0.610683,1.71811
1770241758.62239,2,1.36992,-0.852612,3.4174,1.38146,-0.617228,1.73072
1770241760.65486,2,1.36453,-0.836731,3.4215,1.37698,-0.611842,1.71494
1770241720.56578,1,-0.39276,-0.787219,3.4515,1.37648,1.14545,1.65706
1770241773.69761,3,-0.395713,-0.811978,3.436,1.3756,1.1484,1.68626
1770241758.59106,1,1.38201,-0.848575,3.4125,1.3752,-0.629323,1.72971
1770241720.5889,3,-0.421593,-0.791364,3.442,1.37035,1.17428,1.66543
1770241760.68678,2,1.35388,-0.834542,3.4125,1.36809,-0.601202,1.7176
1770241758.52309,2,1.38277,-0.846141,3.40275,1.36556,-0.630088,1.73253
1770241760.72043,2,1.35253,-0.833739,3.40917,1.36481,-0.599851,1.71859
1770241758.55392,2,1.38234,-0.845898,3.40175,1.36457,-0.629659,1.73283
1770241773.76677,1,-0.195546,-0.238212,3.758,1.36404,0.948225,1.02842
1770241773.69758,2,-0.366563,-0.800678,3.428,1.36301,1.11924,1.68054
1770241773.83417,1,-0.195338,-0.237959,3.754,1.36046,0.948014,1.03022
1770241773.8005,0,-0.195078,-0.237642,3.749,1.35599,0.947751,1.03247
1770241720.58883,2,-0.390373,-0.782429,3.4305,1.35593,1.14305,1.66353
1770241773.65209,2,-0.379735,-0.798692,3.4195,1.35466,1.13241,1.68312
1770241773.65197,1,-0.194818,-0.237325,3.744,1.35151,0.947487,1.03472
1770241760.75592,2,1.36177,-0.826063,3.397,1.35044,-0.609101,1.7181
1770241720.66568,0,-0.194714,-0.237198,3.742,1.34972,0.947381,1.03562
1770241773.73394,1,-0.194662,-0.237135,3.741,1.34883,0.947329,1.03607
1770241773.6975,1,-0.194454,-0.236881,3.737,1.34525,0.947118,1.03787
1770241773.61303,3,-0.429906,-0.796006,3.408,1.34334,1.18257,1.6866
1770241773.61299,2,-0.396988,-0.795656,3.4065,1.34189,1.14965,1.68706
1770241760.78741,2,1.35139,-0.819851,3.3905,1.34169,-0.598728,1.71602
1770241773.61286,1,-0.194194,-0.236564,3.732,1.34077,0.946854,1.04012
1770241758.47941,2,1.38308,-0.834206,3.3808,1.34058,-0.63042,1.73331
1770241758.44561,2,1.39565,-0.8306,3.3775,1.33593,-0.642997,1.73186
1770241760.82206,2,1.35393,-0.815985,3.3822,1.33257,-0.601281,1.71687
1770241720.62076,2,-0.415384,-0.776385,3.404,1.32999,1.16804,1.67169
1770241720.62071,1,-0.391682,-0.771036,3.401,1.32472,1.14433,1.66858
1770241758.38598,2,1.38896,-0.822017,3.36133,1.31763,-0.636321,1.73262
1770241773.56406,1,-0.192841,-0.234916,3.706,1.3175,0.945483,1.05182
1770241773.5641,2,-0.421983,-0.78065,3.382,1.31315,1.17462,1.68648
1770241760.85635,2,1.34354,-0.804014,3.36317,1.31009,-0.590902,1.71615
1770241720.66583,2,-0.414083,-0.767976,3.38067,1.3056,1.16672,1.67621
1770241758.36421,2,1.39861,-0.81494,3.35125,1.30536,-0.645983,1.7316
1770241773.53609,3,-0.462525,-0.778573,3.373,1.3043,1.21516,1.68923
1770241720.66579,1,-0.38462,-0.761633,3.38,1.30185,1.13725,1.67107
1770241773.53605,2,-0.429609,-0.77765,3.369,1.3004,1.18224,1.69045
1770241760.88759,2,1.34709,-0.79671,3.3558,1.30005,-0.594458,1.71356
1770241773.48937,3,-0.465636,-0.776034,3.362,1.29352,1.21826,1.69259
1770241758.32034,1,1.38433,-0.811967,3.339,1.29328,-0.631708,1.73522
1770241720.68985,0,-0.19128,-0.233015,3.676,1.29064,0.9439,1.06533
1770241773.53596,1,-0.190967,-0.232634,3.67,1.28527,0.943584,1.06803
1770241760.91729,2,1.34424,-0.789789,3.342,1.28464,-0.591623,1.71456
1770241773.48933,2,-0.44177,-0.765437,3.356,1.28301,1.19438,1.68647
1770241720.68993,1,-0.405369,-0.757082,3.3598,1.2821,1.15798,1.67734
1770241758.28909,2,1.38938,-0.803197,3.3292,1.28039,-0.636771,1.73259
1770241773.45469,2,-0.449901,-0.763613,3.348,1.27517,1.20251,1.68893
1770241773.45472,3,-0.481787,-0.763156,3.346,1.27319,1.23439,1.68955
1770241773.48924,1,-0.190187,-0.231683,3.655,1.27184,0.942792,1.07478
1770241758.25304,2,1.39416,-0.797928,3.31875,1.26872,-0.641557,1.73332
1770241773.41314,2,-0.476109,-0.761423,3.3384,1.26576,1.22871,1.69189
1770241758.22177,2,1.39089,-0.796072,3.311,1.26109,-0.638296,1.73563
1770241720.71697,2,-0.418058,-0.749199,3.33833,1.25958,1.17065,1.68137
1770241760.97611,2,1.35617,-0.766043,3.31867,1.25252,-0.603578,1.70584
1770241758.20198,2,1.38339,-0.789866,3.304,1.25191,-0.630802,1.73381
1770241720.7168,0,-0.188938,-0.230162,3.631,1.25036,0.941526,1.08558
1770241720.71692,1,-0.387842,-0.740781,3.328,1.24643,1.14043,1.67932
1770241773.18292,1,-0.18847,-0.229592,3.622,1.2423,0.941052,1.08963
1770241773.45462,1,-0.188418,-0.229528,3.621,1.24141,0.940999,1.09008
1770241758.15705,2,1.38356,-0.785573,3.2936,1.24076,-0.630978,1.73535
1770241758.12467,2,1.39291,-0.782995,3.29425,1.24003,-0.640333,1.7328
1770241758.09099,2,1.39164,-0.782286,3.29125,1.23708,-0.639063,1.7337
1770241773.41306,1,-0.188053,-0.229085,3.614,1.23514,0.94063,1.09323
1770241761.01356,2,1.34551,-0.761798,3.30017,1.2344,-0.59293,1.71151
1770241758.02332,2,1.38672,-0.777559,3.29033,1.2339,-0.634147,1.73008
1770241773.36661,2,-0.490207,-0.745815,3.3098,1.23318,1.24278,1.69285
1770241772.99105,1,-0.187689,-0.228641,3.607,1.22887,0.940261,1.09638
1770241758.05504,2,1.38133,-0.776226,3.28467,1.22833,-0.62876,1.73179
1770241757.98918,2,1.38741,-0.770902,3.28125,1.2227,-0.63484,1.72892
1770241773.35542,2,-0.495554,-0.737624,3.30214,1.22243,1.24812,1.68965
1770241761.05474,2,1.35091,-0.750665,3.29117,1.22101,-0.598348,1.70645
1770241773.36654,1,-0.187221,-0.22807,3.598,1.22082,0.939786,1.10044
1770241773.2336,1,-0.186909,-0.22769,3.592,1.21545,0.939469,1.10314
1770241773.35535,1,-0.186909,-0.22769,3.592,1.21545,0.939469,1.10314
1770241757.95569,2,1.38006,-0.764828,3.2745,1.2138,-0.627501,1.72709
1770241773.26438,0,-0.186805,-0.227563,3.59,1.21366,0.939364,1.10404
1770241773.30635,2,-0.496826,-0.733124,3.2936,1.21278,1.24938,1.69008
1770241720.77266,1,-0.415096,-0.727925,3.2905,1.20755,1.16765,1.68716
1770241773.30625,1,-0.18644,-0.22712,3.583,1.20739,0.938995,1.10719
1770241757.89962,2,1.36564,-0.761852,3.26167,1.20121,-0.613093,1.731
1770241757.82042,2,1.36473,-0.76135,3.2595,1.19908,-0.612181,1.73166
1770241757.86768,2,1.36452,-0.761233,3.259,1.19859,-0.611975,1.73181
1770241757.93151,2,1.36634,-0.76056,3.25617,1.19581,-0.613797,1.73266
1770241757.75674,2,1.36216,-0.758587,3.2554,1.19415,-0.609613,1.73134
1770241757.7874,2,1.35955,-0.760092,3.25417,1.19384,-0.607004,1.73326
1770241757.34768,2,1.31188,-0.758443,3.2548,1.19351,-0.559335,1.73152
1770241773.26444,1,-0.501747,-0.723288,3.27633,1.19291,1.25429,1.6903
1770241757.57858,2,1.34355,-0.758163,3.2536,1.19236,-0.591008,1.73189
1770241757.45406,2,1.32503,-0.757793,3.252,1.19078,-0.572489,1.73237
1770241757.61177,2,1.34637,-0.757747,3.2518,1.1906,-0.593832,1.73244
1770241757.73463,2,1.35673,-0.757574,3.251,1.18983,-0.604189,1.73269
1770241757.68771,2,1.35073,-0.757186,3.2494,1.18825,-0.598193,1.73316
1770241757.48702,2,1.32392,-0.758464,3.24717,1.18695,-0.571384,1.73539
1770241761.08894,2,1.35141,-0.736303,3.2596,1.18651,-0.598869,1.70999
1770241757.42296,2,1.31772,-0.756675,3.2472,1.18607,-0.565186,1.73383
1770241757.25116,2,1.28788,-0.758226,3.24617,1.18593,-0.535346,1.73569
1770241720.77258,0,-0.185192,-0.225598,3.559,1.18591,0.937729,1.11799
1770241757.65447,1,1.34972,-0.756633,3.247,1.1859,-0.597184,1.7339
1770241757.38849,2,1.31391,-0.75654,3.2466,1.18548,-0.561372,1.73402
1770241757.52342,2,1.33157,-0.756444,3.2462,1.1851,-0.579035,1.73414
1770241720.81947,1,-0.41833,-0.72017,3.269,1.18507,1.17087,1.69132
1770241756.81935,2,1.21102,-0.761913,3.243,1.185,-0.458483,1.74047
1770241757.23463,2,1.2815,-0.75795,3.245,1.18478,-0.528968,1.73604
1770241757.11963,2,1.2666,-0.75948,3.244,1.18468,-0.51406,1.73787
1770241756.723,2,1.19765,-0.75625,3.2454,1.1842,-0.445116,1.73437
1770241756.68328,3,1.16168,-0.761685,3.242,1.18398,-0.40915,1.74078
1770241772.94711,1,-0.185035,-0.225408,3.556,1.18322,0.93757,1.11934
1770241757.03453,2,1.25474,-0.761446,3.241,1.18307,-0.502205,1.74108
1770241756.79973,2,1.20328,-0.758879,3.2414,1.18208,-0.450742,1.73866
1770241757.31017,2,1.29517,-0.757303,3.24217,1.18202,-0.542638,1.73692
1770241756.92004,2,1.23561,-0.760623,3.2375,1.17962,-0.483079,1.74214
1770241756.5849,2,1.16972,-0.756699,3.23967,1.17946,-0.41719,1.73766
1770241773.23365,2,-0.501347,-0.717576,3.264,1.17938,1.25388,1.6916
1770241756.75494,1,1.19332,-0.758237,3.2386,1.17933,-0.440786,1.73952
1770241757.18784,2,1.27308,-0.756469,3.23867,1.17856,-0.520546,1.73796
1770241756.63947,2,1.17806,-0.756352,3.23817,1.17799,-0.425532,1.73811
1770241757.09769,2,1.26149,-0.760157,3.2355,1.17768,-0.508956,1.74275
1770241757.05429,2,1.25241,-0.760041,3.235,1.17718,-0.499879,1.7429
1770241757.15457,2,1.26319,-0.757485,3.2354,1.17625,-0.510664,1.74049
1770241773.18303,3,-0.515999,-0.714235,3.26233,1.17624,1.26853,1.68956
1770241756.99931,2,1.2473,-0.759626,3.23325,1.17546,-0.494769,1.74342
1770241756.68322,2,1.19081,-0.751511,3.2365,1.17412,-0.438284,1.73478
1770241773.183,2,-0.488684,-0.713576,3.25933,1.17334,1.24121,1.6905
1770241756.87353,2,1.22426,-0.759099,3.231,1.17323,-0.471729,1.7441
1770241756.95464,2,1.23679,-0.75863,3.229,1.17128,-0.484267,1.74471
1770241756.52095,2,1.16724,-0.750636,3.23275,1.17042,-0.414716,1.73591
1770241756.5557,2,1.16164,-0.752582,3.2296,1.16868,-0.409118,1.73918
1770241756.43366,2,1.15259,-0.749766,3.229,1.16674,-0.400073,1.73706
1770241756.49252,2,1.16147,-0.749757,3.229,1.16674,-0.408953,1.73705
1770241761.13266,2,1.34897,-0.728504,3.2395,1.16522,-0.596454,1.7134
1770241720.86774,1,-0.430519,-0.712574,3.248,1.1631,1.18304,1.69536
1770241756.38735,2,1.1414,-0.744752,3.2265,1.16204,-0.388882,1.73399
1770241756.45523,2,1.15434,-0.748023,3.2215,1.15938,-0.401822,1.73934
1770241756.32295,2,1.13723,-0.743993,3.22317,1.15877,-0.384711,1.73502
1770241773.13852,2,-0.495162,-0.705579,3.24317,1.15535,1.24768,1.69176
1770241720.81937,0,-0.183266,-0.223253,3.522,1.15278,0.935777,1.13465
1770241773.11448,2,-0.496416,-0.702169,3.24014,1.15101,1.24893,1.69035
1770241773.06754,3,-0.503671,-0.7006,3.24067,1.15067,1.25618,1.68873
1770241756.36442,2,1.13387,-0.741804,3.21367,1.14947,-0.381362,1.73792
1770241756.28789,2,1.1329,-0.739976,3.2134,1.14831,-0.380391,1.73648
1770241772.89893,1,-0.183006,-0.222936,3.517,1.14831,0.935513,1.1369
1770241720.89028,2,-0.433253,-0.70529,3.235,1.1482,1.18576,1.69564
1770241720.86769,0,-0.18259,-0.222429,3.509,1.14115,0.935091,1.1405
1770241761.15432,2,1.34465,-0.716427,3.2185,1.14099,-0.592152,1.71358
1770241772.86838,1,-0.181965,-0.221668,3.497,1.13041,0.934458,1.1459
1770241773.04342,2,-0.48289,-0.69184,3.22067,1.129,1.23538,1.69126
1770241756.19214,2,1.11925,-0.729231,3.19717,1.12886,-0.366761,1.7354
1770241773.06742,2,-0.468154,-0.690369,3.22067,1.12827,1.22065,1.68999
1770241772.99113,2,-0.479649,-0.688509,3.21883,1.12574,1.23214,1.68931
1770241756.23644,2,1.11727,-0.727933,3.1915,1.12332,-0.364787,1.73714
1770241720.92143,1,-0.446566,-0.694565,3.21086,1.12193,1.19905,1.69857
1770241720.89021,1,-0.181237,-0.220781,3.483,1.11787,0.93372,1.1522
1770241756.25996,2,1.1224,-0.727862,3.1836,1.11646,-0.369922,1.74107
1770241761.18845,2,1.35051,-0.706572,3.194,1.11488,-0.598032,1.71744
1770241772.9472,2,-0.473753,-0.681936,3.20867,1.11365,1.22623,1.68877
1770241772.83589,1,-0.180821,-0.220274,3.475,1.11071,0.933298,1.1558
1770241772.89902,2,-0.452902,-0.678531,3.2065,1.11007,1.20538,1.68692
1770241772.7006,1,-0.18056,-0.219957,3.47,1.10624,0.933034,1.15805
1770241772.86847,2,-0.443181,-0.677155,3.2,1.10378,1.19565,1.68902
1770241772.66911,1,-0.180404,-0.219767,3.467,1.10355,0.932876,1.1594
1770241772.78717,1,-0.180352,-0.219703,3.466,1.10266,0.932823,1.15985
1770241761.21654,2,1.34559,-0.700907,3.18243,1.10202,-0.593116,1.71839
1770241772.74745,1,-0.1803,-0.21964,3.465,1.10176,0.93277,1.1603
1770241756.16993,2,1.10616,-0.717284,3.17214,1.10122,-0.353695,1.73772
1770241720.95335,1,-0.454142,-0.683218,3.19314,1.10091,1.20661,1.69771
1770241720.92136,0,-0.180144,-0.21945,3.462,1.09907,0.932612,1.16165
1770241772.62362,1,-0.180144,-0.21945,3.462,1.09907,0.932612,1.16165
1770241756.09176,2,1.12172,-0.712981,3.1718,1.09877,-0.369255,1.73418
1770241756.12296,2,1.10911,-0.713913,3.16817,1.09609,-0.356643,1.73682
1770241772.83598,2,-0.43122,-0.673019,3.18733,1.09076,1.18368,1.69184
1770241772.78727,2,-0.422263,-0.672667,3.18567,1.08915,1.17472,1.69238
1770241772.74752,2,-0.413299,-0.672318,3.184,1.08755,1.16576,1.69292
1770241720.99181,1,-0.461826,-0.672353,3.17729,1.08173,1.21428,1.69634
1770241756.03486,2,1.12272,-0.702838,3.1575,1.0813,-0.370268,1.73264
1770241756.05554,2,1.11395,-0.700809,3.14843,1.07244,-0.361505,1.73547
1770241772.59765,1,-0.178583,-0.217548,3.432,1.07222,0.93103,1.17516
1770241755.98826,2,1.12167,-0.700395,3.1465,1.07057,-0.369227,1.73609
1770241720.95328,0,-0.178323,-0.217231,3.427,1.06774,0.930766,1.17741
1770241772.70069,2,-0.389166,-0.664031,3.16533,1.06727,1.14161,1.69519
1770241772.6692,2,-0.380005,-0.663225,3.1615,1.06356,1.13244,1.69643
1770241720.99173,0,-0.177855,-0.21666,3.418,1.05969,0.930291,1.18146
1770241761.27287,2,1.35046,-0.682374,3.143,1.05864,-0.598028,1.7223
1770241721.01605,2,-0.464295,-0.660311,3.1545,1.05598,1.21673,1.69745
1770241772.62371,2,-0.365993,-0.657116,3.153,1.05315,1.11842,1.69545
1770241772.59776,2,-0.354522,-0.654339,3.1535,1.05219,1.10695,1.6928
1770241755.95407,2,1.13373,-0.688553,3.132,1.05209,-0.381304,1.73319
1770241772.54775,1,-0.177022,-0.215646,3.402,1.04536,0.929447,1.18866
1770241772.54784,2,-0.348198,-0.647572,3.14867,1.0446,1.10062,1.6894
1770241779.12104,0,-2.35731,0.0874983,3.579,1.04338,3.10974,0.837626
1770241755.89134,2,1.13309,-0.684714,3.1145,1.03504,-0.380673,1.73871
1770241755.93547,2,1.12382,-0.684274,3.1125,1.03309,-0.371402,1.73934
1770241761.32059,2,1.34408,-0.6684,3.1115,1.02438,-0.59167,1.72614
1770241761.35519,2,1.35185,-0.665913,3.1065,1.01882,-0.599448,1.72652
1770241772.50148,2,-0.325588,-0.635612,3.12529,1.0184,1.07799,1.69088
1770241721.07343,1,-0.488223,-0.635147,3.123,1.01606,1.24062,1.69163
1770241772.47188,2,-0.319189,-0.632774,3.11833,1.01097,1.07159,1.69194
1770241755.85307,2,1.1325,-0.67357,3.09129,1.00938,-0.380106,1.74081
1770241772.42269,2,-0.306029,-0.6278,3.11483,1.00545,1.05842,1.68941
1770241721.11178,2,-0.496243,-0.625554,3.11186,1.0016,1.24863,1.68898
1770241761.38857,2,1.35117,-0.660124,3.0874,0.999409,-0.598781,1.73116
1770241755.82109,2,1.12941,-0.668933,3.08117,0.998299,-0.377018,1.74191
1770241772.50138,1,-0.173796,-0.211716,3.34,0.989864,0.926177,1.21657
1770241772.38913,2,-0.304692,-0.620662,3.09957,0.988674,1.05707,1.69095
1770241755.77786,2,1.12789,-0.663868,3.06886,0.985115,-0.375515,1.74376
1770241761.42094,2,1.34866,-0.648978,3.06683,0.976026,-0.596288,1.73192
1770241772.34766,2,-0.29483,-0.613802,3.0875,0.974799,1.0472,1.69113
1770241772.47183,1,-0.172807,-0.210512,3.321,0.972856,0.925175,1.22512
1770241721.1538,2,-0.50448,-0.611396,3.0825,0.969101,1.25685,1.69157
1770241778.36555,0,-2.29737,0.0852736,3.488,0.965994,3.04974,0.885488
1770241761.45612,2,1.34296,-0.644946,3.04767,0.957441,-0.590606,1.73812
1770241761.50067,2,1.34751,-0.644445,3.04533,0.955178,-0.59516,1.73887
1770241772.42261,1,-0.171767,-0.209244,3.301,0.954953,0.92412,1.23412
1770241755.71861,2,1.13185,-0.646507,3.04386,0.954773,-0.3795,1.74139
1770241747.40045,2,-2.28815,0.0849313,3.474,0.954089,3.04051,0.892851
1770241772.30206,2,-0.285973,-0.602972,3.06833,0.952794,1.03832,1.69145
1770241721.18962,1,-0.520458,-0.601635,3.06867,0.95222,1.27281,1.69013
1770241776.12332,0,-2.28618,0.084858,3.471,0.951538,3.03853,0.894429
1770241772.38903,1,-0.171194,-0.208547,3.29,0.945106,0.92354,1.23908
1770241772.2714,2,-0.283999,-0.595967,3.06014,0.942189,1.03634,1.68954
1770241755.68837,2,1.12705,-0.641108,3.0295,0.93965,-0.374713,1.74398
1770241772.34762,1,-0.170414,-0.207596,3.275,0.931678,0.922748,1.24583
1770241772.34753,0,-2.26905,0.0842223,3.445,0.929429,3.02139,0.908104
1770241755.65533,2,1.13239,-0.631047,3.02133,0.927526,-0.380058,1.73942
1770241772.2314,2,-0.277942,-0.588409,3.04586,0.926046,1.03027,1.69023
1770241769.84302,0,-2.26642,0.0841245,3.441,0.926028,3.01875,0.910207
1770241721.23223,1,-0.530371,-0.589933,3.04143,0.922792,1.2827,1.69378
1770241761.5565,2,1.34256,-0.629801,3.01533,0.921885,-0.590234,1.74137
1770241761.52106,2,1.34152,-0.629316,3.013,0.919625,-0.589195,1.74213
1770241755.58831,1,1.13864,-0.621669,3.016,0.918192,-0.386314,1.73401
1770241776.89656,0,-2.25654,0.0837578,3.426,0.913273,3.00886,0.918097
1770241765.42025,0,-2.25588,0.0837334,3.425,0.912422,3.0082,0.918623
1770241755.62078,2,1.129,-0.62398,3.007,0.911583,-0.376678,1.74055
1770241772.18895,2,-0.278913,-0.584342,3.031,0.911167,1.03123,1.69422
1770241761.58733,2,1.33974,-0.627263,3.003,0.909955,-0.587422,1.74541
1770241721.25317,1,-0.542684,-0.58123,3.02638,0.905394,1.295,1.69387
1770241772.14703,2,-0.276319,-0.576702,3.02829,0.904969,1.02863,1.689
1770241772.30195,1,-0.168749,-0.205568,3.243,0.903033,0.92106,1.26023
1770241775.96786,0,-2.24205,0.08322,3.404,0.894565,2.99435,0.929668
1770241761.62109,2,1.33925,-0.616208,2.9895,0.89272,-0.586952,1.74268
1770241772.27131,1,-0.168072,-0.204744,3.23,0.891396,0.920375,1.26608
1770241777.59605,0,-2.23941,0.0831222,3.4,0.891164,2.99172,0.931771
1770241761.65433,2,1.34038,-0.615502,2.986,0.889344,-0.58808,1.74384
1770241772.23133,1,-0.167552,-0.20411,3.22,0.882444,0.919847,1.27058
1770241721.28907,1,-0.556635,-0.574239,3.003,0.881676,1.30893,1.69964
1770241755.52043,2,1.12623,-0.605263,2.976,0.875372,-0.373945,1.74005
1770241755.55529,2,1.12478,-0.607343,2.97471,0.875311,-0.372494,1.74249
1770241761.68372,2,1.34184,-0.606838,2.97229,0.873132,-0.589548,1.74328
1770241781.27613,0,-2.22492,0.0825843,3.378,0.872456,2.97721,0.943342
1770241772.18882,1,-0.166875,-0.203286,3.207,0.870807,0.919162,1.27644
1770241772.09941,3,-0.2783,-0.559254,2.99843,0.870387,1.03059,1.68901
1770241772.07167,2,-0.312562,-0.544252,3,0.864142,1.06484,1.67527
1770241721.31992,1,-0.566364,-0.567496,2.98614,0.863713,1.31865,1.70233
1770241772.07172,3,-0.277719,-0.549893,2.99229,0.860359,1.03,1.68403
1770241772.14695,1,-0.166251,-0.202525,3.195,0.860065,0.918529,1.28184
1770241772.09937,2,-0.311572,-0.546637,2.9905,0.857146,1.06385,1.68212
1770241755.45541,2,1.12448,-0.590297,2.96238,0.856054,-0.37221,1.73401
1770241761.78735,2,1.33996,-0.597522,2.95788,0.855988,-0.587682,1.74251
1770241777.34464,0,-2.21109,0.0820709,3.357,0.854599,2.96336,0.954387
1770241755.48865,2,1.12778,-0.593578,2.9585,0.854368,-0.375505,1.7388
1770241761.74338,2,1.33403,-0.600772,2.95383,0.854135,-0.581756,1.74736
1770241772.036,3,-0.277273,-0.540774,2.98729,0.851439,1.02954,1.67868
1770241772.09929,1,-0.165522,-0.201638,3.181,0.847532,0.91779,1.28814
1770241775.6302,0,-2.20385,0.081802,3.346,0.845245,2.95611,0.960173
1770241758.77877,0,-2.20319,0.0817776,3.345,0.844395,2.95545,0.960698
1770241755.42209,2,1.12383,-0.583405,2.94817,0.840309,-0.371573,1.73523
1770241761.82127,2,1.34282,-0.590532,2.94333,0.839909,-0.590559,1.74382
1770241772.07161,1,-0.165002,-0.201004,3.171,0.838581,0.917263,1.29264
1770241721.36799,1,-0.580504,-0.55724,2.96271,0.8383,1.33276,1.7053
1770241761.85605,2,1.3353,-0.589594,2.93867,0.835401,-0.583046,1.74537
1770241763.75569,0,-2.19528,0.0814842,3.333,0.834191,2.94754,0.96701
1770241772.03596,2,-0.313878,-0.527205,2.9735,0.83266,1.06613,1.67393
1770241762.32083,0,-2.19199,0.0813619,3.328,0.829939,2.94424,0.96964
1770241755.38043,2,1.11371,-0.57766,2.93938,0.829811,-0.361455,1.73471
1770241772.03587,1,-0.164482,-0.20037,3.161,0.829629,0.916735,1.29714
1770241761.88874,2,1.3287,-0.585173,2.928,0.823957,-0.57645,1.74694
1770241771.99929,3,-0.274889,-0.528043,2.96186,0.823064,1.02714,1.68053
1770241767.68859,0,-2.18606,0.0811419,3.319,0.822286,2.93831,0.974373
1770241771.95703,3,-0.281031,-0.521942,2.961,0.819239,1.03328,1.6757
1770241721.38365,1,-0.589368,-0.548761,2.94317,0.817139,1.34161,1.70785
1770241761.91632,2,1.32416,-0.581584,2.91863,0.814049,-0.571919,1.74857
1770241771.99914,1,-0.163545,-0.199229,3.143,0.813516,0.915786,1.30524
1770241771.99924,2,-0.307561,-0.519339,2.952,0.810134,1.0598,1.67799
1770241755.31741,2,1.10273,-0.56605,2.921,0.80808,-0.350494,1.73396
1770241771.9569,1,-0.163129,-0.198722,3.135,0.806355,0.915364,1.30885
1770241771.95699,2,-0.315664,-0.511236,2.952,0.806037,1.0679,1.671
1770241741.35441,0,-2.17223,0.0806285,3.298,0.804429,2.92446,0.985418
1770241771.91375,3,-0.279187,-0.514676,2.94514,0.801884,1.03142,1.67743
1770241755.28716,2,1.10206,-0.563051,2.91457,0.801016,-0.349825,1.73462
1770241761.97395,2,1.31861,-0.57116,2.90638,0.798207,-0.566386,1.74576
1770241762.01262,1,1.31827,-0.567276,2.907,0.796786,-0.566039,1.74209
1770241755.25397,2,1.09917,-0.556198,2.9115,0.794903,-0.346948,1.73026
1770241755.2217,2,1.10024,-0.554109,2.90971,0.792308,-0.34802,1.72935
1770241771.91362,1,-0.162244,-0.197644,3.118,0.791137,0.914467,1.3165
1770241771.91371,2,-0.317927,-0.50435,2.9355,0.788316,1.07015,1.67338
1770241762.05489,2,1.30886,-0.560924,2.897,0.78494,-0.556641,1.74166
1770241721.44121,2,-0.60699,-0.528064,2.917,0.784089,1.35921,1.70319
1770241751.38802,0,-2.15379,0.079944,3.27,0.780619,2.906,1.00014
1770241755.18868,2,1.08999,-0.545612,2.89775,0.777682,-0.337779,1.72806
1770241762.08708,2,1.30819,-0.553841,2.89029,0.775567,-0.555979,1.73893
1770241746.62357,2,-2.14786,0.0797239,3.261,0.772966,2.90007,1.00488
1770241746.79006,2,-2.14259,0.0795284,3.253,0.766164,2.89479,1.00909
1770241773.23352,0,-2.14259,0.0795284,3.253,0.766164,2.89479,1.00909
1770241771.8796,3,-0.286092,-0.502872,2.91029,0.76583,1.03829,1.68484
1770241755.12114,2,1.08089,-0.535153,2.88413,0.760634,-0.328693,1.72591
1770241771.87948,1,-0.160371,-0.195362,3.082,0.758911,0.912568,1.3327
1770241755.07443,2,1.08181,-0.533047,2.882,0.757737,-0.329619,1.72516
1770241762.15392,2,1.29445,-0.540479,2.8705,0.751731,-0.542257,1.73739
1770241721.48872,1,-0.611803,-0.513904,2.88725,0.751256,1.36399,1.70599
1770241762.12141,2,1.30268,-0.542467,2.8686,0.751101,-0.550491,1.74006
1770241755.1536,2,1.0814,-0.53668,2.87133,0.750363,-0.32921,1.73369
1770241741.52129,0,-2.12678,0.0789416,3.229,0.745755,2.87897,1.02171
1770241771.87956,2,-0.321432,-0.489361,2.8945,0.745355,1.07362,1.68114
1770241755.01811,2,1.06757,-0.528467,2.8695,0.744623,-0.315383,1.72752
1770241771.83641,3,-0.287452,-0.494738,2.88943,0.743718,1.03964,1.68835
1770241771.81542,3,-0.297868,-0.493191,2.88775,0.741481,1.05005,1.68786
1770241762.18719,2,1.29429,-0.532888,2.857,0.736245,-0.542109,1.73765
1770241771.83631,1,-0.159018,-0.193714,3.056,0.735636,0.911197,1.34441
1770241721.5208,1,-0.619401,-0.506229,2.87188,0.734103,1.37158,1.70713
1770241771.83637,2,-0.324,-0.487258,2.882,0.733501,1.07618,1.68564
1770241754.98743,2,1.06004,-0.522781,2.85988,0.733438,-0.307865,1.72747
1770241762.21695,2,1.28136,-0.53127,2.84829,0.727896,-0.529183,1.74065
1770241715.12068,0,-2.11032,0.0783304,3.204,0.724497,2.86249,1.03486
1770241754.96415,2,1.05449,-0.521047,2.85025,0.72425,-0.302322,1.73083
1770241771.81538,2,-0.330644,-0.481447,2.871,0.721067,1.08281,1.68618
1770241721.55703,1,-0.62481,-0.500446,2.85729,0.718586,1.37697,1.7095
1770241754.92019,2,1.04615,-0.519806,2.8435,0.71779,-0.293986,1.73317
1770241771.81529,1,-0.157925,-0.192383,3.035,0.716838,0.910089,1.35386
1770241771.76613,3,-0.297108,-0.486747,2.86243,0.71637,1.04927,1.69508
1770241736.71969,0,-2.10373,0.078086,3.194,0.715993,2.85589,1.04012
1770241762.27773,2,1.26982,-0.52201,2.8345,0.711312,-0.51766,1.73962
1770241771.76603,1,-0.157145,-0.191432,3.02,0.70341,0.909298,1.36061
1770241754.85569,1,1.0372,-0.513308,2.8295,0.702418,-0.285048,1.73463
1770241721.58895,1,-0.627809,-0.492361,2.843,0.70217,1.37996,1.70973
1770241771.72281,3,-0.301824,-0.478913,2.85,0.701683,1.05398,1.69459
1770241723.89327,0,-0.157041,-0.191305,3.018,0.70162,0.909192,1.36151
1770241736.78819,0,-2.0899,0.0775725,3.173,0.698136,2.84205,1.05116
1770241762.32107,2,1.25805,-0.516836,2.822,0.6979,-0.505902,1.74146
1770241771.76608,2,-0.336048,-0.470102,2.85,0.697208,1.0882,1.68699
1770241754.88951,2,1.03564,-0.513983,2.82086,0.695297,-0.283492,1.73958
1770241771.68154,3,-0.306034,-0.474465,2.83513,0.686594,1.05817,1.69826
1770241771.72269,1,-0.156156,-0.190228,3.001,0.686402,0.908296,1.36916
1770241754.82012,2,1.0249,-0.509833,2.81017,0.683965,-0.272761,1.74139
1770241723.92375,0,-0.156,-0.190037,2.998,0.683716,0.908137,1.37051
1770241721.6186,1,-0.626528,-0.484193,2.82375,0.681431,1.37866,1.7124
1770241771.72277,2,-0.333926,-0.467133,2.832,0.680173,1.08606,1.69351
1770241762.3881,2,1.24933,-0.509066,2.806,0.680159,-0.497193,1.74283
1770241762.3537,2,1.25285,-0.510981,2.80443,0.679773,-0.500716,1.74528
1770241754.77424,2,1.01905,-0.505299,2.80638,0.678398,-0.266913,1.73939
1770241771.6815,2,-0.341458,-0.466803,2.83,0.678274,1.09359,1.69423
1770241771.68142,1,-0.155636,-0.189594,2.991,0.67745,0.907768,1.37366
1770241754.7174,2,1.00967,-0.499626,2.79633,0.666859,-0.257548,1.73956
1770241723.96372,0,-0.154907,-0.188706,2.977,0.664918,0.90703,1.37997
1770241736.75538,0,-2.06289,0.0765702,3.132,0.663272,2.81502,1.07273
1770241762.43609,2,1.23732,-0.501852,2.78956,0.662313,-0.485201,1.74491
1770241741.65341,0,-2.06026,0.0764724,3.128,0.659871,2.81238,1.07483
1770241741.61972,0,-2.05762,0.0763746,3.124,0.656469,2.80974,1.07693
1770241771.63455,3,-0.311564,-0.462909,2.80638,0.655938,1.06368,1.7028
1770241723.98543,0,-0.154283,-0.187946,2.965,0.654176,0.906397,1.38537
1770241754.70252,2,1.00154,-0.493762,2.78463,0.653785,-0.249427,1.74041
1770241754.65369,2,0.995217,-0.493377,2.78275,0.651967,-0.243106,1.74103
1770241724.04021,0,-0.153971,-0.187565,2.959,0.648805,0.90608,1.38807
1770241724.08747,0,-0.153815,-0.187375,2.956,0.646119,0.905922,1.38942
1770241762.48448,2,1.2265,-0.495264,2.77183,0.643681,-0.474398,1.74817
1770241724.11947,0,-0.153659,-0.187185,2.953,0.643434,0.905764,1.39077
1770241724.15504,0,-0.153607,-0.187122,2.952,0.642539,0.905711,1.39122
1770241721.67654,1,-0.629155,-0.465708,2.7885,0.641668,1.38126,1.71424
1770241771.63451,2,-0.347841,-0.448729,2.798,0.641521,1.09994,1.69479
1770241762.45625,2,1.23258,-0.494629,2.76833,0.640344,-0.480477,1.74939
1770241724.08763,3,-0.353848,-0.458245,2.78975,0.639199,1.10595,1.70717
1770241771.63444,1,-0.153346,-0.186805,2.947,0.638063,0.905447,1.39347
1770241724.11966,3,-0.345916,-0.457934,2.78775,0.637322,1.09802,1.70791
1770241724.19205,0,-0.153138,-0.186551,2.943,0.634482,0.905236,1.39527
1770241771.60325,1,-0.153086,-0.186488,2.942,0.633587,0.905183,1.39572
1770241771.60339,3,-0.311183,-0.453659,2.785,0.632817,1.06328,1.70561
1770241724.23538,0,-0.153034,-0.186424,2.941,0.632692,0.905131,1.39617
1770241754.58794,1,0.979427,-0.482727,2.76525,0.631472,-0.227332,1.74067
1770241721.72031,1,-0.636553,-0.456603,2.78129,0.630839,1.38865,1.71002
1770241723.98556,2,-0.368449,-0.453515,2.78243,0.630479,1.12054,1.70678
1770241724.04039,2,-0.347507,-0.455364,2.78043,0.629703,1.0996,1.70939
1770241754.62266,1,0.982189,-0.482222,2.76238,0.628737,-0.230096,1.74168
1770241724.25106,0,-0.152774,-0.186107,2.936,0.628216,0.904867,1.39842
1770241723.92387,2,-0.385483,-0.443795,2.78313,0.62616,1.13757,1.69804
1770241724.15516,2,-0.329435,-0.452332,2.77514,0.623624,1.08152,1.70944
1770241771.57072,3,-0.311994,-0.450236,2.77571,0.623073,1.06408,1.70734
1770241724.30891,1,-0.15241,-0.185664,2.929,0.62195,0.904498,1.40157
1770241724.34727,1,-0.15241,-0.185664,2.929,0.62195,0.904498,1.40157
1770241723.96384,2,-0.372255,-0.445684,2.777,0.621837,1.12434,1.70276
1770241723.9638,1,-0.414179,-0.438104,2.77933,0.619991,1.16627,1.69504
1770241754.55509,2,0.972687,-0.475012,2.75529,0.61897,-0.220602,1.73904
1770241723.89347,2,-0.401065,-0.436415,2.77863,0.618538,1.15315,1.69394
1770241771.57059,1,-0.152098,-0.185283,2.923,0.616579,0.904181,1.40427
1770241723.98551,1,-0.40718,-0.438692,2.775,0.616553,1.15926,1.69773
1770241771.60334,2,-0.347353,-0.439749,2.77367,0.615984,1.09944,1.69932
1770241762.53942,2,1.21494,-0.483053,2.74567,0.614919,-0.46286,1.75084
1770241724.3899,0,-0.151993,-0.185157,2.921,0.614789,0.904076,1.40517
1770241724.08755,1,-0.318581,-0.448709,2.76633,0.614199,1.07066,1.71076
1770241724.08759,2,-0.379699,-0.444077,2.769,0.614114,1.13178,1.70541
1770241724.11962,2,-0.376034,-0.441707,2.77,0.613784,1.12812,1.70286
1770241723.92383,1,-0.426261,-0.431117,2.77525,0.612929,1.17834,1.69107
1770241762.58028,2,1.20599,-0.482493,2.7425,0.611896,-0.453915,1.75195
1770241724.23551,2,-0.318535,-0.44482,2.76567,0.611661,1.07061,1.70774
1770241724.15512,1,-0.369566,-0.439015,2.769,0.611567,1.12165,1.70104
1770241724.04033,1,-0.38295,-0.444695,2.765,0.610971,1.13503,1.70797
1770241771.52251,3,-0.312922,-0.445136,2.76429,0.610633,1.065,1.70871
1770241724.19214,1,-0.365984,-0.435438,2.7688,0.609591,1.11806,1.69806
1770241724.19218,2,-0.322618,-0.44495,2.76314,0.609544,1.0747,1.70912
1770241724.42006,0,-0.151681,-0.184776,2.915,0.609417,0.903759,1.40787
1770241724.45471,0,-0.151681,-0.184776,2.915,0.609417,0.903759,1.40787
1770241723.86764,1,-0.422984,-0.425276,2.77433,0.609192,1.17506,1.68649
1770241724.11958,1,-0.314185,-0.447843,2.761,0.609162,1.06626,1.7127
1770241762.61974,2,1.20373,-0.478361,2.74025,0.607866,-0.451653,1.74952
1770241754.5109,2,0.964124,-0.473011,2.74343,0.607718,-0.212048,1.7433
1770241771.57068,2,-0.348794,-0.437113,2.765,0.60717,1.10087,1.70142
1770241724.48832,0,-0.151473,-0.184523,2.911,0.605837,0.903548,1.40967
1770241771.52239,1,-0.151473,-0.184523,2.911,0.605837,0.903548,1.40967
1770241754.41675,2,0.942662,-0.465944,2.74475,0.605274,-0.190588,1.73653
1770241741.7203,0,-2.01745,0.0748833,3.063,0.604599,2.76952,1.10902
1770241721.7535,3,-0.629913,-0.441659,2.75911,0.604158,1.38199,1.70832
1770241754.47312,2,0.95162,-0.467121,2.74078,0.602446,-0.199548,1.73955
1770241724.5319,0,-0.151265,-0.184269,2.907,0.602256,0.903337,1.41148
1770241723.89342,1,-0.435072,-0.420921,2.76667,0.600366,1.18714,1.6866
1770241724.25114,1,-0.357223,-0.426441,2.7598,0.597287,1.10929,1.69483
1770241724.23547,1,-0.357218,-0.430135,2.75675,0.596519,1.10929,1.69956
1770241723.81979,1,-0.436265,-0.415799,2.76208,0.593823,1.18833,1.68449
1770241771.48278,1,-0.150693,-0.183572,2.896,0.592409,0.902757,1.41643
1770241754.32193,2,0.923488,-0.457352,2.73458,0.592145,-0.171424,1.73425
1770241771.48294,3,-0.31341,-0.438883,2.74638,0.592015,1.06547,1.71235
1770241754.35666,2,0.928232,-0.456652,2.73323,0.590628,-0.17617,1.73433
1770241724.25119,2,-0.316033,-0.437578,2.74414,0.589427,1.0681,1.71235
1770241771.52247,2,-0.34665,-0.430649,2.748,0.589234,1.09871,1.70442
1770241754.3887,2,0.931833,-0.458965,2.72882,0.58799,-0.179772,1.73855
1770241762.65393,2,1.19818,-0.470896,2.719,0.58575,-0.446119,1.75381
1770241737.03545,0,-2.0023,0.074321,3.04,0.585041,2.75436,1.12111
1770241762.68923,2,1.18856,-0.468583,2.71786,0.583588,-0.436506,1.75239
1770241724.58079,0,-0.150068,-0.182811,2.884,0.581667,0.902124,1.42183
1770241721.78716,2,-0.631346,-0.429415,2.74,0.581479,1.3834,1.7074
1770241762.72002,2,1.18761,-0.466703,2.71625,0.581251,-0.435557,1.75157
1770241754.05639,1,0.879124,-0.45138,2.725,0.580822,-0.127069,1.73393
1770241754.11934,1,0.886398,-0.452198,2.72438,0.580701,-0.134343,1.73495
1770241771.45605,3,-0.309733,-0.433068,2.736,0.580126,1.06179,1.71257
1770241771.45593,1,-0.149912,-0.182621,2.881,0.578982,0.901966,1.42318
1770241762.75584,2,1.18663,-0.462792,2.71533,0.578484,-0.434577,1.74866
1770241754.28775,2,0.913676,-0.452432,2.72017,0.577209,-0.161624,1.73728
1770241721.75347,2,-0.660313,-0.428612,2.735,0.576734,1.41236,1.70923
1770241754.17341,2,0.894745,-0.450844,2.71811,0.574617,-0.142695,1.73694
1770241723.77394,1,-0.451046,-0.403032,2.74707,0.574407,1.2031,1.68105
1770241724.30904,3,-0.302698,-0.431099,2.73029,0.574205,1.05475,1.71375
1770241771.48287,2,-0.347424,-0.423511,2.73433,0.573832,1.09947,1.70516
1770241754.02293,2,0.869106,-0.449085,2.71688,0.572642,-0.117057,1.73605
1770241736.91978,0,-1.99242,0.0739543,3.025,0.572285,2.74447,1.129
1770241754.21993,2,0.903161,-0.448808,2.7163,0.572033,-0.151114,1.7361
1770241754.08905,2,0.879521,-0.44987,2.71443,0.570935,-0.127474,1.73796
1770241741.85366,0,-1.9911,0.0739054,3.023,0.570585,2.74315,1.13005
1770241724.62053,0,-0.149288,-0.18186,2.869,0.56824,0.901333,1.42858
1770241754.25508,1,0.905765,-0.450129,2.7107,0.567868,-0.153721,1.74007
1770241753.88625,2,0.845747,-0.443004,2.71388,0.566964,-0.0937035,1.73232
1770241753.98792,2,0.859792,-0.447185,2.711,0.566604,-0.107749,1.73738
1770241723.71886,2,-0.471804,-0.389952,2.74467,0.565711,1.22385,1.67098
1770241771.4204,1,-0.149132,-0.18167,2.866,0.565554,0.901175,1.42993
1770241762.79,2,1.17677,-0.456649,2.70322,0.56492,-0.424728,1.74947
1770241724.34741,3,-0.298469,-0.426485,2.72143,0.564234,1.05051,1.71424
1770241762.81728,2,1.17741,-0.45673,2.70138,0.563368,-0.425368,1.75048
1770241721.81778,2,-0.632198,-0.416349,2.72556,0.562413,1.38424,1.70341
1770241753.82172,2,0.832826,-0.442457,2.70814,0.561729,-0.0807865,1.73474
1770241771.42052,3,-0.307152,-0.423807,2.71613,0.558297,1.05919,1.71461
1770241771.45601,2,-0.346977,-0.415216,2.721,0.558136,1.09901,1.70473
1770241724.65597,0,-0.148663,-0.1811,2.857,0.557498,0.9007,1.43398
1770241753.85577,2,0.838841,-0.440657,2.70357,0.55688,-0.086805,1.73549
1770241724.309,2,-0.346084,-0.414287,2.7198,0.556632,1.09812,1.70454
1770241723.71878,1,-0.51139,-0.373188,2.7415,0.554483,1.26342,1.6581
1770241753.78704,2,0.827124,-0.439119,2.7015,0.554306,-0.0750899,1.73521
1770241737.12138,0,-1.97727,0.073392,3.002,0.552728,2.7293,1.1411
1770241753.91924,2,0.84851,-0.439655,2.699,0.552435,-0.0964777,1.73693
1770241753.95422,2,0.850266,-0.443582,2.69667,0.552405,-0.0982338,1.7415
1770241762.87513,2,1.17591,-0.451239,2.69083,0.551495,-0.423876,1.75106
1770241741.92246,0,-1.97595,0.0733431,3,0.551027,2.72798,1.14215
1770241753.75455,2,0.818302,-0.438367,2.69688,0.549926,-0.0662715,1.7369
1770241723.7153,2,-0.501898,-0.376464,2.73393,0.549609,1.25393,1.66475
1770241771.38954,0,-0.148195,-0.180529,2.848,0.549441,0.900225,1.43803
1770241771.42048,2,-0.339462,-0.414883,2.71067,0.549054,1.09149,1.70966
1770241762.91995,2,1.17376,-0.44883,2.68886,0.548571,-0.421734,1.74997
1770241724.34735,2,-0.340635,-0.408673,2.7122,0.547242,1.09266,1.70353
1770241737.15876,0,-1.97266,0.0732209,2.995,0.546775,2.72469,1.14478
1770241771.38967,2,-0.301368,-0.417533,2.70575,0.546178,1.0534,1.71443
1770241724.38998,1,-0.311963,-0.410225,2.70914,0.545409,1.06399,1.70641
1770241737.08569,0,-1.97134,0.073172,2.993,0.545074,2.72337,1.14583
1770241762.95716,2,1.16951,-0.447977,2.68386,0.543821,-0.417489,1.75176
1770241721.78704,1,-0.661227,-0.409514,2.708,0.543785,1.41325,1.70637
1770241724.42018,2,-0.288233,-0.40809,2.70557,0.541267,1.04026,1.70637
1770241753.72058,2,0.807722,-0.433893,2.68638,0.538596,-0.0557002,1.73833
1770241724.69931,1,-0.147362,-0.179515,2.832,0.535118,0.899381,1.44523
1770241771.38963,1,-0.338003,-0.405687,2.699,0.534342,1.09002,1.70761
1770241771.34573,1,-0.147258,-0.179388,2.83,0.533328,0.899276,1.44614
1770241753.67558,2,0.798259,-0.431762,2.68129,0.533119,-0.0462419,1.73906
1770241771.34585,3,-0.298568,-0.412596,2.69343,0.533052,1.05059,1.71639
1770241753.61635,2,0.787977,-0.429751,2.68186,0.532589,-0.0359601,1.73704
1770241741.98711,0,-1.96146,0.0728052,2.978,0.532319,2.71348,1.15372
1770241721.81773,1,-0.658297,-0.400299,2.696,0.528777,1.41031,1.70448
1770241723.66374,1,-0.523579,-0.368181,2.71367,0.52792,1.27559,1.66783
1770241762.98843,2,1.16573,-0.442859,2.667,0.526683,-0.413721,1.75586
1770241763.05562,2,1.16512,-0.437524,2.669,0.525715,-0.413104,1.75024
1770241763.02178,2,1.16327,-0.43891,2.66714,0.52481,-0.411257,1.75237
1770241736.28901,1,-1.70993,-0.36505,2.709,0.521366,2.46193,1.66749
1770241736.25528,1,-1.70589,-0.364983,2.7085,0.520904,2.4579,1.66768
1770241724.4548,1,-0.299926,-0.390202,2.69186,0.520389,1.05193,1.69785
1770241753.52208,2,0.766876,-0.420686,2.67263,0.520027,-0.0148697,1.73388
1770241736.1892,2,-1.68637,-0.364781,2.707,0.519522,2.43838,1.66826
1770241724.42014,1,-0.327775,-0.387939,2.6922,0.51952,1.07978,1.69573
1770241736.21728,2,-1.6938,-0.364781,2.707,0.519516,2.44581,1.66826
1770241753.58933,2,0.77672,-0.426572,2.66857,0.519507,-0.0247142,1.741
1770241771.34581,2,-0.335041,-0.398718,2.68525,0.518957,1.08705,1.70854
1770241763.09049,2,1.15965,-0.436142,2.66063,0.517784,-0.407646,1.75328
1770241753.55539,2,0.772279,-0.420524,2.66588,0.514123,-0.0202772,1.73714
1770241721.87355,2,-0.625577,-0.391015,2.683,0.512894,1.37758,1.70303
1770241724.4884,1,-0.292544,-0.382636,2.68693,0.51232,1.04454,1.69381
1770241736.15631,1,-1.67768,-0.363703,2.699,0.512079,2.42968,1.67137
1770241724.72042,1,-0.146009,-0.177867,2.806,0.511844,0.89801,1.45694
1770241723.62268,1,-0.539576,-0.363979,2.69707,0.51146,1.29158,1.67258
1770241771.30384,3,-0.284285,-0.399192,2.67613,0.51136,1.03629,1.71356
1770241733.81385,1,-1.0852,-0.376949,2.68771,0.509496,1.8372,1.6885
1770241733.90165,1,-1.09251,-0.376926,2.68757,0.509356,1.84451,1.68856
1770241733.9296,2,-1.09728,-0.376134,2.68778,0.50913,1.84927,1.68777
1770241734.00163,2,-1.10889,-0.374537,2.68811,0.508603,1.86089,1.68622
1770241763.18746,2,1.15466,-0.428556,2.65418,0.508388,-0.402662,1.74998
1770241771.30372,1,-0.145801,-0.177613,2.802,0.508263,0.897799,1.45874
1770241734.01608,2,-1.11334,-0.374388,2.687,0.507564,1.86534,1.68665
1770241733.95441,1,-1.10246,-0.375132,2.68644,0.507469,1.85446,1.68758
1770241736.1214,2,-1.67067,-0.362984,2.69367,0.507118,2.42267,1.67344
1770241734.15626,2,-1.13901,-0.367359,2.68956,0.506202,1.891,1.6793
1770241736.08684,1,-1.66245,-0.362804,2.69233,0.505883,2.41445,1.67396
1770241753.41947,2,0.745032,-0.412659,2.65986,0.504936,0.00696275,1.73339
1770241763.15476,2,1.15159,-0.429078,2.6497,0.504781,-0.399598,1.75269
1770241753.45453,2,0.752173,-0.412605,2.65943,0.504544,-0.000178477,1.73356
1770241733.85747,2,-1.08623,-0.374618,2.68278,0.504058,1.83822,1.68898
1770241734.07768,1,-1.12876,-0.370799,2.68467,0.503726,1.88075,1.68473
1770241733.77416,1,-1.07847,-0.374475,2.68178,0.503128,1.83046,1.68937
1770241737.35662,0,-1.93841,0.0719496,2.943,0.502557,2.6904,1.17213
1770241734.18656,1,-1.14626,-0.364977,2.6864,0.502269,1.89826,1.67883
1770241753.48715,2,0.75474,-0.414352,2.65563,0.502145,-0.00274724,1.73699
1770241724.75328,1,-0.145437,-0.17717,2.795,0.501997,0.89743,1.46189
1770241736.05447,1,-1.65486,-0.360508,2.689,0.501853,2.40685,1.67366
1770241771.25584,1,-0.145385,-0.177106,2.794,0.501102,0.897377,1.46234
1770241763.12077,2,1.15663,-0.430025,2.64471,0.500959,-0.404635,1.75603
1770241736.01981,1,-1.64671,-0.360346,2.68775,0.500698,2.3987,1.67415
1770241733.68918,1,-1.06506,-0.373589,2.67688,0.49846,1.81705,1.69108
1770241733.71701,1,-1.06743,-0.372942,2.67667,0.497952,1.81942,1.69062
1770241734.11431,2,-1.12905,-0.366811,2.67956,0.497301,1.88104,1.68387
1770241721.92051,2,-0.626291,-0.381798,2.67013,0.497127,1.37828,1.70157
1770241735.98704,1,-1.63213,-0.358712,2.6838,0.496475,2.38412,1.67474
1770241723.59549,1,-0.561173,-0.360691,2.68077,0.495711,1.31316,1.67798
1770241734.22208,1,-1.15189,-0.359694,2.68133,0.495224,1.90388,1.67683
1770241721.8735,1,-0.658784,-0.381495,2.668,0.495114,1.41077,1.70238
1770241733.62684,1,-1.05877,-0.372479,2.67333,0.494847,1.81076,1.69191
1770241734.25572,1,-1.15761,-0.358875,2.68133,0.494806,1.90959,1.67612
1770241763.27067,2,1.14416,-0.420478,2.64023,0.492259,-0.392174,1.75005
1770241733.66709,1,-1.06055,-0.371728,2.67013,0.491697,1.81253,1.69288
1770241734.28666,2,-1.1666,-0.356279,2.67845,0.491003,1.91858,1.67534
1770241735.95387,1,-1.62113,-0.357911,2.6778,0.4909,2.37311,1.67707
1770241763.2217,2,1.14627,-0.423487,2.63683,0.490847,-0.394292,1.75436
1770241724.53198,1,-0.283941,-0.373354,2.66564,0.489267,1.03592,1.69654
1770241771.3038,2,-0.316966,-0.387258,2.65725,0.489015,1.06895,1.71278
1770241771.25598,3,-0.271011,-0.3887,2.656,0.488701,1.02299,1.71466
1770241733.55516,1,-1.04872,-0.37152,2.66644,0.488424,1.8007,1.69456
1770241763.28793,2,1.14384,-0.418671,2.63683,0.488414,-0.391862,1.75021
1770241735.92068,1,-1.61,-0.354789,2.6764,0.488125,2.36198,1.67509
1770241733.60512,1,-1.05144,-0.371103,2.66563,0.487504,1.80342,1.69461
1770241734.32028,1,-1.17203,-0.353808,2.6745,0.486338,1.92401,1.6752
1770241734.35625,1,-1.17862,-0.351535,2.67522,0.485808,1.9306,1.67287
1770241734.38862,2,-1.19409,-0.348346,2.67409,0.48321,1.94606,1.67069
1770241742.08725,0,-1.92326,0.0713873,2.92,0.482999,2.67524,1.18423
1770241733.48767,2,-1.04312,-0.370066,2.661,0.482995,1.7951,1.69605
1770241733.51941,1,-1.04196,-0.370338,2.66013,0.482378,1.79394,1.69673
1770241771.22503,1,-0.144292,-0.175775,2.773,0.482304,0.896269,1.47179
1770241734.41619,1,-1.20278,-0.345493,2.67267,0.480533,1.95476,1.66895
1770241735.84532,1,-1.58561,-0.352301,2.66875,0.480285,2.33758,1.6768
1770241753.375,1,0.734308,-0.402851,2.63657,0.479875,0.017667,1.73668
1770241723.55055,1,-0.584743,-0.356827,2.66446,0.479665,1.33672,1.68287
1770241735.88825,2,-1.59517,-0.350846,2.6688,0.479586,2.34714,1.67552
1770241763.32026,2,1.14087,-0.41217,2.63,0.479231,-0.388899,1.74804
1770241724.58094,2,-0.245464,-0.373971,2.6535,0.479128,0.997439,1.70321
1770241771.25593,2,-0.307302,-0.380973,2.64733,0.47729,1.05927,1.71236
1770241742.12216,0,-1.91799,0.0711917,2.912,0.476197,2.66996,1.18843
1770241735.80941,1,-1.57428,-0.35141,2.662,0.474017,2.32626,1.67944
1770241723.50894,2,-0.585112,-0.363967,2.65363,0.473915,1.33708,1.69451
1770241721.95576,2,-0.623459,-0.369981,2.64956,0.473408,1.37543,1.70175
1770241753.31762,2,0.721624,-0.396897,2.6325,0.473345,0.0303449,1.7336
1770241721.92047,1,-0.658084,-0.368096,2.6505,0.473244,1.41005,1.69965
1770241763.35495,2,1.14111,-0.409069,2.62423,0.472686,-0.389138,1.74828
1770241771.22514,3,-0.263682,-0.381637,2.64,0.47133,1.01565,1.71664
1770241733.44244,2,-1.03633,-0.366324,2.649,0.470753,1.7883,1.69888
1770241753.28974,2,0.719056,-0.391655,2.63163,0.469941,0.0329109,1.72951
1770241771.17718,1,-0.143564,-0.174888,2.759,0.469771,0.895531,1.47809
1770241734.48966,1,-1.21855,-0.339657,2.66345,0.469623,1.97051,1.66856
1770241742.15352,0,-1.90943,0.0708739,2.899,0.465142,2.66139,1.19527
1770241771.2251,2,-0.293895,-0.374467,2.63567,0.463946,1.04586,1.71264
1770241763.38951,2,1.13498,-0.402872,2.61646,0.462845,-0.383022,1.74685
1770241753.22075,2,0.710265,-0.385385,2.62588,0.461805,0.0416955,1.727
1770241734.51881,2,-1.22564,-0.337564,2.65511,0.461358,1.9776,1.67097
1770241724.58087,1,-0.287159,-0.353468,2.6446,0.461061,1.03912,1.69
1770241735.7504,1,-1.54597,-0.344502,2.651,0.461057,2.29793,1.67903
1770241734.54902,1,-1.23881,-0.335991,2.65556,0.460937,1.99077,1.66938
1770241738.28522,0,-1.90613,0.0707516,2.894,0.460891,2.6581,1.1979
1770241724.78688,1,-0.143043,-0.174254,2.749,0.460819,0.895003,1.4826
1770241737.82216,0,-1.90548,0.0707272,2.893,0.46004,2.65744,1.19843
1770241733.35549,2,-1.0161,-0.360425,2.63878,0.458967,1.76806,1.69895
1770241771.17728,3,-0.248525,-0.375727,2.62763,0.457676,1.00048,1.71778
1770241734.60286,1,-1.24765,-0.335421,2.6511,0.456796,1.99961,1.67114
1770241724.62062,1,-0.252369,-0.359106,2.636,0.456512,1.00433,1.69921
1770241763.41735,2,1.1353,-0.399809,2.61085,0.456452,-0.383344,1.74704
1770241733.38349,1,-1.01973,-0.360596,2.63563,0.456329,1.77169,1.70068
1770241734.61915,2,-1.25638,-0.334858,2.64656,0.452582,2.00834,1.67295
1770241737.48819,0,-1.89955,0.0705072,2.884,0.452387,2.6515,1.20316
1770241735.73358,1,-1.53347,-0.341518,2.642,0.451791,2.28542,1.681
1770241753.25386,2,0.709243,-0.386832,2.61333,0.451708,0.0427089,1.73459
1770241737.61895,0,-1.89823,0.0704583,2.882,0.450687,2.65018,1.20421
1770241771.17723,2,-0.284406,-0.364679,2.626,0.450668,1.03636,1.70907
1770241734.65465,1,-1.26979,-0.334558,2.64422,0.450406,2.02174,1.67387
1770241721.99202,2,-0.625008,-0.359083,2.62889,0.450065,1.37696,1.70278
1770241733.32258,2,-1.00827,-0.35884,2.62938,0.450057,1.76022,1.70232
1770241735.6972,1,-1.52017,-0.340975,2.6378,0.447902,2.27212,1.68265
1770241753.14406,2,0.707358,-0.375786,2.61538,0.447893,0.0445911,1.72402
1770241734.68715,2,-1.27879,-0.334055,2.6403,0.446759,2.03074,1.67541
1770241734.72052,1,-1.28847,-0.33376,2.63789,0.444521,2.04042,1.67638
1770241771.11686,1,-0.142055,-0.173049,2.73,0.443811,0.894001,1.49115
1770241733.28763,1,-1.00073,-0.355373,2.62375,0.443457,1.75268,1.70217
1770241721.95572,1,-0.655122,-0.353596,2.624,0.443051,1.40707,1.70051
1770241735.65697,1,-1.51349,-0.34029,2.6325,0.442987,2.26544,1.68473
1770241724.65606,1,-0.24429,-0.355388,2.62179,0.442371,0.996235,1.70318
1770241734.77341,1,-1.30289,-0.334124,2.63444,0.44172,2.05483,1.67843
1770241742.19334,0,-1.88901,0.070116,2.868,0.438782,2.64095,1.21158
1770241723.50882,1,-0.619226,-0.342862,2.6245,0.438092,1.37117,1.69099
1770241734.78734,1,-1.3103,-0.332856,2.6308,0.437928,2.06224,1.67917
1770241733.24355,1,-0.995538,-0.351272,2.61856,0.436907,1.74748,1.70125
1770241735.58806,1,-1.49104,-0.339295,2.6248,0.435856,2.24298,1.68776
1770241734.817,2,-1.32349,-0.332538,2.6283,0.435599,2.07543,1.68016
1770241735.61926,1,-1.50168,-0.339256,2.6245,0.435568,2.25362,1.68788
1770241733.18557,1,-0.983684,-0.350831,2.61675,0.435135,1.73562,1.70178
1770241737.8561,0,-1.88572,0.0699938,2.863,0.43453,2.63766,1.21421
1770241737.51865,0,-1.8844,0.0699449,2.861,0.432829,2.63634,1.21526
1770241724.69938,2,-0.228695,-0.348951,2.61393,0.432356,0.980632,1.70158
1770241722.01967,2,-0.622122,-0.350576,2.61333,0.432345,1.37406,1.70329
1770241723.45045,2,-0.618979,-0.358668,2.6085,0.43226,1.37092,1.71271
1770241753.18803,2,0.701754,-0.376355,2.59643,0.431821,0.0501821,1.73408
1770241735.55417,1,-1.48593,-0.335359,2.62217,0.431599,2.23787,1.68569
1770241771.11704,3,-0.218834,-0.359353,2.60688,0.431522,0.97077,1.71413
1770241771.08799,1,-0.141326,-0.172162,2.716,0.431279,0.893262,1.49745
1770241734.87935,1,-1.34566,-0.331792,2.62233,0.430054,2.0976,1.68253
1770241738.25616,0,-1.88111,0.0698226,2.856,0.428578,2.63304,1.21789
1770241734.91798,2,-1.3592,-0.331577,2.62067,0.428496,2.11113,1.68319
1770241733.15507,2,-0.975754,-0.347239,2.60988,0.427393,1.72769,1.70215
1770241738.22007,0,-1.87979,0.0697737,2.854,0.426877,2.63172,1.21894
1770241735.47444,2,-1.47304,-0.33128,2.6184,0.426299,2.22498,1.68407
1770241735.51409,1,-1.47613,-0.332363,2.6175,0.426066,2.22806,1.68546
1770241737.80385,0,-1.87913,0.0697493,2.853,0.426027,2.63106,1.21947
1770241738.18776,0,-1.87847,0.0697248,2.852,0.425176,2.6304,1.21999
1770241763.47449,2,1.1246,-0.387494,2.58167,0.425039,-0.372667,1.75114
1770241721.99198,1,-0.651127,-0.344282,2.608,0.42454,1.40306,1.70055
1770241737.65727,0,-1.87781,0.0697004,2.851,0.424326,2.62974,1.22052
1770241734.95402,1,-1.36629,-0.33183,2.61457,0.423357,2.11822,1.68648
1770241724.72057,3,-0.197368,-0.348487,2.60367,0.423284,0.949298,1.70637
1770241734.98812,2,-1.37571,-0.33154,2.61411,0.422806,2.12764,1.68646
1770241771.08813,3,-0.20489,-0.352254,2.60075,0.422662,0.95682,1.71109
1770241735.41948,1,-1.46095,-0.328829,2.61514,0.42226,2.21288,1.6836
1770241763.51976,2,1.12512,-0.382567,2.58,0.421113,-0.373188,1.74773
1770241723.42071,2,-0.637158,-0.356828,2.59513,0.419772,1.38908,1.71788
1770241735.01988,1,-1.38636,-0.329441,2.61088,0.418944,2.13828,1.68629
1770241733.0739,1,-0.964044,-0.341777,2.6025,0.418279,1.71597,1.70116
1770241735.05322,1,-1.39222,-0.329344,2.61013,0.418243,2.14415,1.68658
1770241771.117,2,-0.251406,-0.352111,2.59533,0.417877,1.00333,1.7137
1770241735.3202,1,-1.44868,-0.326794,2.61117,0.41781,2.2006,1.68385
1770241735.11652,2,-1.41335,-0.327842,2.61,0.41736,2.16527,1.68535
1770241753.10926,2,0.698427,-0.368466,2.584,0.417107,0.0534975,1.73354
1770241735.08892,2,-1.40348,-0.328357,2.60938,0.417088,2.15541,1.68611
1770241733.12076,2,-0.96737,-0.34175,2.60078,0.416776,1.7193,1.70201
1770241735.21779,2,-1.43037,-0.325879,2.608,0.414629,2.18229,1.68466
1770241735.17469,1,-1.42793,-0.325792,2.60729,0.413971,2.17986,1.68495
1770241735.38709,1,-1.45609,-0.324669,2.60643,0.412641,2.20801,1.68441
1770241735.2559,1,-1.43653,-0.323814,2.6065,0.412287,2.18845,1.68364
1770241735.35357,1,-1.44922,-0.323495,2.60625,0.4119,2.20114,1.68349
1770241732.41658,2,-0.868364,-0.324797,2.60483,0.411797,1.62028,1.68533
1770241735.30118,2,-1.44336,-0.324278,2.60538,0.411545,2.19528,1.68461
1770241722.05407,1,-0.620411,-0.340273,2.5937,0.410197,1.37233,1.70431
1770241771.08808,2,-0.236613,-0.344186,2.58933,0.408709,0.988531,1.70989
1770241742.27598,0,-1.86464,0.0692114,2.831,0.407319,2.61656,1.23104
1770241732.99851,2,-0.943603,-0.333778,2.59433,0.407207,1.69552,1.69838
1770241732.92173,1,-0.935104,-0.331254,2.5955,0.406947,1.68702,1.69561
1770241763.5533,2,1.12368,-0.377494,2.566,0.406466,-0.371768,1.75042
1770241732.58946,1,-0.891529,-0.322767,2.59943,0.406088,1.64344,1.6863
1770241724.72052,2,-0.240551,-0.330563,2.59383,0.405713,0.992467,1.69586
1770241732.47524,1,-0.877068,-0.322726,2.599,0.405709,1.62898,1.68648
1770241733.01925,2,-0.949683,-0.33572,2.59013,0.40455,1.7016,1.70218
1770241771.04638,3,-0.189404,-0.342917,2.584,0.403502,0.941318,1.71149
1770241737.98817,0,-1.86135,0.0690892,2.826,0.403067,2.61326,1.23367
1770241724.75335,2,-0.200484,-0.333721,2.5888,0.402994,0.952397,1.70113
1770241732.52097,1,-0.87597,-0.322275,2.59543,0.402399,1.62788,1.6879
1770241732.35509,1,-0.854384,-0.322196,2.59486,0.401883,1.6063,1.68812
1770241732.88915,2,-0.929229,-0.328533,2.591,0.401693,1.68114,1.69554
1770241722.10337,1,-0.624157,-0.334245,2.58567,0.400216,1.37607,1.70316
1770241732.954,2,-0.93673,-0.332544,2.58625,0.399612,1.68864,1.7014
1770241723.39055,3,-0.657795,-0.352688,2.5735,0.398998,1.40971,1.72522
1770241723.45041,1,-0.65871,-0.338451,2.58167,0.398859,1.41062,1.70881
1770241732.32062,1,-0.84932,-0.322983,2.59033,0.39838,1.60123,1.69108
1770241732.82692,1,-0.920136,-0.325919,2.58844,0.398175,1.67205,1.69457
1770241722.01962,1,-0.651975,-0.333891,2.583,0.397714,1.40388,1.7042
1770241753.03187,2,0.701881,-0.354994,2.56888,0.397253,0.0500275,1.72955
1770241732.85657,1,-0.926075,-0.32723,2.58625,0.396938,1.67798,1.69681
1770241763.58937,2,1.12178,-0.372005,2.55615,0.395194,-0.369869,1.75065
1770241732.6172,1,-0.891199,-0.320193,2.58678,0.393869,1.64311,1.69047
1770241732.38714,1,-0.858524,-0.321101,2.586,0.393682,1.61043,1.69165
1770241732.7878,2,-0.913894,-0.323012,2.58411,0.392972,1.6658,1.69425
1770241752.98956,2,0.700141,-0.354134,2.56263,0.391422,0.0517635,1.73196
1770241732.55588,1,-0.879144,-0.319838,2.584,0.391301,1.63105,1.69156
1770241732.75346,1,-0.910704,-0.321539,2.582,0.390409,1.66261,1.69404
1770241732.08826,2,-0.807856,-0.315623,2.58271,0.38812,1.55976,1.68858
1770241732.71917,1,-0.904883,-0.319398,2.5804,0.387951,1.65679,1.693
1770241771.04634,2,-0.218551,-0.332469,2.572,0.387846,0.970452,1.70853
1770241732.68098,1,-0.899764,-0.319349,2.58,0.387585,1.65167,1.69316
1770241723.3555,2,-0.667648,-0.345208,2.56178,0.385095,1.41955,1.72468
1770241723.42068,1,-0.676022,-0.336482,2.56667,0.384903,1.42792,1.71468
1770241724.78696,2,-0.184641,-0.324138,2.57287,0.384415,0.93654,1.7009
1770241722.12199,1,-0.617444,-0.329165,2.56971,0.383887,1.36934,1.70683
1770241732.12008,1,-0.813462,-0.315063,2.57814,0.383887,1.56536,1.6904
1770241732.25107,1,-0.833854,-0.31675,2.57543,0.38238,1.58575,1.69323
1770241722.17248,1,-0.623203,-0.327027,2.56886,0.382063,1.3751,1.70542
1770241723.39046,2,-0.695609,-0.335746,2.561,0.379625,1.4475,1.71691
1770241732.18746,1,-0.81904,-0.314473,2.57329,0.379392,1.57094,1.69234
1770241732.15426,1,-0.815454,-0.313786,2.57317,0.378945,1.56735,1.69181
1770241732.22436,2,-0.82491,-0.315023,2.56957,0.376459,1.5768,1.69469
1770241763.62373,2,1.11668,-0.363871,2.53715,0.374682,-0.364788,1.75322
1770241724.8356,2,-0.169101,-0.315399,2.56667,0.374663,0.920992,1.69648
1770241732.04171,1,-0.795988,-0.311729,2.56729,0.372846,1.54788,1.693
1770241771.04624,1,-0.137788,-0.167852,2.648,0.370407,0.889676,1.52806
1770241723.32054,2,-0.681386,-0.338014,2.54725,0.368912,1.43327,1.72581
1770241752.95551,2,0.692413,-0.349314,2.53413,0.364381,0.05947,1.74219
1770241763.65675,2,1.11483,-0.360272,2.52692,0.364033,-0.362945,1.75528
1770241770.98662,3,-0.148936,-0.317848,2.549,0.360666,0.900816,1.70752
1770241770.98658,2,-0.181471,-0.315255,2.547,0.357605,0.933348,1.70629
1770241724.83549,1,-0.136903,-0.166774,2.631,0.355189,0.888779,1.53571
1770241723.27845,2,-0.695528,-0.330783,2.535,0.354676,1.4474,1.72575
1770241752.89277,1,0.690097,-0.342958,2.52575,0.353941,0.0617773,1.74093
1770241731.98459,1,-0.783123,-0.306432,2.54843,0.353904,1.535,1.69795
1770241724.8806,2,-0.129916,-0.299098,2.55044,0.352456,0.881789,1.69061
1770241763.6885,2,1.11525,-0.352558,2.51783,0.352292,-0.36338,1.75321
1770241723.35546,1,-0.705262,-0.327363,2.5325,0.350784,1.45713,1.72406
1770241752.93325,2,0.687833,-0.345422,2.51929,0.349603,0.0640383,1.74632
1770241742.45419,0,-1.81788,0.0674756,2.76,0.346945,2.56975,1.26838
1770241731.85406,1,-0.762664,-0.309559,2.5385,0.346929,1.51453,1.70566
1770241731.92011,1,-0.773281,-0.306311,2.53914,0.345835,1.52515,1.70253
1770241722.25258,1,-0.642498,-0.315953,2.5315,0.34421,1.39436,1.71472
1770241731.9556,2,-0.776269,-0.305936,2.53733,0.344082,1.52814,1.70312
1770241731.82129,1,-0.758612,-0.307028,2.53657,0.343989,1.51048,1.70445
1770241724.92008,2,-0.102424,-0.293772,2.54224,0.342711,0.85429,1.69015
1770241731.889,2,-0.765264,-0.305898,2.53571,0.342673,1.51713,1.70391
1770241722.21487,2,-0.63378,-0.318096,2.52788,0.34217,1.38564,1.7184
1770241722.28943,1,-0.648678,-0.31562,2.529,0.341879,1.40054,1.71569
1770241752.85575,2,0.686798,-0.339592,2.51363,0.341773,0.065067,1.74415
1770241763.72165,2,1.11644,-0.348889,2.50654,0.340691,-0.364573,1.75575
1770241770.95629,3,-0.133943,-0.308582,2.53033,0.339886,0.885806,1.70894
1770241770.95626,2,-0.166173,-0.305844,2.527,0.335601,0.918033,1.70826
1770241742.48765,0,-1.80865,0.0671334,2.746,0.33504,2.56051,1.27574
1770241724.95348,1,-0.0850417,-0.289409,2.53289,0.332457,0.836899,1.6911
1770241723.24406,2,-0.717798,-0.316572,2.51575,0.330867,1.46965,1.7232
1770241752.78747,2,0.683845,-0.333006,2.503,0.329274,0.0680094,1.74382
1770241724.88051,1,-0.135394,-0.164936,2.602,0.32923,0.887249,1.54876
1770241724.98708,0,-0.135394,-0.164936,2.602,0.32923,0.887249,1.54876
1770241723.32046,1,-0.716592,-0.317747,2.51133,0.327648,1.46845,1.72645
1770241770.92178,2,-0.119804,-0.303912,2.51813,0.327002,0.871658,1.71107
1770241723.27841,1,-0.733878,-0.314317,2.5115,0.326047,1.48573,1.7234
1770241731.77594,1,-0.74613,-0.302774,2.518,0.325821,1.49798,1.71015
1770241752.82213,2,0.682491,-0.333171,2.49788,0.324932,0.0693597,1.74655
1770241731.68604,1,-0.725421,-0.299844,2.51814,0.324481,1.47727,1.70755
1770241722.33527,1,-0.655502,-0.30959,2.5105,0.32286,1.40735,1.71982
1770241731.71736,1,-0.731685,-0.300546,2.51586,0.322858,1.48354,1.70931
1770241752.76727,2,0.68204,-0.330394,2.49625,0.322127,0.0698086,1.74498
1770241725.02174,1,-0.0386186,-0.285558,2.52279,0.321824,0.790468,1.69288
1770241724.98717,1,-0.0642485,-0.28333,2.52235,0.320305,0.816096,1.69117
1770241752.67937,2,0.682101,-0.324417,2.49638,0.319218,0.0697455,1.73975
1770241731.48509,1,-0.679065,-0.298375,2.51267,0.319049,1.43091,1.70905
1770241724.91999,1,-0.13477,-0.164175,2.59,0.318488,0.886616,1.55417
1770241730.75586,2,-0.334756,-0.311572,2.50338,0.317965,1.0866,1.72513
1770241731.62049,1,-0.709793,-0.297105,2.51171,0.317562,1.46164,1.70843
1770241731.58759,2,-0.702613,-0.29699,2.51071,0.316646,1.45446,1.70884
1770241731.53997,2,-0.695598,-0.296937,2.51029,0.316255,1.44744,1.70901
1770241730.78705,2,-0.353404,-0.309672,2.50188,0.315697,1.10525,1.72425
1770241724.95338,0,-0.134562,-0.163922,2.586,0.314907,0.886405,1.55597
1770241722.21483,1,-0.666667,-0.303181,2.505,0.314868,1.41851,1.71707
1770241763.75581,2,1.10755,-0.339717,2.48192,0.314805,-0.355708,1.76026
1770241763.80149,2,1.11439,-0.337992,2.48264,0.314561,-0.362549,1.75841
1770241731.65539,2,-0.715636,-0.296676,2.508,0.314134,1.46748,1.70994
1770241770.98648,1,-0.134406,-0.163731,2.583,0.312221,0.886247,1.55732
1770241725.05457,2,-0.0187328,-0.283468,2.51286,0.312214,0.770574,1.69609
1770241752.72094,1,0.679135,-0.324716,2.48563,0.310087,0.0727043,1.74544
1770241730.72042,1,-0.312944,-0.310411,2.494,0.309304,1.06478,1.72886
1770241750.98733,2,0.144052,-0.308714,2.49411,0.308907,0.607787,1.72734
1770241722.42342,1,-0.665523,-0.295822,2.50089,0.307605,1.41736,1.71279
1770241730.85583,2,-0.388575,-0.303789,2.49588,0.307519,1.14041,1.7222
1770241730.89073,2,-0.404852,-0.303016,2.49557,0.306854,1.15669,1.72169
1770241730.58732,2,-0.233219,-0.309341,2.49129,0.306484,0.985056,1.72931
1770241723.15418,2,-0.73276,-0.300602,2.49622,0.305936,1.4846,1.71927
1770241730.97383,1,-0.45813,-0.290759,2.50163,0.305849,1.20997,1.70805
1770241752.58432,1,0.672292,-0.316201,2.48563,0.305782,0.0795435,1.73809
1770241751.32266,2,0.242289,-0.307645,2.4909,0.305674,0.509547,1.72804
1770241730.67531,2,-0.291836,-0.309822,2.48925,0.304923,1.04367,1.73075
1770241722.37659,1,-0.657548,-0.298321,2.49622,0.304844,1.40938,1.71731
1770241731.2403,1,-0.596652,-0.292245,2.49967,0.304799,1.34849,1.71032
1770241750.89007,2,0.124176,-0.302491,2.49289,0.304695,0.627659,1.72259
1770241730.61793,1,-0.250011,-0.308982,2.48938,0.30464,1.00185,1.72996
1770241730.91775,2,-0.422845,-0.296971,2.49613,0.304266,1.17468,1.71619
1770241751.28663,2,0.226407,-0.308783,2.48844,0.304116,0.525427,1.73026
1770241731.12068,1,-0.529038,-0.289807,2.49971,0.303663,1.28087,1.70819
1770241731.05566,1,-0.493713,-0.288785,2.49943,0.302928,1.24555,1.70746
1770241731.01961,1,-0.47398,-0.289699,2.49886,0.302912,1.22581,1.70853
1770241751.03635,2,0.150498,-0.307908,2.48756,0.302846,0.601335,1.72996
1770241731.18542,1,-0.563132,-0.28969,2.49871,0.302713,1.31497,1.7086
1770241722.45479,2,-0.671221,-0.293758,2.49633,0.302626,1.42306,1.71331
1770241730.8202,2,-0.36851,-0.307915,2.48771,0.302574,1.12034,1.72988
1770241731.08738,1,-0.510667,-0.288693,2.49863,0.302175,1.2625,1.70778
1770241723.19363,1,-0.734409,-0.302613,2.49042,0.301939,1.48624,1.72394
1770241731.15538,1,-0.546284,-0.290199,2.49688,0.301396,1.29812,1.70997
1770241725.08711,2,-0.00116411,-0.283108,2.50031,0.301213,0.752997,1.70211
1770241752.65415,1,0.668728,-0.320315,2.47786,0.301151,0.0831046,1.74556
1770241751.0633,2,0.157918,-0.30836,2.48511,0.300971,0.593914,1.73158
1770241731.41956,1,-0.656642,-0.29489,2.493,0.300332,1.40847,1.71597
1770241770.89169,2,-0.0973607,-0.292195,2.49383,0.300136,0.849192,1.71322
1770241751.08983,2,0.165422,-0.308899,2.48344,0.29981,0.586409,1.73289
1770241763.82289,2,1.11207,-0.331271,2.46886,0.299266,-0.360241,1.75956
1770241751.24341,2,0.21306,-0.308773,2.48244,0.298921,0.53877,1.73328
1770241731.28612,1,-0.608795,-0.291482,2.49317,0.298793,1.36063,1.71294
1770241751.43526,2,0.284798,-0.302197,2.4856,0.298383,0.467032,1.72601
1770241722.49978,2,-0.677856,-0.292238,2.49225,0.298328,1.42969,1.71406
1770241750.77881,2,0.103534,-0.29523,2.48944,0.298039,0.648296,1.71806
1770241722.52963,2,-0.684448,-0.292133,2.49138,0.297515,1.43628,1.71441
1770241731.46744,2,-0.666087,-0.294522,2.48983,0.297405,1.41792,1.71725
1770241731.32041,1,-0.621735,-0.293191,2.4902,0.297085,1.37356,1.71592
1770241730.51911,2,-0.192603,-0.302607,2.48414,0.296951,0.944432,1.7271
1770241722.63146,1,-0.700912,-0.292636,2.49043,0.296939,1.45274,1.71532
1770241722.55676,1,-0.691108,-0.292062,2.49075,0.296934,1.44294,1.71467
1770241751.18512,1,0.1924,-0.308396,2.47944,0.296125,0.559428,1.73447
1770241751.12174,2,0.171975,-0.308383,2.47933,0.296006,0.579853,1.73452
1770241730.61786,0,-0.133417,-0.162527,2.564,0.295213,0.885245,1.56587
1770241722.58739,1,-0.69738,-0.291854,2.48888,0.295205,1.44921,1.71543
1770241751.35487,2,0.254197,-0.305552,2.4796,0.294873,0.49763,1.73194
1770241742.57537,0,-1.77704,0.0659599,2.698,0.294224,2.52887,1.30099
1770241752.45406,2,0.662924,-0.30902,2.476,0.293841,0.0889027,1.73675
1770241730.55554,1,-0.206942,-0.303092,2.48014,0.293732,0.958769,1.72954
1770241723.24401,1,-0.753112,-0.297243,2.484,0.293673,1.50494,1.72254
1770241723.12225,2,-0.736303,-0.294721,2.48511,0.293373,1.48813,1.71981
1770241751.52072,2,0.337854,-0.293882,2.4845,0.293277,0.413972,1.71939
1770241731.35435,1,-0.632971,-0.292691,2.486,0.293198,1.3848,1.71761
1770241722.72037,1,-0.713237,-0.289982,2.48763,0.293169,1.46506,1.71445
1770241750.81922,2,0.1101,-0.294593,2.484,0.293023,0.641726,1.72026
1770241750.95588,2,0.134783,-0.305184,2.47778,0.293019,0.617043,1.73254
1770241770.95618,1,-0.133261,-0.162337,2.561,0.292528,0.885087,1.56722
1770241751.15842,2,0.179245,-0.308607,2.47511,0.29248,0.572581,1.73684
1770241722.78614,1,-0.719844,-0.289893,2.48688,0.292471,1.47167,1.71475
1770241730.47838,2,-0.166113,-0.296336,2.48057,0.290724,0.917937,1.72349
1770241722.67623,2,-0.709094,-0.289397,2.485,0.290611,1.46092,1.71527
1770241751.45528,1,0.301698,-0.298568,2.4782,0.290176,0.450125,1.72662
1770241723.09777,1,-0.73545,-0.292847,2.48222,0.289934,1.48727,1.71965
1770241751.62124,1,0.393628,-0.288324,2.4836,0.289739,0.358195,1.71505
1770241750.92202,2,0.129381,-0.299612,2.47544,0.288187,0.622441,1.72891
1770241731.39078,1,-0.639715,-0.291439,2.48029,0.287628,1.39154,1.71941
1770241752.57115,1,0.667017,-0.312873,2.46613,0.287266,0.0848043,1.74506
1770241752.43488,1,0.654286,-0.307348,2.46925,0.287163,0.0975356,1.73871
1770241750.62098,2,0.0631687,-0.281765,2.48456,0.286989,0.688652,1.7089
1770241722.75307,2,-0.71668,-0.287983,2.4807,0.286179,1.4685,1.71622
1770241752.48854,2,0.66058,-0.307904,2.46713,0.285615,0.0912396,1.74027
1770241751.55495,1,0.356242,-0.292032,2.4747,0.283898,0.395576,1.72274
1770241725.12453,1,0.0140744,-0.279071,2.48243,0.283754,0.737744,1.70765
1770241751.75349,2,0.467091,-0.280336,2.4792,0.281967,0.284726,1.71037
1770241722.84301,1,-0.719994,-0.287542,2.47544,0.281417,1.47181,1.71849
1770241722.95499,2,-0.732859,-0.291052,2.47333,0.281357,1.48468,1.72259
1770241722.8876,1,-0.726092,-0.291023,2.47311,0.281156,1.47791,1.72267
1770241770.84905,2,-0.083898,-0.286014,2.47523,0.280968,0.835714,1.71728
1770241751.38819,2,0.266591,-0.300716,2.46611,0.280797,0.485226,1.73457
1770241752.38738,2,0.652437,-0.305665,2.46238,0.280378,0.0993789,1.74073
1770241723.00042,1,-0.732373,-0.291615,2.47178,0.280299,1.48419,1.72386
1770241751.82103,2,0.500612,-0.280055,2.4767,0.279693,0.251203,1.71139
1770241750.85413,2,0.113152,-0.296388,2.46744,0.279641,0.638664,1.73017
1770241752.52777,2,0.658588,-0.308672,2.45975,0.279635,0.0932274,1.74465
1770241752.05324,2,0.590553,-0.292811,2.46889,0.279462,0.161262,1.72635
1770241751.71976,2,0.448916,-0.279339,2.47645,0.279079,0.302899,1.7109
1770241742.78592,0,-1.76518,0.0655198,2.68,0.278917,2.517,1.31046
1770241750.68369,2,0.0809813,-0.285007,2.47322,0.278857,0.670833,1.71742
1770241752.22441,2,0.625858,-0.299879,2.46375,0.278623,0.125957,1.73504
1770241723.06733,1,-0.73569,-0.291151,2.46957,0.278157,1.4875,1.72457
1770241722.91954,1,-0.7284,-0.291912,2.46786,0.277067,1.48021,1.72609
1770241752.26387,1,0.632158,-0.299672,2.462,0.277013,0.119655,1.73575
1770241763.87253,2,1.10881,-0.324929,2.44664,0.276887,-0.357,1.7653
1770241751.78703,1,0.485052,-0.278361,2.4737,0.276236,0.26676,1.71145
1770241752.09469,2,0.594654,-0.294006,2.46413,0.275956,0.157158,1.72978
1770241751.49894,2,0.315636,-0.292215,2.4649,0.275499,0.436176,1.72785
1770241751.58979,2,0.370872,-0.286502,2.468,0.275335,0.38094,1.72135
1770241725.15413,1,0.0311362,-0.281351,2.47115,0.275186,0.720676,1.71531
1770241723.0213,1,-0.734675,-0.290747,2.46614,0.274995,1.48649,1.72595
1770241751.91714,2,0.544905,-0.284493,2.468,0.274459,0.206906,1.71962
1770241750.51996,2,0.036279,-0.271162,2.4761,0.274316,0.715532,1.70402
1770241750.65656,2,0.0715151,-0.28195,2.46975,0.274309,0.680296,1.71654
1770241752.2992,2,0.637923,-0.2992,2.45813,0.273434,0.113887,1.7373
1770241730.41738,2,-0.123513,-0.286787,2.46543,0.272865,0.875323,1.7229
1770241722.45474,1,-0.704811,-0.278605,2.47,0.272218,1.45662,1.71352
1770241752.35547,2,0.643516,-0.303746,2.45388,0.272065,0.108293,1.74337
1770241752.32214,2,0.64064,-0.300204,2.45567,0.271821,0.111169,1.73941
1770241750.56744,2,0.0450654,-0.272696,2.4717,0.271299,0.706743,1.70757
1770241752.12255,1,0.604306,-0.293347,2.45863,0.270884,0.147502,1.73199
1770241750.74115,1,0.0941585,-0.286821,2.46278,0.270768,0.65765,1.72426
1770241750.58643,2,0.0529928,-0.276908,2.46822,0.27043,0.698815,1.71296
1770241725.18781,2,0.0519842,-0.282344,2.465,0.270392,0.699824,1.71928
1770241730.58722,1,-0.131908,-0.160689,2.535,0.269253,0.883715,1.57892
1770241751.67579,1,0.427305,-0.278693,2.46545,0.26924,0.324502,1.71589
1770241752.01798,1,0.575983,-0.2895,2.4588,0.26907,0.175824,1.72858
1770241763.88397,2,1.10688,-0.3198,2.43785,0.266702,-0.355076,1.76532
1770241722.49974,1,-0.709862,-0.277929,2.464,0.266693,1.46167,1.71597
1770241770.92171,1,-0.131752,-0.160499,2.532,0.266568,0.883557,1.58027
1770241751.85438,1,0.511877,-0.27905,2.462,0.266506,0.239927,1.71795
1770241750.4163,2,0.0104154,-0.265114,2.4705,0.266408,0.741389,1.70163
1770241722.5296,1,-0.716335,-0.277816,2.463,0.265768,1.46814,1.71638
1770241752.18767,1,0.615169,-0.297514,2.45014,0.265674,0.136635,1.73987
1770241752.15884,1,0.611466,-0.293702,2.45057,0.264117,0.140337,1.73636
1770241723.15411,1,-0.765626,-0.280694,2.4585,0.263297,1.51743,1.72113
1770241751.88987,1,0.527427,-0.281401,2.455,0.261663,0.224373,1.72351
1770241751.97323,2,0.563404,-0.284875,2.4481,0.257489,0.188393,1.72999
1770241750.47456,2,0.0282683,-0.267608,2.458,0.256891,0.723529,1.71009
1770241770.7847,2,-0.0535201,-0.276137,2.44791,0.252421,0.805314,1.72255
1770241750.32255,2,-0.0192244,-0.257496,2.45533,0.249447,0.771016,1.70271
1770241723.12222,1,-0.764789,-0.275786,2.445,0.249167,1.51658,1.72371
1770241742.92068,0,-1.74147,0.0646397,2.644,0.248305,2.49326,1.32939
1770241730.38707,1,-0.0893465,-0.274087,2.44433,0.248271,0.841137,1.72258
1770241750.38883,1,-0.00120853,-0.261491,2.45078,0.247546,0.752998,1.70846
1770241742.84041,0,-1.7395,0.0645664,2.641,0.245754,2.49129,1.33097
1770241763.94008,2,1.10924,-0.307714,2.41592,0.241678,-0.357451,1.76595
1770241750.35367,2,-0.0116222,-0.257277,2.44633,0.241573,0.763407,1.70706
1770241742.96412,0,-1.73489,0.0643952,2.634,0.239802,2.48667,1.33465
1770241725.18777,1,0.00530848,-0.263568,2.4405,0.239728,0.746475,1.71544
1770241770.89162,1,-0.130191,-0.158597,2.502,0.239713,0.881974,1.59378
1770241725.21721,2,0.0502329,-0.274071,2.43415,0.239588,0.70155,1.72771
1770241750.28747,2,-0.0272906,-0.254691,2.44289,0.237282,0.779072,1.70657
1770241722.95495,1,-0.76041,-0.274206,2.431,0.236288,1.51219,1.72942
1770241770.84895,1,-0.129827,-0.158153,2.495,0.233446,0.881605,1.59693
1770241730.55544,0,-0.129618,-0.1579,2.491,0.229866,0.881394,1.59873
1770241763.98713,2,1.11015,-0.301313,2.40587,0.229767,-0.358376,1.7655
1770241743.0556,0,-1.72237,0.0639307,2.615,0.223645,2.47414,1.34464
1770241750.26124,2,-0.0338295,-0.252017,2.42625,0.221564,0.785599,1.71266
1770241730.35541,1,-0.0568885,-0.265391,2.4171,0.220399,0.808657,1.72882
1770241725.27522,1,0.0720495,-0.267579,2.41491,0.219715,0.679718,1.73182
1770241764.02061,1,1.11258,-0.295296,2.39693,0.219016,-0.360813,1.76482
1770241770.75701,2,-0.0383405,-0.266918,2.41409,0.218587,0.790107,1.73166
1770241750.18781,2,-0.0562873,-0.246863,2.4245,0.217434,0.808053,1.7091
1770241730.38698,0,-0.128838,-0.156949,2.476,0.216438,0.880603,1.60548
1770241750.15927,2,-0.0654892,-0.247316,2.42167,0.215209,0.817253,1.71092
1770241770.7315,2,-0.0247933,-0.263286,2.41211,0.215055,0.776557,1.72953
1770241750.21986,2,-0.0488706,-0.24711,2.4205,0.214111,0.800634,1.71133
1770241730.47829,1,-0.128682,-0.156759,2.473,0.213753,0.880445,1.60683
1770241730.51902,1,-0.128682,-0.156759,2.473,0.213753,0.880445,1.60683
1770241729.25395,1,0.72111,-0.280444,2.39863,0.21267,0.0306515,1.75115
1770241730.3207,2,-0.0320834,-0.259055,2.40711,0.208598,0.783842,1.7284
1770241770.68901,2,-0.0135856,-0.257431,2.40436,0.205421,0.765342,1.72838
1770241729.31843,2,0.6732,-0.273088,2.392,0.2032,0.0785543,1.74814
1770241730.4173,1,-0.127953,-0.155871,2.459,0.20122,0.879706,1.61313
1770241764.05512,1,1.109,-0.288887,2.37907,0.200363,-0.357248,1.7683
1770241725.32037,1,0.0757767,-0.25867,2.39623,0.199097,0.675975,1.73356
1770241729.2873,1,0.694184,-0.276328,2.38533,0.199097,0.0575667,1.7543
1770241729.22046,1,0.739748,-0.276989,2.38456,0.198796,0.012003,1.75527
1770241729.3766,2,0.6234,-0.263778,2.39022,0.196925,0.128349,1.741
1770241730.27396,2,-0.00835256,-0.251942,2.3965,0.195866,0.760101,1.72762
1770241729.18677,1,0.760823,-0.276502,2.37875,0.193556,-0.00907661,1.75778
1770241750.15919,1,-0.127485,-0.155301,2.45,0.193164,0.879232,1.61718
1770241729.15536,1,0.783408,-0.270411,2.37789,0.189755,-0.0316649,1.75295
1770241729.45558,1,0.576335,-0.252209,2.3885,0.189561,0.175408,1.73188
1770241764.10127,2,1.10919,-0.283589,2.36964,0.189549,-0.357447,1.76849
1770241743.16351,0,-1.69537,0.0629284,2.574,0.188781,2.44711,1.36621
1770241750.11949,2,-0.0806352,-0.240807,2.392,0.186303,0.832376,1.72028
1770241770.6212,2,0.0133329,-0.245905,2.38622,0.183964,0.738406,1.72759
1770241764.11645,2,1.11197,-0.2789,2.36557,0.18367,-0.360227,1.7665
1770241729.42052,1,0.600777,-0.257128,2.37843,0.18337,0.150962,1.74121
1770241750.07587,2,-0.0925022,-0.236293,2.39008,0.182354,0.84424,1.71735
1770241729.11977,1,0.804686,-0.265702,2.37082,0.181291,-0.0529494,1.75246
1770241725.35628,2,0.0831458,-0.251066,2.37692,0.178597,0.668589,1.73674
1770241729.08955,2,0.820996,-0.259501,2.362,0.170562,-0.0692673,1.75156
1770241770.58773,2,0.0245192,-0.239912,2.37355,0.170004,0.727209,1.72882
1770241764.17654,2,1.11331,-0.271384,2.35271,0.168778,-0.361579,1.7665
1770241729.50349,2,0.550791,-0.242476,2.3684,0.167276,0.200934,1.73363
1770241725.40058,2,0.086019,-0.244834,2.36627,0.166255,0.665706,1.73674
1770241727.65519,1,0.89992,-0.258023,2.35693,0.165501,-0.148196,1.75284
1770241730.18764,1,0.0605275,-0.24594,2.3642,0.165009,0.691197,1.73874
1770241725.41988,1,0.0954349,-0.240529,2.36686,0.164599,0.656289,1.73273
1770241730.15397,2,0.0844281,-0.246875,2.36067,0.16245,0.667294,1.74133
1770241727.68973,1,0.907124,-0.257266,2.351,0.160007,-0.155404,1.75518
1770241770.54345,2,0.0385833,-0.23363,2.36382,0.158447,0.713136,1.72831
1770241750.01716,1,-0.111934,-0.227463,2.36736,0.158275,0.863653,1.72119
1770241727.71625,1,0.915379,-0.258406,2.34792,0.157933,-0.163661,1.75772
1770241764.22108,2,1.11519,-0.266734,2.34269,0.157781,-0.363469,1.76755
1770241729.55566,1,0.502679,-0.23408,2.3622,0.157647,0.249039,1.72951
1770241727.62119,1,0.887698,-0.255788,2.34907,0.15758,-0.13598,1.75488
1770241727.58729,1,0.88035,-0.255304,2.349,0.157269,-0.128632,1.7545
1770241729.05582,1,0.837403,-0.252675,2.35014,0.156893,-0.0856861,1.75165
1770241730.12015,1,0.107426,-0.24673,2.3532,0.15595,0.644291,1.74498
1770241729.58728,1,0.474532,-0.232015,2.361,0.155546,0.277184,1.72834
1770241729.52219,2,0.52373,-0.236198,2.3577,0.154849,0.227986,1.73361
1770241750.1194,1,-0.125248,-0.152575,2.407,0.154672,0.876963,1.63654
1770241727.55389,1,0.869917,-0.251863,2.347,0.153797,-0.118202,1.75254
1770241727.52015,1,0.861964,-0.249737,2.34421,0.150312,-0.110252,1.75211
1770241764.25493,2,1.11115,-0.262899,2.33464,0.148893,-0.359437,1.7683
1770241725.455,2,0.101258,-0.232637,2.35279,0.148473,0.650453,1.73302
1770241730.10366,1,0.126402,-0.245857,2.345,0.148446,0.625309,1.74836
1770241727.7787,2,0.936109,-0.258493,2.33636,0.14801,-0.184399,1.76363
1770241727.48746,2,0.854856,-0.244594,2.34377,0.147326,-0.103146,1.74789
1770241770.48733,2,0.0672183,-0.222838,2.35564,0.145959,0.684491,1.72312
1770241727.82057,1,0.951012,-0.256481,2.33471,0.145588,-0.199303,1.76273
1770241729.02221,1,0.856732,-0.247468,2.33993,0.145463,-0.105024,1.75231
1770241725.48674,2,0.117643,-0.227743,2.352,0.145337,0.634065,1.72919
1770241727.86261,1,0.966638,-0.256375,2.334,0.14493,-0.214931,1.76299
1770241749.98865,2,-0.119021,-0.219821,2.35518,0.143895,0.870728,1.72075
1770241727.88932,1,0.980445,-0.253984,2.331,0.141144,-0.228741,1.76245
1770241770.45767,2,0.0815669,-0.217629,2.3527,0.140806,0.670138,1.72011
1770241725.52015,2,0.120784,-0.223655,2.3486,0.14034,0.630921,1.72738
1770241749.95494,1,-0.12993,-0.218849,2.351,0.139786,0.881634,1.72202
1770241727.45589,1,0.84801,-0.238472,2.33715,0.13852,-0.0963072,1.74595
1770241764.2877,1,1.10938,-0.259353,2.32394,0.137861,-0.357678,1.77064
1770241750.07579,1,-0.124259,-0.151371,2.388,0.137663,0.875961,1.64509
1770241730.01949,1,0.169532,-0.246669,2.33189,0.137573,0.58217,1.75568
1770241730.05365,2,0.147393,-0.246646,2.33144,0.13716,0.604309,1.75589
1770241729.98759,1,0.189699,-0.244509,2.3321,0.13668,0.562002,1.75371
1770241749.92209,2,-0.142945,-0.214825,2.34911,0.136114,0.894646,1.7195
1770241729.94011,1,0.21273,-0.241963,2.3321,0.135413,0.53897,1.75151
1770241729.6919,1,0.396486,-0.226715,2.34,0.134681,0.355214,1.73436
1770241729.64357,1,0.421463,-0.226049,2.3396,0.134019,0.330237,1.73399
1770241725.4867,1,0.0694936,-0.214726,2.346,0.133548,0.682205,1.72098
1770241729.7201,1,0.375819,-0.225382,2.3393,0.133388,0.37588,1.73357
1770241725.52013,1,0.0743398,-0.213148,2.3465,0.133187,0.677359,1.71937
1770241764.32083,2,1.11072,-0.254925,2.32036,0.132536,-0.359024,1.76863
1770241729.85596,2,0.278915,-0.2313,2.3343,0.131982,0.472783,1.7412
1770241743.39619,0,-1.65058,0.0612659,2.506,0.130958,2.40228,1.40197
1770241729.81955,1,0.301117,-0.2279,2.3324,0.128643,0.450578,1.73922
1770241727.92176,1,0.992622,-0.250162,2.31857,0.128496,-0.240928,1.76542
1770241729.76852,2,0.349266,-0.224806,2.3334,0.127983,0.402428,1.73605
1770241727.41944,1,0.841398,-0.232758,2.32753,0.127325,-0.0897046,1.74587
1770241764.3554,2,1.11086,-0.252532,2.315,0.126704,-0.359163,1.76927
1770241727.95652,1,1.00567,-0.247311,2.31729,0.125957,-0.253977,1.76361
1770241770.38832,2,0.118381,-0.202452,2.34427,0.125899,0.633312,1.71126
1770241729.88517,1,0.256742,-0.234821,2.3248,0.125542,0.494951,1.74903
1770241728.98544,1,0.871985,-0.237406,2.322,0.124919,-0.120293,1.75268
1770241764.38922,2,1.11118,-0.251254,2.31367,0.124908,-0.359485,1.76884
1770241729.80019,2,0.323663,-0.225025,2.329,0.124275,0.428028,1.73846
1770241770.42294,2,0.0988071,-0.20829,2.33764,0.123102,0.652884,1.71965
1770241725.5561,1,0.117089,-0.216572,2.33117,0.121713,0.634601,1.73007
1770241725.58659,2,0.126341,-0.215579,2.331,0.121075,0.625348,1.72929
1770241764.43354,2,1.11208,-0.247432,2.30993,0.119752,-0.360389,1.76743
1770241728.95411,1,0.893231,-0.232431,2.318,0.118972,-0.141544,1.7504
1770241749.8994,2,-0.158229,-0.210344,2.331,0.118206,0.909916,1.72477
1770241727.98724,2,1.01935,-0.245549,2.30921,0.118111,-0.26766,1.76616
1770241727.3881,2,0.835327,-0.227257,2.31907,0.117235,-0.0836408,1.7454
1770241728.9352,1,0.917209,-0.226824,2.319,0.117024,-0.165523,1.74506
1770241770.34519,2,0.138741,-0.196885,2.3365,0.116395,0.612944,1.71038
1770241764.46927,2,1.10902,-0.244929,2.30573,0.114864,-0.357334,1.76738
1770241749.85435,2,-0.167242,-0.206551,2.32833,0.113982,0.918926,1.72285
1770241770.28506,2,0.18179,-0.188638,2.33245,0.108774,0.56989,1.7053
1770241727.35443,1,0.823939,-0.225104,2.30843,0.106955,-0.0722617,1.74891
1770241764.49984,2,1.10869,-0.242746,2.29713,0.106339,-0.357009,1.76984
1770241725.58657,1,0.0783244,-0.202891,2.32125,0.106215,0.673353,1.72326
1770241750.01708,0,-0.122386,-0.149089,2.352,0.105437,0.874062,1.6613
1770241764.51788,2,1.10734,-0.24084,2.2945,0.103102,-0.355664,1.76953
1770241764.57438,2,1.11052,-0.237535,2.29567,0.102443,-0.358847,1.76608
1770241728.0226,2,1.03199,-0.240362,2.29408,0.102435,-0.280315,1.76933
1770241725.61968,2,0.130197,-0.212448,2.3106,0.101888,0.621477,1.73689
1770241770.25682,2,0.20315,-0.1851,2.3253,0.100829,0.548522,1.70586
1770241728.05489,2,1.04558,-0.238444,2.29321,0.100734,-0.293911,1.76811
1770241749.77279,2,-0.185527,-0.199141,2.31667,0.100155,0.937199,1.72234
1770241728.887,1,0.932758,-0.220539,2.30193,0.0991308,-0.181087,1.74825
1770241727.32187,1,0.81322,-0.221625,2.30056,0.0984007,-0.0615491,1.74988
1770241770.23658,2,0.229285,-0.181939,2.32417,0.0982757,0.522386,1.7037
1770241725.65357,2,0.13324,-0.209629,2.30764,0.0979093,0.61843,1.73595
1770241743.45612,0,-1.62489,0.0603125,2.467,0.0977944,2.37656,1.42248
1770241764.61951,2,1.10579,-0.235793,2.28936,0.0961136,-0.354122,1.76777
1770241749.82051,2,-0.176539,-0.202773,2.30967,0.0959539,0.928208,1.72901
1770241770.18808,2,0.254584,-0.178713,2.31709,0.0905592,0.497081,1.70449
1770241749.98856,1,-0.121449,-0.147948,2.334,0.0893243,0.873113,1.6694
1770241725.61957,1,0.0782475,-0.198693,2.30333,0.0886304,0.673416,1.72869
1770241764.65333,2,1.10207,-0.232244,2.2808,0.0869325,-0.350411,1.76902
1770241727.27651,2,0.805929,-0.217083,2.28994,0.0869302,-0.0542669,1.75132
1770241743.53419,0,-1.61567,0.0599702,2.453,0.0858896,2.36733,1.42985
1770241770.12486,2,0.309242,-0.176411,2.312,0.0850462,0.442418,1.70508
1770241764.68869,2,1.09829,-0.230714,2.27813,0.0838551,-0.346628,1.76905
1770241725.68765,2,0.136081,-0.205146,2.2928,0.0828416,0.615577,1.73957
1770241749.95487,0,-0.121033,-0.147441,2.326,0.082163,0.872691,1.673
1770241743.55717,0,-1.61106,0.0597991,2.446,0.0799373,2.36272,1.43353
1770241725.65352,1,0.0821249,-0.195758,2.29367,0.0788069,0.669531,1.73103
1770241749.71682,2,-0.209717,-0.191746,2.29578,0.0783718,0.961372,1.7265
1770241725.72228,2,0.140378,-0.20042,2.2893,0.0774377,0.611276,1.73726
1770241764.79014,2,1.09236,-0.22528,2.27367,0.0772516,-0.340707,1.76661
1770241728.08988,1,1.0525,-0.232406,2.26936,0.0770969,-0.30085,1.77494
1770241764.82094,2,1.0942,-0.222902,2.27487,0.0770884,-0.342545,1.76395
1770241728.11625,2,1.06735,-0.22874,2.27087,0.0765612,-0.315693,1.77101
1770241764.71992,2,1.09488,-0.227283,2.27135,0.0762675,-0.343231,1.76951
1770241728.8589,1,0.949273,-0.215718,2.2778,0.075878,-0.19762,1.75627
1770241764.75641,2,1.09393,-0.22596,2.27136,0.0756022,-0.342281,1.76836
1770241725.75318,2,0.144609,-0.195244,2.28736,0.0731567,0.607042,1.73377
1770241770.10556,2,0.334323,-0.177142,2.29682,0.0723301,0.417327,1.71337
1770241749.92205,1,-0.120408,-0.14668,2.314,0.0714209,0.872058,1.6784
1770241749.58753,1,-0.120304,-0.146553,2.312,0.0696305,0.871952,1.6793
1770241728.82368,2,0.971602,-0.213518,2.27171,0.069532,-0.219954,1.75744
1770241749.68847,2,-0.220025,-0.189521,2.28578,0.068608,0.971672,1.72963
1770241764.85982,2,1.08814,-0.221182,2.26573,0.0683312,-0.336495,1.76708
1770241764.89258,2,1.08623,-0.219677,2.26643,0.06817,-0.334583,1.76543
1770241725.6876,1,0.0880004,-0.191715,2.283,0.0675633,0.663646,1.73293
1770241725.72223,1,0.0922313,-0.1866,2.28433,0.0661352,0.659414,1.72784
1770241770.01191,2,0.383419,-0.183115,2.28545,0.0655756,0.368226,1.72426
1770241770.05584,2,0.360625,-0.178342,2.2877,0.0650861,0.39102,1.71901
1770241749.8993,1,-0.119992,-0.146173,2.306,0.0642594,0.871636,1.682
1770241727.21579,2,0.785507,-0.207212,2.26917,0.0640011,-0.0338633,1.75329
1770241749.65606,2,-0.226609,-0.18366,2.28233,0.0626705,0.978251,1.72631
1770241764.91753,2,1.08073,-0.215482,2.25807,0.0588296,-0.329095,1.76603
1770241728.79572,1,0.990342,-0.210333,2.26027,0.0580572,-0.238703,1.76047
1770241725.78882,2,0.150493,-0.191428,2.272,0.0579726,0.601145,1.73823
1770241727.15407,2,0.75875,-0.201621,2.26511,0.0576562,-0.00711184,1.75051
1770241749.85426,1,-0.119472,-0.145539,2.296,0.0553077,0.871108,1.6865
1770241727.2005,2,0.770211,-0.202849,2.26092,0.0546647,-0.0185751,1.75369
1770241725.82119,3,0.156492,-0.187975,2.26873,0.053409,0.595143,1.7369
1770241749.62366,1,-0.119316,-0.145349,2.293,0.0526224,0.87095,1.68785
1770241765.01271,2,1.07542,-0.210439,2.25293,0.0518483,-0.323784,1.76427
1770241749.62375,2,-0.242193,-0.180714,2.27144,0.0517716,0.993827,1.72926
1770241764.97407,2,1.07491,-0.2119,2.25175,0.0515642,-0.323274,1.76613
1770241769.96777,2,0.42995,-0.187805,2.26627,0.0514223,0.321684,1.738
1770241728.17616,1,1.08675,-0.220118,2.24653,0.0512192,-0.335114,1.77585
1770241749.5876,2,-0.253056,-0.175949,2.2734,0.0510454,1.00469,1.72416
1770241725.78878,1,0.104162,-0.17928,2.271,0.0509397,0.647472,1.72825
1770241725.75317,1,0.0968043,-0.181196,2.269,0.0501748,0.654828,1.73091
1770241749.82042,1,-0.11916,-0.145159,2.29,0.0499369,0.870792,1.6892
1770241769.92135,2,0.455902,-0.189571,2.26027,0.0471554,0.295728,1.74255
1770241765.0555,2,1.07096,-0.207615,2.24688,0.0451894,-0.319336,1.76489
1770241725.857,2,0.166522,-0.185439,2.25855,0.0433476,0.585105,1.73985
1770241749.77269,1,-0.118691,-0.144588,2.281,0.0418803,0.870317,1.69326
1770241769.88745,2,0.47576,-0.191742,2.25282,0.0418324,0.275866,1.74819
1770241725.82114,2,0.111977,-0.177468,2.261,0.0413991,0.639649,1.73173
1770241727.12058,2,0.740893,-0.196696,2.24844,0.0407689,0.0107318,1.75467
1770241749.68843,1,-0.118587,-0.144461,2.279,0.0400899,0.870212,1.69416
1770241728.21991,1,1.09499,-0.21621,2.23529,0.0395435,-0.343369,1.77816
1770241749.52171,2,-0.279217,-0.168317,2.26318,0.038351,1.03084,1.72273
1770241749.55489,2,-0.267107,-0.171794,2.2599,0.0372833,1.01873,1.72739
1770241765.08828,2,1.06432,-0.203833,2.23913,0.0365921,-0.312696,1.76553
1770241765.12003,2,1.06303,-0.201568,2.23981,0.0360341,-0.311409,1.76324
1770241749.65597,1,-0.118327,-0.144145,2.274,0.0356142,0.869948,1.69641
1770241749.71674,1,-0.118327,-0.144145,2.274,0.0356142,0.869948,1.69641
1770241728.75781,1,1.00164,-0.206814,2.2356,0.0349973,-0.250017,1.76989
1770241769.84316,2,0.500305,-0.18961,2.245,0.0340266,0.251314,1.75029
1770241728.72006,2,1.02427,-0.206173,2.2332,0.0326198,-0.272653,1.77055
1770241725.92014,3,0.183521,-0.183826,2.24573,0.031482,0.568096,1.74493
1770241725.90746,3,0.171101,-0.183771,2.245,0.0308169,0.580516,1.74525
1770241765.1557,2,1.05943,-0.199439,2.2314,0.0276945,-0.30782,1.76564
1770241749.45602,2,-0.306618,-0.162079,2.2541,0.0273406,1.05823,1.72193
1770241728.25939,1,1.09974,-0.211702,2.22293,0.0266092,-0.348127,1.7805
1770241727.08849,1,0.727159,-0.190149,2.2349,0.0257614,0.0244542,1.75586
1770241727.06346,1,0.715058,-0.187097,2.2353,0.024556,0.0365542,1.75302
1770241765.22017,2,1.05716,-0.194099,2.22906,0.0229789,-0.305545,1.76221
1770241765.18716,2,1.0562,-0.196976,2.227,0.0226503,-0.304585,1.76574
1770241749.48913,1,-0.292137,-0.164933,2.24533,0.0212255,1.04375,1.72882
1770241725.9558,3,0.194102,-0.181534,2.2348,0.020901,0.557507,1.74847
1770241769.75999,2,0.562455,-0.183096,2.2313,0.0189619,0.189153,1.75159
1770241769.78691,2,0.543363,-0.185744,2.22975,0.0189454,0.208245,1.75466
1770241726.00412,3,0.206109,-0.181335,2.2323,0.0186523,0.545499,1.74956
1770241726.16384,2,0.273411,-0.178845,2.23275,0.0178373,0.478196,1.74719
1770241725.90742,2,0.126112,-0.172462,2.2365,0.0177343,0.625495,1.73978
1770241726.01633,2,0.218097,-0.178659,2.23067,0.0159009,0.533508,1.74808
1770241725.85685,1,0.11685,-0.169319,2.2355,0.015277,0.634755,1.73757
1770241749.42388,2,-0.318617,-0.156311,2.2426,0.0144921,1.07022,1.72276
1770241728.70197,2,1.03496,-0.201975,2.21407,0.013993,-0.283355,1.77658
1770241726.0767,3,0.24279,-0.178982,2.22817,0.0139255,0.508814,1.74962
1770241728.28704,1,1.10068,-0.207689,2.20979,0.0132348,-0.349081,1.78368
1770241727.02008,2,0.699394,-0.181941,2.2246,0.0127043,0.0522088,1.75397
1770241765.25558,2,1.05077,-0.190627,2.21786,0.0115486,-0.299164,1.76487
1770241749.35383,2,-0.354347,-0.149005,2.2433,0.0113794,1.10595,1.7161
1770241749.38714,2,-0.337036,-0.153616,2.23818,0.00930321,1.08864,1.72267
1770241765.28978,2,1.04997,-0.187918,2.2158,0.00840443,-0.298368,1.76357
1770241726.98751,1,0.685758,-0.178547,2.2202,0.0071819,0.0658406,1.75326
1770241749.32044,2,-0.36899,-0.142154,2.24245,0.0071795,1.12059,1.71061
1770241726.12021,1,0.259274,-0.177392,2.221,0.00694952,0.492324,1.75186
1770241725.9201,2,0.134563,-0.171498,2.224,0.00646446,0.617035,1.74526
1770241769.72309,2,0.579126,-0.177297,2.22,0.00629294,0.172471,1.75229
1770241728.32034,1,1.10277,-0.202497,2.204,0.00562102,-0.351173,1.78212
1770241726.00402,2,0.158838,-0.171344,2.222,0.00467943,0.592758,1.74614
1770241725.95576,2,0.14664,-0.171344,2.222,0.00466972,0.604956,1.74614
1770241765.31676,2,1.04774,-0.185849,2.2125,0.00450951,-0.296146,1.76345
1770241728.64531,1,1.04765,-0.199141,2.20425,0.00409855,-0.296058,1.77909
1770241726.95359,2,0.668863,-0.176299,2.217,0.00327113,0.0827317,1.75294
1770241728.60731,2,1.0629,-0.197888,2.20294,0.00234504,-0.311302,1.77867
1770241726.01627,1,0.170806,-0.171112,2.219,0.00198253,0.580789,1.74745
1770241726.18997,1,0.288503,-0.176405,2.21508,0.00136699,0.46309,1.754
1770241728.35297,1,1.10532,-0.199852,2.2,0.000834538,-0.353725,1.78185
1770241749.29039,2,-0.387014,-0.136216,2.23664,-0.000855411,1.13861,1.70843
1770241726.2553,1,0.322475,-0.17085,2.21531,-0.00121648,0.429117,1.74909
1770241769.69088,2,0.60221,-0.17016,2.21522,-0.00141597,0.149381,1.74854
1770241728.3842,1,1.10293,-0.197679,2.19675,-0.00306969,-0.351336,1.78162
1770241726.91318,2,0.652957,-0.171833,2.2122,-0.00313978,0.0986329,1.75151
1770241726.32335,1,0.359183,-0.165116,2.21377,-0.00540986,0.392406,1.74492
1770241726.28723,1,0.34205,-0.169531,2.21108,-0.00551323,0.409539,1.75008
1770241765.37517,2,1.04531,-0.179816,2.20406,-0.00582146,-0.293725,1.76251
1770241728.48722,2,1.09734,-0.195257,2.19469,-0.00607735,-0.345748,1.78057
1770241749.24086,1,-0.405049,-0.129929,2.23418,-0.00616233,1.15664,1.70424
1770241728.54997,1,1.08159,-0.196668,2.19338,-0.00651032,-0.330004,1.78245
1770241728.52148,1,1.09088,-0.195181,2.19381,-0.00687601,-0.339289,1.78094
1770241726.22055,1,0.302876,-0.173098,2.20533,-0.00870706,0.448709,1.75607
1770241743.80091,0,-1.5419,0.0572321,2.341,-0.00934867,2.29349,1.48875
1770241765.42037,2,1.04404,-0.179848,2.19981,-0.00947485,-0.292458,1.76468
1770241726.38698,2,0.39756,-0.158015,2.213,-0.00962816,0.354025,1.73918
1770241726.0766,2,0.194026,-0.17011,2.206,-0.0097268,0.557559,1.75315
1770241728.44023,2,1.09674,-0.195717,2.1894,-0.0104094,-0.345154,1.78363
1770241726.8728,1,0.63891,-0.167672,2.2056,-0.0109488,0.112673,1.75125
1770241726.35451,1,0.376592,-0.162027,2.20567,-0.0139501,0.374989,1.74634
1770241726.45468,2,0.435745,-0.147461,2.21408,-0.013991,0.315836,1.72952
1770241726.4233,1,0.415909,-0.152334,2.21117,-0.0140645,0.335672,1.7352
1770241749.15479,1,-0.465088,-0.123487,2.22836,-0.0144847,1.21667,1.70161
1770241726.48471,1,0.455608,-0.146358,2.21245,-0.015938,0.295972,1.72939
1770241726.81704,1,0.610258,-0.163654,2.20044,-0.0174501,0.141321,1.75038
1770241749.1874,1,-0.440827,-0.124328,2.22364,-0.0181213,1.19241,1.70473
1770241749.08724,1,-0.50948,-0.122728,2.22458,-0.0181662,1.26106,1.70287
1770241726.75394,2,0.586355,-0.160368,2.20144,-0.0182649,0.165223,1.74704
1770241726.79657,1,0.598108,-0.161601,2.20011,-0.0187843,0.153469,1.74878
1770241765.45522,2,1.04233,-0.17755,2.18988,-0.0192142,-0.290751,1.76771
1770241769.64407,2,0.619315,-0.160038,2.2004,-0.0193068,0.132262,1.74728
1770241726.69173,1,0.558591,-0.158986,2.20067,-0.0196561,0.192986,1.74624
1770241726.72535,1,0.57394,-0.158943,2.20022,-0.0200493,0.177637,1.74643
1770241749.12262,1,-0.485013,-0.123094,2.22192,-0.0202642,1.23659,1.70453
1770241749.05518,1,-0.531027,-0.123599,2.22055,-0.0212291,1.2826,1.70566
1770241726.54712,2,0.490457,-0.145896,2.20536,-0.0222642,0.261117,1.73257
1770241726.65322,2,0.537922,-0.155461,2.1959,-0.025567,0.21365,1.7456
1770241749.02218,0,-0.553632,-0.123199,2.21336,-0.0276485,1.3052,1.70894
1770241765.48907,2,1.03988,-0.175859,2.18043,-0.0282241,-0.288314,1.77102
1770241748.97672,1,-0.574369,-0.124013,2.21144,-0.0289111,1.32594,1.71061
1770241726.58738,1,0.5062,-0.147915,2.19464,-0.0304925,0.245369,1.73973
1770241726.62041,2,0.523092,-0.15087,2.18982,-0.0331462,0.228474,1.74471
1770241765.53782,2,1.03668,-0.171327,2.17325,-0.0367114,-0.285119,1.77073
1770241748.91643,1,-0.609892,-0.122504,2.201,-0.0387169,1.36145,1.71458
1770241769.585,2,0.667544,-0.136437,2.1804,-0.0484475,0.0840094,1.73701
1770241765.57665,2,1.03385,-0.165179,2.15687,-0.0539596,-0.282302,1.7737
1770241748.88798,1,-0.625907,-0.121601,2.1829,-0.0548094,1.37746,1.72294
1770241748.85498,0,-0.645909,-0.116965,2.17982,-0.059826,1.39745,1.72049
1770241765.62184,2,1.03369,-0.161762,2.15,-0.0616123,-0.28215,1.77422
1770241769.55687,1,0.688109,-0.124468,2.1698,-0.0636239,0.0634323,1.73203
1770241765.65641,2,1.03108,-0.157915,2.14769,-0.0655526,-0.279538,1.77206
1770241748.81177,1,-0.661008,-0.113754,2.17055,-0.0694635,1.41255,1.7224
1770241765.68724,2,1.03253,-0.153646,2.13933,-0.0749182,-0.280994,1.77259
1770241765.7179,2,1.03215,-0.151312,2.13769,-0.0775172,-0.280623,1.77141
1770241748.76803,0,-0.692009,-0.103835,2.15555,-0.0874439,1.44353,1.72141
1770241743.85556,0,-1.48065,0.0549584,2.248,-0.0884305,2.23217,1.53767
1770241769.53044,1,0.709477,-0.110135,2.146,-0.0913869,0.0420423,1.73167
1770241765.78677,2,1.03025,-0.146055,2.12012,-0.0953392,-0.278729,1.77574
1770241765.81952,2,1.03577,-0.145357,2.12031,-0.0955193,-0.284251,1.77504
1770241743.88787,0,-1.47143,0.0546162,2.234,-0.100335,2.22294,1.54503
1770241748.72303,1,-0.70288,-0.0988112,2.1435,-0.100387,1.45439,1.72316
1770241765.8563,2,1.0331,-0.144343,2.1135,-0.101914,-0.281589,1.77761
1770241765.88382,2,1.03122,-0.143098,2.10676,-0.108358,-0.27971,1.77993
1770241743.92094,0,-1.46484,0.0543717,2.224,-0.108839,2.21635,1.55029
1770241748.68758,1,-0.71431,-0.0926753,2.13391,-0.111772,1.46581,1.7227
1770241748.65498,0,-0.72525,-0.0877829,2.13164,-0.116213,1.47675,1.71963
1770241765.94034,2,1.03539,-0.138895,2.09941,-0.116824,-0.28389,1.78002
1770241765.98759,2,1.038,-0.137635,2.09989,-0.117046,-0.286501,1.77869
1770241766.01963,2,1.03599,-0.136688,2.09171,-0.124589,-0.284501,1.782
1770241769.4795,1,0.731347,-0.0930138,2.11433,-0.127348,0.0201438,1.73288
1770241766.08961,2,1.04091,-0.132382,2.08741,-0.130466,-0.28942,1.78045
1770241766.06657,2,1.03451,-0.134781,2.08572,-0.130718,-0.283021,1.78338
1770241743.88796,1,-1.48081,-0.0648121,2.1285,-0.131118,2.23229,1.70138
1770241748.62033,2,-0.735958,-0.0787553,2.116,-0.134276,1.48744,1.71973
1770241743.96301,0,-1.46253,-0.0569561,2.126,-0.137228,2.21402,1.69586
1770241766.1201,2,1.04085,-0.129869,2.07982,-0.138285,-0.28937,1.78211
1770241743.92104,1,-1.47129,-0.0616119,2.119,-0.140927,2.22277,1.70342
1770241743.98774,1,-1.4552,-0.0558592,2.121,-0.142092,2.20668,1.69744
1770241744.01998,0,-1.43849,0.0533938,2.184,-0.142852,2.18997,1.57133
1770241744.0201,2,-1.44786,-0.0539619,2.1154,-0.147878,2.19934,1.69863
1770241766.17636,2,1.03977,-0.124256,2.069,-0.150462,-0.2883,1.78273
1770241744.08712,1,-1.43611,-0.0498773,2.11433,-0.150851,2.18758,1.69564
1770241744.05444,1,-1.44182,-0.0512938,2.11313,-0.151184,2.19329,1.69747
1770241748.57564,2,-0.745947,-0.0690934,2.0995,-0.153405,1.49742,1.71972
1770241743.98764,0,-1.48172,-0.0497378,2.109,-0.155562,2.23319,1.69821
1770241744.05436,0,-1.42861,0.0530271,2.169,-0.155607,2.18008,1.57922
1770241748.62023,1,-0.765665,-0.0638834,2.098,-0.157346,1.51713,1.71598
1770241766.22314,1,1.03916,-0.119934,2.05918,-0.161125,-0.287697,1.78396
1770241744.13174,2,-1.42616,-0.0486336,2.1025,-0.161686,2.17762,1.70054
1770241748.57556,1,-0.77533,-0.0579862,2.093,-0.164647,1.52679,1.71341
1770241744.02007,1,-1.47118,-0.0522661,2.094,-0.167225,2.22264,1.70797
1770241766.25543,1,1.04159,-0.11583,2.05147,-0.169846,-0.29013,1.78431
1770241744.17392,2,-1.40988,-0.0431457,2.08957,-0.175604,2.16133,1.70233
1770241744.17382,0,-1.41281,0.0524403,2.145,-0.176016,2.16426,1.59184
1770241766.28782,1,1.04346,-0.112229,2.04606,-0.176334,-0.29201,1.78393
1770241748.51784,2,-0.756262,-0.0553132,2.08065,-0.176644,1.50771,1.71734
1770241769.42184,1,0.776606,-0.0660213,2.0724,-0.177136,-0.0251543,1.73075
1770241744.22247,1,-1.40588,-0.0397236,2.0895,-0.17739,2.15734,1.69941
1770241744.08705,0,-1.45202,-0.046274,2.083,-0.17973,2.20347,1.70835
1770241766.32382,1,1.04659,-0.107433,2.04294,-0.181441,-0.295138,1.78136
1770241744.1317,1,-1.44413,-0.0405759,2.084,-0.181738,2.19558,1.70293
1770241748.49023,2,-0.760854,-0.0475232,2.07771,-0.183119,1.5123,1.7121
1770241744.13154,0,-1.40688,0.0522203,2.136,-0.183669,2.15832,1.59657
1770241744.26164,1,-1.39803,-0.0348472,2.0835,-0.185025,2.14948,1.69823
1770241744.30839,2,-1.38914,-0.0304906,2.07875,-0.191317,2.14058,1.69687
1770241744.17389,1,-1.42901,-0.0375417,2.0745,-0.191458,2.18045,1.7051
1770241748.45766,2,-0.760108,-0.0425554,2.06847,-0.193602,1.51155,1.71248
1770241766.35144,1,1.04557,-0.102233,2.03153,-0.193921,-0.294137,1.78264
1770241748.51776,1,-0.785118,-0.0402745,2.06833,-0.194889,1.53656,1.71058
1770241744.26155,0,-1.41656,-0.0323229,2.068,-0.199693,2.168,1.70388
1770241744.22236,0,-1.42195,-0.0326819,2.067,-0.20038,2.17338,1.70469
1770241744.33624,2,-1.38245,-0.0289221,2.06875,-0.200736,2.13389,1.70057
1770241748.49014,1,-0.789891,-0.0345161,2.0635,-0.201972,1.54132,1.70804
1770241748.423,2,-0.762712,-0.0358455,2.05731,-0.20662,1.51414,1.71232
1770241766.41357,1,1.05179,-0.0951589,2.02061,-0.206912,-0.300366,1.78204
1770241744.30835,1,-1.40793,-0.0297509,2.06033,-0.207603,2.15936,1.70553
1770241744.36336,1,-1.38888,-0.0257476,2.06264,-0.207621,2.14031,1.70091
1770241769.40007,1,0.796917,-0.0525111,2.04425,-0.20824,-0.0454904,1.7333
1770241744.33621,1,-1.40428,-0.0271786,2.05971,-0.209433,2.1557,1.70362
1770241744.38764,2,-1.36892,-0.0242924,2.0612,-0.20958,2.12034,1.70038
1770241748.38783,1,-0.760364,-0.0280592,2.05028,-0.216621,1.51178,1.70915
1770241748.45758,1,-0.78994,-0.0275489,2.0504,-0.216797,1.54136,1.70864
1770241744.30825,0,-1.38053,0.0512424,2.096,-0.217682,2.13195,1.61761
1770241744.33613,0,-1.38053,0.0512424,2.096,-0.217682,2.13195,1.61761
1770241744.38759,1,-1.39309,-0.0214425,2.05157,-0.219349,2.14451,1.70278
1770241744.42496,2,-1.37834,-0.0202368,2.05142,-0.22008,2.12976,1.70182
1770241744.36325,0,-1.37526,0.0510468,2.088,-0.224485,2.12668,1.62182
1770241744.4539,1,-1.37514,-0.0162666,2.0478,-0.225203,2.12655,1.70022
1770241766.45494,1,1.0484,-0.089083,2.00124,-0.226707,-0.296984,1.78658
1770241748.3547,1,-0.761621,-0.021006,2.0418,-0.227501,1.51303,1.70734
1770241748.42291,1,-0.792485,-0.0201385,2.041,-0.228654,1.5439,1.70699
1770241744.4994,1,-1.36768,-0.0154756,2.0425,-0.230172,2.11909,1.70221
1770241744.42478,0,-1.36999,0.0508512,2.08,-0.231288,2.1214,1.62602
1770241769.36966,1,0.818595,-0.0422015,2.02155,-0.233022,-0.0671885,1.73586
1770241744.38751,0,-1.36802,0.0507779,2.077,-0.233839,2.11942,1.6276
1770241766.48699,1,1.0503,-0.0835935,1.99324,-0.236383,-0.298893,1.78588
1770241744.45382,0,-1.36538,0.0506801,2.073,-0.23724,2.11679,1.62971
1770241744.52801,1,-1.36193,-0.0111458,2.0364,-0.237619,2.11333,1.70155
1770241744.55496,3,-1.34074,-0.0117017,2.0356,-0.238012,2.09214,1.70244
1770241748.38776,0,-0.791661,-0.0156712,2.03171,-0.238925,1.54306,1.70782
1770241744.42491,1,-1.40808,-0.00611001,2.036,-0.240543,2.15948,1.69741
1770241748.32064,1,-0.765266,-0.0118319,2.02586,-0.245898,1.51666,1.70747
1770241744.58801,2,-1.35008,-0.00823074,2.02777,-0.246531,2.10147,1.70339
1770241744.55492,2,-1.3649,-0.0100543,2.02643,-0.246779,2.1163,1.70564
1770241766.51714,1,1.05284,-0.0791723,1.98306,-0.2474,-0.301443,1.7872
1770241744.49931,0,-1.35616,0.0503378,2.059,-0.249145,2.10756,1.63707
1770241744.61813,2,-1.34055,-0.00608006,2.02236,-0.252275,2.09194,1.70427
1770241748.27728,2,-0.75988,-0.00719936,2.02088,-0.252528,1.51127,1.70598
1770241748.35463,0,-0.792508,-0.00884291,2.01967,-0.252772,1.5439,1.70801
1770241744.52794,0,-1.34892,0.0500689,2.048,-0.258499,2.1003,1.64286
1770241744.55474,0,-1.34892,0.0500689,2.048,-0.258499,2.1003,1.64286
1770241744.58786,0,-1.34892,0.0500689,2.048,-0.258499,2.1003,1.64286
1770241769.31984,1,0.837124,-0.0315281,1.9956,-0.260796,-0.0857389,1.73974
1770241744.67446,2,-1.33058,-7.66403E-05,2.014,-0.262518,2.08196,1.70331
1770241744.55486,1,-1.38664,0.00500986,2.013,-0.265994,2.13802,1.69942
1770241766.5799,1,1.05621,-0.0698691,1.96616,-0.26668,-0.304832,1.7877
1770241744.58797,1,-1.377,0.00499492,2.007,-0.271157,2.12838,1.70246
1770241744.71966,1,-1.32279,0.00370958,2.00331,-0.273653,2.07417,1.70544
1770241744.61798,0,-1.33574,0.0495799,2.028,-0.275506,2.08712,1.65337
1770241744.75416,2,-1.31811,0.00680208,2.00208,-0.276267,2.06948,1.70338
1770241748.27718,1,-0.789748,0.0013081,1.99633,-0.278036,1.54112,1.71103
1770241744.61807,1,-1.37083,0.00497253,1.998,-0.27891,2.1222,1.70703
1770241766.61952,1,1.05729,-0.063903,1.95206,-0.281862,-0.305925,1.78967
1770241769.29129,1,0.853087,-0.0197621,1.97504,-0.28447,-0.101721,1.73997
1770241744.78831,1,-1.31154,0.0108634,1.99208,-0.286944,2.06291,1.70493
1770241744.82021,2,-1.30522,0.015378,1.99236,-0.288976,2.05658,1.70089
1770241748.2173,1,-0.766944,0.00913302,1.98573,-0.291124,1.5183,1.70963
1770241766.65395,1,1.05871,-0.0589017,1.94259,-0.292561,-0.307348,1.79014
1770241744.67441,1,-1.36397,0.0158612,1.988,-0.293034,2.11533,1.70267
1770241744.71955,0,-1.35851,0.021318,1.988,-0.295784,2.10987,1.69796
1770241744.85749,2,-1.29306,0.0185678,1.986,-0.29607,2.04441,1.70135
1770241748.19039,2,-0.757205,0.0151037,1.98347,-0.296082,1.50856,1.70562
1770241744.67431,0,-1.31928,0.0489687,2.003,-0.296764,2.07063,1.66652
1770241744.75405,0,-1.31664,0.048871,1.999,-0.300166,2.068,1.66863
1770241744.75413,1,-1.35407,0.0239685,1.9815,-0.30273,2.10542,1.69896
1770241766.68859,1,1.06075,-0.0530687,1.934,-0.302917,-0.309396,1.78944
1770241744.9019,1,-1.28724,0.0230386,1.98011,-0.303406,2.03859,1.70046
1770241744.85736,0,-1.31137,0.0486754,1.991,-0.306968,2.06272,1.67283
1770241744.93796,1,-1.27885,0.0245704,1.97563,-0.308045,2.03019,1.7014
1770241769.2399,1,0.870431,-0.0129735,1.94896,-0.310397,-0.119085,1.74727
1770241744.78823,0,-1.34894,0.0265863,1.974,-0.310521,2.10029,1.70048
1770241744.82017,1,-1.34148,0.0265459,1.971,-0.313085,2.09283,1.70203
1770241766.72074,1,1.06199,-0.0478201,1.92467,-0.313623,-0.310647,1.78962
1770241748.17953,2,-0.755849,0.0231693,1.96669,-0.314632,1.50719,1.70712
1770241744.82006,0,-1.30479,0.0484309,1.981,-0.315472,2.05613,1.67809
1770241744.98352,2,-1.2784,0.0286778,1.969,-0.315837,2.02974,1.7012
1770241748.19032,1,-0.789664,0.0192241,1.95983,-0.318588,1.541,1.71399
1770241744.98743,1,-1.26999,0.0301341,1.9585,-0.325629,2.02132,1.70525
1770241744.85745,1,-1.33604,0.0399072,1.963,-0.326731,2.08737,1.69454
1770241766.7559,1,1.05972,-0.0427651,1.90894,-0.329748,-0.308392,1.79319
1770241748.17937,1,-0.790782,0.0244758,1.94933,-0.330304,1.54211,1.71476
1770241744.90179,0,-1.32726,0.0398083,1.958,-0.33099,2.07859,1.69715
1770241748.13493,1,-0.771286,0.0303945,1.94839,-0.334092,1.52261,1.71013
1770241745.02,1,-1.25553,0.0339324,1.94689,-0.337558,2.00686,1.70783
1770241766.78599,1,1.06133,-0.0376519,1.90139,-0.33885,-0.310012,1.79259
1770241744.93787,0,-1.32116,0.0449723,1.949,-0.341362,2.07248,1.69723
1770241744.9834,0,-1.28239,0.0475997,1.947,-0.344383,2.03371,1.69598
1770241745.06338,1,-1.25361,0.0358549,1.93775,-0.346416,2.00493,1.71078
1770241744.98348,1,-1.31476,0.0475141,1.9435,-0.347387,2.06608,1.69782
1770241748.10881,1,-0.770396,0.0361012,1.93245,-0.350731,1.52171,1.71325
1770241769.18848,1,0.901499,-0.000885267,1.90926,-0.350742,-0.150186,1.75688
1770241745.08688,1,-1.24243,0.0394661,1.92955,-0.355312,1.99374,1.71181
1770241748.06737,2,-0.761698,0.0404754,1.92953,-0.35545,1.51301,1.71094
1770241744.98735,0,-1.30197,0.0497934,1.9285,-0.361476,2.05327,1.70342
1770241745.11699,1,-1.23739,0.0425968,1.91873,-0.366227,1.98869,1.71457
1770241766.84082,1,1.05861,-0.0237158,1.87646,-0.367408,-0.307315,1.79315
1770241745.01991,0,-1.29494,0.0548992,1.922,-0.369659,2.04624,1.7023
1770241748.06728,1,-0.794066,0.0429309,1.90914,-0.374316,1.54536,1.71912
1770241748.02271,1,-0.774001,0.0461837,1.9085,-0.376497,1.52529,1.71663
1770241769.15526,1,0.91204,0.00545505,1.88233,-0.37718,-0.160748,1.765
1770241766.88807,1,1.05981,-0.0179312,1.86735,-0.378192,-0.308515,1.79276
1770241747.9888,2,-0.768587,0.0504697,1.90713,-0.379837,1.51988,1.71363
1770241745.06328,0,-1.28787,0.0598468,1.9115,-0.381215,2.03916,1.70333
1770241766.92206,1,1.06052,-0.0129471,1.86295,-0.384506,-0.309238,1.79067
1770241745.17717,1,-1.22624,0.0511394,1.90144,-0.38545,1.97753,1.71592
1770241745.0868,0,-1.27868,0.0587538,1.90433,-0.386842,2.02997,1.70789
1770241747.96762,2,-0.774139,0.0548339,1.89838,-0.389596,1.52542,1.71427
1770241766.9551,1,1.05688,-0.00693151,1.85242,-0.396636,-0.305606,1.7908
1770241745.22001,1,-1.21557,0.0542619,1.88933,-0.397472,1.96684,1.71934
1770241745.25448,2,-1.2409,0.0460595,1.884,-0.397955,1.99217,1.72911
1770241745.11685,0,-1.26941,0.0631925,1.89375,-0.398211,2.02069,1.7094
1770241747.91994,2,-0.781069,0.0555459,1.88688,-0.399896,1.53234,1.71947
1770241769.12314,1,0.930134,0.016282,1.86079,-0.401232,-0.178861,1.76653
1770241747.98872,0,-0.80055,0.0546856,1.88417,-0.401815,1.55182,1.72158
1770241767.00364,1,1.05726,-0.00102516,1.84942,-0.402207,-0.305985,1.78721
1770241745.25445,1,-1.21027,0.059527,1.8847,-0.404125,1.96154,1.71713
1770241747.87525,2,-0.786952,0.0568093,1.87789,-0.408296,1.53822,1.72292
1770241745.28707,1,-1.20114,0.0639787,1.8785,-0.411718,1.9524,1.71642
1770241747.96752,0,-0.801485,0.0545708,1.87229,-0.412014,1.55275,1.72768
1770241769.09135,1,0.943816,0.0187135,1.849,-0.412622,-0.192552,1.77039
1770241745.28712,2,-1.22641,0.0455216,1.862,-0.416663,1.97767,1.74068
1770241745.32102,2,-1.22641,0.0455216,1.862,-0.416663,1.97767,1.74068
1770241747.91982,0,-0.806266,0.0558442,1.8655,-0.418518,1.55753,1.73
1770241745.17707,0,-1.25282,0.071561,1.87475,-0.418824,2.00407,1.71177
1770241747.7877,2,-0.803763,0.0627483,1.86733,-0.420419,1.55502,1.72312
1770241767.02294,1,1.05684,0.0109719,1.83314,-0.422312,-0.305579,1.78507
1770241745.32097,1,-1.1897,0.0654705,1.86411,-0.424882,1.94095,1.7224
1770241745.45234,2,-1.21982,0.0452771,1.852,-0.425166,1.97108,1.74594
1770241745.37848,1,-1.18752,0.0691541,1.8652,-0.4258,1.93877,1.71867
1770241745.55382,2,-1.21916,0.0452527,1.851,-0.426016,1.97042,1.74647
1770241747.75606,1,-0.808366,0.0643855,1.86177,-0.426052,1.55962,1.72451
1770241747.81791,0,-0.802271,0.0609921,1.85852,-0.427136,1.55352,1.72908
1770241745.21994,0,-1.2444,0.0746363,1.866,-0.427923,1.99565,1.71353
1770241769.0564,1,0.953712,0.0236496,1.83353,-0.428457,-0.202461,1.77393
1770241747.87516,0,-0.809036,0.0593234,1.85425,-0.429988,1.56029,1.73268
1770241745.25438,0,-1.23619,0.0761573,1.86133,-0.432712,1.98743,1.71457
1770241745.38961,1,-1.17802,0.0718638,1.85827,-0.43314,1.92926,1.71982
1770241767.08558,1,1.06304,0.0195685,1.82529,-0.433429,-0.311797,1.78162
1770241745.51045,2,-1.21323,0.0450327,1.842,-0.433669,1.96448,1.7512
1770241747.63277,1,-0.822928,0.0656447,1.85275,-0.434485,1.57417,1.72798
1770241767.05698,1,1.05079,0.0122283,1.81978,-0.434488,-0.299548,1.79074
1770241769.0233,1,0.965056,0.0259139,1.82767,-0.434655,-0.21381,1.77494
1770241747.72096,0,-0.818726,0.0631809,1.85095,-0.434794,1.56997,1.73102
1770241747.58738,1,-0.827189,0.0662652,1.85087,-0.436427,1.57843,1.7284
1770241747.67634,0,-0.821103,0.0634953,1.84905,-0.436592,1.57235,1.7317
1770241747.49834,1,-0.832929,0.0707141,1.85238,-0.437376,1.58417,1.72379
1770241745.58707,2,-1.20994,0.0449104,1.837,-0.437921,1.96119,1.75383
1770241745.28699,0,-1.22877,0.0758599,1.854,-0.438886,1.98002,1.71853
1770241747.78759,0,-0.829313,0.0623218,1.845,-0.439502,1.58056,1.73476
1770241745.43934,1,-1.17074,0.0749395,1.85217,-0.439958,1.92198,1.72025
1770241747.55564,1,-0.826033,0.0694766,1.84843,-0.440152,1.57728,1.72686
1770241747.54329,1,-0.828763,0.0679985,1.84306,-0.444044,1.58,1.73084
1770241747.75598,0,-0.831931,0.0621366,1.8396,-0.444072,1.58317,1.73765
1770241767.14387,1,1.06183,0.0262935,1.81488,-0.445812,-0.310591,1.78107
1770241747.40041,1,-0.831489,0.0740919,1.84333,-0.446885,1.58273,1.72544
1770241747.35459,1,-0.834115,0.075456,1.84381,-0.447162,1.58535,1.72402
1770241747.32102,1,-0.834112,0.0754529,1.84375,-0.447214,1.58535,1.72406
1770241745.32086,0,-1.22119,0.080605,1.8464,-0.447836,1.97243,1.71827
1770241745.45228,1,-1.16306,0.0774844,1.8443,-0.448027,1.9143,1.72203
1770241747.18829,1,-0.834153,0.0774246,1.8424,-0.449375,1.58539,1.72304
1770241747.41706,0,-0.841044,0.0729441,1.83875,-0.450269,1.59228,1.72875
1770241747.29026,1,-0.832753,0.0770164,1.8408,-0.450549,1.58399,1.7242
1770241768.98798,1,0.976214,0.0320405,1.81277,-0.450599,-0.224981,1.77717
1770241747.63269,0,-0.851225,0.0666291,1.83367,-0.451477,1.60246,1.73677
1770241747.23509,1,-0.832687,0.0772878,1.83913,-0.452125,1.58392,1.72481
1770241745.37838,0,-1.21829,0.0821113,1.842,-0.452393,1.96953,1.71919
1770241747.14499,1,-0.828514,0.0786941,1.83831,-0.45354,1.57975,1.72401
1770241747.25514,1,-0.832016,0.0751224,1.83571,-0.45399,1.58325,1.7284
1770241767.28864,1,1.0712,0.0331609,1.80933,-0.454055,-0.319965,1.77794
1770241745.38953,0,-1.21148,0.0819903,1.83933,-0.454628,1.96271,1.72064
1770241745.5104,1,-1.15385,0.0819629,1.83878,-0.455048,1.90508,1.72095
1770241767.62053,1,1.0764,0.028244,1.8053,-0.45505,-0.325171,1.78422
1770241747.5432,0,-0.857703,0.0691613,1.83086,-0.455186,1.60893,1.736
1770241747.5873,0,-0.850888,0.067305,1.82933,-0.455559,1.60212,1.73837
1770241767.55429,1,1.07478,0.0267013,1.8035,-0.455826,-0.323553,1.78646
1770241747.55555,0,-0.853443,0.0683892,1.82943,-0.456026,1.60467,1.73739
1770241747.49824,0,-0.860035,0.0715523,1.831,-0.456272,1.61126,1.73386
1770241767.77384,1,1.0721,0.0280764,1.80256,-0.457338,-0.320872,1.78575
1770241747.08599,1,-0.830263,0.0798026,1.8345,-0.457392,1.58149,1.72497
1770241768.96874,1,0.986772,0.0342112,1.80615,-0.457397,-0.235544,1.77864
1770241767.82017,1,1.07184,0.0280689,1.80211,-0.457718,-0.32061,1.78598
1770241767.22048,0,1.05991,0.0298127,1.80313,-0.457733,-0.30868,1.78396
1770241767.68866,1,1.07441,0.0281812,1.802,-0.457869,-0.323182,1.78594
1770241767.85924,1,1.06861,0.0271723,1.8014,-0.457882,-0.317384,1.78711
1770241767.2575,1,1.06675,0.034206,1.80525,-0.458111,-0.315526,1.7791
1770241767.88754,1,1.0693,0.028181,1.8017,-0.458132,-0.318077,1.78609
1770241767.65591,1,1.07352,0.0281604,1.8005,-0.459154,-0.322296,1.78672
1770241747.40033,0,-0.86192,0.0741214,1.82914,-0.459173,1.61315,1.73258
1770241767.92206,1,1.06842,0.0286419,1.8003,-0.459574,-0.317198,1.7864
1770241767.18826,1,1.06296,0.0299029,1.80086,-0.459734,-0.311733,1.78503
1770241747.02012,1,-0.825462,0.0843992,1.83421,-0.459955,1.57669,1.72115
1770241767.52046,1,1.07536,0.0285578,1.79978,-0.459976,-0.324132,1.78674
1770241746.98836,1,-0.82331,0.0830592,1.8332,-0.460153,1.57454,1.72282
1770241746.94516,1,-0.821178,0.083413,1.83307,-0.460445,1.5724,1.72258
1770241747.35449,0,-0.861177,0.0740516,1.82757,-0.460494,1.6124,1.73344
1770241746.90374,1,-0.817471,0.0841472,1.83338,-0.460546,1.5687,1.72179
1770241767.32304,1,1.06764,0.0314,1.80055,-0.460755,-0.316415,1.7839
1770241767.41815,1,1.07146,0.0271158,1.7979,-0.460872,-0.32023,1.78893
1770241747.07105,1,-0.827812,0.0813131,1.83127,-0.460944,1.57904,1.7253
1770241767.58937,1,1.07082,0.0270414,1.79758,-0.461109,-0.319591,1.78915
1770241747.32093,0,-0.861818,0.0756082,1.82767,-0.461198,1.61304,1.73204
1770241767.95566,1,1.06459,0.0285494,1.79822,-0.461323,-0.313363,1.78753
1770241767.48637,1,1.07385,0.0285237,1.79722,-0.462166,-0.322626,1.78806
1770241767.98987,1,1.06381,0.028543,1.79689,-0.462472,-0.312585,1.78821
1770241767.45424,0,1.07344,0.0285101,1.79656,-0.462735,-0.322216,1.78841
1770241745.62256,1,-1.12987,0.0839966,1.83,-0.463632,1.8811,1.72362
1770241745.43924,0,-1.20216,0.0823676,1.829,-0.463731,1.95339,1.72554
1770241768.01833,1,1.0638,0.0296323,1.79589,-0.463885,-0.312572,1.78777
1770241768.9214,1,0.993649,0.0367558,1.79931,-0.464586,-0.242427,1.7799
1770241746.79002,1,-0.809434,0.0862494,1.82987,-0.46463,1.56066,1.72175
1770241745.65689,1,-1.13032,0.0834182,1.8285,-0.464636,1.88155,1.72488
1770241768.35642,1,1.05931,0.0345772,1.79767,-0.46485,-0.308092,1.78261
1770241746.82251,1,-0.811825,0.0862446,1.82933,-0.465089,1.56305,1.72202
1770241767.38744,1,1.0697,0.029041,1.7941,-0.465126,-0.31848,1.78919
1770241767.35446,1,1.06767,0.0307122,1.795,-0.465194,-0.316447,1.78729
1770241768.32109,0,1.06305,0.0359094,1.798,-0.465232,-0.311831,1.78129
1770241747.29017,0,-0.859874,0.0767415,1.82329,-0.46555,1.6111,1.73328
1770241745.55378,1,-1.14279,0.0820185,1.82645,-0.465704,1.89401,1.72712
1770241745.58702,1,-1.13625,0.0826779,1.82675,-0.465777,1.88747,1.7264
1770241745.69984,1,-1.1242,0.0833365,1.82671,-0.466131,1.87542,1.72585
1770241747.25504,0,-0.861167,0.0774376,1.823,-0.46615,1.61239,1.73282
1770241768.28907,1,1.05794,0.0334625,1.79522,-0.466399,-0.306716,1.7848
1770241746.71257,1,-0.808802,0.0886421,1.82863,-0.466909,1.56002,1.72031
1770241747.235,0,-0.860157,0.0783052,1.82238,-0.467126,1.61138,1.73239
1770241768.19033,1,1.06027,0.034004,1.79425,-0.467509,-0.309053,1.78483
1770241747.18822,0,-0.860246,0.0795622,1.82257,-0.467591,1.61147,1.7312
1770241745.7224,1,-1.11577,0.0828525,1.824,-0.468223,1.86699,1.72764
1770241746.85591,1,-0.813305,0.0837219,1.82406,-0.468367,1.56453,1.72686
1770241768.12244,1,1.05532,0.0300905,1.79078,-0.468535,-0.304105,1.78996
1770241768.25272,1,1.05953,0.0339758,1.793,-0.468575,-0.308307,1.78548
1770241768.88361,0,1.00056,0.0378409,1.79471,-0.469093,-0.249343,1.78128
1770241745.45218,0,-1.19703,0.086361,1.825,-0.469196,1.94825,1.72411
1770241768.07576,1,1.05699,0.0289684,1.7892,-0.469329,-0.30577,1.79172
1770241746.75574,0,-0.821117,0.0876875,1.82484,-0.469704,1.57234,1.72304
1770241768.15734,1,1.05436,0.0300723,1.78911,-0.469965,-0.303144,1.79082
1770241768.22176,1,1.05828,0.0339414,1.79088,-0.470393,-0.307067,1.78659
1770241745.78456,1,-1.1015,0.0830827,1.82114,-0.470794,1.85272,1.72889
1770241747.1449,0,-0.858224,0.0793782,1.81829,-0.471196,1.60944,1.73353
1770241768.38472,1,1.05497,0.0344425,1.79022,-0.471212,-0.303749,1.78648
1770241747.01999,0,-0.859511,0.0845018,1.821,-0.471441,1.61073,1.72773
1770241768.84118,1,1.00765,0.0388537,1.7922,-0.471769,-0.256434,1.78168
1770241747.07094,0,-0.857784,0.081543,1.81886,-0.471796,1.609,1.73137
1770241745.95496,1,-1.04978,0.088777,1.82317,-0.471881,1.801,1.72295
1770241746.65164,1,-0.807095,0.0883424,1.82269,-0.471882,1.55831,1.72357
1770241746.62353,1,-0.809937,0.0899522,1.8235,-0.471995,1.56115,1.72177
1770241746.52074,1,-0.825582,0.0922018,1.82481,-0.47201,1.5768,1.71916
1770241745.92257,1,-1.06517,0.0877586,1.82236,-0.472072,1.81639,1.72423
1770241745.75697,1,-1.10758,0.0826461,1.81936,-0.47212,1.85879,1.73016
1770241747.0859,0,-0.857313,0.0814989,1.81786,-0.472636,1.60853,1.73191
1770241746.58886,1,-0.815222,0.089901,1.82263,-0.472729,1.56644,1.72225
1770241768.52266,1,1.05115,0.0402911,1.79157,-0.473003,-0.299932,1.78075
1770241746.12146,1,-0.977816,0.0898819,1.82241,-0.473033,1.72903,1.72238
1770241745.8401,1,-1.08235,0.0840541,1.81886,-0.473242,1.83356,1.7292
1770241745.88811,1,-1.07123,0.0865364,1.81983,-0.473644,1.82245,1.72657
1770241768.55439,1,1.05271,0.0424014,1.79186,-0.47382,-0.301497,1.77879
1770241746.41833,1,-0.845551,0.0946765,1.82406,-0.473923,1.59677,1.7174
1770241746.47573,1,-0.828156,0.0950051,1.82364,-0.474437,1.57937,1.71733
1770241746.55385,1,-0.81695,0.091522,1.82127,-0.474721,1.56816,1.72154
1770241746.07959,1,-0.992128,0.0907576,1.82088,-0.474813,1.74334,1.7224
1770241746.94508,0,-0.852162,0.0830177,1.816,-0.475002,1.60338,1.73154
1770241745.51029,0,-1.18484,0.08944,1.81975,-0.475272,1.93606,1.7241
1770241746.32112,1,-0.877506,0.0925239,1.82113,-0.47539,1.62872,1.72074
1770241745.58694,0,-1.17334,0.0894157,1.81933,-0.47561,1.92455,1.72433
1770241746.90367,0,-0.850982,0.0849044,1.81613,-0.475846,1.6022,1.72985
1770241768.71983,0,1.03157,0.04375,1.79022,-0.475929,-0.280353,1.77845
1770241746.38676,1,-0.85541,0.0926983,1.81994,-0.47649,1.60662,1.72119
1770241746.28078,1,-0.889455,0.0931268,1.81967,-0.47697,1.64067,1.72096
1770241768.6176,1,1.04005,0.0393308,1.786,-0.477336,-0.288839,1.78439
1770241768.44127,1,1.04919,0.0374831,1.78488,-0.477367,-0.297975,1.78656
1770241745.98862,1,-1.03183,0.0901479,1.81725,-0.477666,1.78305,1.72475
1770241768.47995,1,1.0492,0.0381114,1.78488,-0.477684,-0.297985,1.78601
1770241746.85583,0,-0.846734,0.0834808,1.81238,-0.478361,1.59795,1.73297
1770241746.98827,0,-0.85301,0.0840939,1.8125,-0.478567,1.60422,1.73238
1770241745.55369,0,-1.17574,0.0892127,1.81533,-0.478963,1.92695,1.72653
1770241746.82241,0,-0.845662,0.0853527,1.81275,-0.478981,1.59687,1.73116
1770241746.71248,0,-0.841358,0.088004,1.813,-0.4801,1.59257,1.72875
1770241746.19957,0,-0.951813,0.0929245,1.81583,-0.480233,1.70302,1.72307
1770241745.62245,0,-1.1647,0.0891426,1.81367,-0.480357,1.91591,1.72743
1770241768.67912,1,1.03813,0.046896,1.7865,-0.480725,-0.286917,1.77761
1770241746.78993,0,-0.843509,0.0873758,1.81167,-0.480936,1.59472,1.72996
1770241768.58825,0,1.04251,0.0411274,1.78288,-0.480939,-0.291305,1.78442
1770241768.75626,1,1.02494,0.0463397,1.78533,-0.481462,-0.27373,1.77868
1770241746.15483,0,-0.969915,0.092773,1.81405,-0.481708,1.72112,1.7241
1770241746.0177,0,-1.02939,0.0944334,1.81478,-0.481961,1.7806,1.7223
1770241746.21802,0,-0.931205,0.0931481,1.81352,-0.482317,1.68241,1.72404
1770241746.65153,0,-0.8405,0.0877904,1.80878,-0.483636,1.59171,1.73106
1770241746.35524,0,-0.875254,0.0936246,1.81204,-0.483792,1.62646,1.72438
1770241768.78703,1,1.0214,0.0471148,1.78245,-0.484341,-0.270193,1.77946
1770241745.6568,0,-1.15702,0.0888434,1.8075,-0.485523,1.90823,1.7308
1770241746.62345,0,-0.843157,0.0900732,1.80738,-0.486002,1.59436,1.7298
1770241746.58877,0,-0.846234,0.0893773,1.806,-0.48684,1.59744,1.7311
1770241746.47566,0,-0.863183,0.095055,1.80775,-0.488209,1.61439,1.72531
1770241746.52067,0,-0.856744,0.0944108,1.80725,-0.48831,1.60795,1.72612
1770241745.69974,0,-1.15146,0.0917075,1.8054,-0.488777,1.90267,1.72939
1770241745.72232,0,-1.14511,0.091595,1.8032,-0.490615,1.89631,1.7306
1770241746.41817,0,-0.875881,0.0948115,1.80325,-0.491981,1.62708,1.72779
1770241746.38671,0,-0.885165,0.0947394,1.802,-0.493031,1.63637,1.72849
1770241746.55378,0,-0.846774,0.0919944,1.8,-0.493341,1.59797,1.73187
1770241746.28069,0,-0.925073,0.0972663,1.80263,-0.493799,1.67627,1.72599
1770241746.07949,0,-1.02404,0.0963035,1.80143,-0.494424,1.77524,1.72743
1770241746.32105,0,-0.90996,0.0962774,1.80071,-0.494937,1.66116,1.72781
1770241745.75687,0,-1.14031,0.093339,1.79875,-0.495332,1.8915,1.73134
1770241745.78448,0,-1.13228,0.0945292,1.79775,-0.49679,1.88347,1.73081
1770241746.12137,0,-1.00437,0.0962972,1.79625,-0.498876,1.75557,1.73005
1770241745.95487,0,-1.07986,0.100642,1.79675,-0.500697,1.83105,1.72604
1770241745.92247,0,-1.09026,0.095857,1.793,-0.501527,1.84145,1.73207
1770241745.88801,0,-1.10375,0.0941986,1.7915,-0.501996,1.85495,1.73426
1770241745.84002,0,-1.11359,0.0942014,1.7915,-0.502005,1.86478,1.73425
1770241745.98851,0,-1.065,0.0979424,1.7925,-0.502992,1.8162,1.73052
1770241424.25094,0,-0.856143,-0.378201,1.263,-0.719515,1.60716,2.40885
1770241419.80372,0,-0.855465,-0.377902,1.262,-0.720529,1.60648,2.40909
