stamp,person_id,A_h,A_r,A_m,pos_x,pos_y,pos_z,roll,pitch,yaw,is_target,ptu_blind,bbox_u,bbox_v,bbox_w,bbox_h
1778698024.804300,0,0.976257,0.912489,0.890824,0.8927,0.3378,1.2748,0.000,4.318,-143.865,0,0,61,202,123,136
1778698024.804300,1,0.991579,0.998735,0.990325,1.2083,-0.0386,1.3150,0.000,3.882,-174.540,0,0,318,207,84,110
1778698024.804300,2,0.940108,0.914754,0.859967,1.1503,-0.5103,1.3024,0.000,-11.516,161.546,0,0,565,209,107,111
1778698024.804300,0,0.978309,0.912489,0.892696,0.8927,0.3378,1.2748,0.000,4.647,-144.341,0,0,61,202,123,136
1778698024.804300,1,0.988506,0.998735,0.987256,1.2083,-0.0386,1.3150,0.000,3.854,-173.003,0,0,318,207,84,110
1778698024.804300,2,0.933849,0.914754,0.854242,1.1503,-0.5103,1.3024,0.000,-12.458,161.995,0,0,565,209,106,111
1778698024.904404,0,0.979545,0.912489,0.893824,0.8927,0.3378,1.2748,0.000,4.768,-144.667,0,0,61,201,123,136
1778698024.904404,1,0.988688,0.998735,0.987438,1.2043,-0.0386,1.3144,-0.000,3.063,-173.678,0,0,318,207,84,110
1778698024.904404,2,0.937485,0.914754,0.857568,1.1503,-0.5103,1.3024,0.000,-11.923,161.714,0,0,566,209,106,110
1778698024.904404,0,0.977905,0.912410,0.892251,0.8927,0.3378,1.2748,0.000,4.768,-144.667,0,0,61,201,123,135
1778698024.904404,1,0.988566,0.998735,0.987316,1.2043,-0.0386,1.3144,-0.000,3.063,-173.678,0,0,318,206,85,109
1778698024.904404,2,0.940798,0.914164,0.860043,1.1503,-0.5103,1.3024,0.000,-11.923,161.714,0,0,566,209,106,111
1778698025.138000,0,0.981129,0.912410,0.895192,0.8906,0.3369,1.2759,0.000,5.639,-144.911,0,0,61,201,123,135
1778698025.138000,1,0.990439,0.998554,0.989007,1.2079,-0.0386,1.3190,-0.000,2.773,-175.138,0,0,318,205,85,109
1778698025.138000,2,0.942940,0.914164,0.862002,1.1503,-0.5122,1.3024,0.000,-11.223,160.704,0,0,566,209,106,110
1778698025.138000,0,0.977656,0.912410,0.892023,0.8906,0.3369,1.2759,0.000,5.326,-143.969,0,0,61,201,123,135
1778698025.138000,1,0.989177,0.998554,0.987747,1.2079,-0.0386,1.3190,-0.000,3.638,-173.616,0,0,318,207,84,110
1778698025.138000,2,0.939427,0.914164,0.858790,1.1503,-0.5122,1.3024,0.000,-11.938,160.259,0,0,566,209,106,110
1778698025.238108,0,0.979726,0.912410,0.893912,0.8906,0.3369,1.2759,0.000,5.060,-144.651,0,0,61,201,123,137
1778698025.238108,1,0.987481,0.998735,0.986232,1.2043,-0.0386,1.3144,-0.000,1.992,-174.071,0,0,318,206,84,110
1778698025.238108,2,0.936150,0.914164,0.855794,1.1503,-0.5122,1.3024,-0.000,-12.297,161.100,0,0,566,209,106,110
1778698025.304846,0,0.979461,0.912410,0.893670,0.8906,0.3369,1.2759,0.000,5.534,-144.436,0,0,61,201,123,136
1778698025.304846,1,0.991811,0.998646,0.990468,1.2121,-0.0386,1.3176,0.000,4.188,-174.507,0,0,318,208,85,110
1778698025.304846,2,0.942775,0.914164,0.861851,1.1503,-0.5122,1.3024,0.000,-11.305,160.486,0,0,566,208,106,111
1778698025.371586,0,0.976556,0.912410,0.891019,0.8906,0.3369,1.2759,-0.000,5.325,-143.661,0,0,61,201,123,137
1778698025.371586,1,0.991326,0.998821,0.990158,1.2045,-0.0386,1.3124,-0.000,3.872,-174.327,0,0,318,207,84,110
1778698025.371586,2,0.941227,0.914101,0.860376,1.1501,-0.5122,1.3043,0.000,-11.430,160.711,0,0,566,209,106,111
1778698025.505062,0,0.977056,0.912410,0.891476,0.8906,0.3369,1.2759,-0.000,5.474,-143.761,0,0,61,201,122,137
1778698025.505062,1,0.991601,0.998821,0.990432,1.2045,-0.0386,1.3124,-0.000,4.555,-173.996,0,0,318,208,85,109
1778698025.505062,2,0.936116,0.914101,0.855704,1.1501,-0.5122,1.3043,0.000,-12.238,160.987,0,0,566,208,106,113
1778698025.505062,0,0.978302,0.912410,0.892612,0.8906,0.3369,1.2759,-0.000,5.474,-143.761,0,0,61,201,123,137
1778698025.505062,1,0.939160,0.914101,0.858487,1.2045,-0.0386,1.3124,-0.000,4.555,-173.996,0,0,566,208,106,111
1778698025.505062,2,0.990901,0.998735,0.989648,1.1501,-0.5122,1.3043,0.000,-12.238,160.987,0,0,318,207,84,110
1778698025.571723,0,0.976697,0.912410,0.891149,0.8906,0.3369,1.2759,0.000,5.072,-143.771,0,0,61,201,122,137
1778698025.571723,2,0.989474,0.998735,0.988223,1.2043,-0.0386,1.3144,0.000,3.753,-173.528,0,0,318,208,85,110
1778698025.571723,1,0.938419,0.914101,0.857810,1.1501,-0.5122,1.3043,0.000,-11.920,160.691,0,0,566,209,106,111
1778698025.571723,0,0.979120,0.912410,0.893359,0.8906,0.3369,1.2759,0.000,5.072,-143.771,0,0,61,201,123,136
1778698025.571723,1,0.992638,0.998821,0.991467,1.2043,-0.0386,1.3144,0.000,3.753,-173.528,0,0,318,208,84,107
1778698025.571723,2,0.939875,0.914164,0.859200,1.1501,-0.5122,1.3043,0.000,-11.920,160.691,0,0,565,209,105,111
1778698025.805308,0,0.976759,0.912410,0.891204,0.8906,0.3369,1.2759,0.000,5.018,-143.804,0,0,61,201,122,137
1778698025.805308,1,0.991157,0.998821,0.989989,1.2045,-0.0386,1.3124,-0.000,3.970,-174.160,0,0,318,208,85,109
1778698025.805308,2,0.939449,0.914164,0.858810,1.1503,-0.5122,1.3024,0.000,-11.791,160.876,0,0,566,209,106,111
1778698025.872065,0,0.977657,0.912410,0.892024,0.8906,0.3369,1.2759,0.000,4.773,-144.134,0,0,61,201,123,136
1778698025.872065,1,0.990465,0.998821,0.989297,1.2045,-0.0386,1.3124,-0.000,4.089,-173.717,0,0,318,208,84,110
1778698025.872065,2,0.936769,0.914754,0.856914,1.1542,-0.5120,1.3030,0.000,-11.844,162.383,0,0,565,209,107,111
1778698025.938802,0,0.977028,0.912410,0.891450,0.8906,0.3369,1.2759,-0.000,5.373,-143.780,0,0,61,201,122,136
1778698025.938802,1,0.991046,0.998735,0.989792,1.2043,-0.0386,1.3144,0.000,4.037,-174.124,0,0,318,207,84,110
1778698025.938802,2,0.945201,0.914164,0.864068,1.1503,-0.5122,1.3024,0.000,-10.699,161.152,0,0,566,209,106,111
1778698025.938802,0,0.977794,0.912410,0.892149,0.8906,0.3369,1.2759,-0.000,5.291,-144.018,0,0,61,201,123,136
1778698025.938802,1,0.991414,0.998735,0.990160,1.2043,-0.0386,1.3144,0.000,4.160,-174.232,0,0,318,208,84,110
1778698025.938802,2,0.944894,0.914164,0.863788,1.1503,-0.5122,1.3024,0.000,-10.697,161.355,0,0,565,209,105,111
1778698026.105649,0,0.976116,0.912410,0.890618,0.8906,0.3369,1.2759,0.000,5.095,-143.604,0,0,61,201,123,137
1778698026.105649,1,0.989275,0.998646,0.987935,1.2081,-0.0386,1.3170,0.000,3.332,-173.832,0,0,318,206,84,109
1778698026.105649,2,0.937552,0.914754,0.857629,1.1503,-0.5103,1.3024,0.000,-11.863,161.882,0,0,565,209,107,111
1778698026.172408,0,0.977550,0.912410,0.891926,0.8926,0.3378,1.2763,0.000,5.243,-143.962,0,0,61,201,123,137
1778698026.172408,1,0.991997,0.998821,0.990827,1.2045,-0.0386,1.3124,-0.000,4.559,-174.205,0,0,318,208,84,110
1778698026.172408,2,0.940242,0.914815,0.860148,1.1505,-0.5103,1.3005,-0.000,-11.451,162.001,0,0,565,210,106,115
1778698026.172408,0,0.977048,0.912410,0.891469,0.8926,0.3378,1.2763,0.000,5.489,-143.755,0,0,61,202,123,136
1778698026.172408,1,0.989061,0.998821,0.987895,1.2045,-0.0386,1.3124,0.000,3.403,-173.512,0,0,318,206,84,109
1778698026.172408,2,0.948490,0.914815,0.867693,1.1505,-0.5103,1.3005,0.000,-10.303,160.775,0,0,565,209,105,111
1778698026.339229,0,0.976636,0.912489,0.891170,0.8908,0.3369,1.2745,-0.000,5.493,-143.623,0,0,61,201,123,137
1778698026.339229,1,0.987127,0.998646,0.985791,1.2160,-0.0386,1.3182,-0.000,2.589,-173.410,0,0,318,206,86,107
1778698026.339229,2,0.948700,0.914815,0.867885,1.1505,-0.5103,1.3005,0.000,-10.253,160.817,0,0,565,210,105,113
1778698026.405965,0,0.977587,0.913001,0.892538,0.8906,0.3355,1.2759,0.000,5.567,-143.972,0,0,62,201,124,137
1778698026.405965,1,0.987378,0.998646,0.986042,1.2121,-0.0386,1.3176,-0.000,2.781,-173.362,0,0,318,206,84,109
1778698026.405965,2,0.933748,0.914754,0.854150,1.1503,-0.5103,1.3024,-0.000,-12.545,161.747,0,0,565,209,107,113
1778698026.472703,0,0.974326,0.913081,0.889638,0.8908,0.3355,1.2745,0.000,5.178,-143.166,0,0,62,202,124,136
1778698026.472703,1,0.986342,0.998744,0.985103,1.2123,-0.0366,1.3156,-0.000,3.065,-172.492,0,0,317,207,85,106
1778698026.472703,2,0.939119,0.914754,0.859063,1.1503,-0.5103,1.3024,0.000,-11.629,161.755,0,0,565,209,106,113
1778698026.539442,0,0.974226,0.913001,0.889470,0.8906,0.3355,1.2759,0.000,5.566,-143.060,0,0,62,201,124,137
1778698026.539442,1,0.991579,0.998821,0.990409,1.2045,-0.0386,1.3124,-0.000,4.027,-174.348,0,0,318,208,84,107
1778698026.539442,2,0.945013,0.914815,0.864513,1.1505,-0.5103,1.3005,0.000,-10.570,162.066,0,0,565,210,106,114
1778698026.639526,0,0.975556,0.913001,0.890684,0.8906,0.3355,1.2759,-0.000,5.352,-143.467,0,0,62,201,124,137
1778698026.639526,1,0.990718,0.998735,0.989465,1.2083,-0.0386,1.3150,-0.000,4.185,-173.847,0,0,318,207,84,110
1778698026.639526,2,0.947746,0.914874,0.867068,1.1507,-0.5103,1.2986,0.000,-10.584,160.582,0,0,565,211,106,114
1778698026.639526,0,0.974407,0.913001,0.889635,0.8906,0.3355,1.2759,-0.000,5.352,-143.467,0,0,62,201,124,137
1778698026.639526,1,0.991307,0.998735,0.990053,1.2083,-0.0386,1.3150,-0.000,4.185,-173.847,0,0,318,207,84,109
1778698026.639526,2,0.945204,0.914815,0.864687,1.1507,-0.5103,1.2986,0.000,-10.584,160.582,0,0,565,210,106,115
1778698026.772992,0,0.975146,0.913001,0.890309,0.8906,0.3355,1.2759,0.000,5.576,-143.301,0,0,62,201,124,137
1778698026.772992,1,0.992738,0.998821,0.991567,1.2085,-0.0386,1.3130,-0.000,4.176,-174.907,0,0,318,208,84,109
1778698026.772992,2,0.946160,0.915343,0.866061,1.1542,-0.5101,1.3030,0.000,-10.904,159.643,0,0,564,209,105,113
1778698026.839731,0,0.974177,0.913001,0.889425,0.8906,0.3355,1.2759,0.000,5.064,-143.176,0,0,62,201,124,137
1778698026.839731,1,0.991385,0.998735,0.990131,1.2043,-0.0386,1.3144,-0.000,3.787,-174.508,0,0,318,207,84,109
1778698026.839731,2,0.938722,0.914815,0.858758,1.1505,-0.5103,1.3005,0.000,-12.307,159.501,0,0,565,210,106,111
1778698026.839731,0,0.973893,0.913001,0.889166,0.8906,0.3355,1.2759,0.000,5.050,-143.104,0,0,62,201,124,137
1778698026.839731,1,0.991437,0.998735,0.990183,1.2043,-0.0386,1.3144,0.000,3.789,-174.536,0,0,318,206,84,109
1778698026.839731,2,0.942346,0.914815,0.862073,1.1505,-0.5103,1.3005,-0.000,-11.812,158.681,0,0,565,211,107,113
1778698026.839731,0,0.974395,0.913001,0.889624,0.8906,0.3355,1.2759,0.000,5.050,-143.104,0,0,62,201,124,136
1778698026.839731,1,0.992381,0.998646,0.991038,1.2043,-0.0386,1.3144,0.000,3.789,-174.536,0,0,318,206,84,109
1778698026.839731,2,0.938170,0.914874,0.858308,1.1505,-0.5103,1.3005,-0.000,-11.812,158.681,0,0,565,211,106,114
1778698027.006564,0,0.976086,0.913001,0.891168,0.8906,0.3355,1.2759,0.000,5.414,-143.595,0,0,62,201,124,137
1778698027.006564,1,0.991656,0.998646,0.990313,1.2121,-0.0386,1.3176,0.000,4.294,-174.338,0,0,318,206,84,109
1778698027.006564,2,0.944598,0.914874,0.864188,1.1507,-0.5103,1.2986,0.000,-10.914,161.501,0,0,565,210,106,113
1778698027.140041,0,0.973005,0.913001,0.888355,0.8906,0.3355,1.2759,0.000,5.242,-142.822,0,0,62,201,124,137
1778698027.140041,1,0.990035,0.998554,0.988604,1.2119,-0.0386,1.3196,0.000,2.809,-174.846,0,0,318,205,84,109
1778698027.140041,2,0.944496,0.915463,0.864652,1.1507,-0.5084,1.2986,0.000,-11.136,160.812,0,0,564,211,107,114
1778698027.140041,0,0.972649,0.913001,0.888030,0.8906,0.3355,1.2759,0.000,5.242,-142.822,0,0,62,201,124,139
1778698027.140041,1,0.987964,0.998655,0.986636,1.2119,-0.0386,1.3196,0.000,2.809,-174.846,0,0,317,206,85,107
1778698027.140041,2,0.939710,0.914815,0.859662,1.1507,-0.5084,1.2986,0.000,-11.136,160.812,0,0,565,210,107,113
1778698027.273518,0,0.972241,0.913081,0.887734,0.8908,0.3355,1.2745,-0.000,5.428,-142.566,0,0,62,202,124,137
1778698027.273518,1,0.988653,0.998735,0.987402,1.2043,-0.0386,1.3144,0.000,3.587,-173.254,0,0,318,207,84,107
1778698027.273518,2,0.940705,0.915463,0.861180,1.1507,-0.5084,1.2986,0.000,-11.478,162.021,0,0,564,211,107,111
1778698027.273518,0,0.974300,0.913081,0.889615,0.8908,0.3355,1.2745,0.000,5.396,-143.104,0,0,62,202,124,136
1778698027.273518,1,0.988406,0.998735,0.987155,1.2043,-0.0386,1.3144,0.000,3.620,-173.116,0,0,318,206,84,109
1778698027.273518,2,0.937083,0.915463,0.857865,1.1507,-0.5084,1.2986,0.000,-12.528,160.345,0,0,564,210,107,114
1778698027.440368,0,0.972565,0.913081,0.888031,0.8908,0.3355,1.2745,0.000,5.402,-142.654,0,0,62,202,124,137
1778698027.440368,1,0.990624,0.998735,0.989371,1.2083,-0.0386,1.3150,0.000,4.139,-173.830,0,0,318,207,84,110
1778698027.440368,2,0.938266,0.914874,0.858396,1.1507,-0.5103,1.2986,-0.000,-12.435,159.737,0,0,565,211,108,111
1778698027.440368,0,0.972823,0.913081,0.888266,0.8908,0.3355,1.2745,0.000,5.241,-142.759,0,0,62,201,124,139
1778698027.440368,1,0.992034,0.998735,0.990779,1.2083,-0.0386,1.3150,-0.000,3.680,-174.987,0,0,318,206,84,110
1778698027.440368,2,0.936772,0.914874,0.857028,1.1507,-0.5103,1.2986,0.000,-12.765,159.259,0,0,564,210,107,111
1778698027.540481,0,0.974645,0.913001,0.889852,0.8906,0.3355,1.2759,0.000,5.423,-143.205,0,0,62,202,124,136
1778698027.540481,1,0.988920,0.998646,0.987582,1.2121,-0.0386,1.3176,-0.000,3.398,-173.600,0,0,318,206,84,110
1778698027.540481,2,0.935112,0.915404,0.856005,1.1544,-0.5101,1.3011,0.000,-12.556,161.262,0,0,564,210,106,111
1778698027.540481,0,0.977581,0.913081,0.892610,0.8906,0.3355,1.2759,0.000,5.423,-143.205,0,0,62,201,124,137
1778698027.540481,1,0.992600,0.998646,0.991256,1.2121,-0.0386,1.3176,-0.000,3.398,-173.600,0,0,318,207,84,109
1778698027.540481,2,0.935493,0.915404,0.856354,1.1544,-0.5101,1.3011,0.000,-12.556,161.262,0,0,563,211,107,114
1778698027.673925,0,0.977465,0.913001,0.892427,0.8906,0.3355,1.2759,-0.000,5.388,-143.984,0,0,62,201,124,136
1778698027.673925,1,0.992506,0.998735,0.991251,1.2083,-0.0386,1.3150,0.000,3.802,-175.172,0,0,318,207,84,110
1778698027.673925,2,0.931755,0.916051,0.853535,1.1546,-0.5082,1.2992,0.000,-12.797,162.774,0,0,563,210,106,113
1778698027.807402,0,0.980155,0.913001,0.894883,0.8906,0.3355,1.2759,0.000,5.786,-144.663,0,0,62,201,124,136
1778698027.807402,1,0.990980,0.998735,0.989726,1.2083,-0.0386,1.3150,0.000,4.149,-174.008,0,0,318,207,84,110
1778698027.807402,2,0.939460,0.915931,0.860481,1.1572,-0.5095,1.3034,0.000,-11.709,161.387,0,0,563,209,106,113
1778698027.874131,0,0.977529,0.913001,0.892485,0.8906,0.3355,1.2759,0.000,5.535,-143.964,0,0,62,201,124,137
1778698027.874131,1,0.991608,0.998735,0.990354,1.2083,-0.0386,1.3150,-0.000,4.142,-174.352,0,0,318,207,84,110
1778698027.874131,2,0.940830,0.916579,0.862345,1.1574,-0.5076,1.3015,0.000,-11.561,161.460,0,0,562,210,105,114
1778698027.874131,0,0.978215,0.913001,0.893112,0.8906,0.3355,1.2759,0.000,5.689,-144.120,0,0,62,202,124,136
1778698027.874131,1,0.989671,0.998735,0.988419,1.2083,-0.0386,1.3150,-0.000,3.657,-173.697,0,0,318,207,84,110
1778698027.874131,2,0.933127,0.916579,0.855285,1.1574,-0.5076,1.3015,0.000,-12.666,162.217,0,0,563,210,106,113
1778698027.974229,0,0.975168,0.913081,0.890407,0.8908,0.3355,1.2745,0.000,5.281,-143.363,0,0,62,201,124,139
1778698027.974229,1,0.991474,0.998735,0.990220,1.2043,-0.0386,1.3144,0.000,4.471,-174.047,0,0,318,208,84,110
1778698027.974229,2,0.932611,0.915992,0.854265,1.1544,-0.5082,1.3011,-0.000,-12.440,163.141,0,0,562,210,106,114
1778698028.107707,0,0.975784,0.913081,0.890970,0.8888,0.3346,1.2742,0.000,5.449,-143.487,0,0,62,202,124,136
1778698028.107707,1,0.991935,0.998821,0.990766,1.2045,-0.0386,1.3124,0.000,3.948,-174.612,0,0,318,208,86,109
1778698028.107707,2,0.936621,0.916051,0.857993,1.1576,-0.5095,1.2996,-0.000,-12.279,161.766,0,0,563,211,106,111
1778698028.107707,0,0.976831,0.913081,0.891926,0.8888,0.3346,1.2742,0.000,5.274,-143.819,0,0,62,202,124,136
1778698028.107707,1,0.992954,0.998821,0.991783,1.2045,-0.0386,1.3124,0.000,4.142,-175.068,0,0,318,207,85,109
1778698028.107707,2,0.936794,0.916051,0.858151,1.1576,-0.5095,1.2996,0.000,-12.382,161.263,0,0,563,211,106,110
1778698028.274554,0,0.975794,0.913001,0.890901,0.8906,0.3355,1.2759,0.000,5.811,-143.421,0,0,62,201,124,135
1778698028.274554,1,0.991229,0.998744,0.989984,1.2123,-0.0366,1.3156,0.000,4.187,-174.011,0,0,317,207,85,109
1778698028.274554,2,0.931472,0.915992,0.853221,1.1574,-0.5095,1.3015,0.000,-13.093,161.575,0,0,563,210,106,110
1778698028.274554,0,0.975535,0.913001,0.890665,0.8906,0.3355,1.2759,0.000,5.811,-143.421,0,0,62,201,124,137
1778698028.274554,1,0.992816,0.998821,0.991646,1.2123,-0.0366,1.3156,0.000,4.187,-174.011,0,0,318,208,84,109
1778698028.274554,2,0.926697,0.915931,0.848790,1.1574,-0.5095,1.3015,0.000,-13.093,161.575,0,0,563,209,106,109
1778698028.341291,0,0.973830,0.913081,0.889185,0.8906,0.3355,1.2759,-0.000,5.829,-143.347,0,0,62,202,124,136
1778698028.341291,1,0.992204,0.998821,0.991034,1.2045,-0.0386,1.3124,-0.000,4.220,-174.920,0,0,318,208,85,109
1778698028.341291,2,0.932156,0.915992,0.853847,1.1572,-0.5095,1.3034,-0.000,-13.812,161.376,0,0,563,210,106,107
1778698028.408031,0,0.973461,0.913081,0.888849,0.8908,0.3355,1.2745,-0.000,5.482,-142.865,0,0,62,201,124,137
1778698028.408031,1,0.993210,0.998821,0.992039,1.2045,-0.0386,1.3124,0.000,4.368,-175.047,0,0,318,208,84,109
1778698028.408031,2,0.931339,0.915992,0.853099,1.1574,-0.5095,1.3015,0.000,-13.308,160.743,0,0,563,209,107,109
1778698028.508147,0,0.972189,0.913001,0.887610,0.8886,0.3346,1.2756,0.000,5.341,-142.589,0,0,62,202,124,140
1778698028.508147,1,0.990268,0.998821,0.989100,1.2045,-0.0386,1.3124,0.000,4.087,-173.619,0,0,318,207,84,109
1778698028.508147,2,0.937577,0.915931,0.858756,1.1572,-0.5095,1.3034,0.000,-12.180,160.773,0,0,563,210,106,110
1778698028.641613,0,0.974422,0.913081,0.889726,0.8888,0.3346,1.2742,0.000,5.424,-143.129,0,0,62,202,124,137
1778698028.641613,1,0.992108,0.998821,0.990938,1.2045,-0.0386,1.3124,-0.000,4.124,-174.574,0,0,318,208,84,109
1778698028.641613,2,0.939985,0.915992,0.861019,1.1574,-0.5095,1.3015,0.000,-12.060,159.804,0,0,563,210,107,109
1778698028.641613,0,0.971702,0.913001,0.887165,0.8888,0.3346,1.2742,0.000,5.424,-143.129,0,0,62,201,124,139
1778698028.641613,1,0.988721,0.998821,0.987555,1.2045,-0.0386,1.3124,-0.000,4.124,-174.574,0,0,318,208,86,109
1778698028.641613,2,0.939339,0.915404,0.859874,1.1574,-0.5095,1.3015,0.000,-12.060,159.804,0,0,564,210,106,110
1778698028.708369,0,0.971502,0.913001,0.886983,0.8886,0.3346,1.2756,-0.000,5.547,-142.368,0,0,62,202,124,136
1778698028.708369,1,0.987023,0.998821,0.985859,1.2045,-0.0386,1.3124,0.000,3.355,-172.615,0,0,317,207,85,109
1778698028.708369,2,0.938080,0.915404,0.858723,1.1544,-0.5101,1.3011,-0.000,-12.470,159.207,0,0,564,209,106,110
1778698028.808460,0,0.973133,0.913081,0.888549,0.8888,0.3346,1.2742,-0.000,5.626,-142.749,0,0,62,201,124,139
1778698028.808460,1,0.993588,0.998744,0.992340,1.2083,-0.0366,1.3150,0.000,4.310,-175.322,0,0,317,208,85,107
1778698028.808460,2,0.943026,0.915343,0.863192,1.1542,-0.5101,1.3030,0.000,-11.651,158.329,0,0,564,210,107,111
1778698028.941937,0,0.973299,0.913001,0.888623,0.8886,0.3346,1.2756,0.000,5.833,-142.760,0,0,62,201,124,137
1778698028.941937,1,0.987997,0.998735,0.986747,1.2043,-0.0386,1.3144,0.000,3.858,-172.773,0,0,318,207,84,109
1778698028.941937,2,0.938136,0.915404,0.858774,1.1544,-0.5101,1.3011,0.000,-12.532,158.687,0,0,564,210,107,110
1778698029.008661,0,0.973073,0.913001,0.888417,0.8886,0.3346,1.2756,0.000,5.045,-142.892,0,0,62,201,124,136
1778698029.008661,1,0.989296,0.998735,0.988045,1.2083,-0.0386,1.3150,0.000,3.951,-173.305,0,0,318,207,84,109
1778698029.008661,2,0.934940,0.915343,0.855791,1.1542,-0.5101,1.3030,0.000,-12.410,161.576,0,0,564,209,107,111
1778698029.075383,0,0.974469,0.913001,0.889692,0.8886,0.3346,1.2756,0.000,5.390,-143.167,0,0,62,201,124,136
1778698029.075383,1,0.988411,0.998655,0.987082,1.2160,-0.0366,1.3182,0.000,3.336,-173.300,0,0,317,206,85,107
1778698029.075383,2,0.939076,0.914754,0.859024,1.1503,-0.5103,1.3024,-0.000,-11.859,160.926,0,0,565,209,106,111
1778698029.075383,0,0.973995,0.913001,0.889259,0.8886,0.3346,1.2756,0.000,5.390,-143.167,0,0,62,201,124,136
1778698029.075383,1,0.988325,0.998655,0.986996,1.2160,-0.0366,1.3182,0.000,3.336,-173.300,0,0,318,206,84,107
1778698029.075383,2,0.932013,0.914754,0.852563,1.1503,-0.5103,1.3024,-0.000,-11.859,160.926,0,0,565,209,106,110
1778698029.175485,0,0.970998,0.913001,0.886523,0.8886,0.3346,1.2756,0.000,4.799,-142.433,0,0,62,201,124,136
1778698029.175485,1,0.990314,0.998646,0.988974,1.2121,-0.0386,1.3176,0.000,4.941,-173.247,0,0,317,208,83,107
1778698029.175485,2,0.934214,0.914754,0.854576,1.1503,-0.5103,1.3024,0.000,-12.523,161.542,0,0,565,210,107,110
1778698029.242222,0,0.972212,0.913001,0.887631,0.8886,0.3346,1.2756,0.000,4.656,-142.782,0,0,62,201,124,136
1778698029.242222,1,0.992320,0.998830,0.991159,1.2085,-0.0366,1.3130,0.000,4.491,-174.327,0,0,318,207,84,109
1778698029.242222,2,0.931922,0.914815,0.852537,1.1505,-0.5103,1.3005,-0.000,-12.845,162.083,0,0,565,209,106,110
1778698029.242222,0,0.970506,0.913001,0.886074,0.8886,0.3346,1.2756,0.000,4.656,-142.782,0,0,62,201,124,137
1778698029.242222,1,0.989103,0.998646,0.987764,1.2085,-0.0366,1.3130,0.000,4.491,-174.327,0,0,318,206,84,109
1778698029.242222,2,0.931619,0.914754,0.852202,1.1505,-0.5103,1.3005,-0.000,-12.845,162.083,0,0,565,209,106,111
1778698029.375684,0,0.977625,0.913001,0.892573,0.8886,0.3346,1.2756,0.000,4.565,-142.379,0,0,62,201,124,136
1778698029.375684,1,0.990586,0.998735,0.989333,1.2121,-0.0386,1.3176,-0.000,4.451,-172.964,0,0,318,207,84,109
1778698029.375684,2,0.945650,0.914164,0.864479,1.1503,-0.5103,1.3024,0.000,-13.085,161.003,0,0,566,209,106,113
1778698029.509137,0,0.976488,0.913001,0.891535,0.8886,0.3346,1.2756,-0.000,5.814,-143.609,0,0,62,201,124,136
1778698029.509137,1,0.993576,0.998821,0.992404,1.2045,-0.0386,1.3124,0.000,5.064,-174.781,0,0,318,208,84,109
1778698029.509137,2,0.939417,0.914815,0.859393,1.1505,-0.5103,1.3005,0.000,-11.811,161.246,0,0,565,210,107,111
1778698029.575866,0,0.977297,0.913001,0.892274,0.8886,0.3346,1.2756,-0.000,6.033,-143.784,0,0,62,201,124,136
1778698029.575866,1,0.991854,0.998735,0.990599,1.2043,-0.0386,1.3144,-0.000,4.443,-174.270,0,0,318,207,84,109
1778698029.575866,2,0.927031,0.914815,0.848062,1.1505,-0.5103,1.3005,0.000,-13.275,163.251,0,0,565,210,107,111
1778698029.642605,0,0.976009,0.912410,0.890521,0.8886,0.3360,1.2756,0.000,5.822,-143.391,0,0,61,201,123,136
1778698029.642605,1,0.993623,0.998821,0.992451,1.2045,-0.0386,1.3124,-0.000,4.800,-174.984,0,0,318,208,84,109
1778698029.642605,2,0.942362,0.914754,0.862029,1.1473,-0.5090,1.3020,0.000,-10.965,162.051,0,0,565,209,106,113
1778698029.709343,0,0.975670,0.913001,0.890788,0.8886,0.3346,1.2756,0.000,4.707,-143.683,0,0,62,201,124,136
1778698029.709343,1,0.992872,0.998821,0.991701,1.2045,-0.0386,1.3124,0.000,4.430,-174.792,0,0,318,208,84,107
1778698029.709343,2,0.935256,0.914815,0.855587,1.1475,-0.5090,1.3001,0.000,-12.229,162.278,0,0,565,210,106,111
1778698029.776091,0,0.974947,0.913001,0.890128,0.8886,0.3346,1.2756,0.000,5.085,-143.375,0,0,62,201,124,136
1778698029.776091,1,0.992932,0.998821,0.991761,1.2045,-0.0386,1.3124,0.000,5.043,-174.420,0,0,318,208,84,109
1778698029.776091,2,0.934184,0.914815,0.854606,1.1475,-0.5090,1.3001,0.000,-12.397,162.319,0,0,565,210,107,111
1778698029.842825,0,0.974726,0.913081,0.890003,0.8908,0.3355,1.2745,0.000,4.186,-143.574,0,0,62,202,124,136
1778698029.842825,1,0.992353,0.998735,0.991097,1.2083,-0.0386,1.3150,0.000,4.484,-174.521,0,0,318,207,84,109
1778698029.842825,2,0.937577,0.914815,0.857710,1.1505,-0.5103,1.3005,-0.000,-11.968,161.827,0,0,565,210,106,114
1778698029.942925,0,0.974282,0.913081,0.889598,0.8888,0.3346,1.2742,-0.000,4.499,-143.350,0,0,62,202,124,136
1778698029.942925,1,0.991852,0.998646,0.990509,1.2121,-0.0386,1.3176,0.000,4.708,-174.157,0,0,318,206,84,109
1778698029.942925,2,0.939199,0.914815,0.859194,1.1505,-0.5103,1.3005,0.000,-11.311,162.972,0,0,565,210,106,115
1778698030.009672,0,0.975209,0.913081,0.890445,0.8888,0.3346,1.2742,0.000,5.162,-143.405,0,0,62,202,124,136
1778698030.009672,1,0.994400,0.998735,0.993142,1.2043,-0.0386,1.3144,0.000,5.120,-175.328,0,0,318,207,84,109
1778698030.009672,2,0.946207,0.914815,0.865605,1.1505,-0.5103,1.3005,0.000,-10.559,161.387,0,0,565,210,105,114
1778698030.076416,0,0.975201,0.913081,0.890438,0.8888,0.3346,1.2742,0.000,5.096,-143.421,0,0,62,202,125,136
1778698030.076416,1,0.993784,0.998735,0.992527,1.2083,-0.0386,1.3150,0.000,4.811,-175.149,0,0,318,207,84,107
1778698030.076416,2,0.939705,0.914754,0.859599,1.1503,-0.5103,1.3024,-0.000,-11.198,162.775,0,0,565,209,106,115
1778698030.143149,0,0.975258,0.913081,0.890490,0.8888,0.3346,1.2742,-0.000,5.339,-143.373,0,0,62,202,125,136
1778698030.143149,1,0.992973,0.998735,0.991717,1.2083,-0.0386,1.3150,0.000,4.317,-175.018,0,0,318,207,84,107
1778698030.143149,2,0.937985,0.914815,0.858083,1.1505,-0.5103,1.3005,0.000,-11.889,161.856,0,0,565,210,106,114
1778698030.209882,0,0.974746,0.913081,0.890022,0.8888,0.3346,1.2742,0.000,5.330,-143.238,0,0,62,202,125,136
1778698030.209882,1,0.993110,0.998646,0.991766,1.2121,-0.0386,1.3176,-0.000,4.296,-175.206,0,0,318,206,84,109
1778698030.209882,2,0.942109,0.914815,0.861856,1.1505,-0.5103,1.3005,0.000,-11.135,161.950,0,0,565,210,106,113
1778698030.209882,0,0.971885,0.913081,0.887410,0.8888,0.3346,1.2742,0.000,5.159,-142.541,0,0,62,202,125,136
1778698030.209882,1,0.991540,0.998646,0.990198,1.2121,-0.0386,1.3176,-0.000,3.554,-174.895,0,0,318,206,84,109
1778698030.209882,2,0.940458,0.914815,0.860345,1.1505,-0.5103,1.3005,0.000,-11.398,162.051,0,0,565,209,107,113
1778698030.309990,0,0.971643,0.913081,0.887189,0.8888,0.3346,1.2742,0.000,5.350,-142.434,0,0,62,202,125,137
1778698030.309990,1,0.991464,0.998646,0.990122,1.2121,-0.0386,1.3176,0.000,3.460,-174.939,0,0,318,206,84,109
1778698030.309990,2,0.941203,0.914754,0.860970,1.1503,-0.5103,1.3024,0.000,-11.538,160.728,0,0,566,209,106,113
1778698030.443487,0,0.971360,0.913081,0.886930,0.8888,0.3346,1.2742,0.000,5.055,-142.436,0,0,62,202,125,136
1778698030.443487,1,0.990685,0.998646,0.989344,1.2081,-0.0386,1.3170,-0.000,4.219,-173.874,0,0,318,206,84,109
1778698030.443487,2,0.933647,0.914754,0.854057,1.1503,-0.5103,1.3024,0.000,-12.717,161.151,0,0,565,209,107,113
1778698030.443487,0,0.973138,0.913081,0.888554,0.8888,0.3346,1.2742,0.000,5.055,-142.436,0,0,62,202,125,136
1778698030.443487,1,0.992360,0.998646,0.991017,1.2081,-0.0386,1.3170,-0.000,4.219,-173.874,0,0,318,206,84,109
1778698030.443487,2,0.942728,0.914754,0.862364,1.1503,-0.5103,1.3024,0.000,-12.717,161.151,0,0,565,210,107,114
1778698030.610307,0,0.973996,0.913081,0.889337,0.8888,0.3346,1.2742,0.000,5.512,-142.997,0,0,62,202,125,137
1778698030.610307,1,0.991545,0.998735,0.990291,1.2083,-0.0386,1.3150,-0.000,4.000,-174.426,0,0,318,207,84,110
1778698030.610307,2,0.934727,0.914815,0.855102,1.1475,-0.5090,1.3001,0.000,-11.945,163.379,0,0,565,210,106,114
1778698030.677053,0,0.972995,0.913081,0.888423,0.8868,0.3337,1.2739,0.000,5.544,-142.731,0,0,62,202,125,136
1778698030.677053,1,0.992425,0.998646,0.991081,1.2081,-0.0386,1.3170,-0.000,4.092,-174.949,0,0,318,206,84,110
1778698030.677053,2,0.947531,0.914225,0.866257,1.1475,-0.5109,1.3001,-0.000,-10.012,162.248,0,0,566,210,106,115
1778698030.677053,0,0.973054,0.913081,0.888477,0.8868,0.3337,1.2739,0.000,5.544,-142.731,0,0,62,202,125,137
1778698030.677053,1,0.992348,0.998646,0.991005,1.2081,-0.0386,1.3170,-0.000,4.092,-174.949,0,0,318,206,84,107
1778698030.677053,2,0.942358,0.914815,0.862083,1.1475,-0.5109,1.3001,-0.000,-10.012,162.248,0,0,565,210,106,114
1778698030.743792,0,0.972935,0.913081,0.888368,0.8868,0.3337,1.2739,0.000,5.338,-142.764,0,0,62,202,125,136
1778698030.743792,1,0.991537,0.998646,0.990194,1.2081,-0.0386,1.3170,0.000,3.741,-174.720,0,0,318,206,84,110
1778698030.743792,2,0.944167,0.914815,0.863739,1.1505,-0.5103,1.3005,-0.000,-10.646,162.307,0,0,565,210,106,114
1778698030.743792,0,0.973700,0.913081,0.889067,0.8868,0.3337,1.2739,0.000,5.338,-142.764,0,0,62,202,125,137
1778698030.743792,1,0.990539,0.998554,0.989107,1.2081,-0.0386,1.3170,0.000,3.741,-174.720,0,0,318,205,85,109
1778698030.743792,2,0.937944,0.914815,0.858045,1.1505,-0.5103,1.3005,-0.000,-10.646,162.307,0,0,565,210,106,114
1778698030.977356,0,0.971765,0.913081,0.887300,0.8888,0.3346,1.2742,-0.000,5.549,-142.420,0,0,62,202,125,137
1778698030.977356,1,0.991321,0.998554,0.989888,1.2079,-0.0386,1.3190,0.000,4.068,-174.403,0,0,318,206,85,110
1778698030.977356,2,0.933971,0.915404,0.854961,1.1505,-0.5084,1.3005,-0.000,-11.926,163.846,0,0,564,210,105,114
1778698031.044093,0,0.971279,0.913081,0.886856,0.8868,0.3337,1.2739,0.000,5.608,-142.286,0,0,62,202,125,137
1778698031.044093,1,0.989854,0.998646,0.988514,1.2081,-0.0386,1.3170,0.000,4.329,-173.388,0,0,318,206,84,109
1778698031.044093,2,0.936534,0.914754,0.856699,1.1503,-0.5103,1.3024,0.000,-11.743,162.809,0,0,565,209,106,113
1778698031.110822,0,0.972507,0.913081,0.887978,0.8848,0.3328,1.2735,0.000,5.585,-142.598,0,0,62,202,125,137
1778698031.110822,1,0.987603,0.998735,0.986354,1.2043,-0.0386,1.3144,0.000,3.351,-172.941,0,0,318,207,83,109
1778698031.110822,2,0.939341,0.914754,0.859266,1.1503,-0.5103,1.3024,-0.000,-11.193,162.971,0,0,565,209,106,115
1778698031.177545,0,0.972299,0.913081,0.887788,0.8868,0.3337,1.2739,0.000,5.144,-142.650,0,0,62,202,124,137
1778698031.177545,1,0.993227,0.998809,0.992044,1.2045,-0.0406,1.3124,-0.000,4.806,-174.841,0,0,319,208,84,109
1778698031.177545,2,0.940307,0.914754,0.860149,1.1503,-0.5103,1.3024,0.000,-11.380,161.893,0,0,565,209,106,117
1778698031.177545,0,0.972733,0.913081,0.888184,0.8868,0.3337,1.2739,0.000,5.506,-142.673,0,0,62,201,124,139
1778698031.177545,1,0.992611,0.998809,0.991429,1.2045,-0.0406,1.3124,-0.000,4.286,-174.846,0,0,319,208,84,109
1778698031.177545,2,0.933003,0.914754,0.853469,1.1503,-0.5103,1.3024,0.000,-12.245,163.104,0,0,564,210,105,115
1778698031.344392,0,0.972963,0.913001,0.888316,0.8867,0.3337,1.2753,0.000,5.122,-142.843,0,0,62,201,124,139
1778698031.344392,2,0.926118,0.915404,0.847772,1.1505,-0.5084,1.3005,-0.000,-13.245,163.829,0,0,564,210,107,114
1778698031.344392,1,0.993285,0.998891,0.992184,1.1978,-0.0405,1.3094,0.000,5.413,-174.462,0,0,319,209,84,109
1778698031.444504,0,0.971025,0.913081,0.886625,0.8868,0.3337,1.2739,0.000,5.577,-142.230,0,0,62,202,125,137
1778698031.444504,1,0.993754,0.998891,0.992652,1.2008,-0.0406,1.3098,0.000,4.989,-174.974,0,0,319,209,84,106
1778698031.444504,2,0.941712,0.914815,0.861492,1.1505,-0.5103,1.3005,0.000,-10.897,162.870,0,0,565,210,106,115
1778698031.444504,0,0.972773,0.913081,0.888221,0.8868,0.3337,1.2739,0.000,5.738,-142.633,0,0,62,202,124,137
1778698031.444504,1,0.994763,0.998891,0.993660,1.2008,-0.0406,1.3098,0.000,5.388,-175.366,0,0,319,209,84,106
1778698031.444504,2,0.938732,0.914815,0.858766,1.1505,-0.5103,1.3005,-0.000,-11.192,163.509,0,0,564,211,107,115
1778698031.644734,0,0.973865,0.913081,0.889217,0.8828,0.3319,1.2732,-0.000,5.974,-142.865,0,0,62,202,125,137
1778698031.644734,1,0.992814,0.998891,0.991713,1.2008,-0.0406,1.3098,-0.000,3.981,-175.134,0,0,319,207,84,107
1778698031.644734,2,0.937967,0.914874,0.858121,1.1477,-0.5090,1.2982,0.000,-11.275,163.876,0,0,565,211,106,113
1778698031.711473,0,0.972553,0.913081,0.888019,0.8868,0.3337,1.2739,0.000,6.332,-142.467,0,0,62,202,125,137
1778698031.711473,1,0.993027,0.998809,0.991844,1.2006,-0.0406,1.3118,0.000,4.443,-174.977,0,0,319,208,84,107
1778698031.711473,2,0.946413,0.915463,0.866407,1.1507,-0.5084,1.2986,0.000,-10.121,162.929,0,0,564,211,105,115
1778698031.711473,0,0.972614,0.913081,0.888075,0.8868,0.3337,1.2739,0.000,6.332,-142.467,0,0,62,202,125,137
1778698031.711473,1,0.994440,0.998723,0.993169,1.2006,-0.0406,1.3118,0.000,4.443,-174.977,0,0,319,207,85,107
1778698031.711473,2,0.945612,0.915463,0.865673,1.1507,-0.5084,1.2986,0.000,-10.121,162.929,0,0,564,211,105,115
1778698031.778202,0,0.972283,0.913081,0.887773,0.8848,0.3328,1.2735,-0.000,6.194,-142.423,0,0,62,202,125,137
1778698031.778202,1,0.993781,0.998723,0.992511,1.2043,-0.0406,1.3144,0.000,4.365,-175.608,0,0,319,207,84,109
1778698031.778202,2,0.942074,0.915463,0.862434,1.1477,-0.5071,1.2982,0.000,-10.329,164.390,0,0,564,211,106,115
1778698031.778202,0,0.972148,0.913081,0.887650,0.8848,0.3328,1.2735,-0.000,6.194,-142.423,0,0,62,202,125,137
1778698031.778202,1,0.993219,0.998723,0.991951,1.2043,-0.0406,1.3144,0.000,4.365,-175.608,0,0,319,209,84,106
1778698031.778202,2,0.944267,0.915463,0.864442,1.1477,-0.5071,1.2982,0.000,-10.329,164.390,0,0,564,211,105,115
1778698032.011787,0,0.974235,0.913158,0.889630,0.8869,0.3337,1.2724,0.000,6.592,-142.848,0,0,62,203,125,136
1778698032.011787,1,0.994100,0.998891,0.992998,1.2008,-0.0406,1.3098,0.000,5.118,-175.107,0,0,319,209,84,106
1778698032.011787,2,0.940391,0.915463,0.860893,1.1477,-0.5071,1.2982,0.000,-11.178,163.081,0,0,564,211,107,115
1778698032.011787,0,0.972055,0.913158,0.887640,0.8869,0.3337,1.2724,0.000,5.998,-142.390,0,0,62,202,125,137
1778698032.011787,1,0.992135,0.998891,0.991035,1.2008,-0.0406,1.3098,0.000,4.463,-174.379,0,0,319,207,84,109
1778698032.011787,2,0.938595,0.915463,0.859249,1.1477,-0.5071,1.2982,0.000,-11.052,164.209,0,0,564,212,107,114
1778698032.178629,0,0.972677,0.913158,0.888208,0.8869,0.3337,1.2724,0.000,6.035,-142.540,0,0,62,203,124,137
1778698032.178629,1,0.994474,0.998891,0.993371,1.2008,-0.0406,1.3098,0.000,5.362,-175.195,0,0,319,209,85,106
1778698032.178629,2,0.944234,0.915404,0.864356,1.1505,-0.5084,1.3005,0.000,-10.340,163.187,0,0,564,210,105,117
1778698032.178629,0,0.971930,0.913158,0.887526,0.8869,0.3337,1.2724,0.000,5.890,-142.379,0,0,62,202,124,137
1778698032.178629,1,0.992301,0.998891,0.991201,1.2008,-0.0406,1.3098,-0.000,5.543,-173.878,0,0,319,209,84,105
1778698032.178629,2,0.940856,0.915404,0.861263,1.1505,-0.5084,1.3005,0.000,-11.198,162.520,0,0,564,210,105,117
1778698032.278741,0,0.972705,0.913081,0.888158,0.8848,0.3328,1.2735,-0.000,5.644,-142.635,0,0,62,202,124,137
1778698032.278741,1,0.993221,0.998891,0.992119,1.2008,-0.0406,1.3098,0.000,4.746,-174.811,0,0,319,209,84,106
1778698032.278741,2,0.942161,0.915404,0.862458,1.1475,-0.5071,1.3001,0.000,-11.101,162.100,0,0,565,211,106,115
1778698032.412200,0,0.973475,0.913081,0.888862,0.8848,0.3328,1.2735,0.000,6.134,-142.735,0,0,62,202,124,137
1778698032.412200,2,0.937728,0.915463,0.858456,1.1477,-0.5071,1.2982,0.000,-11.669,163.029,0,0,564,211,106,115
1778698032.412200,1,0.990550,0.999048,0.989607,1.2012,-0.0406,1.3058,0.000,7.557,-172.522,0,0,319,211,85,105
1778698032.478935,0,0.971134,0.913158,0.886799,0.8850,0.3328,1.2721,-0.000,5.970,-142.168,0,0,62,203,124,136
1778698032.478935,2,0.945346,0.915574,0.865535,1.1481,-0.5071,1.2944,0.000,-10.691,162.425,0,0,564,213,106,115
1778698032.478935,1,0.991091,0.999048,0.990147,1.2012,-0.0406,1.3058,0.000,6.391,-172.951,0,0,319,211,84,106
1778698032.545674,0,0.971774,0.913158,0.887383,0.8850,0.3328,1.2721,0.000,6.278,-142.273,0,0,62,203,125,137
1778698032.545674,1,0.992739,0.998971,0.991717,1.2010,-0.0406,1.3078,0.000,6.436,-173.739,0,0,319,210,84,107
1778698032.545674,2,0.939898,0.916051,0.860994,1.1507,-0.5065,1.2986,0.000,-11.618,162.098,0,0,563,211,107,114
1778698032.612412,0,0.972320,0.913081,0.887807,0.8888,0.3346,1.2742,0.000,6.173,-142.435,0,0,62,202,125,139
1778698032.612412,1,0.994679,0.998821,0.993506,1.2045,-0.0386,1.3124,0.000,5.425,-175.247,0,0,318,208,83,107
1778698032.612412,2,0.938974,0.916051,0.860148,1.1507,-0.5065,1.2986,0.000,-11.896,161.694,0,0,563,211,107,115
1778698032.712505,0,0.972734,0.913081,0.888185,0.8868,0.3337,1.2739,0.000,6.549,-142.479,0,0,62,202,125,139
1778698032.712505,1,0.995014,0.998891,0.993911,1.2008,-0.0406,1.3098,0.000,5.209,-175.649,0,0,319,209,84,106
1778698032.712505,2,0.935565,0.916051,0.857025,1.1507,-0.5065,1.2986,-0.000,-12.202,162.630,0,0,563,211,106,114
1778698032.712505,0,0.972774,0.913081,0.888221,0.8868,0.3337,1.2739,0.000,6.549,-142.479,0,0,62,202,125,139
1778698032.712505,1,0.994227,0.998891,0.993125,1.2008,-0.0406,1.3098,0.000,5.209,-175.649,0,0,319,209,84,107
1778698032.712505,2,0.941218,0.916579,0.862701,1.1507,-0.5065,1.2986,-0.000,-12.202,162.630,0,0,562,210,105,115
1778698032.845981,0,0.973301,0.913081,0.888702,0.8848,0.3328,1.2735,0.000,6.424,-142.641,0,0,62,202,125,139
1778698032.845981,1,0.993943,0.999048,0.992997,1.2012,-0.0406,1.3058,0.000,6.261,-174.394,0,0,319,211,84,106
1778698032.845981,2,0.939565,0.916579,0.861185,1.1544,-0.5063,1.3011,-0.000,-11.400,162.743,0,0,562,210,105,115
1778698032.912698,0,0.973451,0.913158,0.888915,0.8850,0.3328,1.2721,0.000,6.220,-142.704,0,0,62,203,125,137
1778698032.912698,1,0.991893,0.998891,0.990794,1.2008,-0.0406,1.3098,0.000,5.207,-173.829,0,0,319,209,84,106
1778698032.912698,2,0.933669,0.916638,0.855836,1.1507,-0.5046,1.2986,-0.000,-12.434,162.976,0,0,562,211,106,114
1778698032.912698,0,0.972876,0.913158,0.888390,0.8850,0.3328,1.2721,-0.000,6.323,-142.541,0,0,62,202,125,139
1778698032.912698,1,0.992841,0.998891,0.991740,1.2008,-0.0406,1.3098,0.000,5.234,-174.310,0,0,318,208,83,107
1778698032.912698,2,0.941487,0.916638,0.863002,1.1507,-0.5046,1.2986,-0.000,-11.176,162.668,0,0,562,210,106,115
1778698032.912698,0,0.972429,0.913081,0.887907,0.8850,0.3328,1.2721,-0.000,6.323,-142.541,0,0,62,202,125,139
1778698032.912698,1,0.992032,0.998971,0.991012,1.2008,-0.0406,1.3098,0.000,5.234,-174.310,0,0,319,210,85,106
1778698032.912698,2,0.941110,0.916579,0.862601,1.1507,-0.5046,1.2986,-0.000,-11.176,162.668,0,0,562,210,104,115
1778698033.179654,0,0.973806,0.913081,0.889163,0.8848,0.3328,1.2735,-0.000,6.264,-142.797,0,0,62,202,125,139
1778698033.179654,1,0.994508,0.998891,0.993406,1.2008,-0.0406,1.3098,-0.000,5.633,-175.067,0,0,319,209,84,107
1778698033.179654,2,0.938456,0.916579,0.860169,1.1544,-0.5063,1.3011,0.000,-12.045,161.173,0,0,562,210,105,114
1778698033.246384,0,0.971305,0.913081,0.886880,0.8848,0.3328,1.2735,0.000,5.988,-142.216,0,0,62,202,125,139
1778698033.246384,1,0.994158,0.998971,0.993135,1.2010,-0.0406,1.3078,0.000,6.156,-174.585,0,0,319,210,84,106
1778698033.246384,2,0.939077,0.916579,0.860738,1.1544,-0.5063,1.3011,0.000,-11.718,161.999,0,0,562,210,105,113
1778698033.246384,0,0.973053,0.913081,0.888476,0.8848,0.3328,1.2735,-0.000,6.102,-142.633,0,0,62,202,125,139
1778698033.246384,1,0.992550,0.998971,0.991529,1.2010,-0.0406,1.3078,0.000,5.581,-173.947,0,0,319,209,84,105
1778698033.246384,2,0.944552,0.916579,0.865756,1.1544,-0.5063,1.3011,-0.000,-10.893,161.481,0,0,562,210,105,114
1778698033.246384,0,0.975037,0.913081,0.890288,0.8848,0.3328,1.2735,-0.000,6.102,-142.633,0,0,62,202,125,139
1778698033.246384,1,0.994954,0.998891,0.993851,1.2010,-0.0406,1.3078,0.000,5.581,-173.947,0,0,319,209,84,105
1778698033.246384,2,0.943273,0.916638,0.864640,1.1544,-0.5063,1.3011,-0.000,-10.893,161.481,0,0,562,211,105,114
1778698033.413227,0,0.972486,0.913081,0.887959,0.8848,0.3328,1.2735,-0.000,6.287,-143.113,0,0,62,202,125,139
1778698033.413227,1,0.994750,0.998891,0.993647,1.1978,-0.0405,1.3094,0.000,6.017,-175.158,0,0,319,209,84,103
1778698033.413227,2,0.937770,0.916579,0.859540,1.1507,-0.5046,1.2986,0.000,-11.215,161.486,0,0,562,210,105,113
1778698033.546704,0,0.970177,0.913081,0.885850,0.8848,0.3328,1.2735,0.000,5.876,-141.962,0,0,62,202,125,139
1778698033.546704,1,0.986311,0.998956,0.985281,1.2049,-0.0426,1.3084,0.000,7.336,-171.024,0,0,320,210,86,103
1778698033.546704,2,0.938441,0.916579,0.860155,1.1505,-0.5046,1.3005,-0.000,-12.038,161.210,0,0,562,210,105,111
1778698033.546704,0,0.972740,0.913081,0.888191,0.8848,0.3328,1.2735,0.000,6.062,-142.561,0,0,63,202,126,139
1778698033.546704,1,0.984785,0.998956,0.983757,1.2049,-0.0426,1.3084,0.000,8.841,-170.454,0,0,319,212,87,103
1778698033.546704,2,0.940473,0.916579,0.862017,1.1505,-0.5046,1.3005,0.000,-11.443,162.101,0,0,562,210,106,115
1778698033.646803,0,0.973461,0.913671,0.889424,0.8848,0.3314,1.2735,0.000,6.126,-142.818,0,0,63,203,126,137
1778698033.646803,1,0.986835,0.999121,0.985967,1.1984,-0.0405,1.3034,0.000,8.939,-171.086,0,0,319,211,87,103
1778698033.646803,2,0.940327,0.916579,0.861884,1.1505,-0.5046,1.3005,-0.000,-11.625,161.549,0,0,562,211,105,114
1778698033.780292,0,0.972659,0.913671,0.888690,0.8868,0.3322,1.2739,0.000,5.986,-142.640,0,0,63,202,126,139
1778698033.780292,1,0.993698,0.998891,0.992597,1.1978,-0.0405,1.3094,0.000,6.543,-174.232,0,0,319,209,85,103
1778698033.780292,2,0.937338,0.916517,0.859087,1.1503,-0.5046,1.3024,0.000,-12.221,160.835,0,0,562,209,105,113
1778698033.780292,0,0.969797,0.913671,0.886075,0.8868,0.3322,1.2739,0.000,5.810,-141.969,0,0,63,203,126,137
1778698033.780292,1,0.987168,0.998891,0.986074,1.1978,-0.0405,1.3094,-0.000,8.087,-171.176,0,0,319,211,86,103
1778698033.780292,2,0.940200,0.916517,0.861709,1.1503,-0.5046,1.3024,0.000,-11.762,160.702,0,0,563,209,106,113
1778698033.880402,0,0.971280,0.913749,0.887506,0.8869,0.3322,1.2724,-0.000,6.323,-142.230,0,0,63,203,126,137
1778698033.880402,1,0.993669,0.999048,0.992722,1.2012,-0.0406,1.3058,0.000,7.721,-173.958,0,0,319,209,85,105
1778698033.880402,2,0.939839,0.915931,0.860828,1.1503,-0.5065,1.3024,0.000,-11.662,161.312,0,0,562,210,105,114
1778698033.880402,0,0.974451,0.913749,0.890404,0.8869,0.3322,1.2724,-0.000,6.323,-142.230,0,0,63,203,126,140
1778698033.880402,1,0.989484,0.998891,0.988387,1.2012,-0.0406,1.3058,0.000,7.721,-173.958,0,0,319,210,85,105
1778698033.880402,2,0.943976,0.916579,0.865228,1.1503,-0.5065,1.3024,0.000,-11.662,161.312,0,0,563,211,106,114
1778698034.013880,0,0.969418,0.913749,0.885805,0.8850,0.3314,1.2721,-0.000,5.796,-141.870,0,0,63,202,126,139
1778698034.013880,1,0.991915,0.998971,0.990895,1.2010,-0.0406,1.3078,-0.000,7.567,-173.130,0,0,319,210,85,105
1778698034.013880,2,0.942292,0.916051,0.863187,1.1507,-0.5065,1.2986,-0.000,-11.322,161.662,0,0,562,210,106,113
1778698034.080604,0,0.972743,0.913671,0.888767,0.8848,0.3314,1.2735,0.000,6.050,-142.649,0,0,63,202,126,139
1778698034.080604,1,0.993541,0.998971,0.992518,1.2010,-0.0406,1.3078,0.000,7.345,-173.946,0,0,319,209,85,105
1778698034.080604,2,0.941047,0.916579,0.862543,1.1505,-0.5046,1.3005,-0.000,-11.619,161.083,0,0,562,210,106,113
1778698034.214087,0,0.973240,0.913158,0.888722,0.8830,0.3319,1.2718,0.000,6.277,-142.641,0,0,62,203,125,137
1778698034.214087,1,0.991687,0.998971,0.990667,1.2010,-0.0406,1.3078,-0.000,6.960,-173.115,0,0,319,210,85,103
1778698034.214087,2,0.945080,0.915992,0.865685,1.1505,-0.5065,1.3005,0.000,-11.163,159.847,0,0,563,210,106,111
1778698034.280794,0,0.972145,0.913158,0.887722,0.8850,0.3328,1.2721,-0.000,6.570,-142.322,0,0,62,203,125,137
1778698034.280794,1,0.989563,0.998971,0.988544,1.2010,-0.0406,1.3078,0.000,7.142,-172.173,0,0,319,210,85,105
1778698034.280794,2,0.938428,0.916579,0.860143,1.1505,-0.5046,1.3005,-0.000,-12.221,160.403,0,0,562,210,106,111
1778698034.347532,0,0.973228,0.913081,0.888636,0.8848,0.3328,1.2735,0.000,6.324,-142.639,0,0,62,202,125,139
1778698034.347532,1,0.991009,0.998971,0.989989,1.2010,-0.0406,1.3078,0.000,6.987,-172.807,0,0,319,210,85,105
1778698034.347532,2,0.942582,0.916579,0.863951,1.1505,-0.5046,1.3005,0.000,-11.462,160.602,0,0,562,210,105,111
1778698034.347532,0,0.971977,0.913081,0.887494,0.8848,0.3328,1.2735,0.000,6.324,-142.639,0,0,62,202,124,139
1778698034.347532,1,0.989992,0.999032,0.989034,1.2010,-0.0406,1.3078,0.000,6.987,-172.807,0,0,320,211,86,105
1778698034.347532,2,0.944661,0.915992,0.865302,1.1505,-0.5046,1.3005,0.000,-11.462,160.602,0,0,563,210,106,111
1778698034.481009,0,0.973685,0.913158,0.889128,0.8869,0.3337,1.2724,0.000,6.113,-142.782,0,0,62,203,125,137
1778698034.481009,1,0.986618,0.999121,0.985751,1.1984,-0.0405,1.3034,0.000,8.608,-170.987,0,0,319,212,85,106
1778698034.481009,2,0.942173,0.916579,0.863575,1.1505,-0.5046,1.3005,0.000,-11.585,160.367,0,0,562,210,106,111
1778698034.481009,0,0.971636,0.913158,0.887257,0.8869,0.3337,1.2724,-0.000,5.677,-142.347,0,0,62,203,124,136
1778698034.481009,1,0.990613,0.999121,0.989743,1.1984,-0.0405,1.3034,-0.000,8.539,-172.531,0,0,320,212,86,106
1778698034.481009,2,0.946001,0.916579,0.867084,1.1505,-0.5046,1.3005,0.000,-10.928,160.256,0,0,562,210,107,113
1778698034.647853,0,0.972217,0.913158,0.887788,0.8850,0.3328,1.2721,0.000,6.146,-142.405,0,0,62,203,124,137
1778698034.647853,1,0.982555,0.999106,0.981677,1.1984,-0.0425,1.3034,0.000,12.053,-170.450,0,0,319,214,87,105
1778698034.647853,2,0.945381,0.916517,0.866457,1.1503,-0.5046,1.3024,0.000,-10.789,160.947,0,0,562,209,105,113
1778698034.714592,0,0.974451,0.913158,0.889828,0.8850,0.3328,1.2721,-0.000,6.126,-142.978,0,0,62,203,124,137
1778698034.714592,1,0.989853,0.999176,0.989038,1.1986,-0.0425,1.3014,0.000,9.964,-172.537,0,0,320,213,86,106
1778698034.714592,2,0.938010,0.917164,0.860309,1.1505,-0.5026,1.3005,0.000,-12.113,161.271,0,0,561,210,105,110
1778698034.781323,0,0.972774,0.913158,0.888296,0.8850,0.3328,1.2721,0.000,6.671,-142.466,0,0,62,203,125,137
1778698034.781323,1,0.987346,0.999176,0.986532,1.1986,-0.0425,1.3014,0.000,10.347,-171.634,0,0,320,213,88,103
1778698034.781323,2,0.942303,0.916579,0.863695,1.1505,-0.5046,1.3005,0.000,-11.578,160.287,0,0,562,210,105,111
1778698034.781323,0,0.971038,0.913158,0.886711,0.8850,0.3328,1.2721,0.000,6.417,-142.072,0,0,62,203,125,137
1778698034.781323,1,0.978686,0.999176,0.977880,1.1986,-0.0425,1.3014,0.000,13.294,-169.781,0,0,319,214,93,103
1778698034.781323,2,0.934653,0.916579,0.856683,1.1505,-0.5046,1.3005,0.000,-12.804,160.639,0,0,562,210,105,110
1778698034.881414,0,0.971115,0.913158,0.886782,0.8850,0.3328,1.2721,0.000,5.782,-142.198,0,0,62,204,125,136
1778698034.881414,1,0.978054,0.999259,0.977330,1.1948,-0.0405,1.2989,-0.000,11.190,-168.734,0,0,320,214,92,102
1778698034.881414,2,0.931211,0.916579,0.853528,1.1505,-0.5046,1.3005,0.000,-13.019,162.083,0,0,561,209,105,113
1778698035.014873,0,0.974855,0.913233,0.890270,0.8851,0.3328,1.2707,-0.000,5.197,-143.267,0,0,62,204,125,136
1778698035.014873,1,0.984863,0.999121,0.983997,1.1984,-0.0405,1.3034,0.000,7.997,-170.375,0,0,319,212,87,102
1778698035.014873,2,0.932596,0.917102,0.855286,1.1503,-0.5026,1.3024,-0.000,-12.688,162.186,0,0,561,209,105,113
1778698035.114980,0,0.971369,0.913158,0.887013,0.8830,0.3319,1.2718,0.000,5.812,-142.255,0,0,62,203,124,137
1778698035.114980,1,0.984828,0.999032,0.983875,1.2012,-0.0426,1.3058,-0.000,8.532,-170.464,0,0,320,211,86,103
1778698035.114980,2,0.939436,0.916579,0.861067,1.1505,-0.5046,1.3005,0.000,-11.848,161.291,0,0,562,210,106,111
1778698035.181718,0,0.971798,0.913081,0.887330,0.8828,0.3319,1.2732,-0.000,5.941,-142.347,0,0,62,202,124,139
1778698035.181718,1,0.980134,0.999176,0.979326,1.1986,-0.0425,1.3014,0.000,11.353,-169.471,0,0,320,213,90,105
1778698035.181718,2,0.931660,0.916579,0.853940,1.1505,-0.5046,1.3005,0.000,-12.925,162.155,0,0,562,210,105,110
1778698035.181718,0,0.972933,0.913081,0.888367,0.8828,0.3319,1.2732,0.000,6.119,-142.599,0,0,62,203,124,137
1778698035.181718,1,0.986816,0.999176,0.986003,1.1986,-0.0425,1.3014,0.000,10.457,-171.464,0,0,320,213,87,102
1778698035.181718,2,0.945241,0.916579,0.866388,1.1505,-0.5046,1.3005,-0.000,-11.006,160.529,0,0,562,210,106,111
1778698035.281827,0,0.975232,0.913158,0.890541,0.8830,0.3319,1.2718,0.000,5.969,-143.212,0,0,62,203,125,137
1778698035.281827,1,0.986773,0.999176,0.985960,1.1986,-0.0425,1.3014,0.000,9.140,-171.198,0,0,320,212,88,105
1778698035.281827,2,0.944296,0.916579,0.865521,1.1505,-0.5046,1.3005,0.000,-11.299,159.925,0,0,563,210,106,111
1778698035.415275,0,0.975865,0.913158,0.891119,0.8850,0.3328,1.2721,0.000,6.517,-143.287,0,0,62,203,124,137
1778698035.415275,1,0.981186,0.999048,0.980252,1.2012,-0.0406,1.3058,0.000,8.678,-169.215,0,0,319,211,87,103
1778698035.415275,2,0.949441,0.916051,0.869737,1.1507,-0.5065,1.2986,0.000,-10.474,159.777,0,0,563,211,106,114
1778698035.482014,0,0.974775,0.913158,0.890124,0.8830,0.3319,1.2718,0.000,6.147,-143.059,0,0,62,203,124,137
1778698035.482014,1,0.983538,0.999106,0.982659,1.1984,-0.0425,1.3034,0.000,9.843,-170.172,0,0,320,212,88,105
1778698035.482014,2,0.952494,0.916638,0.873092,1.1507,-0.5046,1.2986,-0.000,-9.656,160.885,0,0,562,211,107,114
1778698035.548768,0,0.974749,0.913158,0.890100,0.8830,0.3319,1.2718,0.000,6.490,-142.996,0,0,62,203,125,137
1778698035.548768,1,0.980344,0.999443,0.979798,1.1954,-0.0405,1.2930,0.000,15.114,-171.763,0,0,319,217,93,102
1778698035.548768,2,0.937753,0.916638,0.859580,1.1507,-0.5046,1.2986,0.000,-12.256,161.178,0,0,562,211,105,110
1778698035.615507,0,0.970311,0.913158,0.886048,0.8830,0.3319,1.2718,0.000,6.104,-141.944,0,0,62,203,125,137
1778698035.615507,1,0.981757,0.999106,0.980879,1.2014,-0.0426,1.3039,0.000,10.317,-169.689,0,0,320,212,88,105
1778698035.615507,2,0.931849,0.916579,0.854113,1.1505,-0.5046,1.3005,-0.000,-12.983,161.830,0,0,562,210,106,111
1778698035.682245,0,0.972222,0.913158,0.887792,0.8850,0.3328,1.2721,0.000,6.591,-142.339,0,0,62,203,125,137
1778698035.682245,1,0.982499,0.999176,0.981689,1.1986,-0.0425,1.3014,0.000,11.553,-170.288,0,0,320,213,88,105
1778698035.682245,2,0.945537,0.916579,0.866659,1.1505,-0.5046,1.3005,0.000,-11.045,160.091,0,0,562,210,105,113
1778698035.682245,0,0.971946,0.913158,0.887540,0.8850,0.3328,1.2721,0.000,6.591,-142.339,0,0,62,203,125,139
1778698035.682245,1,0.983102,0.999244,0.982359,1.1986,-0.0425,1.3014,0.000,11.553,-170.288,0,0,320,214,90,103
1778698035.682245,2,0.948243,0.916638,0.869195,1.1505,-0.5046,1.3005,0.000,-11.045,160.091,0,0,562,211,106,114
1778698035.748984,0,0.972898,0.913749,0.888984,0.8850,0.3328,1.2721,0.000,5.883,-142.384,0,0,63,203,126,139
1778698035.748984,1,0.985758,0.999176,0.984946,1.1948,-0.0425,1.2989,0.000,12.811,-171.083,0,0,320,213,88,105
1778698035.748984,2,0.946845,0.916638,0.867914,1.1507,-0.5046,1.2986,-0.000,-10.508,160.707,0,0,562,211,106,114
1778698035.915816,0,0.973503,0.913749,0.889537,0.8830,0.3305,1.2718,0.000,6.367,-142.779,0,0,63,203,126,139
1778698035.915816,1,0.985289,0.999176,0.984478,1.1986,-0.0425,1.3014,0.000,11.258,-171.150,0,0,320,213,90,105
1778698035.915816,2,0.947229,0.916579,0.868210,1.1505,-0.5046,1.3005,-0.000,-10.738,160.093,0,0,562,210,105,113
1778698035.915816,0,0.971996,0.913749,0.888160,0.8830,0.3305,1.2718,0.000,6.367,-142.779,0,0,63,203,126,139
1778698035.915816,1,0.989383,0.999106,0.988499,1.1986,-0.0425,1.3014,0.000,11.258,-171.150,0,0,320,212,86,106
1778698035.915816,2,0.942866,0.916579,0.864211,1.1505,-0.5046,1.3005,-0.000,-10.738,160.093,0,0,562,210,104,114
1778698036.082646,0,0.969950,0.913749,0.886290,0.8850,0.3314,1.2721,-0.000,6.049,-141.952,0,0,63,203,126,139
1778698036.082646,1,0.987801,0.999048,0.986860,1.2012,-0.0406,1.3058,0.000,8.922,-171.429,0,0,319,211,85,105
1778698036.082646,2,0.948262,0.916638,0.869213,1.1507,-0.5046,1.2986,-0.000,-10.582,160.373,0,0,562,211,106,114
1778698036.149378,0,0.971818,0.913749,0.887998,0.8830,0.3305,1.2718,0.000,6.309,-142.365,0,0,63,203,126,139
1778698036.149378,1,0.992326,0.999048,0.991381,1.2012,-0.0406,1.3058,-0.000,7.213,-173.354,0,0,319,211,85,106
1778698036.149378,2,0.938850,0.916579,0.860530,1.1505,-0.5046,1.3005,-0.000,-12.045,160.888,0,0,562,210,105,114
1778698036.149378,0,0.970936,0.913824,0.887265,0.8830,0.3305,1.2718,0.000,6.309,-142.365,0,0,63,204,126,137
1778698036.149378,1,0.990650,0.999048,0.989707,1.2012,-0.0406,1.3058,-0.000,7.213,-173.354,0,0,319,211,87,102
1778698036.149378,2,0.945456,0.916638,0.866640,1.1505,-0.5046,1.3005,-0.000,-12.045,160.888,0,0,562,211,106,114
1778698036.249485,0,0.970877,0.913824,0.887210,0.8871,0.3322,1.2710,0.000,6.264,-142.133,0,0,63,203,126,139
1778698036.249485,1,0.988557,0.999048,0.987615,1.2012,-0.0406,1.3058,-0.000,6.988,-171.785,0,0,318,210,87,103
1778698036.249485,2,0.941798,0.916638,0.863288,1.1507,-0.5046,1.2986,0.000,-11.526,161.298,0,0,562,211,106,114
1778698036.416327,0,0.970711,0.913749,0.886986,0.8830,0.3305,1.2718,0.000,5.984,-142.147,0,0,63,203,126,139
1778698036.416327,1,0.992154,0.999048,0.991209,1.2012,-0.0406,1.3058,0.000,7.996,-173.204,0,0,319,211,87,103
1778698036.416327,2,0.946761,0.916051,0.867282,1.1507,-0.5065,1.2986,0.000,-10.994,159.626,0,0,563,211,106,114
1778698036.483058,0,0.972794,0.913158,0.888314,0.8830,0.3319,1.2718,0.000,6.210,-142.539,0,0,62,203,125,139
1778698036.483058,1,0.989633,0.999048,0.988691,1.2012,-0.0406,1.3058,0.000,7.398,-172.158,0,0,319,211,85,103
1778698036.483058,2,0.949295,0.916051,0.869603,1.1477,-0.5052,1.2982,-0.000,-10.314,160.631,0,0,563,211,106,114
1778698036.483058,0,0.973002,0.913158,0.888505,0.8830,0.3319,1.2718,0.000,6.210,-142.539,0,0,62,203,125,139
1778698036.483058,1,0.990344,0.999048,0.989401,1.2012,-0.0406,1.3058,0.000,7.398,-172.158,0,0,319,211,85,105
1778698036.483058,2,0.945251,0.916579,0.866397,1.1477,-0.5052,1.2982,-0.000,-10.314,160.631,0,0,562,210,105,115
1778698036.549778,0,0.972716,0.913158,0.888243,0.8830,0.3319,1.2718,0.000,6.383,-142.564,0,0,62,203,125,139
1778698036.549778,1,0.987799,0.999048,0.986858,1.2012,-0.0406,1.3058,-0.000,9.025,-172.444,0,0,319,211,85,105
1778698036.549778,2,0.946413,0.916579,0.867462,1.1544,-0.5063,1.3011,-0.000,-10.730,161.607,0,0,562,210,105,115
1778698036.716608,0,0.970860,0.913158,0.886549,0.8830,0.3319,1.2718,0.000,6.025,-142.091,0,0,63,203,126,139
1778698036.716608,1,0.987656,0.999048,0.986716,1.2012,-0.0406,1.3058,0.000,8.060,-171.354,0,0,319,211,85,105
1778698036.716608,2,0.944119,0.916579,0.865359,1.1505,-0.5046,1.3005,-0.000,-11.200,160.559,0,0,562,210,105,115
1778698036.783345,0,0.971207,0.913158,0.886865,0.8830,0.3319,1.2718,0.000,6.139,-142.156,0,0,62,203,125,139
1778698036.783345,1,0.990793,0.998891,0.989695,1.2008,-0.0406,1.3098,0.000,7.142,-172.702,0,0,319,209,85,105
1778698036.783345,2,0.940087,0.916579,0.861663,1.1544,-0.5063,1.3011,-0.000,-11.490,162.171,0,0,562,210,105,115
1778698036.850093,0,0.971586,0.913749,0.887785,0.8830,0.3305,1.2718,-0.000,6.096,-142.342,0,0,63,203,126,139
1778698036.850093,1,0.992714,0.998971,0.991693,1.2010,-0.0406,1.3078,0.000,6.675,-173.664,0,0,319,210,85,105
1778698036.850093,2,0.948123,0.916638,0.869085,1.1507,-0.5046,1.2986,-0.000,-10.300,161.576,0,0,562,211,105,115
1778698036.916822,0,0.972346,0.913749,0.888480,0.8830,0.3305,1.2718,0.000,6.159,-142.521,0,0,63,203,126,139
1778698036.916822,1,0.991299,0.998971,0.990279,1.2010,-0.0406,1.3078,0.000,7.557,-172.853,0,0,319,210,87,101
1778698036.916822,2,0.946208,0.916051,0.866775,1.1507,-0.5065,1.2986,0.000,-10.721,161.278,0,0,563,211,106,115
1778698036.916822,0,0.971365,0.913749,0.887584,0.8830,0.3305,1.2718,0.000,6.283,-142.257,0,0,62,203,125,139
1778698036.916822,1,0.990313,0.998971,0.989294,1.2010,-0.0406,1.3078,0.000,4.920,-173.162,0,0,319,210,87,102
1778698036.916822,2,0.942682,0.916051,0.863545,1.1507,-0.5065,1.2986,0.000,-11.184,161.898,0,0,562,211,105,115
1778698037.083654,0,0.970203,0.913749,0.886522,0.8830,0.3305,1.2718,0.000,6.247,-141.980,0,0,63,203,126,139
1778698037.083654,2,0.940557,0.916638,0.862150,1.1507,-0.5046,1.2986,0.000,-11.344,162.662,0,0,562,211,105,114
1778698037.083654,1,0.988729,0.998971,0.987711,1.2010,-0.0406,1.3078,-0.000,3.941,-172.968,0,0,319,210,87,101
1778698037.150405,0,0.972687,0.913824,0.888865,0.8851,0.3314,1.2707,0.000,6.312,-142.573,0,0,63,204,126,137
1778698037.150405,2,0.986299,0.999032,0.985345,1.2012,-0.0426,1.3058,0.000,7.502,-170.996,0,0,320,211,86,102
1778698037.150405,1,0.940866,0.916108,0.861935,1.1508,-0.5065,1.2967,-0.000,-11.565,162.014,0,0,563,212,106,114
1778698037.150405,0,0.971714,0.913824,0.887975,0.8851,0.3314,1.2707,0.000,6.163,-142.354,0,0,63,203,126,139
1778698037.150405,1,0.941495,0.916108,0.862511,1.1508,-0.5065,1.2967,0.000,-11.444,162.046,0,0,563,211,106,117
1778698037.150405,2,0.983512,0.999032,0.982560,1.2012,-0.0426,1.3058,-0.000,7.902,-170.039,0,0,320,211,86,102
1778698037.317238,0,0.971669,0.913749,0.887861,0.8830,0.3305,1.2718,0.000,6.475,-142.303,0,0,63,203,126,139
1778698037.317238,1,0.991076,0.998956,0.990041,1.2010,-0.0426,1.3078,0.000,8.523,-172.819,0,0,320,210,86,103
1778698037.317238,2,0.945294,0.916051,0.865938,1.1507,-0.5065,1.2986,0.000,-10.947,161.056,0,0,563,211,105,115
1778698037.383990,0,0.970610,0.913824,0.886966,0.8851,0.3314,1.2707,-0.000,6.184,-142.081,0,0,63,204,126,140
1778698037.383990,1,0.992581,0.998891,0.991481,1.2008,-0.0406,1.3098,0.000,6.354,-173.714,0,0,319,209,85,105
1778698037.383990,2,0.941677,0.916051,0.862624,1.1507,-0.5065,1.2986,0.000,-11.426,161.682,0,0,563,211,106,115
1778698037.450728,0,0.969987,0.913749,0.886324,0.8830,0.3305,1.2718,-0.000,5.912,-141.985,0,0,63,203,126,139
1778698037.450728,1,0.995006,0.998891,0.993903,1.1978,-0.0405,1.3094,0.000,7.025,-174.837,0,0,319,209,85,105
1778698037.450728,2,0.942186,0.916051,0.863091,1.1477,-0.5052,1.2982,-0.000,-11.289,161.841,0,0,563,211,106,117
1778698037.517467,0,0.971400,0.913749,0.887615,0.8830,0.3305,1.2718,0.000,6.085,-142.298,0,0,63,203,126,139
1778698037.517467,1,0.992298,0.998971,0.991277,1.2010,-0.0406,1.3078,-0.000,6.903,-173.411,0,0,319,210,84,103
1778698037.517467,2,0.937750,0.916051,0.859027,1.1507,-0.5065,1.2986,0.000,-11.887,162.439,0,0,563,211,106,115
1778698037.617582,0,0.971090,0.913749,0.887332,0.8830,0.3305,1.2718,0.000,6.165,-142.209,0,0,63,203,126,139
1778698037.617582,1,0.994253,0.998809,0.993069,1.2006,-0.0406,1.3118,0.000,4.975,-175.364,0,0,319,208,84,105
1778698037.617582,2,0.937043,0.915992,0.858324,1.1505,-0.5065,1.3005,0.000,-12.123,161.735,0,0,563,210,106,117
1778698037.617582,0,0.970419,0.913749,0.886719,0.8830,0.3305,1.2718,0.000,6.159,-142.047,0,0,63,203,126,139
1778698037.617582,1,0.988711,0.998809,0.987533,1.2006,-0.0406,1.3118,-0.000,5.386,-172.349,0,0,319,210,87,103
1778698037.617582,2,0.939363,0.915992,0.860449,1.1505,-0.5065,1.3005,0.000,-11.628,162.067,0,0,563,211,106,114
1778698037.784444,0,0.971470,0.913824,0.887752,0.8851,0.3314,1.2707,0.000,6.021,-142.317,0,0,63,204,126,137
1778698037.784444,1,0.988551,0.999048,0.987609,1.2012,-0.0406,1.3058,0.000,4.321,-172.629,0,0,319,211,87,102
1778698037.784444,2,0.938438,0.916051,0.859657,1.1477,-0.5052,1.2982,-0.000,-12.055,161.448,0,0,563,211,106,115
1778698037.851210,0,0.969384,0.913824,0.885846,0.8851,0.3314,1.2707,0.000,5.965,-141.822,0,0,63,204,126,140
1778698037.851210,2,0.930849,0.916108,0.852758,1.1479,-0.5052,1.2963,0.000,-13.101,162.578,0,0,563,212,106,115
1778698037.851210,1,0.992818,0.998971,0.991796,1.2010,-0.0406,1.3078,-0.000,6.223,-173.844,0,0,319,210,86,106
1778698037.851210,0,0.969357,0.913749,0.885749,0.8851,0.3314,1.2707,0.000,5.965,-141.822,0,0,63,203,126,139
1778698037.851210,2,0.993204,0.998971,0.992182,1.1479,-0.5052,1.2963,0.000,-13.101,162.578,0,0,319,210,85,105
1778698037.851210,1,0.939352,0.916051,0.860494,1.2010,-0.0406,1.3078,-0.000,6.223,-173.844,0,0,563,211,105,117
1778698037.917949,0,0.969676,0.913824,0.886113,0.8830,0.3305,1.2718,0.000,5.974,-141.823,0,0,63,204,126,139
1778698037.917949,1,0.993814,0.998891,0.992712,1.2010,-0.0406,1.3078,0.000,6.134,-174.072,0,0,319,209,84,106
1778698037.917949,2,0.941253,0.916051,0.862236,1.1477,-0.5052,1.2982,0.000,-11.659,162.274,0,0,563,211,105,117
1778698037.984687,0,0.971310,0.913824,0.887606,0.8851,0.3314,1.2707,-0.000,6.039,-142.275,0,0,63,203,126,139
1778698037.984687,1,0.991682,0.998891,0.990583,1.2008,-0.0406,1.3098,-0.000,6.172,-173.337,0,0,319,210,85,105
1778698037.984687,2,0.943660,0.916051,0.864441,1.1507,-0.5065,1.2986,0.000,-11.206,161.194,0,0,564,211,106,115
1778698038.084767,0,0.970769,0.913749,0.887039,0.8830,0.3305,1.2718,0.000,6.004,-142.158,0,0,63,204,126,140
1778698038.084767,1,0.990950,0.998971,0.989931,1.2049,-0.0406,1.3084,0.000,7.018,-172.776,0,0,319,210,85,105
1778698038.084767,2,0.944078,0.915463,0.864268,1.1477,-0.5071,1.2982,0.000,-11.188,160.903,0,0,564,211,106,115
1778698038.251588,0,0.970668,0.913824,0.887020,0.8851,0.3314,1.2707,-0.000,6.397,-142.063,0,0,63,204,126,137
1778698038.251588,1,0.991037,0.998971,0.990017,1.2010,-0.0406,1.3078,-0.000,6.171,-173.012,0,0,319,210,84,106
1778698038.251588,2,0.943527,0.915574,0.863869,1.1451,-0.5058,1.2940,0.000,-11.404,161.169,0,0,564,213,107,113
1778698038.251588,0,0.970435,0.913749,0.886733,0.8851,0.3314,1.2707,-0.000,6.397,-142.063,0,0,63,203,126,139
1778698038.251588,1,0.990803,0.998971,0.989783,1.2010,-0.0406,1.3078,-0.000,6.171,-173.012,0,0,319,210,86,105
1778698038.251588,2,0.945098,0.915520,0.865256,1.1451,-0.5058,1.2940,0.000,-11.404,161.169,0,0,564,212,106,115
1778698038.385046,0,0.970838,0.913749,0.887102,0.8830,0.3305,1.2718,-0.000,6.254,-142.133,0,0,63,203,126,139
1778698038.385046,1,0.994085,0.998891,0.992982,1.2008,-0.0406,1.3098,0.000,6.062,-174.617,0,0,319,209,86,103
1778698038.385046,2,0.942401,0.916108,0.863341,1.1479,-0.5052,1.2963,0.000,-11.260,162.117,0,0,563,212,106,115
1778698038.485163,0,0.971266,0.913749,0.887493,0.8830,0.3305,1.2718,0.000,6.515,-142.199,0,0,63,203,126,139
1778698038.485163,1,0.937877,0.916162,0.859248,1.1481,-0.5052,1.2944,0.000,-12.226,161.855,0,0,563,213,105,114
1778698038.485163,2,0.990254,0.998971,0.989235,1.1980,-0.0405,1.3074,-0.000,4.103,-173.578,0,0,319,210,85,102
1778698038.485163,0,0.970694,0.913749,0.886970,0.8830,0.3305,1.2718,0.000,6.175,-142.111,0,0,63,203,126,139
1778698038.485163,2,0.984825,0.998971,0.983811,1.1980,-0.0405,1.3074,-0.000,9.286,-170.396,0,0,319,212,86,105
1778698038.485163,1,0.944646,0.916162,0.865449,1.1481,-0.5052,1.2944,0.000,-11.389,160.476,0,0,564,214,106,110
1778698038.585271,0,0.968963,0.913749,0.885389,0.8830,0.3305,1.2718,-0.000,6.061,-141.715,0,0,63,204,126,140
1778698038.585271,1,0.989828,0.999121,0.988958,1.1984,-0.0405,1.3034,0.000,7.194,-172.251,0,0,319,210,85,103
1778698038.585271,2,0.936770,0.915626,0.857731,1.1453,-0.5058,1.2921,-0.000,-12.658,161.224,0,0,563,212,107,111
1778698038.585271,0,0.973610,0.913824,0.889708,0.8830,0.3305,1.2718,-0.000,6.061,-141.715,0,0,63,204,126,137
1778698038.585271,1,0.984823,0.998971,0.983810,1.1984,-0.0405,1.3034,0.000,7.194,-172.251,0,0,319,211,86,103
1778698038.585271,2,0.937733,0.916108,0.859065,1.1453,-0.5058,1.2921,-0.000,-12.658,161.224,0,0,563,211,107,113
1778698038.785461,0,0.968470,0.913824,0.885011,0.8851,0.3314,1.2707,0.000,5.983,-141.603,0,0,63,203,126,139
1778698038.785461,1,0.976215,0.999244,0.975477,1.1948,-0.0425,1.2989,-0.000,13.044,-168.959,0,0,320,214,92,103
1778698038.785461,2,0.945785,0.916051,0.866387,1.1507,-0.5065,1.2986,0.000,-10.726,161.536,0,0,563,211,106,117
1778698038.785461,0,0.970533,0.913749,0.886823,0.8851,0.3314,1.2707,0.000,5.983,-141.603,0,0,63,203,126,139
1778698038.785461,1,0.990076,0.999032,0.989118,1.1948,-0.0425,1.2989,-0.000,13.044,-168.959,0,0,320,211,86,103
1778698038.785461,2,0.943103,0.916638,0.864484,1.1507,-0.5065,1.2986,0.000,-10.726,161.536,0,0,562,211,105,115
1778698038.918934,0,0.967834,0.913749,0.884357,0.8830,0.3305,1.2718,0.000,5.965,-141.467,0,0,63,203,126,139
1778698038.918934,1,0.990269,0.998971,0.989250,1.1940,-0.0405,1.3068,-0.000,8.449,-172.373,0,0,319,210,85,105
1778698038.918934,2,0.947492,0.916051,0.867951,1.1507,-0.5065,1.2986,0.000,-10.541,161.065,0,0,563,211,106,115
1778698038.918934,0,0.970075,0.913749,0.886405,0.8830,0.3305,1.2718,0.000,6.140,-141.967,0,0,63,203,126,139
1778698038.918934,1,0.978679,0.998971,0.977672,1.1940,-0.0405,1.3068,0.000,10.447,-168.647,0,0,320,212,88,105
1778698038.918934,2,0.937663,0.916051,0.858947,1.1507,-0.5065,1.2986,-0.000,-11.779,162.816,0,0,562,211,106,117
1778698039.019029,0,0.969220,0.913749,0.885623,0.8830,0.3305,1.2718,0.000,6.105,-141.768,0,0,63,203,126,139
1778698039.019029,1,0.984205,0.999106,0.983324,1.1944,-0.0425,1.3029,0.000,9.148,-170.302,0,0,319,211,87,103
1778698039.019029,2,0.940718,0.916638,0.862298,1.1546,-0.5063,1.2992,0.000,-11.653,161.537,0,0,563,212,106,115
1778698039.152506,0,0.968913,0.913824,0.885415,0.8871,0.3322,1.2710,-0.000,5.954,-141.712,0,0,63,204,126,140
1778698039.152506,1,0.986740,0.999121,0.985873,1.1984,-0.0405,1.3034,0.000,9.463,-171.110,0,0,319,212,87,105
1778698039.152506,2,0.944993,0.916695,0.866270,1.1508,-0.5046,1.2967,-0.000,-10.996,161.491,0,0,562,212,105,114
1778698039.219237,0,0.970506,0.913824,0.886871,0.8851,0.3314,1.2707,0.000,6.126,-142.065,0,0,63,204,127,137
1778698039.219237,1,0.994833,0.998971,0.993809,1.1980,-0.0405,1.3074,0.000,6.398,-174.892,0,0,319,210,84,106
1778698039.219237,2,0.941022,0.916108,0.862078,1.1508,-0.5065,1.2967,0.000,-11.657,161.600,0,0,563,212,106,114
1778698039.285975,0,0.968568,0.913749,0.885028,0.8830,0.3305,1.2718,0.000,5.993,-141.633,0,0,63,203,127,139
1778698039.285975,1,0.989967,0.998971,0.988948,1.2010,-0.0406,1.3078,0.000,7.192,-172.331,0,0,319,210,85,105
1778698039.285975,2,0.944282,0.916638,0.865565,1.1507,-0.5046,1.2986,0.000,-10.952,161.773,0,0,562,211,105,115
1778698039.285975,0,0.970838,0.913749,0.887102,0.8830,0.3305,1.2718,0.000,6.437,-142.105,0,0,63,204,127,137
1778698039.285975,1,0.991168,0.998971,0.990149,1.2010,-0.0406,1.3078,0.000,7.203,-172.841,0,0,319,210,85,105
1778698039.285975,2,0.941116,0.916638,0.862662,1.1507,-0.5046,1.2986,0.000,-11.451,162.005,0,0,562,211,105,117
1778698039.386089,0,0.968964,0.913824,0.885463,0.8831,0.3305,1.2704,-0.000,5.972,-141.721,0,0,63,204,127,139
1778698039.386089,2,0.940838,0.916638,0.862407,1.1546,-0.5063,1.2992,0.000,-11.509,161.977,0,0,562,211,105,115
1778698039.386089,1,0.990056,0.998971,0.989038,1.1980,-0.0405,1.3074,0.000,4.097,-173.486,0,0,319,209,84,105
1778698039.452827,0,0.970439,0.913824,0.886810,0.8871,0.3322,1.2710,0.000,4.758,-142.336,0,0,63,205,127,136
1778698039.452827,2,0.989751,0.998891,0.988653,1.2008,-0.0406,1.3098,0.000,3.517,-173.795,0,0,319,209,84,106
1778698039.452827,1,0.945719,0.916638,0.866882,1.1546,-0.5063,1.2992,0.000,-10.701,161.732,0,0,563,211,106,117
1778698039.586304,0,0.970046,0.913896,0.886522,0.8853,0.3314,1.2692,0.000,4.921,-142.182,0,0,63,205,127,136
1778698039.586304,1,0.991897,0.998809,0.990715,1.2006,-0.0406,1.3118,0.000,3.282,-175.292,0,0,319,208,86,106
1778698039.586304,2,0.944612,0.916638,0.865867,1.1507,-0.5046,1.2986,-0.000,-10.795,162.094,0,0,562,211,105,115
1778698039.586304,0,0.970737,0.913824,0.887083,0.8853,0.3314,1.2692,0.000,4.921,-142.182,0,0,63,204,127,139
1778698039.586304,1,0.995535,0.998809,0.994349,1.2006,-0.0406,1.3118,0.000,3.282,-175.292,0,0,319,208,84,107
1778698039.586304,2,0.930879,0.916108,0.852786,1.1507,-0.5046,1.2986,-0.000,-10.795,162.094,0,0,563,212,106,114
1778698039.719779,0,0.971679,0.913824,0.887943,0.8871,0.3322,1.2710,-0.000,5.668,-142.433,0,0,63,204,127,139
1778698039.719779,1,0.994659,0.998723,0.993389,1.2043,-0.0406,1.3144,-0.000,4.619,-176.011,0,0,319,207,84,107
1778698039.719779,2,0.943746,0.916051,0.864519,1.1507,-0.5065,1.2986,0.000,-11.136,161.398,0,0,563,211,106,117
1778698039.719779,0,0.969470,0.913824,0.885925,0.8871,0.3322,1.2710,0.000,5.484,-141.932,0,0,63,204,126,139
1778698039.719779,1,0.991320,0.998723,0.990054,1.2043,-0.0406,1.3144,0.000,4.619,-173.973,0,0,318,206,83,107
1778698039.719779,2,0.938618,0.916051,0.859822,1.1507,-0.5065,1.2986,0.000,-11.887,161.941,0,0,563,213,106,115
1778698039.719779,0,0.971169,0.913824,0.887478,0.8871,0.3322,1.2710,0.000,5.484,-141.932,0,0,63,204,126,137
1778698039.719779,1,0.991206,0.998554,0.989773,1.2043,-0.0406,1.3144,0.000,4.619,-173.973,0,0,318,205,84,107
1778698039.719779,2,0.931024,0.916695,0.853464,1.1507,-0.5065,1.2986,0.000,-11.887,161.941,0,0,562,212,105,115
1778698039.886627,0,0.968325,0.913824,0.884878,0.8871,0.3322,1.2710,0.000,6.114,-142.228,0,0,63,204,126,137
1778698039.886627,1,0.991665,0.998554,0.990232,1.2119,-0.0386,1.3196,0.000,3.290,-175.051,0,0,318,205,84,107
1778698039.886627,2,0.934529,0.916638,0.856624,1.1508,-0.5046,1.2967,-0.000,-12.985,162.927,0,0,562,211,105,115
1778698040.020106,0,0.967798,0.913824,0.884397,0.8871,0.3322,1.2710,0.000,5.656,-141.504,0,0,63,204,126,137
1778698040.020106,1,0.991790,0.998460,0.990262,1.2156,-0.0386,1.3223,0.000,3.507,-175.302,0,0,318,204,84,107
1778698040.020106,2,0.942128,0.916051,0.863037,1.1507,-0.5065,1.2986,0.000,-11.561,160.860,0,0,563,211,105,115
1778698040.120211,0,0.969764,0.913749,0.886121,0.8850,0.3314,1.2721,0.000,5.690,-141.973,0,0,63,203,126,139
1778698040.120211,1,0.991508,0.998554,0.990074,1.2079,-0.0386,1.3190,0.000,3.378,-175.150,0,0,318,205,84,107
1778698040.120211,2,0.940240,0.916051,0.861308,1.1477,-0.5052,1.2982,0.000,-11.744,161.445,0,0,563,211,105,115
1778698040.120211,0,0.970000,0.913749,0.886336,0.8850,0.3314,1.2721,0.000,5.863,-141.997,0,0,63,204,126,137
1778698040.120211,1,0.992004,0.998554,0.990570,1.2079,-0.0386,1.3190,0.000,3.703,-175.136,0,0,318,205,84,109
1778698040.120211,2,0.939754,0.916051,0.860863,1.1477,-0.5052,1.2982,-0.000,-11.531,162.456,0,0,563,211,106,115
1778698040.220321,0,0.970772,0.913824,0.887114,0.8851,0.3314,1.2707,-0.000,5.609,-142.222,0,0,63,203,126,139
1778698040.220321,1,0.992281,0.998554,0.990847,1.2079,-0.0386,1.3190,0.000,3.289,-175.778,0,0,318,205,84,107
1778698040.220321,2,0.945300,0.916051,0.865943,1.1477,-0.5052,1.2982,0.000,-10.854,161.397,0,0,564,211,106,115
1778698040.353771,0,0.971647,0.913824,0.887914,0.8851,0.3314,1.2707,-0.000,6.055,-142.355,0,0,63,204,126,140
1778698040.353771,1,0.991848,0.998646,0.990505,1.2081,-0.0386,1.3170,0.000,3.773,-174.878,0,0,318,206,84,107
1778698040.353771,2,0.944100,0.915463,0.864289,1.1477,-0.5071,1.2982,-0.000,-11.157,161.012,0,0,564,211,106,115
1778698040.353771,0,0.971246,0.913824,0.887547,0.8851,0.3314,1.2707,-0.000,5.984,-142.269,0,0,63,204,126,137
1778698040.353771,1,0.990896,0.998646,0.989555,1.2081,-0.0386,1.3170,0.000,4.375,-173.876,0,0,318,207,83,107
1778698040.353771,2,0.938901,0.915463,0.859530,1.1477,-0.5071,1.2982,0.000,-12.081,160.962,0,0,564,212,106,115
1778698040.453885,0,0.970740,0.913824,0.887085,0.8831,0.3305,1.2704,0.000,6.203,-142.109,0,0,63,204,126,137
1778698040.453885,1,0.995248,0.998735,0.993989,1.2043,-0.0386,1.3144,-0.000,5.172,-175.886,0,0,318,207,83,107
1778698040.453885,2,0.939926,0.915520,0.860521,1.1449,-0.5058,1.2958,-0.000,-11.758,161.853,0,0,564,212,106,115
1778698040.587362,0,0.974470,0.913824,0.890494,0.8831,0.3305,1.2704,0.000,6.045,-143.073,0,0,62,203,125,139
1778698040.587362,1,0.993172,0.998891,0.992071,1.2008,-0.0406,1.3098,0.000,5.931,-174.167,0,0,319,209,84,106
1778698040.587362,2,0.949335,0.915463,0.869081,1.1477,-0.5071,1.2982,-0.000,-10.420,160.076,0,0,564,211,106,115
1778698040.654093,0,0.973469,0.913158,0.888932,0.8830,0.3319,1.2718,-0.000,6.025,-142.743,0,0,62,203,125,139
1778698040.654093,1,0.992359,0.998904,0.991270,1.2008,-0.0386,1.3098,0.000,5.360,-173.890,0,0,318,209,83,106
1778698040.654093,2,0.936666,0.915574,0.857587,1.1451,-0.5058,1.2940,0.000,-12.497,161.555,0,0,564,213,106,114
1778698040.654093,0,0.972082,0.913158,0.887665,0.8830,0.3319,1.2718,-0.000,6.025,-142.743,0,0,62,203,125,139
1778698040.654093,1,0.992913,0.998904,0.991824,1.2008,-0.0386,1.3098,0.000,5.360,-173.890,0,0,319,209,84,106
1778698040.654093,2,0.936121,0.915574,0.857088,1.1451,-0.5058,1.2940,0.000,-12.497,161.555,0,0,563,212,106,115
1778698040.820940,0,0.974250,0.913233,0.889717,0.8831,0.3319,1.2704,0.000,5.907,-142.955,0,0,62,204,125,137
1778698040.820940,1,0.994970,0.998891,0.993867,1.2008,-0.0406,1.3098,0.000,5.561,-175.401,0,0,319,209,84,106
1778698040.820940,2,0.945584,0.916051,0.866203,1.1507,-0.5065,1.2986,-0.000,-10.854,161.208,0,0,563,211,106,117
1778698040.887661,0,0.973074,0.913233,0.888644,0.8831,0.3319,1.2704,-0.000,5.937,-142.648,0,0,62,204,125,137
1778698040.887661,1,0.994380,0.998809,0.993195,1.2006,-0.0406,1.3118,-0.000,5.090,-175.368,0,0,319,208,84,107
1778698040.887661,2,0.941225,0.916051,0.862211,1.1477,-0.5052,1.2982,0.000,-11.685,161.003,0,0,563,211,105,117
1778698040.887661,0,0.975382,0.913233,0.890751,0.8831,0.3319,1.2704,0.000,6.119,-143.214,0,0,62,204,125,137
1778698040.887661,1,0.992117,0.998809,0.990935,1.2006,-0.0406,1.3118,0.000,4.635,-174.322,0,0,318,208,83,107
1778698040.887661,2,0.938327,0.916051,0.859555,1.1477,-0.5052,1.2982,-0.000,-12.085,161.407,0,0,563,212,106,115
1778698040.987741,0,0.973082,0.913233,0.888651,0.8831,0.3319,1.2704,0.000,6.039,-142.632,0,0,62,204,125,137
1778698040.987741,1,0.992509,0.998821,0.991339,1.2045,-0.0386,1.3124,0.000,4.701,-174.395,0,0,319,209,84,106
1778698040.987741,2,0.940862,0.916108,0.861931,1.1479,-0.5052,1.2963,-0.000,-11.701,161.546,0,0,563,211,106,115
1778698040.987741,0,0.973857,0.913233,0.889358,0.8831,0.3319,1.2704,0.000,6.039,-142.632,0,0,62,204,124,136
1778698040.987741,1,0.991933,0.998809,0.990751,1.2045,-0.0386,1.3124,0.000,4.701,-174.395,0,0,319,208,84,106
1778698040.987741,2,0.936538,0.916108,0.857969,1.1479,-0.5052,1.2963,-0.000,-11.701,161.546,0,0,563,212,107,113
1778698041.187963,0,0.973683,0.913233,0.889199,0.8831,0.3319,1.2704,-0.000,5.983,-142.795,0,0,62,204,125,137
1778698041.187963,1,0.990974,0.998809,0.989794,1.2006,-0.0406,1.3118,0.000,3.912,-174.206,0,0,319,208,86,106
1778698041.187963,2,0.935590,0.916108,0.857101,1.1479,-0.5052,1.2963,0.000,-12.694,161.197,0,0,563,212,107,113
1778698041.288071,0,0.971461,0.913233,0.887170,0.8851,0.3328,1.2707,0.000,6.169,-142.206,0,0,62,204,125,137
1778698041.288071,1,0.994213,0.998891,0.993110,1.2008,-0.0406,1.3098,-0.000,5.320,-175.056,0,0,319,209,84,106
1778698041.288071,2,0.942301,0.916051,0.863196,1.1477,-0.5052,1.2982,0.000,-11.518,160.912,0,0,563,211,106,117
1778698041.288071,0,0.975116,0.913233,0.890508,0.8851,0.3328,1.2707,0.000,6.169,-142.206,0,0,62,204,125,137
1778698041.288071,1,0.995708,0.998891,0.994604,1.2008,-0.0406,1.3098,-0.000,5.320,-175.056,0,0,319,209,84,106
1778698041.288071,2,0.943628,0.916051,0.864412,1.1477,-0.5052,1.2982,0.000,-11.518,160.912,0,0,563,211,106,115
1778698041.421526,0,0.971929,0.913233,0.887598,0.8851,0.3328,1.2707,0.000,6.055,-142.340,0,0,62,204,125,137
1778698041.421526,1,0.990891,0.998723,0.989626,1.2043,-0.0406,1.3144,0.000,4.319,-173.946,0,0,319,207,84,107
1778698041.421526,2,0.943990,0.916638,0.865297,1.1507,-0.5046,1.2986,-0.000,-11.119,161.363,0,0,562,211,105,113
1778698041.488260,0,0.973697,0.913233,0.889212,0.8851,0.3328,1.2707,0.000,6.076,-142.782,0,0,62,204,125,137
1778698041.488260,1,0.994970,0.998809,0.993785,1.2045,-0.0406,1.3124,-0.000,5.175,-175.710,0,0,319,208,84,107
1778698041.488260,2,0.942422,0.916108,0.863360,1.1479,-0.5052,1.2963,0.000,-11.491,161.302,0,0,563,212,106,114
1778698041.554998,0,0.972102,0.913233,0.887756,0.8851,0.3328,1.2707,0.000,6.143,-142.368,0,0,62,204,125,137
1778698041.554998,1,0.991617,0.998723,0.990350,1.2043,-0.0406,1.3144,0.000,4.873,-173.972,0,0,319,207,82,109
1778698041.554998,2,0.940547,0.916108,0.861642,1.1479,-0.5052,1.2963,0.000,-11.733,161.629,0,0,563,212,106,115
1778698041.554998,0,0.972632,0.913233,0.888240,0.8851,0.3328,1.2707,0.000,6.143,-142.368,0,0,62,204,125,137
1778698041.554998,1,0.992762,0.998723,0.991494,1.2043,-0.0406,1.3144,0.000,4.873,-173.972,0,0,319,208,84,107
1778698041.554998,2,0.940598,0.916108,0.861689,1.1479,-0.5052,1.2963,0.000,-11.733,161.629,0,0,563,212,107,113
1778698041.655102,0,0.974274,0.913233,0.889739,0.8871,0.3337,1.2710,0.000,6.051,-142.935,0,0,63,204,126,137
1778698041.655102,1,0.992369,0.998809,0.991187,1.2006,-0.0406,1.3118,0.000,4.220,-174.753,0,0,319,208,84,106
1778698041.655102,2,0.937884,0.916108,0.859202,1.1479,-0.5052,1.2963,-0.000,-12.170,161.720,0,0,563,213,106,114
1778698041.788580,0,0.972071,0.913824,0.888301,0.8851,0.3314,1.2707,0.000,5.918,-142.484,0,0,63,204,126,137
1778698041.788580,1,0.993103,0.998891,0.992002,1.2008,-0.0406,1.3098,0.000,5.335,-174.402,0,0,319,209,84,107
1778698041.788580,2,0.940042,0.916695,0.861731,1.1479,-0.5033,1.2963,0.000,-11.794,161.794,0,0,562,212,105,114
1778698041.888686,0,0.972169,0.913824,0.888392,0.8851,0.3314,1.2707,0.000,6.182,-142.464,0,0,63,204,126,137
1778698041.888686,1,0.992938,0.998891,0.991837,1.2008,-0.0406,1.3098,0.000,4.888,-174.559,0,0,319,209,84,106
1778698041.888686,2,0.939249,0.916695,0.861005,1.1508,-0.5046,1.2967,0.000,-12.066,161.289,0,0,562,212,105,114
1778698041.955397,0,0.974068,0.913824,0.890126,0.8851,0.3314,1.2707,0.000,6.351,-142.919,0,0,63,204,126,137
1778698041.955397,1,0.993733,0.998891,0.992631,1.1978,-0.0405,1.3094,0.000,5.732,-174.560,0,0,319,209,84,106
1778698041.955397,2,0.943058,0.916108,0.863943,1.1479,-0.5052,1.2963,0.000,-11.387,161.267,0,0,563,212,106,114
1778698042.022131,0,0.970925,0.913158,0.886608,0.8830,0.3319,1.2718,0.000,6.292,-142.063,0,0,62,203,125,139
1778698042.022131,1,0.994386,0.998891,0.993283,1.2008,-0.0406,1.3098,0.000,5.530,-175.046,0,0,319,209,85,105
1778698042.022131,2,0.944797,0.916108,0.865536,1.1479,-0.5052,1.2963,-0.000,-11.099,161.173,0,0,563,212,106,114
1778698042.088870,0,0.970485,0.913824,0.886852,0.8851,0.3314,1.2707,0.000,6.297,-142.033,0,0,63,204,126,137
1778698042.088870,1,0.994204,0.998891,0.993102,1.2008,-0.0406,1.3098,-0.000,5.952,-174.732,0,0,319,209,84,106
1778698042.088870,2,0.940898,0.916108,0.861964,1.1479,-0.5052,1.2963,0.000,-11.808,161.111,0,0,563,212,106,113
1778698042.088870,0,0.972324,0.913824,0.888532,0.8851,0.3314,1.2707,-0.000,6.158,-142.506,0,0,63,204,126,137
1778698042.088870,1,0.994205,0.998891,0.993103,1.2008,-0.0406,1.3098,-0.000,4.970,-175.270,0,0,319,209,85,103
1778698042.088870,2,0.938439,0.916108,0.859711,1.1479,-0.5052,1.2963,0.000,-12.210,161.204,0,0,563,212,107,113
1778698042.088870,0,0.972147,0.913158,0.887724,0.8851,0.3314,1.2707,-0.000,6.158,-142.506,0,0,62,203,125,139
1778698042.088870,1,0.994774,0.998809,0.993589,1.2008,-0.0406,1.3098,-0.000,4.970,-175.270,0,0,319,208,85,105
1778698042.088870,2,0.942873,0.916162,0.863824,1.1479,-0.5052,1.2963,0.000,-12.210,161.204,0,0,563,213,107,111
1778698042.255720,0,0.973744,0.913233,0.889255,0.8889,0.3346,1.2727,-0.000,6.086,-142.398,0,0,62,204,125,137
1778698042.255720,1,0.995250,0.998809,0.994064,1.2045,-0.0406,1.3124,0.000,5.368,-175.446,0,0,319,208,85,105
1778698042.255720,2,0.940447,0.916162,0.861602,1.1481,-0.5052,1.2944,0.000,-11.680,160.580,0,0,563,213,107,114
1778698042.389211,0,0.973109,0.913824,0.889250,0.8930,0.3349,1.2719,0.000,6.077,-142.718,0,0,63,204,126,137
1778698042.389211,1,0.994584,0.998891,0.993482,1.2008,-0.0406,1.3098,0.000,6.331,-174.803,0,0,319,209,85,103
1778698042.389211,2,0.936824,0.916749,0.858833,1.1481,-0.5033,1.2944,0.000,-12.506,161.551,0,0,562,213,107,114
1778698042.455950,0,0.973115,0.913233,0.888681,0.8970,0.3381,1.2725,0.000,5.888,-142.667,0,0,62,204,125,137
1778698042.455950,1,0.995182,0.998809,0.993997,1.2045,-0.0406,1.3124,0.000,5.477,-175.656,0,0,319,208,85,105
1778698042.455950,2,0.939518,0.916749,0.861302,1.1481,-0.5033,1.2944,0.000,-12.123,161.248,0,0,562,213,107,114
1778698042.522678,0,0.972179,0.913158,0.887753,0.8968,0.3381,1.2740,0.000,6.048,-142.412,0,0,62,203,125,139
1778698042.522678,1,0.993875,0.998891,0.992773,1.2008,-0.0406,1.3098,0.000,6.801,-174.254,0,0,319,209,85,103
1778698042.522678,2,0.937681,0.916749,0.859618,1.1510,-0.5046,1.2948,0.000,-12.125,162.380,0,0,562,213,107,114
1778698042.522678,0,0.973128,0.913158,0.888620,0.8968,0.3381,1.2740,0.000,5.985,-142.663,0,0,62,204,125,137
1778698042.522678,1,0.994077,0.998891,0.992975,1.2008,-0.0406,1.3098,0.000,6.826,-174.357,0,0,319,209,85,105
1778698042.522678,2,0.937938,0.916749,0.859854,1.1510,-0.5046,1.2948,-0.000,-12.097,162.329,0,0,562,212,106,115
1778698042.689524,0,0.971163,0.913233,0.886898,0.8990,0.3390,1.2728,0.000,5.684,-142.217,0,0,62,204,125,136
1778698042.689524,1,0.996277,0.998891,0.995172,1.2008,-0.0406,1.3098,0.000,6.149,-176.000,0,0,319,208,83,105
1778698042.689524,2,0.938663,0.916695,0.860467,1.1479,-0.5033,1.2963,0.000,-11.969,162.023,0,0,562,212,105,114
1778698042.756262,0,0.973223,0.913233,0.888779,0.9009,0.3399,1.2731,-0.000,5.888,-142.694,0,0,62,204,125,137
1778698042.756262,1,0.994989,0.998891,0.993886,1.2008,-0.0406,1.3098,0.000,6.524,-174.976,0,0,319,209,85,103
1778698042.756262,2,0.940290,0.916108,0.861407,1.1479,-0.5052,1.2963,0.000,-11.836,161.415,0,0,563,212,106,114
1778698042.856370,0,0.971250,0.913233,0.886978,0.9009,0.3399,1.2731,0.000,5.497,-142.276,0,0,62,203,125,139
1778698042.856370,1,0.993891,0.998891,0.992789,1.2008,-0.0406,1.3098,0.000,5.424,-174.804,0,0,319,209,84,106
1778698042.856370,2,0.945168,0.916051,0.865822,1.1477,-0.5052,1.2982,0.000,-11.127,160.395,0,0,563,211,106,114
1778698042.923108,0,0.972996,0.913158,0.888500,0.8988,0.3390,1.2743,-0.000,5.527,-142.722,0,0,62,203,125,137
1778698042.923108,1,0.992112,0.998891,0.991012,1.2008,-0.0406,1.3098,0.000,6.706,-173.388,0,0,319,209,85,105
1778698042.923108,2,0.949026,0.916108,0.869410,1.1479,-0.5052,1.2963,-0.000,-10.543,160.265,0,0,563,212,106,114
1778698042.989828,0,0.969966,0.913081,0.885658,0.9007,0.3399,1.2761,-0.000,5.297,-142.034,0,0,62,202,125,139
1778698042.989828,1,0.992704,0.998891,0.991603,1.2008,-0.0406,1.3098,0.000,5.879,-173.943,0,0,319,209,84,105
1778698042.989828,2,0.945564,0.916051,0.866185,1.1507,-0.5065,1.2986,0.000,-11.151,159.939,0,0,563,211,106,113
1778698042.989828,0,0.951074,0.913081,0.868407,0.9007,0.3399,1.2761,0.000,3.481,-138.449,0,0,63,201,126,137
1778698042.989828,1,0.991977,0.998891,0.990878,1.2008,-0.0406,1.3098,0.000,6.399,-173.407,0,0,319,209,84,105
1778698042.989828,2,0.940527,0.916051,0.861571,1.1507,-0.5065,1.2986,0.000,-11.782,161.104,0,0,562,211,107,113
1778698043.089914,0,0.939758,0.913592,0.858555,0.9005,0.3384,1.2775,-0.000,2.312,-136.833,0,0,63,200,126,139
1778698043.089914,1,0.993211,0.998891,0.992110,1.2008,-0.0406,1.3098,-0.000,5.396,-174.430,0,0,319,209,84,106
1778698043.089914,2,0.943214,0.916638,0.864586,1.1507,-0.5046,1.2986,-0.000,-11.526,160.214,0,0,563,211,106,113
1778698043.223394,0,0.909561,0.913510,0.830893,0.9023,0.3393,1.2793,0.000,1.101,-132.446,0,0,63,199,126,137
1778698043.223394,1,0.992406,0.998891,0.991306,1.1978,-0.0405,1.3094,0.000,4.187,-174.725,0,0,319,208,84,106
1778698043.223394,2,0.943410,0.916051,0.864212,1.1507,-0.5065,1.2986,0.000,-11.521,160.002,0,0,563,211,106,114
1778698043.323501,0,0.890730,0.913249,0.813459,0.8999,0.3384,1.2834,0.000,0.047,-130.258,0,0,63,197,127,137
1778698043.323501,1,0.988479,0.998646,0.987141,1.2081,-0.0386,1.3170,-0.000,3.920,-173.013,0,0,318,206,83,109
1778698043.323501,2,0.944445,0.916051,0.865160,1.1477,-0.5052,1.2982,-0.000,-11.343,159.979,0,0,563,211,106,114
1778698043.390240,0,0.882674,0.912569,0.805501,0.9017,0.3408,1.2852,0.000,-1.498,-129.718,0,0,62,196,125,135
1778698043.390240,1,0.991178,0.998646,0.989836,1.2041,-0.0386,1.3164,-0.000,4.252,-174.110,0,0,318,206,83,107
1778698043.390240,2,0.949387,0.916051,0.869687,1.1477,-0.5052,1.2982,-0.000,-10.392,160.221,0,0,563,211,106,115
1778698043.456978,0,0.871342,0.913065,0.795592,0.8996,0.3384,1.2863,0.000,-2.466,-128.775,0,0,63,195,127,137
1778698043.456978,1,0.988656,0.998821,0.987490,1.2045,-0.0386,1.3124,0.000,3.125,-173.530,0,0,318,208,85,106
1778698043.456978,2,0.943115,0.916051,0.863942,1.1477,-0.5052,1.2982,0.000,-11.651,159.578,0,0,563,211,106,114
1778698043.456978,0,0.839245,0.913065,0.766285,0.8996,0.3384,1.2863,-0.000,-3.539,-125.366,0,0,62,193,125,135
1778698043.456978,1,0.989591,0.998821,0.988424,1.2045,-0.0386,1.3124,0.000,3.904,-173.412,0,0,319,207,84,107
1778698043.456978,2,0.946595,0.916051,0.867129,1.1477,-0.5052,1.2982,0.000,-10.787,160.745,0,0,563,211,106,113
1778698043.557086,0,0.836459,0.912282,0.763086,0.9033,0.3417,1.2899,0.000,-3.950,-125.199,0,0,62,193,125,137
1778698043.557086,1,0.992529,0.998723,0.991261,1.2043,-0.0406,1.3144,0.000,4.532,-174.689,0,0,319,207,84,107
1778698043.557086,2,0.933190,0.916051,0.854849,1.1477,-0.5052,1.2982,0.000,-12.934,161.462,0,0,562,211,107,113
1778698043.690517,0,0.825592,0.912181,0.753089,0.9012,0.3408,1.2911,0.000,-4.662,-124.320,0,0,62,192,125,137
1778698043.690517,1,0.992207,0.998891,0.991107,1.2008,-0.0406,1.3098,0.000,4.982,-174.107,0,0,319,209,84,106
1778698043.690517,2,0.946875,0.916051,0.867386,1.1477,-0.5052,1.2982,0.000,-10.686,160.945,0,0,563,211,106,113
1778698043.690517,0,0.833672,0.912870,0.761035,0.9012,0.3408,1.2911,0.000,-4.662,-124.320,0,0,63,193,126,136
1778698043.690517,1,0.991028,0.998809,0.989847,1.2008,-0.0406,1.3098,0.000,4.982,-174.107,0,0,319,208,84,107
1778698043.690517,2,0.939165,0.916695,0.860927,1.1477,-0.5052,1.2982,0.000,-10.686,160.945,0,0,562,212,107,114
1778698043.823987,0,0.835069,0.912282,0.761818,0.9013,0.3408,1.2896,0.000,-4.519,-125.291,0,0,62,193,124,133
1778698043.823987,1,0.991172,0.998723,0.989906,1.2043,-0.0406,1.3144,0.000,3.848,-174.440,0,0,319,207,84,105
1778698043.823987,2,0.947450,0.916638,0.868468,1.1507,-0.5046,1.2986,0.000,-10.656,160.703,0,0,562,211,105,115
1778698043.890727,0,0.835914,0.912181,0.762505,0.8992,0.3399,1.2907,-0.000,-4.324,-125.335,0,0,62,192,124,135
1778698043.890727,1,0.990101,0.998809,0.988922,1.2006,-0.0406,1.3118,0.000,3.323,-174.207,0,0,319,208,84,103
1778698043.890727,2,0.947460,0.916051,0.867921,1.1477,-0.5052,1.2982,0.000,-10.660,160.614,0,0,563,211,106,115
1778698043.957465,0,0.825404,0.911692,0.752514,0.8993,0.3414,1.2892,0.000,-4.502,-124.107,0,0,61,193,123,133
1778698043.957465,1,0.992497,0.998809,0.991314,1.2006,-0.0406,1.3118,0.000,5.078,-174.262,0,0,319,208,84,106
1778698043.957465,2,0.945823,0.916051,0.866422,1.1477,-0.5052,1.2982,0.000,-10.828,161.141,0,0,563,211,106,115
1778698043.957465,0,0.817402,0.911692,0.745219,0.8993,0.3414,1.2892,0.000,-5.084,-123.482,0,0,61,192,123,136
1778698043.957465,1,0.992351,0.998809,0.991168,1.2006,-0.0406,1.3118,0.000,5.259,-174.087,0,0,319,208,83,106
1778698043.957465,2,0.941363,0.916051,0.862336,1.1477,-0.5052,1.2982,-0.000,-11.604,161.228,0,0,562,212,107,114
1778698044.124305,0,0.824660,0.911592,0.751753,0.8972,0.3405,1.2904,0.000,-4.709,-124.150,0,0,61,192,123,135
1778698044.124305,1,0.989871,0.998723,0.988607,1.2043,-0.0406,1.3144,0.000,4.013,-173.641,0,0,319,207,84,107
1778698044.124305,2,0.934744,0.916638,0.856822,1.1477,-0.5033,1.2982,-0.000,-12.740,161.268,0,0,562,211,107,113
1778698044.124305,0,0.823396,0.911592,0.750601,0.8972,0.3405,1.2904,0.000,-5.866,-124.543,0,0,61,191,123,137
1778698044.124305,1,0.993528,0.998723,0.992259,1.2043,-0.0406,1.3144,-0.000,4.817,-175.084,0,0,319,208,83,106
1778698044.124305,2,0.943115,0.916638,0.864495,1.1477,-0.5033,1.2982,0.000,-11.451,160.647,0,0,563,212,106,113
1778698044.291151,0,0.824453,0.911489,0.751480,0.8971,0.3405,1.2918,0.000,-5.622,-124.584,0,0,61,191,123,139
1778698044.291151,1,0.994491,0.998809,0.993306,1.2006,-0.0406,1.3118,0.000,5.720,-175.062,0,0,320,209,84,103
1778698044.291151,2,0.942688,0.916051,0.863550,1.1507,-0.5065,1.2986,0.000,-11.475,160.809,0,0,563,211,106,113
1778698044.357889,0,0.821287,0.911592,0.748679,0.8972,0.3405,1.2904,0.000,-5.348,-124.064,0,0,61,192,123,136
1778698044.357889,1,0.992553,0.998971,0.991531,1.2010,-0.0406,1.3078,-0.000,8.150,-173.388,0,0,319,210,85,103
1778698044.357889,2,0.946012,0.916695,0.867204,1.1508,-0.5046,1.2967,0.000,-11.151,160.062,0,0,562,212,105,114
1778698044.424628,0,0.823925,0.911592,0.751083,0.8992,0.3414,1.2907,0.000,-5.720,-124.532,0,0,61,192,123,137
1778698044.424628,1,0.992234,0.998971,0.991213,1.2010,-0.0406,1.3078,0.000,8.190,-173.237,0,0,319,210,85,103
1778698044.424628,2,0.944467,0.916638,0.865734,1.1507,-0.5046,1.2986,0.000,-11.308,160.197,0,0,562,211,107,113
1778698044.424628,0,0.824993,0.911592,0.752057,0.8992,0.3414,1.2907,0.000,-4.540,-124.112,0,0,61,193,123,136
1778698044.424628,1,0.994956,0.998971,0.993932,1.2010,-0.0406,1.3078,0.000,4.874,-175.774,0,0,319,209,83,103
1778698044.424628,2,0.946483,0.916638,0.867582,1.1507,-0.5046,1.2986,0.000,-11.114,159.268,0,0,563,211,106,115
1778698044.591474,0,0.822227,0.911592,0.749535,0.8972,0.3405,1.2904,0.000,-5.228,-124.113,0,0,61,192,123,135
1778698044.591474,1,0.993107,0.998891,0.992006,1.2008,-0.0406,1.3098,0.000,7.394,-173.732,0,0,319,209,85,103
1778698044.591474,2,0.942447,0.916108,0.863383,1.1479,-0.5052,1.2963,0.000,-11.884,159.432,0,0,563,212,106,114
1778698044.658198,0,0.826202,0.912181,0.753646,0.8992,0.3399,1.2907,0.000,-4.815,-124.456,0,0,62,192,125,137
1778698044.658198,1,0.992189,0.998809,0.991007,1.1976,-0.0405,1.3114,-0.000,4.618,-174.372,0,0,319,208,83,106
1778698044.658198,2,0.944846,0.916108,0.865581,1.1479,-0.5052,1.2963,0.000,-11.332,160.139,0,0,563,212,107,111
1778698044.658198,0,0.816820,0.912181,0.745088,0.8992,0.3399,1.2907,0.000,-4.815,-124.456,0,0,61,193,123,136
1778698044.658198,1,0.994144,0.998809,0.992960,1.1976,-0.0405,1.3114,-0.000,4.618,-174.372,0,0,320,208,84,105
1778698044.658198,2,0.943214,0.916108,0.864086,1.1479,-0.5052,1.2963,0.000,-11.332,160.139,0,0,563,213,108,111
1778698044.825031,0,0.837867,0.911790,0.763959,0.8995,0.3414,1.2878,0.000,-4.358,-125.418,0,0,61,194,123,136
1778698044.825031,1,0.993002,0.998809,0.991818,1.2006,-0.0406,1.3118,0.000,5.132,-174.509,0,0,319,208,83,107
1778698044.825031,2,0.947913,0.916162,0.868442,1.1481,-0.5052,1.2944,0.000,-10.790,160.496,0,0,563,213,107,110
1778698044.891768,0,0.829102,0.912380,0.756456,0.9015,0.3408,1.2881,0.000,-3.884,-124.311,0,0,62,194,124,136
1778698044.891768,1,0.994353,0.998876,0.993236,1.2008,-0.0426,1.3098,0.000,5.811,-174.986,0,0,320,209,84,105
1778698044.891768,2,0.940915,0.916162,0.862031,1.1481,-0.5052,1.2944,-0.000,-11.955,160.875,0,0,563,213,107,111
1778698044.891768,0,0.833073,0.912380,0.760079,0.9015,0.3408,1.2881,-0.000,-4.151,-124.868,0,0,61,193,123,137
1778698044.891768,1,0.993517,0.998876,0.992400,1.2008,-0.0426,1.3098,0.000,5.413,-174.694,0,0,319,208,83,105
1778698044.891768,2,0.943819,0.916162,0.864691,1.1481,-0.5052,1.2944,0.000,-11.624,160.054,0,0,563,212,106,114
1778698045.058614,0,0.833081,0.912380,0.760086,0.9015,0.3408,1.2881,0.000,-3.649,-124.658,0,0,62,194,124,136
1778698045.058614,1,0.994568,0.998876,0.993450,1.2008,-0.0426,1.3098,-0.000,6.946,-174.703,0,0,320,209,84,105
1778698045.058614,2,0.943923,0.916162,0.864786,1.1481,-0.5052,1.2944,0.000,-11.380,161.057,0,0,563,213,107,111
1778698045.125353,0,0.827435,0.912282,0.754853,0.8993,0.3399,1.2892,0.000,-4.089,-124.243,0,0,62,193,124,137
1778698045.125353,1,0.994143,0.998809,0.992958,1.2006,-0.0406,1.3118,-0.000,5.780,-174.821,0,0,319,208,83,105
1778698045.125353,2,0.946522,0.916162,0.867167,1.1481,-0.5052,1.2944,-0.000,-11.062,160.421,0,0,563,213,107,110
1778698045.125353,0,0.834525,0.912282,0.761321,0.8993,0.3399,1.2892,0.000,-3.441,-124.766,0,0,62,194,124,136
1778698045.125353,1,0.994841,0.998809,0.993656,1.2006,-0.0406,1.3118,0.000,6.729,-174.851,0,0,319,209,85,105
1778698045.125353,2,0.946071,0.916162,0.866755,1.1481,-0.5052,1.2944,0.000,-11.136,160.455,0,0,563,212,107,111
1778698045.292207,0,0.828900,0.912380,0.756271,0.8995,0.3399,1.2878,0.000,-4.043,-124.354,0,0,62,194,124,136
1778698045.292207,1,0.992018,0.998809,0.990836,1.2006,-0.0406,1.3118,0.000,4.869,-174.126,0,0,319,208,84,107
1778698045.292207,2,0.946466,0.916162,0.867116,1.1481,-0.5052,1.2944,0.000,-11.124,160.181,0,0,563,213,107,111
1778698045.292207,0,0.829272,0.911790,0.756122,0.8995,0.3399,1.2878,0.000,-4.043,-124.354,0,0,61,194,122,136
1778698045.292207,1,0.993130,0.998891,0.992029,1.2006,-0.0406,1.3118,0.000,4.869,-174.126,0,0,319,209,86,103
1778698045.292207,2,0.942196,0.916695,0.863706,1.1481,-0.5052,1.2944,0.000,-11.124,160.181,0,0,562,212,107,113
1778698045.425693,0,0.834488,0.911790,0.760877,0.8975,0.3405,1.2874,0.000,-3.794,-124.790,0,0,61,194,123,136
1778698045.425693,1,0.992771,0.998971,0.991749,1.2010,-0.0406,1.3078,0.000,6.005,-173.893,0,0,319,210,87,103
1778698045.425693,2,0.943733,0.916162,0.864612,1.1481,-0.5052,1.2944,0.000,-11.325,161.393,0,0,563,213,106,114
1778698045.492432,0,0.827130,0.911692,0.754087,0.8993,0.3414,1.2892,0.000,-4.623,-124.353,0,0,61,193,122,137
1778698045.492432,1,0.993641,0.999048,0.992695,1.1982,-0.0405,1.3054,0.000,6.991,-174.043,0,0,319,211,87,102
1778698045.492432,2,0.944132,0.916162,0.864978,1.1481,-0.5052,1.2944,0.000,-11.519,160.300,0,0,563,213,108,111
1778698045.492432,0,0.841681,0.911692,0.767354,0.8993,0.3414,1.2892,0.000,-3.122,-125.362,0,0,62,194,124,136
1778698045.492432,1,0.993547,0.999048,0.992601,1.1982,-0.0405,1.3054,0.000,6.462,-174.119,0,0,319,210,84,106
1778698045.492432,2,0.944276,0.916162,0.865110,1.1481,-0.5052,1.2944,0.000,-11.246,161.324,0,0,563,212,106,113
1778698045.592550,0,0.831623,0.912380,0.758756,0.8995,0.3399,1.2878,0.000,-4.038,-124.657,0,0,61,193,122,139
1778698045.592550,1,0.991922,0.998971,0.990902,1.2010,-0.0406,1.3078,-0.000,6.334,-173.372,0,0,319,210,84,106
1778698045.592550,2,0.936967,0.916108,0.858363,1.1479,-0.5052,1.2963,-0.000,-12.340,161.671,0,0,563,212,107,113
1778698045.659289,0,0.827437,0.911692,0.754368,0.8993,0.3414,1.2892,0.000,-4.286,-124.240,0,0,62,193,124,137
1778698045.659289,1,0.992809,0.998971,0.991787,1.2010,-0.0406,1.3078,-0.000,6.386,-173.789,0,0,319,210,84,105
1778698045.659289,2,0.942096,0.916108,0.863062,1.1479,-0.5052,1.2963,0.000,-11.645,160.921,0,0,563,213,107,111
1778698045.792755,0,0.833726,0.912380,0.760674,0.8995,0.3399,1.2878,0.000,-3.706,-124.754,0,0,62,194,124,136
1778698045.792755,1,0.992701,0.998891,0.991601,1.2008,-0.0406,1.3098,-0.000,5.122,-174.294,0,0,319,209,84,106
1778698045.792755,2,0.939031,0.916108,0.860254,1.1479,-0.5052,1.2963,0.000,-12.078,161.325,0,0,563,212,107,113
1778698045.859475,0,0.829734,0.911692,0.756462,0.8993,0.3414,1.2892,0.000,-4.417,-124.554,0,0,61,193,123,137
1778698045.859475,1,0.993451,0.998904,0.992362,1.2008,-0.0386,1.3098,0.000,5.754,-174.291,0,0,318,209,83,105
1778698045.859475,2,0.936865,0.915520,0.857718,1.1449,-0.5058,1.2958,0.000,-12.607,160.584,0,0,564,212,106,114
1778698045.926173,0,0.839787,0.911790,0.765709,0.8995,0.3414,1.2878,0.000,-3.534,-125.284,0,0,61,194,123,137
1778698045.926173,1,0.993192,0.998904,0.992103,1.2047,-0.0386,1.3104,-0.000,5.705,-174.172,0,0,318,209,83,106
1778698045.926173,2,0.937682,0.915520,0.858466,1.1449,-0.5058,1.2958,0.000,-12.456,160.642,0,0,564,212,106,113
1778698045.926173,0,0.829588,0.912282,0.756817,0.8995,0.3414,1.2878,0.000,-3.534,-125.284,0,0,62,193,124,139
1778698045.926173,1,0.993788,0.998821,0.992617,1.2047,-0.0386,1.3104,-0.000,5.705,-174.172,0,0,318,208,83,107
1778698045.926173,2,0.940355,0.916051,0.861413,1.1449,-0.5058,1.2958,0.000,-12.456,160.642,0,0,563,211,105,117
1778698046.059650,0,0.828242,0.911790,0.755182,0.8995,0.3414,1.2878,-0.000,-4.251,-124.282,0,0,61,194,122,136
1778698046.059650,1,0.994175,0.998821,0.993002,1.2045,-0.0386,1.3124,0.000,4.376,-175.684,0,0,318,208,83,106
1778698046.059650,2,0.940645,0.915574,0.861230,1.1451,-0.5058,1.2940,-0.000,-12.128,160.243,0,0,564,213,107,113
1778698046.159779,0,0.833911,0.911790,0.760351,0.8995,0.3414,1.2878,0.000,-3.950,-124.790,0,0,61,194,122,137
1778698046.159779,1,0.993561,0.998821,0.992389,1.2045,-0.0386,1.3124,0.000,4.819,-174.933,0,0,319,208,84,105
1778698046.159779,2,0.941363,0.916108,0.862390,1.1479,-0.5052,1.2963,0.000,-11.641,161.442,0,0,563,212,106,114
1778698046.226517,0,0.834426,0.911790,0.760821,0.8995,0.3414,1.2878,0.000,-3.851,-124.806,1,1,61,194,122,136
1778698046.226517,1,0.994460,0.998809,0.993275,1.2006,-0.0406,1.3118,-0.000,5.349,-175.253,0,1,319,208,84,109
1778698046.226517,2,0.939481,0.916108,0.860666,1.1479,-0.5052,1.2963,-0.000,-12.153,160.690,0,1,563,212,107,114
1778698048.295336,3,0.856524,0.987978,0.846227,0.8993,0.3432,1.2237,0.000,-6.897,-127.085,0,1,226,247,108,125
1778698048.295336,4,0.990221,0.963066,0.953648,1.2337,-0.0318,1.2319,-0.000,0.700,-173.096,0,1,473,253,90,107
1778698048.328715,0,0.858812,0.989255,0.849584,0.9060,0.3376,1.2241,-0.000,-7.016,-127.907,0,1,231,247,110,125
1778698048.328715,1,0.991709,0.961259,0.953289,1.2287,-0.0392,1.2294,0.000,1.755,-173.654,0,1,477,254,90,110
1778698048.395452,0,0.859716,0.991702,0.852582,0.9389,0.3187,1.2147,-0.000,-7.551,-129.813,0,1,242,250,108,122
1778698048.395452,1,0.981821,0.955879,0.938502,1.2276,-0.0771,1.2247,-0.000,0.661,-172.071,0,1,489,252,93,118
1778698048.395452,0,0.878611,0.991702,0.871320,0.9389,0.3187,1.2147,0.000,-6.794,-131.886,0,1,245,251,107,122
1778698048.395452,1,0.990972,0.955879,0.947249,1.2276,-0.0771,1.2247,-0.000,-1.619,-177.242,0,1,494,250,94,107
1778698048.495555,0,0.883178,0.992753,0.876778,0.9726,0.3100,1.2143,-0.000,-5.904,-133.289,0,1,247,250,106,122
1778698048.495555,1,0.991426,0.952593,0.944426,1.9804,-0.1555,1.2756,0.000,-2.225,-179.591,0,1,496,251,93,106
1778698048.495555,0,0.891981,0.992753,0.885517,0.9726,0.3100,1.2143,0.000,-5.377,-134.265,0,1,247,248,107,124
1778698048.495555,1,0.992659,0.952593,0.945600,1.9804,-0.1555,1.2756,-0.000,-1.269,-179.275,0,1,496,250,93,106
1778698048.595654,0,0.924636,0.991753,0.917010,0.9722,0.3003,1.2291,0.000,-3.297,-139.157,0,1,241,241,108,124
1778698048.595654,1,0.974287,0.956217,0.931630,1.2448,-0.1171,1.2467,0.000,-2.311,-173.608,0,1,489,240,92,114
1778698048.662368,0,0.929094,0.991753,0.921431,0.9722,0.3003,1.2291,0.000,-2.786,-139.687,0,1,239,237,106,118
1778698048.662368,1,0.979505,0.956217,0.936619,1.2448,-0.1171,1.2467,0.000,-3.055,-176.017,0,1,487,234,92,106
1778698048.662368,0,0.932428,0.991348,0.924361,1.9612,0.6404,1.3366,0.000,-2.875,-141.016,0,1,237,233,108,117
1778698048.662368,1,0.985822,0.957175,0.943605,1.3065,-0.1351,1.2650,-0.000,-1.240,-178.157,0,1,485,230,92,105
1778698048.762476,0,0.938107,0.990141,0.928858,1.9438,0.6529,1.3596,-0.000,-2.514,-141.665,0,1,234,230,110,121
1778698048.762476,1,0.982888,0.959402,0.942985,1.9684,-0.1779,1.3499,0.000,-1.487,-177.200,0,1,482,228,90,105
1778698048.762476,0,0.955555,0.990141,0.946133,1.9520,0.6291,1.3596,0.000,-0.152,-144.750,0,1,225,217,112,125
1778698048.762476,1,0.984387,0.959402,0.944423,1.9661,-0.2020,1.3499,-0.000,1.273,-176.370,0,1,474,217,90,106
1778698048.762476,0,0.958566,0.986812,0.945925,1.9520,0.6291,1.3596,0.000,-0.152,-144.750,0,1,223,216,110,122
1778698048.762476,1,0.985962,0.963830,0.950300,1.9661,-0.2020,1.3499,-0.000,1.273,-176.370,0,1,471,216,88,113
1778698048.862584,0,0.957153,0.986812,0.944530,1.9511,0.6698,1.4096,0.000,0.064,-144.803,0,1,220,215,110,122
1778698048.862584,1,0.987648,0.963830,0.951925,1.3203,-0.1208,1.3056,0.000,3.287,-175.525,0,1,468,212,88,103
1778698048.962684,0,0.969803,0.985930,0.956158,1.9465,0.6504,1.4115,-0.000,1.551,-147.300,0,1,212,211,110,121
1778698048.962684,1,0.945817,0.983353,0.930073,1.9298,0.6735,1.4237,0.000,1.708,-177.212,0,1,460,209,88,103
1778698048.962684,0,0.975144,0.983353,0.958911,1.9382,0.6499,1.4237,0.000,1.952,-148.689,0,1,209,210,110,126
1778698049.062779,0,0.977644,0.981043,0.959111,1.9335,0.6736,1.4306,0.000,2.107,-148.774,0,1,205,209,113,126
1778698049.062779,1,0.991412,0.969831,0.961502,1.3012,-0.1198,1.3235,0.000,3.240,-178.684,0,1,455,207,90,103
1778698049.062779,0,0.978692,0.981043,0.960140,1.9466,0.6364,1.4306,-0.000,2.783,-149.859,0,1,199,210,113,126
1778698049.062779,1,0.986608,0.969831,0.956843,1.2988,-0.1444,1.3235,0.000,1.601,-178.798,0,1,449,207,90,103
1778698049.062779,0,0.981892,0.979165,0.961434,1.9466,0.6364,1.4306,-0.000,2.783,-149.859,0,1,197,209,114,128
1778698049.062779,1,0.986015,0.972153,0.958557,1.2988,-0.1444,1.3235,0.000,1.601,-178.798,0,1,445,206,87,105
1778698049.229619,0,0.984270,0.977392,0.962018,1.9347,0.6582,1.4290,-0.000,2.978,-150.944,0,1,194,209,113,126
1778698049.229619,1,0.990877,0.974691,0.965798,1.9606,-0.1803,1.4085,0.000,4.032,-177.873,0,1,443,211,92,105
1778698049.229619,0,0.984261,0.977392,0.962009,1.9347,0.6582,1.4290,-0.000,3.080,-150.879,0,1,185,208,115,130
1778698049.229619,1,0.984121,0.974691,0.959213,1.9606,-0.1803,1.4085,0.000,4.216,-175.016,0,1,434,208,87,101
1778698049.329726,0,0.983642,0.974102,0.958168,1.9440,0.6499,1.4324,0.000,2.655,-151.261,0,1,182,209,115,128
1778698049.329726,1,0.990205,0.978678,0.969092,1.2928,-0.1278,1.3220,-0.000,4.457,-177.517,0,1,431,208,87,107
1778698049.329726,0,0.985582,0.973064,0.959034,1.9440,0.6499,1.4324,0.000,2.655,-151.261,0,1,179,209,115,128
1778698049.329726,1,0.988527,0.978678,0.967449,1.2928,-0.1278,1.3220,-0.000,4.457,-177.517,0,1,429,209,88,110
1778698049.429836,0,0.986119,0.968717,0.955270,0.9511,0.3000,1.2789,0.000,3.367,-151.134,0,1,171,208,115,129
1778698049.429836,1,0.993087,0.982215,0.975425,1.2926,-0.1204,1.3226,0.000,4.316,-178.803,0,1,420,208,87,105
1778698049.429836,0,0.984082,0.968717,0.953297,0.9552,0.2879,1.2789,0.000,3.895,-150.853,0,1,168,208,115,129
1778698049.429836,1,0.994546,0.982215,0.976858,1.2910,-0.1371,1.3226,0.000,4.895,179.912,0,1,418,212,87,105
1778698049.496575,0,0.984895,0.967504,0.952889,1.9433,0.6545,1.4307,0.000,3.410,-151.112,0,1,165,208,116,130
1778698049.496575,1,0.992612,0.983123,0.975859,1.3135,-0.1346,1.3172,0.000,3.726,-179.241,0,1,416,208,86,102
1778698049.596682,0,0.984581,0.964939,0.950060,1.9226,0.6281,1.4293,-0.000,3.078,-151.738,0,1,162,207,117,129
1778698049.596682,1,0.992538,0.984457,0.977112,1.9684,-0.2100,1.4162,-0.000,2.692,178.998,0,1,413,210,86,100
1778698049.596682,0,0.983637,0.964939,0.949149,1.9226,0.6281,1.4293,0.000,3.384,-151.208,0,1,153,208,117,130
1778698049.596682,1,0.991156,0.984457,0.975751,1.9684,-0.2100,1.4162,0.000,3.247,-179.542,0,1,405,208,86,102
1778698049.596682,0,0.987408,0.960174,0.948083,1.9226,0.6281,1.4293,0.000,3.384,-151.208,0,1,151,207,118,132
1778698049.596682,1,0.987527,0.987232,0.974918,1.9684,-0.2100,1.4162,0.000,3.247,-179.542,0,1,402,207,86,105
1778698049.696767,0,0.985766,0.960174,0.946507,1.9077,0.6341,1.4261,-0.000,3.968,-152.010,0,1,148,207,118,133
1778698049.696767,1,0.987375,0.987232,0.974768,1.2927,-0.1384,1.3260,-0.000,3.109,-177.711,0,1,399,208,86,103
1778698049.696767,0,0.987966,0.958830,0.947291,1.9077,0.6341,1.4261,0.000,3.167,-151.808,0,1,145,208,118,132
1778698049.696767,1,0.992955,0.988079,0.981118,1.2927,-0.1384,1.3260,0.000,2.669,-177.987,0,1,397,208,86,109
1778698049.863606,0,0.986038,0.953818,0.940501,1.9141,0.6555,1.4228,0.000,3.323,-151.207,0,1,137,208,120,128
1778698049.863606,1,0.985265,0.990666,0.976069,1.2934,-0.1254,1.3245,-0.000,3.568,-175.801,0,1,388,208,87,111
1778698049.863606,0,0.987585,0.953818,0.941977,1.9224,0.6321,1.4228,0.000,3.577,-152.414,0,1,134,207,120,129
1778698049.863606,1,0.994850,0.990666,0.985564,1.2919,-0.1409,1.3245,0.000,4.725,179.389,0,1,386,208,86,107
1778698049.863606,0,0.987226,0.952314,0.940150,1.9224,0.6321,1.4228,0.000,3.577,-152.414,0,1,131,208,120,130
1778698049.863606,1,0.991246,0.991100,0.982424,1.2919,-0.1409,1.3245,0.000,4.725,179.389,0,1,384,210,84,103
1778698050.030446,0,0.987487,0.946427,0.934585,1.9121,0.6391,1.4230,-0.000,3.067,-152.416,0,1,122,207,122,133
1778698050.030446,1,0.992557,0.993280,0.985886,1.2886,-0.1363,1.3245,0.000,5.006,-178.784,0,1,375,208,85,103
1778698050.030446,0,0.986017,0.946427,0.933194,1.9121,0.6391,1.4230,0.000,3.442,-151.571,0,1,119,207,122,132
1778698050.030446,1,0.990203,0.993280,0.983549,1.2886,-0.1363,1.3245,-0.000,3.290,-178.725,0,1,373,208,84,100
1778698050.130568,0,0.986739,0.943385,0.930874,1.9298,0.6390,1.4245,-0.000,3.961,-151.742,0,1,116,207,124,132
1778698050.130568,1,0.986670,0.993982,0.980733,1.2864,-0.1410,1.3288,-0.000,1.330,-179.256,0,1,370,206,85,101
1778698050.197294,0,0.986236,0.941766,0.928803,1.9231,0.6352,1.4263,0.000,3.258,-152.010,0,1,113,206,124,133
1778698050.197294,1,0.985143,0.995053,0.980269,1.9702,-0.2060,1.3992,-0.000,12.361,-176.427,0,1,368,216,88,105
1778698050.197294,0,0.986914,0.941766,0.929442,1.9231,0.6352,1.4263,0.000,4.039,-151.846,0,0,104,205,125,135
1778698050.197294,1,0.986004,0.995053,0.981126,1.9702,-0.2060,1.3992,0.000,4.654,-176.072,0,0,359,209,85,106
1778698050.364141,0,0.987655,0.935361,0.923814,0.9486,0.3005,1.2790,-0.000,3.950,-151.294,0,0,101,205,126,136
1778698050.364141,1,0.991174,0.996245,0.987453,1.2446,-0.1199,1.3142,-0.000,4.591,-177.574,0,0,357,210,85,105
1778698050.364141,5,0.929460,0.894812,0.831692,1.1209,-0.5584,1.2943,0.000,-10.978,164.998,0,0,598,211,84,117
1778698050.364141,6,0.900813,0.894812,0.806059,1.1209,-0.5584,1.2943,0.000,-12.890,169.405,0,0,598,212,83,105
1778698050.464253,0,0.988995,0.933742,0.923467,0.9367,0.3006,1.2772,0.000,4.014,-151.563,0,0,98,205,126,133
1778698050.464253,1,0.990707,0.996458,0.987198,1.2323,-0.1128,1.3165,0.000,4.883,-176.995,0,0,354,208,84,105
1778698050.464253,2,0.931073,0.896004,0.834245,1.1207,-0.5547,1.2962,0.000,-11.353,163.851,0,0,596,210,87,117
1778698050.464253,0,0.988714,0.928248,0.917772,0.9367,0.3006,1.2772,0.000,4.014,-151.563,0,0,88,205,127,136
1778698050.464253,1,0.992165,0.997607,0.989791,1.2323,-0.1128,1.3165,0.000,4.883,-176.995,0,0,347,213,87,103
1778698050.464253,5,0.932039,0.898543,0.837477,1.1207,-0.5547,1.2962,0.000,-11.353,163.851,0,0,592,211,96,117
1778698050.530993,0,0.990357,0.928248,0.919297,0.9130,0.3064,1.2735,0.000,4.208,-151.174,0,0,85,205,127,140
1778698050.530993,1,0.990168,0.997607,0.987799,1.2174,-0.0975,1.3041,0.000,3.851,-176.337,0,0,344,208,84,102
1778698050.530993,5,0.935984,0.898543,0.841022,1.1021,-0.5380,1.2916,-0.000,-11.439,162.384,0,0,590,211,100,117
1778698050.631094,0,0.988287,0.926571,0.915717,0.9090,0.3093,1.2729,0.000,4.058,-150.054,0,0,82,204,127,139
1778698050.631094,1,0.993716,0.997509,0.991241,1.2243,-0.0918,1.3154,-0.000,3.592,-178.766,0,0,342,207,84,102
1778698050.631094,5,0.934717,0.899778,0.841038,1.1021,-0.5344,1.2916,0.000,-12.179,161.256,0,0,589,212,102,117
1778698050.697823,0,0.988232,0.924805,0.913923,0.9029,0.3113,1.2735,-0.000,4.459,-149.602,0,0,73,204,128,140
1778698050.697823,1,0.987601,0.997598,0.985228,1.2241,-0.0877,1.3174,0.000,2.864,-175.740,0,0,333,207,85,99
1778698050.697823,5,0.944327,0.900449,0.850318,1.0993,-0.5311,1.2894,-0.000,-9.579,163.361,0,0,580,212,105,115
1778698050.764526,0,0.988852,0.919662,0.909410,0.9029,0.3246,1.2735,0.000,4.455,-149.067,0,0,70,204,130,140
1778698050.764526,1,0.928844,0.905953,0.841489,1.1152,-0.5222,1.2916,0.000,-7.744,170.573,0,0,577,212,112,114
1778698050.764526,5,0.987404,0.998230,0.985656,1.1935,-0.0683,1.3128,0.000,3.258,-174.437,0,0,331,207,84,99
1778698050.898003,0,0.989006,0.916098,0.906027,0.8929,0.3291,1.2734,0.000,3.803,-149.011,0,0,67,203,130,139
1778698050.898003,5,0.878013,0.910374,0.799320,1.1288,-0.5152,1.2860,0.000,7.540,-175.736,0,0,573,216,106,109
1778698050.898003,1,0.983937,0.998799,0.982756,1.1903,-0.0583,1.3043,0.000,6.735,-171.098,0,0,328,211,88,105
1778698050.964742,0,0.989673,0.913749,0.904312,0.8850,0.3314,1.2721,0.000,4.379,-148.632,0,0,63,203,126,137
1778698050.964742,1,0.991789,0.998463,0.990264,1.2079,-0.0487,1.3190,0.000,3.158,-176.092,0,0,323,205,84,105
1778698050.964742,5,0.949531,0.912763,0.866697,1.1347,-0.5103,1.2868,-0.000,-9.818,162.969,0,0,569,216,112,115
1778698051.031466,0,0.989156,0.913158,0.903256,0.8830,0.3319,1.2718,-0.000,4.053,-148.491,0,0,62,203,124,137
1778698051.031466,1,0.936445,0.913854,0.855774,1.1383,-0.5084,1.2911,0.000,-11.418,164.666,0,0,567,214,108,113
1778698051.031466,5,0.987190,0.998414,0.985624,1.2117,-0.0447,1.3216,-0.000,2.734,-173.791,0,0,321,204,84,105
1778698051.031466,0,0.988344,0.913158,0.902514,0.8830,0.3319,1.2718,-0.000,4.252,-148.028,0,0,61,203,123,137
1778698051.031466,5,0.942474,0.913854,0.861284,1.1383,-0.5084,1.2911,0.000,-11.552,161.447,0,0,566,214,107,113
1778698051.031466,1,0.988777,0.998414,0.987208,1.2117,-0.0447,1.3216,0.000,2.400,-174.975,0,0,320,205,83,103
1778698051.198312,0,0.987666,0.912567,0.901311,0.8830,0.3334,1.2718,0.000,4.397,-147.588,0,0,61,203,123,137
1778698051.198312,5,0.947072,0.914495,0.866093,1.1415,-0.5078,1.2896,-0.000,-11.273,159.631,0,0,566,215,108,107
1778698051.198312,1,0.990185,0.998723,0.988921,1.2123,-0.0406,1.3156,-0.000,4.069,-173.758,0,0,319,207,85,109
1778698051.265051,0,0.987125,0.912567,0.900818,0.8830,0.3334,1.2718,0.000,3.982,-147.576,0,0,61,203,123,137
1778698051.265051,5,0.949739,0.914495,0.868532,1.1385,-0.5065,1.2892,-0.000,-10.367,161.296,0,0,566,215,110,106
1778698051.265051,1,0.990345,0.998723,0.989080,1.2162,-0.0407,1.3162,0.000,4.125,-173.800,0,0,319,207,85,107
1778698051.331771,0,0.987515,0.912567,0.901173,0.8850,0.3342,1.2721,0.000,4.589,-147.439,0,0,61,203,123,137
1778698051.331771,5,0.990592,0.998723,0.989327,1.2202,-0.0407,1.3168,-0.000,3.710,-174.234,0,0,319,207,85,107
1778698051.331771,1,0.942576,0.915086,0.862538,1.1385,-0.5046,1.2892,0.000,-11.310,162.576,0,0,565,215,108,105
1778698051.331771,0,0.986551,0.912567,0.900293,0.8850,0.3342,1.2721,-0.000,4.579,-147.067,0,0,61,203,123,137
1778698051.331771,1,0.989103,0.998723,0.987840,1.2202,-0.0407,1.3168,0.000,3.648,-173.526,0,0,319,208,84,107
1778698051.331771,5,0.931648,0.915086,0.852538,1.1385,-0.5046,1.2892,0.000,-13.364,162.051,0,0,565,214,108,106
1778698051.331771,0,0.986653,0.912567,0.900386,0.8850,0.3342,1.2721,-0.000,4.579,-147.067,0,0,61,203,123,137
1778698051.331771,1,0.988367,0.998891,0.987272,1.2202,-0.0407,1.3168,0.000,3.648,-173.526,0,0,319,209,84,106
1778698051.331771,5,0.937862,0.914495,0.857670,1.1385,-0.5046,1.2892,0.000,-13.364,162.051,0,0,566,215,110,105
1778698051.498601,0,0.986156,0.912567,0.899933,0.8830,0.3334,1.2718,0.000,4.231,-147.263,0,0,61,203,123,139
1778698051.498601,1,0.992235,0.998809,0.991053,1.2127,-0.0406,1.3116,0.000,3.904,-172.888,0,0,319,208,84,107
1778698051.498601,5,0.943310,0.915086,0.863210,1.1415,-0.5078,1.2896,0.000,-12.116,162.606,0,0,565,215,113,105
1778698051.565339,0,0.987972,0.913158,0.902175,0.8830,0.3334,1.2718,0.000,4.263,-147.057,0,0,62,203,124,139
1778698051.565339,1,0.995552,0.999048,0.994604,1.2085,-0.0406,1.3130,0.000,4.101,-174.766,0,0,319,211,85,106
1778698051.565339,5,0.943121,0.914495,0.862480,1.1415,-0.5059,1.2896,0.000,-11.640,161.060,0,0,566,215,110,103
1778698051.632087,0,0.988420,0.913158,0.902584,0.8830,0.3319,1.2718,0.000,5.050,-147.697,0,0,61,203,123,139
1778698051.632087,1,0.992421,0.999048,0.991476,1.2051,-0.0406,1.3064,0.000,4.167,-174.607,0,0,319,208,84,107
1778698051.632087,5,0.930296,0.914495,0.850751,1.1415,-0.5078,1.2896,0.000,-13.887,160.794,0,0,566,214,110,103
1778698051.632087,0,0.988229,0.912567,0.901824,0.8830,0.3319,1.2718,0.000,5.050,-147.697,0,0,62,204,124,140
1778698051.632087,1,0.990568,0.998809,0.989388,1.2051,-0.0406,1.3064,0.000,4.167,-174.607,0,0,319,209,84,107
1778698051.632087,5,0.938950,0.914446,0.858619,1.1415,-0.5078,1.2896,0.000,-13.887,160.794,0,0,565,215,108,106
1778698051.798916,0,0.987147,0.913233,0.901495,0.8871,0.3337,1.2710,0.000,4.173,-147.535,0,0,62,204,124,140
1778698051.798916,1,0.994524,0.998891,0.993421,1.2087,-0.0406,1.3110,-0.000,5.306,-175.261,0,0,320,210,84,105
1778698051.798916,5,0.926039,0.915086,0.847405,1.1415,-0.5059,1.2896,-0.000,-14.326,161.834,0,0,566,214,110,105
1778698051.932387,0,0.987204,0.912567,0.900890,0.8850,0.3342,1.2721,-0.000,3.889,-147.658,0,0,61,203,123,139
1778698051.932387,1,0.943426,0.914542,0.862803,1.1387,-0.5065,1.2874,-0.000,-11.330,162.266,0,0,566,216,112,106
1778698051.932387,5,0.991670,0.998891,0.990571,1.2087,-0.0406,1.3110,0.000,4.687,-173.994,0,0,319,209,84,107
1778698051.999120,0,0.987330,0.913158,0.901589,0.8850,0.3328,1.2721,0.000,3.935,-147.772,0,0,62,203,124,139
1778698051.999120,5,0.992460,0.998891,0.991359,1.1978,-0.0405,1.3094,0.000,4.714,-174.398,0,0,319,209,83,107
1778698051.999120,1,0.945209,0.915086,0.864947,1.1415,-0.5059,1.2896,0.000,-9.945,164.642,0,0,565,215,110,107
1778698051.999120,0,0.989757,0.913158,0.903805,0.8850,0.3328,1.2721,0.000,3.935,-147.772,0,0,62,203,124,137
1778698051.999120,1,0.933606,0.915086,0.854330,1.1978,-0.0405,1.3094,0.000,4.714,-174.398,0,0,566,213,108,107
1778698051.999120,5,0.993924,0.998891,0.992822,1.1415,-0.5059,1.2896,0.000,-9.945,164.642,0,0,319,211,85,107
1778698052.099233,0,0.988825,0.913158,0.902954,0.8850,0.3328,1.2721,-0.000,4.602,-148.060,0,0,62,203,124,137
1778698052.099233,5,0.996053,0.999048,0.995104,1.2012,-0.0406,1.3058,-0.000,5.287,-176.228,0,0,320,210,84,107
1778698052.099233,1,0.930906,0.914394,0.851215,1.1411,-0.5078,1.2934,0.000,-13.577,160.911,0,0,566,214,110,106
1778698052.165972,0,0.988942,0.913158,0.903060,0.8850,0.3328,1.2721,0.000,4.140,-148.346,0,0,62,203,124,137
1778698052.165972,1,0.994837,0.998956,0.993798,1.2089,-0.0426,1.3090,0.000,6.086,-175.114,0,0,319,212,85,106
1778698052.165972,5,0.938257,0.914446,0.857985,1.1413,-0.5078,1.2915,-0.000,-11.871,162.844,0,0,565,214,108,107
1778698052.232691,0,0.988915,0.913158,0.903036,0.8850,0.3328,1.2721,0.000,4.013,-148.406,0,0,61,203,123,137
1778698052.232691,1,0.994791,0.999121,0.993917,1.2053,-0.0406,1.3044,-0.000,6.242,-174.854,0,0,319,211,85,106
1778698052.232691,5,0.935639,0.915037,0.856144,1.1413,-0.5059,1.2915,0.000,-12.542,162.258,0,0,565,213,108,107
1778698052.399536,0,0.988053,0.912567,0.901664,0.8830,0.3334,1.2718,0.000,3.608,-148.178,0,0,61,203,123,137
1778698052.399536,1,0.993211,0.999121,0.992339,1.2053,-0.0406,1.3044,-0.000,7.403,-173.748,0,0,319,212,85,105
1778698052.399536,5,0.939532,0.914394,0.859103,1.1411,-0.5078,1.2934,0.000,-11.230,163.680,0,0,566,213,110,109
1778698052.466273,0,0.987243,0.912567,0.900925,0.8830,0.3334,1.2718,0.000,3.457,-147.923,0,0,61,203,123,137
1778698052.466273,1,0.991644,0.999048,0.990700,1.2091,-0.0406,1.3070,-0.000,5.562,-173.467,0,0,319,211,84,107
1778698052.466273,5,0.933297,0.914985,0.853952,1.1481,-0.5090,1.2944,0.000,-13.072,161.446,0,0,565,213,108,107
1778698052.466273,0,0.987269,0.912567,0.900948,0.8830,0.3334,1.2718,0.000,3.457,-147.923,0,0,61,203,123,137
1778698052.466273,1,0.992863,0.999121,0.991991,1.2091,-0.0406,1.3070,-0.000,5.562,-173.467,0,0,319,212,85,107
1778698052.466273,5,0.934177,0.915037,0.854806,1.1481,-0.5090,1.2944,0.000,-13.072,161.446,0,0,565,214,108,105
1778698052.633119,0,0.987217,0.912567,0.900901,0.8830,0.3334,1.2718,0.000,4.116,-147.544,0,0,61,203,123,140
1778698052.633119,1,0.991267,0.999121,0.990396,1.2014,-0.0406,1.3039,-0.000,6.783,-172.925,0,0,319,212,85,107
1778698052.633119,5,0.932583,0.915086,0.853394,1.1415,-0.5059,1.2896,0.000,-13.145,162.273,0,0,565,215,112,106
1778698052.633119,0,0.988384,0.912641,0.902040,0.8830,0.3334,1.2718,0.000,4.116,-147.544,0,0,61,204,123,140
1778698052.633119,1,0.994492,0.999048,0.993545,1.2014,-0.0406,1.3039,-0.000,6.783,-172.925,0,0,319,211,84,106
1778698052.633119,5,0.932949,0.915086,0.853728,1.1415,-0.5059,1.2896,0.000,-13.145,162.273,0,0,565,215,112,106
1778698052.699858,0,0.987024,0.912641,0.900799,0.8831,0.3334,1.2704,0.000,3.206,-147.935,0,0,61,204,123,136
1778698052.699858,1,0.991386,0.999048,0.990442,1.2012,-0.0406,1.3058,0.000,5.487,-173.373,0,0,319,211,84,107
1778698052.699858,5,0.934505,0.915086,0.855153,1.1415,-0.5059,1.2896,0.000,-12.750,162.506,0,0,565,215,113,105
1778698052.799964,0,0.984854,0.912641,0.898818,0.8831,0.3334,1.2704,0.000,2.687,-147.382,0,0,61,204,123,137
1778698052.799964,1,0.993601,0.999048,0.992655,1.2051,-0.0406,1.3064,0.000,4.511,-175.066,0,0,319,210,84,107
1778698052.799964,5,0.934521,0.915086,0.855167,1.1415,-0.5059,1.2896,0.000,-13.280,160.493,0,0,566,215,112,105
1778698052.933438,0,0.986067,0.912641,0.899926,0.8831,0.3334,1.2704,0.000,2.501,-148.009,0,0,61,205,123,136
1778698052.933438,1,0.994306,0.998971,0.993283,1.2089,-0.0406,1.3090,0.000,6.573,-174.529,0,0,319,212,85,106
1778698052.933438,5,0.934113,0.914495,0.854242,1.1385,-0.5065,1.2892,0.000,-12.876,162.245,0,0,566,215,110,105
1778698053.000179,0,0.983628,0.912714,0.897771,0.8833,0.3334,1.2689,0.000,2.480,-146.989,0,0,61,205,123,136
1778698053.000179,1,0.988777,0.999192,0.987978,1.2016,-0.0406,1.3019,0.000,9.063,-171.839,0,0,319,213,87,107
1778698053.000179,5,0.936575,0.913903,0.855939,1.1385,-0.5084,1.2892,0.000,-13.058,159.782,0,0,567,215,110,106
1778698053.066918,0,0.981830,0.912714,0.896129,0.8833,0.3334,1.2689,0.000,2.123,-146.556,0,0,61,205,123,136
1778698053.066918,1,0.993679,0.998971,0.992656,1.2049,-0.0406,1.3084,0.000,4.746,-175.022,0,0,319,210,84,109
1778698053.066918,5,0.940756,0.914495,0.860317,1.1385,-0.5065,1.2892,-0.000,-11.653,162.465,0,0,566,215,110,105
1778698053.133657,0,0.984763,0.912641,0.898736,0.8812,0.3325,1.2701,0.000,2.628,-147.385,0,0,61,204,123,135
1778698053.133657,1,0.993143,0.999060,0.992209,1.2091,-0.0386,1.3070,0.000,5.051,-174.368,0,0,318,211,85,106
1778698053.133657,5,0.926560,0.915086,0.847882,1.1415,-0.5059,1.2896,0.000,-13.612,163.835,0,0,565,215,110,106
1778698053.233766,0,0.984378,0.912641,0.898384,0.8831,0.3334,1.2704,-0.000,2.504,-147.316,0,0,61,204,123,135
1778698053.233766,1,0.992740,0.999048,0.991795,1.2012,-0.0406,1.3058,-0.000,4.536,-174.543,0,0,319,211,84,107
1778698053.233766,5,0.935973,0.916943,0.858234,1.1419,-0.5002,1.2859,-0.000,-10.010,168.150,0,0,562,217,107,109
1778698053.300504,0,0.982922,0.912714,0.897127,0.8813,0.3325,1.2686,0.000,2.064,-146.997,0,0,61,205,123,136
1778698053.300504,1,0.993906,0.999121,0.993032,1.2014,-0.0406,1.3039,-0.000,6.960,-174.171,0,0,319,212,86,107
1778698053.300504,5,0.935190,0.915768,0.856416,1.1419,-0.5040,1.2859,0.000,-11.624,165.521,0,0,564,217,110,109
1778698053.300504,0,0.984235,0.912641,0.898254,0.8813,0.3325,1.2686,0.000,2.064,-146.997,0,0,61,204,123,137
1778698053.300504,1,0.993007,0.999048,0.992062,1.2014,-0.0406,1.3039,-0.000,6.960,-174.171,0,0,319,211,84,107
1778698053.300504,5,0.927521,0.915850,0.849471,1.1419,-0.5040,1.2859,0.000,-11.624,165.521,0,0,564,219,110,106
1778698053.367247,0,0.984905,0.912641,0.898865,0.8831,0.3334,1.2704,-0.000,2.332,-147.646,0,0,61,204,123,135
1778698053.367247,1,0.990462,0.999048,0.989519,1.2051,-0.0406,1.3064,-0.000,8.106,-172.456,0,0,319,213,86,107
1778698053.367247,5,0.940503,0.915850,0.861360,1.1393,-0.5027,1.2817,0.000,-11.555,163.971,0,0,564,221,112,102
1778698053.467361,0,0.984856,0.912641,0.898820,0.8831,0.3334,1.2704,0.000,3.031,-147.168,0,0,61,205,123,136
1778698053.467361,1,0.993119,0.999192,0.992316,1.2055,-0.0406,1.3024,-0.000,4.519,-174.647,0,0,319,211,84,106
1778698053.467361,5,0.931907,0.915923,0.853556,1.1396,-0.5027,1.2780,0.000,-13.105,164.359,0,0,564,218,113,106
1778698053.534100,0,0.983787,0.912714,0.897916,0.8813,0.3325,1.2686,-0.000,2.643,-146.947,0,0,61,205,123,136
1778698053.534100,1,0.994102,0.999048,0.993155,1.2051,-0.0406,1.3064,0.000,5.624,-174.732,0,0,319,211,86,107
1778698053.534100,5,0.929468,0.915810,0.851216,1.1391,-0.5027,1.2836,0.000,-12.571,165.850,0,0,564,218,110,105
1778698053.667562,0,0.986191,0.912567,0.899965,0.8830,0.3334,1.2718,-0.000,2.876,-147.856,0,0,61,203,123,139
1778698053.667562,5,0.927463,0.915037,0.848663,1.1453,-0.5077,1.2921,0.000,-12.970,164.836,0,0,565,214,108,106
1778698053.667562,1,0.994342,0.999048,0.993395,1.2051,-0.0406,1.3064,-0.000,5.015,-175.201,0,0,319,211,84,106
1778698053.734315,0,0.986468,0.912641,0.900292,0.8831,0.3334,1.2704,0.000,3.143,-147.742,0,0,61,204,123,137
1778698053.734315,5,0.934545,0.915133,0.855233,1.1387,-0.5046,1.2874,0.000,-12.603,163.197,0,0,565,216,113,107
1778698053.734315,1,0.991332,0.999048,0.990388,1.2051,-0.0406,1.3064,-0.000,5.069,-173.525,0,0,319,211,86,107
1778698053.734315,0,0.987003,0.912641,0.900780,0.8831,0.3334,1.2704,-0.000,3.586,-147.698,0,0,61,204,123,137
1778698053.734315,5,0.944128,0.915133,0.864003,1.1387,-0.5046,1.2874,0.000,-11.739,160.436,0,0,566,217,113,109
1778698053.734315,1,0.994702,0.999048,0.993755,1.2051,-0.0406,1.3064,0.000,5.837,-174.995,0,0,319,211,84,106
1778698053.834427,0,0.987618,0.912641,0.901341,0.8831,0.3334,1.2704,-0.000,4.175,-147.637,0,0,61,204,123,140
1778698053.834427,5,0.994221,0.999048,0.993274,1.2012,-0.0406,1.3058,0.000,6.441,-174.492,0,0,319,212,86,103
1778698053.834427,1,0.936547,0.914587,0.856553,1.1389,-0.5065,1.2855,0.000,-12.746,161.925,0,0,566,213,108,107
1778698053.967904,0,0.988416,0.912641,0.902070,0.8831,0.3334,1.2704,0.000,4.273,-147.920,0,0,61,204,123,140
1778698053.967904,1,0.941281,0.914495,0.860797,1.1415,-0.5078,1.2896,0.000,-11.685,162.082,0,0,566,215,112,107
1778698053.967904,5,0.992751,0.999048,0.991805,1.1982,-0.0405,1.3054,0.000,4.425,-174.619,0,0,319,211,84,107
1778698053.967904,0,0.988933,0.912641,0.902541,0.8831,0.3334,1.2704,-0.000,4.372,-148.092,0,0,62,204,124,140
1778698053.967904,5,0.994687,0.999048,0.993740,1.1982,-0.0405,1.3054,-0.000,5.248,-175.284,0,0,319,211,84,106
1778698053.967904,1,0.930562,0.914495,0.850994,1.1415,-0.5078,1.2896,0.000,-13.606,161.754,0,0,566,213,108,107
1778698054.067987,0,0.988848,0.913233,0.903049,0.8831,0.3319,1.2704,0.000,4.447,-148.105,0,0,61,203,123,139
1778698054.067987,1,0.936602,0.914394,0.856423,1.1411,-0.5078,1.2934,-0.000,-11.953,163.164,0,0,566,215,110,106
1778698054.067987,5,0.993853,0.999048,0.992907,1.2051,-0.0406,1.3064,0.000,4.989,-174.915,0,0,319,211,84,107
1778698054.201444,0,0.987767,0.912567,0.901403,0.8830,0.3334,1.2718,-0.000,3.944,-147.861,0,0,61,203,123,139
1778698054.201444,5,0.989463,0.999259,0.988730,1.2018,-0.0406,1.2999,-0.000,9.198,-172.146,0,0,319,214,87,106
1778698054.201444,1,0.943374,0.913854,0.862106,1.1413,-0.5097,1.2915,-0.000,-11.229,161.967,0,0,567,214,110,107
1778698054.268182,0,0.989449,0.912567,0.902938,0.8830,0.3334,1.2718,0.000,4.290,-148.404,0,0,61,203,123,139
1778698054.268182,1,0.935286,0.914495,0.855315,1.1415,-0.5078,1.2896,0.000,-12.750,162.007,0,0,566,215,112,107
1778698054.268182,5,0.990885,0.999121,0.990015,1.2014,-0.0406,1.3039,0.000,6.951,-172.729,0,0,319,212,86,107
1778698054.334927,0,0.990972,0.912567,0.904328,0.8810,0.3325,1.2715,0.000,4.755,-148.868,0,0,61,203,123,139
1778698054.334927,5,0.934017,0.914495,0.854155,1.1385,-0.5065,1.2892,-0.000,-12.384,163.702,0,0,566,215,112,109
1778698054.334927,1,0.989890,0.999048,0.988947,1.1982,-0.0405,1.3054,0.000,5.521,-172.687,0,0,319,211,86,105
1778698054.401659,0,0.990799,0.912641,0.904244,0.8831,0.3334,1.2704,0.000,4.690,-148.777,0,0,61,204,123,140
1778698054.401659,5,0.939120,0.914495,0.858821,1.1385,-0.5065,1.2892,0.000,-11.916,162.545,0,0,566,215,112,110
1778698054.401659,1,0.993777,0.998971,0.992754,1.1980,-0.0405,1.3074,0.000,4.427,-175.310,0,0,319,210,84,107
1778698054.468398,0,0.990621,0.912641,0.904082,0.8831,0.3334,1.2704,0.000,4.375,-148.857,0,0,61,204,123,140
1778698054.468398,5,0.939509,0.913854,0.858574,1.1383,-0.5084,1.2911,0.000,-11.888,162.067,0,0,567,214,110,109
1778698054.468398,1,0.987046,0.999192,0.986248,1.2016,-0.0406,1.3019,-0.000,5.601,-171.468,0,0,319,213,88,103
1778698054.468398,0,0.989398,0.912641,0.902965,0.8831,0.3334,1.2704,0.000,4.232,-148.368,0,0,61,203,123,139
1778698054.468398,5,0.939193,0.913854,0.858285,1.1383,-0.5084,1.2911,-0.000,-11.883,162.255,0,0,567,216,110,110
1778698054.468398,1,0.987737,0.999192,0.986939,1.2016,-0.0406,1.3019,-0.000,5.787,-171.679,0,0,320,212,88,103
1778698054.568499,0,0.989079,0.912567,0.902601,0.8810,0.3325,1.2715,-0.000,4.381,-148.191,0,0,61,203,123,139
1778698054.568499,5,0.942002,0.913950,0.860943,1.1347,-0.5066,1.2868,0.000,-11.925,161.076,0,0,567,215,110,107
1778698054.568499,1,0.993686,0.999106,0.992797,1.2014,-0.0426,1.3039,-0.000,5.064,-174.820,0,0,318,211,85,106
1778698054.635235,0,0.989346,0.912567,0.902844,0.8810,0.3325,1.2715,0.000,4.284,-148.361,0,0,61,203,123,139
1778698054.635235,5,0.941007,0.913903,0.859990,1.1385,-0.5084,1.2892,0.000,-11.581,162.472,0,0,567,215,110,110
1778698054.635235,1,0.993208,0.999060,0.992274,1.2012,-0.0386,1.3058,0.000,4.383,-174.814,0,0,319,211,84,107
1778698054.768715,0,0.990491,0.912641,0.903963,0.8812,0.3325,1.2701,0.000,4.372,-148.796,0,0,61,204,123,140
1778698054.768715,5,0.925280,0.913803,0.845523,1.1411,-0.5097,1.2934,0.000,-13.600,163.778,0,0,567,213,110,109
1778698054.768715,1,0.993195,0.999048,0.992249,1.2051,-0.0406,1.3064,0.000,4.503,-174.826,0,0,319,211,84,107
1778698054.835454,0,0.991416,0.912641,0.904807,0.8812,0.3325,1.2701,0.000,4.507,-149.174,0,0,61,204,123,140
1778698054.835454,5,0.938179,0.914446,0.857914,1.1413,-0.5078,1.2915,-0.000,-11.360,164.174,0,0,566,214,112,109
1778698054.835454,1,0.994821,0.999048,0.993874,1.2091,-0.0406,1.3070,-0.000,4.580,-175.827,0,0,319,211,84,106
1778698054.835454,0,0.990564,0.912641,0.904029,0.8812,0.3325,1.2701,0.000,4.882,-148.575,0,0,61,204,123,139
1778698054.835454,5,0.933200,0.914446,0.853361,1.1413,-0.5078,1.2915,0.000,-12.254,164.144,0,0,567,213,110,107
1778698054.835454,1,0.995360,0.999048,0.994412,1.2091,-0.0406,1.3070,0.000,5.866,-175.399,0,0,319,211,84,105
1778698054.935566,0,0.990306,0.912641,0.903794,0.8812,0.3325,1.2701,0.000,4.632,-148.575,0,0,61,204,123,140
1778698054.935566,5,0.930633,0.913803,0.850415,1.1411,-0.5097,1.2934,0.000,-13.215,162.349,0,0,566,213,108,109
1778698054.935566,1,0.993715,0.999048,0.992769,1.2051,-0.0406,1.3064,-0.000,4.815,-174.937,0,0,319,211,84,106
1778698055.069059,0,0.991288,0.912641,0.904690,0.8831,0.3334,1.2704,0.000,4.944,-148.888,0,0,61,204,123,139
1778698055.069059,5,0.928333,0.914340,0.848812,1.1409,-0.5078,1.2953,0.000,-13.568,162.179,0,0,566,212,108,109
1778698055.069059,1,0.994495,0.998971,0.993472,1.2129,-0.0406,1.3096,0.000,4.720,-175.567,0,0,319,210,84,107
1778698055.135798,0,0.990930,0.912641,0.904364,0.8831,0.3334,1.2704,0.000,4.885,-148.745,0,0,61,204,123,140
1778698055.135798,5,0.933175,0.914394,0.853290,1.1411,-0.5078,1.2934,-0.000,-12.779,162.462,0,0,566,213,108,109
1778698055.135798,1,0.994419,0.998971,0.993396,1.2089,-0.0406,1.3090,0.000,4.698,-175.532,0,0,319,210,84,107
1778698055.135798,0,0.991154,0.912641,0.904568,0.8831,0.3334,1.2704,0.000,4.760,-148.912,0,0,61,204,123,139
1778698055.135798,5,0.931922,0.914394,0.852145,1.1411,-0.5078,1.2934,-0.000,-12.722,163.256,0,0,566,213,107,109
1778698055.135798,1,0.993181,0.998971,0.992159,1.2089,-0.0406,1.3090,0.000,4.384,-174.969,0,0,319,210,84,109
1778698055.135798,0,0.991533,0.912641,0.904914,0.8831,0.3334,1.2704,0.000,4.760,-148.912,0,0,61,204,123,139
1778698055.135798,5,0.937934,0.913803,0.857087,1.1411,-0.5078,1.2934,-0.000,-12.722,163.256,0,0,567,213,108,110
1778698055.135798,1,0.994124,0.999048,0.993177,1.2089,-0.0406,1.3090,0.000,4.384,-174.969,0,0,319,211,84,107
1778698055.369310,0,0.991219,0.912641,0.904627,0.8812,0.3325,1.2701,-0.000,4.781,-148.933,0,0,61,204,123,139
1778698055.369310,5,0.929868,0.914394,0.850266,1.1411,-0.5078,1.2934,-0.000,-12.430,164.854,0,0,566,213,108,109
1778698055.369310,1,0.994589,0.999121,0.993715,1.2053,-0.0406,1.3044,0.000,6.039,-174.805,0,0,319,212,85,106
1778698055.369310,0,0.989518,0.912641,0.903075,0.8812,0.3325,1.2701,-0.000,4.781,-148.933,0,0,62,204,124,139
1778698055.369310,5,0.935594,0.914394,0.855502,1.1411,-0.5078,1.2934,-0.000,-12.430,164.854,0,0,567,213,108,109
1778698055.369310,1,0.990694,0.999121,0.989823,1.2053,-0.0406,1.3044,0.000,6.039,-174.805,0,0,319,212,84,106
1778698055.469449,0,0.990514,0.913233,0.904570,0.8812,0.3310,1.2701,-0.000,4.893,-148.634,0,0,61,204,123,140
1778698055.469449,5,0.940138,0.913803,0.859101,1.1411,-0.5097,1.2934,0.000,-11.814,161.647,0,0,567,215,108,110
1778698055.469449,1,0.988814,0.999121,0.987945,1.2014,-0.0406,1.3039,-0.000,5.863,-172.104,0,0,319,212,86,105
1778698055.602912,0,0.989749,0.912641,0.903285,0.8792,0.3316,1.2697,-0.000,4.818,-148.237,0,0,61,204,123,141
1778698055.602912,5,0.934019,0.913903,0.853604,1.1385,-0.5084,1.2892,0.000,-12.642,162.933,0,0,567,215,112,110
1778698055.602912,1,0.995779,0.999048,0.994831,1.2051,-0.0406,1.3064,0.000,5.358,-175.971,0,0,319,211,84,107
1778698055.669627,0,0.990056,0.912641,0.903566,0.8812,0.3325,1.2701,0.000,4.695,-148.431,0,0,62,204,124,141
1778698055.669627,5,0.932997,0.914394,0.853127,1.1411,-0.5078,1.2934,-0.000,-12.849,162.334,0,0,566,213,107,111
1778698055.669627,1,0.992853,0.999121,0.991980,1.2053,-0.0406,1.3044,-0.000,6.070,-173.849,0,0,319,212,84,106
1778698055.736389,0,0.989555,0.913233,0.903695,0.8812,0.3310,1.2701,-0.000,4.497,-148.389,0,0,62,204,124,141
1778698055.736389,5,0.930138,0.913803,0.849962,1.1381,-0.5084,1.2930,0.000,-13.143,162.825,0,0,567,213,110,111
1778698055.736389,1,0.994226,0.999048,0.993280,1.2051,-0.0406,1.3064,-0.000,5.187,-175.028,0,0,319,211,84,106
1778698055.736389,0,0.989673,0.913233,0.903803,0.8812,0.3310,1.2701,-0.000,4.632,-148.376,0,0,62,204,124,141
1778698055.736389,5,0.927777,0.913803,0.847805,1.1381,-0.5084,1.2930,0.000,-13.258,163.603,0,0,566,213,108,111
1778698055.736389,1,0.993050,0.999048,0.992104,1.2051,-0.0406,1.3064,0.000,6.384,-173.884,0,0,319,211,86,106
1778698055.836499,0,0.989428,0.913233,0.903579,0.8792,0.3302,1.2697,-0.000,4.531,-148.316,0,0,62,204,124,141
1778698055.836499,5,0.922643,0.914394,0.843660,1.1411,-0.5078,1.2934,0.000,-14.194,163.360,0,0,567,213,110,110
1778698055.836499,1,0.990801,0.999048,0.989857,1.2051,-0.0406,1.3064,-0.000,5.940,-172.947,0,0,319,212,86,106
1778698055.836499,0,0.990874,0.913233,0.904899,0.8792,0.3302,1.2697,-0.000,4.531,-148.316,0,0,62,204,124,141
1778698055.836499,5,0.941169,0.913854,0.860091,1.1411,-0.5078,1.2934,0.000,-14.194,163.360,0,0,567,214,110,109
1778698055.836499,1,0.994474,0.999048,0.993527,1.2051,-0.0406,1.3064,-0.000,5.940,-172.947,0,0,319,211,84,106
1778698056.036720,0,0.991003,0.913306,0.905088,0.8813,0.3310,1.2686,0.000,4.697,-148.917,0,0,62,205,124,140
1778698056.036720,5,0.938937,0.914542,0.858698,1.1387,-0.5065,1.2874,-0.000,-11.818,163.169,0,0,566,216,110,107
1778698056.036720,1,0.994898,0.999048,0.993951,1.2012,-0.0406,1.3058,0.000,5.374,-175.349,0,0,319,211,84,107
1778698056.103458,0,0.989821,0.912714,0.903423,0.8793,0.3316,1.2683,0.000,4.695,-148.288,0,0,61,205,123,140
1778698056.103458,1,0.992611,0.999121,0.991738,1.2014,-0.0406,1.3039,0.000,5.744,-173.837,0,0,319,212,84,106
1778698056.103458,5,0.943879,0.914495,0.863173,1.1385,-0.5065,1.2892,0.000,-10.723,163.415,0,0,566,215,110,107
1778698056.170198,0,0.991226,0.912641,0.904634,0.8812,0.3325,1.2701,0.000,5.012,-148.827,0,0,61,204,123,140
1778698056.170198,1,0.938935,0.915037,0.859160,1.1413,-0.5059,1.2915,0.000,-11.732,162.970,0,0,565,214,112,109
1778698056.170198,5,0.992250,0.999133,0.991390,1.2053,-0.0386,1.3044,-0.000,6.451,-173.346,0,0,318,212,85,106
1778698056.236936,0,0.990850,0.912641,0.904290,0.8772,0.3307,1.2694,0.000,4.811,-148.742,0,0,61,204,123,139
1778698056.236936,1,0.992285,0.999048,0.991340,1.2051,-0.0406,1.3064,0.000,3.495,-175.053,0,0,319,211,84,106
1778698056.236936,5,0.933051,0.914446,0.853224,1.1413,-0.5078,1.2915,-0.000,-13.197,161.410,0,0,566,214,110,105
1778698056.303666,0,0.990632,0.912641,0.904092,0.8792,0.3316,1.2697,0.000,4.604,-148.741,0,0,61,204,123,139
1778698056.303666,1,0.994503,0.999121,0.993629,1.2014,-0.0406,1.3039,0.000,5.987,-174.775,0,0,319,212,84,106
1778698056.303666,5,0.943726,0.915133,0.863635,1.1387,-0.5046,1.2874,0.000,-10.995,163.114,0,0,565,216,112,105
1778698056.370368,0,0.990303,0.912641,0.903791,0.8812,0.3325,1.2701,0.000,4.590,-148.595,0,0,61,204,123,141
1778698056.370368,1,0.946096,0.914542,0.865245,1.1387,-0.5065,1.2874,0.000,-10.870,162.168,0,0,566,216,112,107
1778698056.370368,5,0.993946,0.999048,0.992999,1.2012,-0.0406,1.3058,0.000,4.823,-175.073,0,0,319,211,84,107
1778698056.370368,0,0.991481,0.912641,0.904866,0.8812,0.3325,1.2701,0.000,4.590,-148.595,0,0,61,205,123,140
1778698056.370368,1,0.994098,0.999048,0.993151,1.1387,-0.5065,1.2874,0.000,-10.870,162.168,0,0,319,211,84,107
1778698056.370368,5,0.943120,0.914542,0.862523,1.2012,-0.0406,1.3058,0.000,4.823,-175.073,0,0,565,214,107,107
1778698056.537214,0,0.990519,0.913306,0.904647,0.8872,0.3337,1.2695,-0.000,5.005,-148.553,0,0,62,205,124,140
1778698056.537214,5,0.948567,0.914629,0.867587,1.1351,-0.5047,1.2831,0.000,-10.537,162.310,0,0,566,218,108,106
1778698056.537214,1,0.993559,0.999121,0.992686,1.2014,-0.0406,1.3039,0.000,5.308,-174.523,0,0,319,212,84,106
1778698056.537214,0,0.990015,0.913306,0.904186,0.8872,0.3337,1.2695,0.000,5.222,-148.242,0,0,62,204,124,141
1778698056.537214,5,0.991775,0.999121,0.990904,1.2014,-0.0406,1.3039,0.000,6.392,-173.238,0,0,319,212,84,103
1778698056.537214,1,0.950972,0.914629,0.869787,1.1351,-0.5047,1.2831,0.000,-10.856,159.489,0,0,567,216,112,110
1778698056.670691,0,0.988963,0.913233,0.903154,0.8950,0.3372,1.2722,0.000,4.846,-147.973,0,0,62,204,124,141
1778698056.670691,1,0.948037,0.913903,0.866414,1.1346,-0.5066,1.2887,0.000,-11.063,159.736,0,0,567,215,110,109
1778698056.670691,5,0.993447,0.999048,0.992501,1.1982,-0.0405,1.3054,0.000,5.033,-174.651,0,0,319,211,84,105
1778698056.670691,0,0.990196,0.913233,0.904280,0.8950,0.3372,1.2722,0.000,4.857,-148.506,0,0,62,205,124,140
1778698056.670691,5,0.948783,0.913903,0.867096,1.1346,-0.5066,1.2887,0.000,-10.509,161.358,0,0,567,215,110,109
1778698056.670691,1,0.990824,0.999048,0.989880,1.1982,-0.0405,1.3054,0.000,5.694,-173.038,0,0,319,212,85,106
1778698056.670691,0,0.989813,0.913306,0.904002,0.8950,0.3372,1.2722,0.000,4.857,-148.506,0,0,62,205,124,141
1778698056.670691,5,0.943859,0.913903,0.862596,1.1346,-0.5066,1.2887,0.000,-10.509,161.358,0,0,566,215,110,109
1778698056.670691,1,0.991149,0.999121,0.990278,1.1982,-0.0405,1.3054,0.000,5.694,-173.038,0,0,319,211,84,105
1778698056.837520,0,0.990316,0.913306,0.904461,0.8952,0.3372,1.2708,0.000,4.595,-148.645,0,0,62,205,124,141
1778698056.837520,5,0.938781,0.914495,0.858510,1.1415,-0.5078,1.2896,0.000,-12.216,161.789,0,0,566,215,108,107
1778698056.837520,1,0.989443,0.999048,0.988501,1.1982,-0.0405,1.3054,-0.000,5.755,-172.421,0,0,319,212,86,106
1778698056.904258,0,0.990973,0.913306,0.905061,0.8971,0.3381,1.2711,0.000,4.748,-148.879,0,0,62,205,125,140
1778698056.904258,5,0.987276,0.999121,0.986408,1.2014,-0.0406,1.3039,0.000,6.117,-171.447,0,0,319,212,86,107
1778698056.904258,1,0.946195,0.914495,0.865291,1.1415,-0.5078,1.2896,0.000,-10.834,161.941,0,0,566,216,112,110
1778698057.037735,0,0.991420,0.913306,0.905470,0.8952,0.3372,1.2708,0.000,4.963,-148.992,0,0,62,205,125,140
1778698057.037735,5,0.943925,0.913903,0.862656,1.1415,-0.5097,1.2896,0.000,-11.735,160.076,0,0,567,215,110,111
1778698057.037735,1,0.990431,0.999121,0.989560,1.2053,-0.0406,1.3044,0.000,5.492,-172.900,0,0,319,212,85,103
1778698057.037735,0,0.991099,0.913306,0.905176,0.8952,0.3372,1.2708,0.000,4.963,-148.992,0,0,62,205,125,140
1778698057.037735,5,0.949441,0.914495,0.868260,1.1415,-0.5097,1.2896,0.000,-11.735,160.076,0,0,566,215,107,110
1778698057.037735,1,0.994650,0.999060,0.993715,1.2053,-0.0406,1.3044,0.000,5.492,-172.900,0,0,318,211,85,106
1778698057.171212,0,0.991849,0.913306,0.905861,0.8952,0.3372,1.2708,0.000,4.670,-149.348,0,0,62,205,124,140
1778698057.171212,5,0.943709,0.914446,0.862971,1.1482,-0.5109,1.2925,0.000,-11.552,160.694,0,0,566,214,108,113
1778698057.171212,1,0.993207,0.999060,0.992273,1.2051,-0.0386,1.3064,-0.000,4.909,-174.483,0,0,318,211,85,106
1778698057.171212,0,0.994849,0.913306,0.908602,0.8952,0.3372,1.2708,0.000,4.154,-151.524,0,0,62,204,124,140
1778698057.171212,1,0.989503,0.999060,0.988573,1.2051,-0.0386,1.3064,-0.000,5.882,-172.305,0,0,319,212,86,105
1778698057.171212,5,0.946891,0.914446,0.865881,1.1482,-0.5109,1.2925,0.000,-10.567,162.070,0,0,567,215,108,113
1778698057.338063,0,0.995740,0.913158,0.909268,0.8949,0.3372,1.2737,0.000,4.190,-152.419,0,0,62,203,124,139
1778698057.338063,1,0.994845,0.999048,0.993897,1.2012,-0.0406,1.3058,0.000,5.525,-175.233,0,0,319,211,84,107
1778698057.338063,5,0.933943,0.914446,0.854040,1.1482,-0.5109,1.2925,0.000,-12.969,161.708,0,0,566,214,107,111
1778698057.338063,0,0.996257,0.913233,0.909815,0.8949,0.3372,1.2737,0.000,4.190,-152.419,0,0,62,204,124,140
1778698057.338063,5,0.940324,0.914446,0.859876,1.2012,-0.0406,1.3058,0.000,5.525,-175.233,0,0,566,214,107,111
1778698057.338063,1,0.992253,0.999121,0.991381,1.1482,-0.5109,1.2925,0.000,-12.969,161.708,0,0,319,212,86,106
1778698057.404798,0,0.996194,0.913233,0.909757,0.8970,0.3381,1.2725,0.000,3.460,-157.752,0,0,61,201,123,141
1778698057.404798,5,0.987288,0.999121,0.986420,1.2014,-0.0406,1.3039,0.000,5.655,-171.570,0,0,319,212,86,106
1778698057.404798,1,0.934134,0.914446,0.854215,1.1512,-0.5122,1.2929,0.000,-11.588,165.257,0,0,566,214,108,113
1778698057.504910,0,0.994983,0.912410,0.907833,0.8946,0.3387,1.2766,0.000,3.433,-158.738,0,0,61,201,122,141
1778698057.504910,1,0.992111,0.999121,0.991239,1.2053,-0.0406,1.3044,0.000,5.395,-173.722,0,0,319,211,84,106
1778698057.504910,5,0.936094,0.914446,0.856007,1.1453,-0.5096,1.2921,0.000,-10.688,166.278,0,0,567,214,108,111
1778698057.571644,0,0.993923,0.912410,0.906866,0.8926,0.3378,1.2763,0.000,3.413,-159.735,0,0,61,201,122,140
1778698057.571644,1,0.993373,0.999048,0.992427,1.2051,-0.0406,1.3064,-0.000,4.452,-174.968,0,0,319,211,84,106
1778698057.571644,5,0.923177,0.913854,0.843649,1.1383,-0.5084,1.2911,0.000,-12.674,166.788,0,0,567,215,108,110
1778698057.638383,0,0.982427,0.912410,0.896376,0.8926,0.3378,1.2763,-0.000,2.415,-164.799,0,0,60,199,121,144
1778698057.638383,1,0.867163,0.913903,0.792503,1.1385,-0.5084,1.2892,0.000,-14.554,176.683,0,0,569,218,106,110
1778698057.638383,5,0.995154,0.999048,0.994206,1.2051,-0.0406,1.3064,-0.000,4.623,-176.037,0,0,319,210,84,109
1778698057.771848,0,0.978744,0.911566,0.892189,0.8902,0.3384,1.2803,0.000,3.176,-166.261,0,0,60,198,120,143
1778698057.771848,5,0.854094,0.912293,0.779185,1.1323,-0.5109,1.2808,-0.000,-15.083,178.415,0,0,570,219,106,109
1778698057.771848,1,0.992509,0.999121,0.991637,1.2053,-0.0406,1.3044,0.000,5.716,-173.796,0,0,319,212,86,106
1778698057.838562,0,0.975040,0.911566,0.888814,0.8922,0.3393,1.2806,0.000,2.990,-167.284,0,0,60,198,120,143
1778698057.838562,5,0.859153,0.912331,0.783832,1.1325,-0.5109,1.2789,0.000,-12.891,179.656,0,0,570,220,105,110
1778698057.838562,1,0.994226,0.999048,0.993279,1.2091,-0.0406,1.3070,0.000,4.808,-175.259,0,0,319,211,84,107
1778698057.905301,5,0.788509,0.909774,0.717365,1.1248,-0.5152,1.2855,-0.000,-6.818,-169.202,0,0,574,216,102,111
1778698057.905301,0,0.920953,0.909695,0.837786,0.8940,0.3445,1.2824,-0.000,1.260,-177.235,0,0,57,197,115,145
1778698057.905301,1,0.992992,0.999121,0.992119,1.2053,-0.0406,1.3044,-0.000,5.746,-174.031,0,0,319,212,85,106
1778698057.905301,5,0.897999,0.909695,0.816905,1.1248,-0.5152,1.2855,-0.000,-6.818,-169.202,0,0,57,197,114,144
1778698057.905301,0,0.754732,0.909774,0.686635,0.8940,0.3445,1.2824,-0.000,1.260,-177.235,0,0,575,215,103,117
1778698057.905301,1,0.994758,0.999121,0.993884,1.2053,-0.0406,1.3044,-0.000,5.746,-174.031,0,0,319,212,86,106
1778698058.005408,5,0.760387,0.909126,0.691287,1.1217,-0.5157,1.2869,0.000,-2.832,-165.382,0,0,577,216,102,117
1778698058.005408,0,0.884572,0.909695,0.804690,0.8940,0.3445,1.2824,-0.000,0.350,177.931,0,0,56,195,113,147
1778698058.005408,1,0.993731,0.999121,0.992858,1.2014,-0.0406,1.3039,-0.000,5.597,-174.489,0,0,319,212,86,106
1778698058.005408,5,0.741909,0.907486,0.673272,1.1217,-0.5157,1.2869,0.000,-2.832,-165.382,0,0,578,219,104,118
1778698058.005408,1,0.987069,0.999121,0.986202,0.8940,0.3445,1.2824,-0.000,0.350,177.931,0,0,319,212,86,106
1778698058.005408,0,0.838513,0.908224,0.761558,1.2014,-0.0406,1.3039,-0.000,5.597,-174.489,0,0,55,194,110,147
1778698058.138830,5,0.735693,0.907486,0.667631,1.1194,-0.5199,1.2791,0.000,-2.463,-163.253,0,0,579,218,102,115
1778698058.138830,1,0.988842,0.999121,0.987973,1.2014,-0.0406,1.3039,0.000,2.165,-174.219,0,0,319,210,86,105
1778698058.138830,0,0.831051,0.908224,0.754780,0.8916,0.3465,1.2864,0.000,-0.510,172.169,0,0,54,194,109,147
1778698058.305674,5,0.719720,0.906841,0.652672,1.1192,-0.5217,1.2810,0.000,-2.972,-162.103,0,0,579,218,102,114
1778698058.305674,1,0.988748,0.998971,0.987731,1.2049,-0.0406,1.3084,-0.000,4.898,-172.487,0,0,319,212,87,105
1778698058.305674,0,0.837305,0.907626,0.759959,0.8916,0.3480,1.2864,0.000,-0.169,172.826,0,0,54,194,109,148
1778698058.372412,5,0.731052,0.906917,0.663003,1.1196,-0.5217,1.2773,0.000,-4.708,-163.458,0,0,579,220,103,114
1778698058.372412,1,0.990116,0.999048,0.989173,1.2051,-0.0406,1.3064,0.000,5.572,-172.767,0,0,319,211,86,107
1778698058.372412,0,0.841276,0.908224,0.764067,0.8896,0.3456,1.2861,0.000,-1.723,173.697,0,0,55,194,110,145
1778698058.439151,5,0.728413,0.906273,0.660141,1.1194,-0.5236,1.2791,-0.000,-2.944,-162.898,0,0,580,219,102,114
1778698058.439151,1,0.989468,0.999121,0.988599,1.2014,-0.0406,1.3039,0.000,7.039,-172.125,0,0,319,212,86,107
1778698058.439151,0,0.846138,0.908127,0.768401,0.8895,0.3456,1.2875,-0.000,-1.475,174.192,0,0,55,193,111,147
1778698058.439151,5,0.723303,0.906273,0.655510,1.1194,-0.5236,1.2791,-0.000,-2.944,-162.898,0,0,580,219,102,114
1778698058.439151,1,0.987285,0.999192,0.986487,1.2014,-0.0406,1.3039,0.000,7.039,-172.125,0,0,319,213,87,106
1778698058.439151,0,0.842631,0.908224,0.765298,0.8895,0.3456,1.2875,-0.000,-1.475,174.192,0,0,55,194,111,145
1778698058.505892,5,0.718357,0.906273,0.651028,1.1194,-0.5236,1.2791,0.000,-3.562,-162.185,0,0,580,222,100,114
1778698058.505892,1,0.854534,0.908224,0.776109,0.8916,0.3465,1.2864,0.000,-1.511,175.145,0,0,57,194,114,145
1778698058.505892,0,0.992763,0.999192,0.991961,1.1986,-0.0405,1.3014,0.000,3.376,-175.282,0,0,318,210,83,105
1778698058.505892,5,0.727343,0.906376,0.659247,1.1194,-0.5236,1.2791,0.000,-3.562,-162.185,0,0,581,220,102,115
1778698058.505892,0,0.861987,0.909417,0.783906,0.8916,0.3465,1.2864,0.000,-1.511,175.145,0,0,56,194,113,145
1778698058.505892,1,0.995426,0.998983,0.994414,1.1986,-0.0405,1.3014,0.000,3.376,-175.282,0,0,319,210,82,106
1778698058.739498,5,0.862313,0.909417,0.784203,0.8936,0.3445,1.2868,-0.000,-0.574,175.569,0,0,57,194,114,143
1778698058.739498,0,0.723110,0.906310,0.655362,1.1226,-0.5250,1.2777,0.000,-4.503,-162.799,0,0,580,220,100,113
1778698058.739498,1,0.994135,0.998983,0.993125,1.2089,-0.0386,1.3090,0.000,3.522,-176.331,0,0,318,210,83,106
1778698058.806239,0,0.890846,0.910606,0.811209,0.8936,0.3416,1.2868,0.000,-0.463,178.986,0,0,59,194,118,143
1778698058.806239,5,0.723591,0.906917,0.656237,1.1196,-0.5217,1.2773,-0.000,-5.549,-163.041,0,0,579,220,102,117
1778698058.806239,1,0.993760,0.998821,0.992588,1.2085,-0.0386,1.3130,0.000,3.511,-176.278,0,0,318,208,84,107
1778698058.906344,0,0.885723,0.910606,0.806544,0.8936,0.3416,1.2868,0.000,-0.796,178.430,0,0,59,194,119,143
1778698058.906344,5,0.727143,0.906983,0.659506,1.1200,-0.5217,1.2736,0.000,-4.307,-162.963,0,0,579,222,100,114
1778698058.906344,1,0.993838,0.998821,0.992666,1.2085,-0.0386,1.3130,-0.000,2.942,-177.182,0,0,318,208,84,106
1778698058.973065,0,0.896258,0.910701,0.816223,0.8937,0.3416,1.2853,0.000,-0.165,179.576,0,0,59,195,119,141
1778698058.973065,5,0.722949,0.906983,0.655702,1.1170,-0.5203,1.2732,0.000,-4.396,-162.625,0,0,579,222,98,113
1778698058.973065,1,0.993618,0.998983,0.992608,1.2089,-0.0386,1.3090,0.000,3.112,-176.415,0,0,318,210,84,106
1778698058.973065,0,0.900592,0.910701,0.820170,0.8937,0.3416,1.2853,0.000,-0.165,179.576,0,0,60,196,121,140
1778698058.973065,5,0.707633,0.906983,0.641812,1.1170,-0.5203,1.2732,0.000,-4.396,-162.625,0,0,580,220,102,117
1778698058.973065,1,0.994924,0.998983,0.993913,1.2089,-0.0386,1.3090,0.000,3.112,-176.415,0,0,318,208,84,106
1778698059.139877,0,0.898856,0.911294,0.819121,0.8897,0.3384,1.2846,0.000,-0.989,-179.812,0,0,60,195,121,139
1778698059.139877,5,0.705395,0.905701,0.638877,1.1127,-0.5222,1.2764,-0.000,-5.669,-161.684,0,0,581,220,102,114
1778698059.139877,1,0.992653,0.998735,0.991398,1.2162,-0.0386,1.3162,0.000,2.703,-176.610,0,0,318,207,84,106
1778698059.206614,0,0.899544,0.911387,0.819832,0.8938,0.3402,1.2838,-0.000,-0.958,-179.767,0,0,60,196,121,140
1778698059.206614,5,0.705068,0.905701,0.638581,1.1127,-0.5222,1.2764,0.000,-5.167,-161.523,0,0,581,220,102,115
1778698059.206614,1,0.993222,0.998735,0.991965,1.2162,-0.0386,1.3162,0.000,2.896,-176.819,0,0,318,207,84,106
1778698059.206614,0,0.903871,0.911387,0.823776,0.8938,0.3402,1.2838,0.000,-1.324,-178.984,0,0,62,196,125,141
1778698059.206614,5,0.696348,0.905701,0.630683,1.1127,-0.5222,1.2764,0.000,-5.826,-160.970,0,0,582,220,100,113
1778698059.206614,1,0.992213,0.998735,0.990958,1.2162,-0.0386,1.3162,-0.000,2.642,-176.326,0,0,318,206,84,105
1778698059.306723,0,0.900196,0.912569,0.821491,0.8958,0.3381,1.2842,-0.000,-0.995,-179.823,0,0,62,195,124,143
1778698059.306723,5,0.701169,0.905092,0.634622,1.1097,-0.5226,1.2760,-0.000,-6.107,-161.531,0,0,582,222,98,111
1778698059.306723,1,0.992883,0.998646,0.991539,1.2160,-0.0386,1.3182,0.000,2.564,-177.255,0,0,318,207,84,107
1778698059.440188,0,0.907893,0.913158,0.829050,0.8938,0.3358,1.2838,-0.000,-0.455,-179.013,0,0,63,196,126,141
1778698059.440188,5,0.683343,0.904548,0.618117,1.1071,-0.5230,1.2720,0.000,-6.521,-160.193,0,0,583,222,98,109
1778698059.440188,1,0.992412,0.998646,0.991069,1.2200,-0.0387,1.3188,0.000,3.221,-175.835,0,0,318,206,84,105
1778698059.440188,0,0.912802,0.913158,0.833532,0.8938,0.3358,1.2838,-0.000,-0.455,-179.013,0,0,63,196,126,139
1778698059.440188,5,0.990220,0.998646,0.988879,1.1071,-0.5230,1.2720,0.000,-6.521,-160.193,0,0,318,206,84,105
1778698059.440188,1,0.644340,0.904516,0.582816,1.2200,-0.0387,1.3188,0.000,3.221,-175.835,0,0,583,221,97,106
1778698059.573665,0,0.912070,0.913158,0.832864,0.8958,0.3367,1.2842,0.000,-0.716,-178.273,0,0,63,196,126,139
1778698059.573665,1,0.990119,0.998655,0.988788,1.2200,-0.0366,1.3188,0.000,2.804,-174.694,0,0,317,206,83,103
1778698059.573665,5,0.657651,0.903292,0.594051,1.1069,-0.5267,1.2738,0.000,-5.497,-158.060,0,0,585,221,96,106
1778698059.640407,0,0.913377,0.913158,0.834057,0.8919,0.3349,1.2835,0.000,-0.250,-178.274,0,0,63,196,126,139
1778698059.640407,1,0.991302,0.998655,0.989969,1.2200,-0.0366,1.3188,0.000,2.970,-175.255,0,0,317,206,83,105
1778698059.640407,5,0.645306,0.903871,0.583273,1.1097,-0.5263,1.2760,0.000,-5.865,-157.130,0,0,584,220,96,107
1778698059.707147,0,0.918232,0.913838,0.839115,0.8940,0.3343,1.2824,0.000,-0.390,-177.584,0,0,64,197,129,141
1778698059.707147,1,0.633729,0.903871,0.572809,1.1067,-0.5249,1.2757,0.000,-6.553,-156.407,0,0,584,220,96,109
1778698059.707147,5,0.988738,0.998744,0.987496,1.2162,-0.0366,1.3162,0.000,2.667,-173.956,0,0,317,207,83,102
1778698059.707147,0,0.922797,0.913838,0.843286,0.8940,0.3343,1.2824,0.000,-0.760,-176.680,0,0,63,197,127,141
1778698059.707147,5,0.667461,0.903871,0.603298,1.1067,-0.5249,1.2757,-0.000,-7.684,-159.369,0,0,584,220,98,109
1778698059.707147,1,0.990907,0.998744,0.989663,1.2162,-0.0366,1.3162,0.000,2.470,-175.476,0,0,318,208,84,106
1778698059.807255,0,0.918557,0.913249,0.838871,0.8940,0.3358,1.2824,-0.000,-0.550,-177.379,0,0,64,196,128,143
1778698059.807255,5,0.660049,0.903871,0.596599,1.1097,-0.5263,1.2760,0.000,-8.545,-159.026,0,0,584,221,100,107
1778698059.807255,1,0.989681,0.998821,0.988514,1.2125,-0.0386,1.3136,-0.000,3.787,-173.536,0,0,317,206,83,105
1778698059.873993,0,0.917338,0.913746,0.838214,0.8919,0.3334,1.2835,0.000,-0.292,-177.726,0,0,64,197,128,141
1778698059.873993,1,0.995212,0.998655,0.993874,1.2160,-0.0366,1.3182,0.000,3.712,-177.613,0,0,318,207,84,106
1778698059.873993,5,0.663410,0.903905,0.599660,1.1099,-0.5263,1.2742,0.000,-6.318,-158.640,0,0,581,221,97,106
1778698060.007470,0,0.918816,0.913838,0.839649,0.8920,0.3334,1.2821,0.000,-0.216,-177.567,0,0,64,197,128,143
1778698060.007470,1,0.662876,0.905736,0.600390,1.1129,-0.5222,1.2746,-0.000,-7.513,-158.677,0,0,581,221,98,110
1778698060.007470,5,0.991760,0.998744,0.990515,1.2162,-0.0366,1.3162,0.000,3.059,-175.347,0,0,317,207,83,106
1778698060.074206,0,0.919588,0.913838,0.840354,0.8920,0.3334,1.2821,0.000,-0.195,-177.453,0,0,64,198,128,140
1778698060.074206,1,0.865709,0.905701,0.784074,1.1097,-0.5208,1.2760,-0.000,2.906,-175.293,0,0,318,206,84,105
1778698060.074206,5,0.663045,0.905701,0.600521,1.1097,-0.5208,1.2760,0.000,-7.544,-158.729,0,0,581,220,100,110
1778698060.140933,0,0.920211,0.913249,0.840383,0.8920,0.3349,1.2821,-0.000,-0.936,-176.936,0,0,63,197,127,141
1778698060.140933,5,0.682024,0.906917,0.618538,1.1127,-0.5185,1.2764,0.000,-8.675,-160.456,0,0,579,220,98,109
1778698060.140933,1,0.993253,0.998821,0.992082,1.2125,-0.0386,1.3136,0.000,3.409,-176.000,0,0,318,208,84,107
1778698060.140933,0,0.920142,0.913249,0.840320,0.8920,0.3349,1.2821,-0.000,0.015,-177.372,0,0,63,198,127,140
1778698060.140933,1,0.994323,0.998821,0.993150,1.2125,-0.0386,1.3136,-0.000,3.369,-176.974,0,0,318,208,84,106
1778698060.140933,2,0.674156,0.906917,0.611403,1.1127,-0.5185,1.2764,0.000,-9.194,-159.972,0,0,577,223,97,106
1778698060.140933,0,0.919333,0.913249,0.839580,0.8920,0.3349,1.2821,-0.000,0.015,-177.372,0,0,63,197,127,140
1778698060.140933,1,0.669794,0.907589,0.607898,1.2125,-0.0386,1.3136,-0.000,3.369,-176.974,0,0,578,222,98,107
1778698060.140933,2,0.993941,0.998821,0.992769,1.1127,-0.5185,1.2764,0.000,-9.194,-159.972,0,0,318,208,84,107
1778698060.341165,0,0.920143,0.913338,0.840402,0.8940,0.3358,1.2824,0.000,-1.022,-177.038,0,0,63,198,127,140
1778698060.341165,5,0.690291,0.907619,0.626521,1.1130,-0.5167,1.2728,0.000,-8.837,-159.350,0,0,578,223,97,107
1778698060.341165,1,0.994471,0.998821,0.993298,1.2164,-0.0386,1.3142,-0.000,3.492,-176.453,0,0,318,208,83,109
1778698060.474650,0,0.918544,0.913249,0.838859,0.8940,0.3358,1.2824,-0.000,-0.093,-177.579,0,0,63,197,127,139
1778698060.474650,5,0.692409,0.907647,0.628463,1.1134,-0.5167,1.2691,0.000,-8.616,-161.088,0,0,578,224,97,106
1778698060.474650,1,0.996024,0.998983,0.995012,1.2089,-0.0386,1.3090,0.000,4.189,-177.257,0,0,318,210,83,106
1778698060.474650,0,0.919330,0.913249,0.839578,0.8940,0.3358,1.2824,0.000,-0.732,-177.173,0,0,64,198,128,140
1778698060.474650,5,0.690333,0.907647,0.626578,1.1134,-0.5167,1.2691,0.000,-8.364,-160.835,0,0,577,221,98,107
1778698060.474650,1,0.994499,0.998983,0.993488,1.2089,-0.0386,1.3090,0.000,3.826,-176.280,0,0,318,210,83,106
1778698060.574758,0,0.920651,0.913927,0.841408,0.8922,0.3334,1.2806,-0.000,-0.432,-177.222,0,0,64,198,128,140
1778698060.574758,5,0.698199,0.908162,0.634078,1.1168,-0.5167,1.2751,0.000,-9.209,-161.797,0,0,578,222,98,107
1778698060.574758,1,0.994069,0.998983,0.993059,1.2089,-0.0386,1.3090,0.000,3.656,-176.123,0,0,318,210,83,106
1778698060.641496,0,0.922486,0.913927,0.843085,0.8902,0.3326,1.2803,-0.000,-0.255,-177.003,0,0,63,198,126,140
1778698060.641496,5,0.681728,0.907589,0.618729,1.1130,-0.5167,1.2728,0.000,-8.638,-160.270,0,0,577,222,97,106
1778698060.641496,1,0.994803,0.998983,0.993791,1.2089,-0.0386,1.3090,0.000,3.882,-176.471,0,0,318,209,83,107
1778698060.774947,0,0.917862,0.913927,0.838859,0.8922,0.3334,1.2806,0.000,-0.319,-177.713,0,0,64,198,128,140
1778698060.774947,5,0.691853,0.907589,0.627918,1.1130,-0.5167,1.2728,0.000,-8.716,-161.141,0,0,578,222,98,107
1778698060.774947,1,0.995082,0.998983,0.994070,1.2089,-0.0386,1.3090,-0.000,3.747,-176.889,0,0,318,210,83,106
1778698060.841686,0,0.922005,0.913927,0.842645,0.8941,0.3343,1.2809,-0.000,-0.422,-177.008,0,0,64,198,128,140
1778698060.841686,5,0.702203,0.907557,0.637290,1.1129,-0.5167,1.2746,0.000,-8.764,-162.072,0,0,578,221,98,107
1778698060.841686,1,0.993554,0.998983,0.992544,1.2089,-0.0386,1.3090,-0.000,3.543,-175.853,0,0,318,210,83,106
1778698060.941795,0,0.922738,0.913927,0.843315,0.8941,0.3343,1.2809,0.000,-0.161,-177.003,0,0,64,198,128,140
1778698060.941795,5,0.691323,0.907557,0.627415,1.1168,-0.5185,1.2751,0.000,-9.773,-161.486,0,0,578,221,98,107
1778698060.941795,1,0.994413,0.998971,0.993390,1.2089,-0.0406,1.3090,0.000,3.831,-176.306,0,0,319,210,84,107
1778698061.008520,0,0.923545,0.913338,0.843509,0.8922,0.3349,1.2806,0.000,-0.185,-176.780,0,0,63,198,126,140
1778698061.008520,5,0.694916,0.907557,0.630676,1.1129,-0.5167,1.2746,0.000,-7.623,-161.091,0,0,578,221,98,109
1778698061.008520,1,0.994453,0.998904,0.993363,1.2127,-0.0386,1.3116,-0.000,4.113,-176.046,0,0,318,209,83,107
1778698061.108640,0,0.926127,0.913927,0.846412,0.8922,0.3334,1.2806,-0.000,0.125,-176.572,0,0,64,198,128,141
1778698061.108640,5,0.692524,0.906983,0.628108,1.1130,-0.5185,1.2728,0.000,-7.833,-161.003,0,0,579,222,98,109
1778698061.108640,1,0.992134,0.999048,0.991189,1.2051,-0.0406,1.3064,-0.000,4.529,-174.214,0,0,319,211,84,106
1778698061.108640,0,0.926352,0.913927,0.846618,0.8922,0.3334,1.2806,-0.000,0.125,-176.572,0,0,64,198,128,141
1778698061.108640,5,0.688845,0.906983,0.624771,1.1130,-0.5185,1.2728,0.000,-7.833,-161.003,0,0,579,223,100,110
1778698061.108640,1,0.992722,0.999048,0.991777,1.2051,-0.0406,1.3064,-0.000,4.529,-174.214,0,0,318,210,83,106
1778698061.208711,0,0.924818,0.913927,0.845216,0.8941,0.3343,1.2809,0.000,0.024,-176.744,0,0,63,198,126,140
1778698061.208711,5,0.693694,0.907013,0.629190,1.1132,-0.5185,1.2709,-0.000,-8.955,-161.421,0,0,578,222,102,110
1778698061.208711,1,0.993903,0.998983,0.992893,1.2089,-0.0386,1.3090,0.000,3.852,-175.793,0,0,319,210,84,106
1778698061.342166,0,0.924185,0.913338,0.844094,0.8941,0.3358,1.2809,0.000,0.201,-176.840,0,0,63,198,126,139
1778698061.342166,5,0.687735,0.906983,0.623764,1.1170,-0.5203,1.2732,-0.000,-8.624,-160.848,0,0,579,222,102,109
1778698061.342166,1,0.993330,0.999048,0.992384,1.2051,-0.0406,1.3064,-0.000,4.822,-174.705,0,0,319,211,84,106
1778698061.408905,0,0.925102,0.913338,0.844931,0.8961,0.3367,1.2813,0.000,-0.058,-176.580,0,0,63,198,126,140
1778698061.408905,5,0.698830,0.907013,0.633848,1.1132,-0.5185,1.2709,-0.000,-7.985,-161.548,0,0,579,223,100,109
1778698061.408905,1,0.991908,0.999048,0.990964,1.2012,-0.0406,1.3058,0.000,5.172,-173.760,0,0,319,211,84,106
1778698061.475654,0,0.925704,0.913338,0.845481,0.8922,0.3349,1.2806,0.000,0.295,-176.632,0,0,63,198,126,141
1778698061.475654,5,0.697299,0.907013,0.632459,1.1132,-0.5185,1.2709,0.000,-7.707,-161.334,0,0,579,223,98,107
1778698061.475654,1,0.995131,0.998983,0.994120,1.2089,-0.0386,1.3090,0.000,4.994,-175.711,0,0,318,210,83,107
1778698061.542416,0,0.925227,0.913338,0.845045,0.8961,0.3367,1.2813,-0.000,0.663,-176.859,0,0,63,198,126,141
1778698061.542416,5,0.697480,0.907040,0.632642,1.1134,-0.5185,1.2691,0.000,-6.967,-161.101,0,0,579,224,98,110
1778698061.542416,1,0.994297,0.998983,0.993286,1.2089,-0.0386,1.3090,0.000,4.285,-175.677,0,0,318,210,83,106
1778698061.642479,0,0.927757,0.914014,0.847982,0.8943,0.3343,1.2795,0.000,0.105,-176.333,0,0,64,199,128,140
1778698061.642479,5,0.687771,0.906406,0.623400,1.1102,-0.5189,1.2706,-0.000,-8.150,-160.752,0,0,580,223,100,111
1778698061.642479,1,0.994913,0.998904,0.993822,1.2087,-0.0386,1.3110,0.000,3.898,-176.667,0,0,318,209,83,107
1778698061.709225,0,0.928539,0.914014,0.848698,0.8923,0.3334,1.2792,0.000,0.304,-176.287,1,1,64,199,128,140
1778698061.709225,5,0.674680,0.906406,0.611534,1.1132,-0.5203,1.2709,-0.000,-8.276,-159.709,0,1,580,223,100,110
1778698061.709225,1,0.993264,0.998983,0.992254,1.2089,-0.0386,1.3090,-0.000,3.358,-175.840,0,1,318,210,83,106
1778698063.711296,7,0.930816,0.987448,0.919133,0.8913,0.3548,1.2300,0.000,-1.383,-175.290,0,1,228,247,108,125
1778698063.711296,8,0.997198,0.966650,0.963942,1.2471,-0.0031,1.2496,0.000,2.732,-175.294,0,1,470,249,90,113
1778698063.811388,0,0.930124,0.989747,0.920587,0.9098,0.3340,1.2210,-0.000,-1.985,-177.064,0,1,233,247,108,126
1778698063.811388,1,0.985504,0.962835,0.948878,1.2296,-0.0359,1.2373,0.000,-0.476,-172.118,0,1,474,248,90,102
1778698063.811388,0,0.924926,0.989747,0.915443,0.9153,0.3227,1.2153,0.000,-2.589,-178.595,0,1,237,248,108,124
1778698063.811388,1,0.993848,0.962835,0.956912,1.2302,-0.0514,1.2302,-0.000,0.885,-175.837,0,1,478,250,88,106
1778698063.811388,0,0.929173,0.993235,0.922886,0.9153,0.3227,1.2153,0.000,-2.589,-178.595,0,1,249,248,106,125
1778698063.811388,1,0.987907,0.955058,0.943509,1.2302,-0.0514,1.2302,-0.000,0.885,-175.837,0,1,491,249,92,100
1778698063.944882,0,0.922387,0.993235,0.916147,0.9518,0.3097,1.2162,0.000,-3.292,-179.271,0,1,251,247,107,125
1778698063.944882,1,0.989100,0.955058,0.944648,1.2429,-0.0837,1.2285,0.000,-1.969,-176.300,0,1,494,246,92,106
1778698064.011620,0,0.924748,0.993660,0.918885,1.9790,0.6559,1.3037,-0.000,-3.487,178.840,0,1,252,246,106,124
1778698064.011620,1,0.993325,0.953727,0.947361,1.9761,-0.1652,1.2915,0.000,0.081,-179.157,0,1,495,247,90,105
1778698064.078351,0,0.933923,0.993883,0.928210,1.9664,0.6189,1.3053,0.000,-1.528,178.836,0,1,246,239,106,128
1778698064.078351,1,0.979695,0.953218,0.933863,1.9748,-0.1941,1.2883,0.000,-2.785,-175.894,0,1,488,236,92,106
1778698064.111728,0,0.929822,0.992846,0.923170,1.0130,0.3041,1.2362,0.000,-2.540,179.344,0,1,244,234,107,122
1778698064.111728,1,0.977801,0.956712,0.935474,1.2589,-0.1186,1.2561,0.000,-2.834,-175.540,0,1,486,232,88,103
1778698064.111728,0,0.923750,0.992443,0.916769,1.0130,0.3041,1.2362,0.000,-2.540,179.344,0,1,243,229,106,125
1778698064.111728,1,0.979377,0.957626,0.937877,1.2589,-0.1186,1.2561,0.000,-2.834,-175.540,0,1,485,227,90,105
1778698064.278586,0,0.934380,0.992170,0.927064,1.0283,0.3017,1.2552,0.000,-0.786,179.405,0,1,239,227,108,126
1778698064.278586,1,0.988032,0.959421,0.947939,1.9685,-0.1796,1.3467,0.000,-0.334,-178.463,0,1,482,229,90,101
1778698064.278586,0,0.937933,0.991244,0.929720,1.0283,0.3017,1.2552,0.000,-0.786,179.405,0,1,231,214,108,128
1778698064.278586,1,0.990715,0.959421,0.950513,1.9685,-0.1796,1.3467,0.000,-0.334,-178.463,0,1,473,215,88,107
1778698064.378694,0,0.929754,0.988198,0.918781,1.0061,0.3056,1.2805,-0.000,0.078,179.499,0,1,229,213,110,130
1778698064.378694,1,0.984935,0.964086,0.949562,1.3150,-0.1208,1.3114,0.000,4.078,-174.940,0,1,470,213,92,115
1778698064.378694,0,0.931447,0.988198,0.920454,1.0102,0.2927,1.2805,0.000,0.068,179.017,0,1,226,212,108,126
1778698064.378694,1,0.987658,0.964086,0.952188,1.3134,-0.1377,1.3114,0.000,2.510,-177.635,0,1,468,210,90,105
1778698064.445413,0,0.932903,0.987356,0.921108,1.0224,0.3024,1.2842,0.000,0.951,179.257,0,1,223,210,108,125
1778698064.445413,1,0.986450,0.964740,0.951668,1.9594,-0.1887,1.4089,0.000,1.223,-178.245,0,1,465,210,90,99
1778698064.445413,0,0.929138,0.983125,0.913459,1.0224,0.3024,1.2842,0.000,0.951,179.257,0,1,212,208,112,126
1778698064.445413,1,0.988393,0.970224,0.958962,1.9594,-0.1887,1.4089,0.000,1.223,-178.245,0,1,454,207,88,101
1778698064.578878,0,0.931067,0.983125,0.915355,0.9741,0.2972,1.2838,0.000,1.552,179.520,0,1,210,208,110,126
1778698064.578878,1,0.983022,0.971772,0.955273,1.2952,-0.1114,1.3229,0.000,1.559,-175.726,0,1,450,207,87,103
1778698064.578878,0,0.931935,0.982521,0.915646,0.9947,0.2875,1.2862,0.000,0.629,179.074,0,1,207,208,110,124
1778698064.578878,1,0.989344,0.971772,0.961417,1.2930,-0.1358,1.3229,-0.000,3.030,-178.497,0,1,448,207,88,105
1778698064.578878,0,0.991072,0.973653,0.964961,0.9947,0.2875,1.2862,0.000,0.629,179.074,0,1,204,207,112,128
1778698064.678985,0,0.988940,0.973653,0.962885,1.2939,-0.1413,1.3235,0.000,1.105,179.269,0,1,195,207,112,128
1778698064.678985,0,0.930782,0.976538,0.908944,1.2939,-0.1413,1.3235,0.000,1.105,179.269,0,1,192,207,113,130
1778698064.779074,0,0.934712,0.976538,0.912781,0.9753,0.2853,1.2843,0.000,1.228,179.599,0,1,189,207,113,128
1778698064.779074,1,0.984890,0.977737,0.962964,1.3027,-0.1360,1.3212,0.000,2.078,-177.034,0,1,431,207,87,106
1778698064.879182,0,0.933026,0.972532,0.907398,0.9588,0.2980,1.2820,0.000,0.514,-179.360,0,1,181,207,114,128
1778698064.879182,1,0.993135,0.981436,0.974698,1.3001,-0.1126,1.3191,-0.000,2.949,-179.571,0,1,423,210,85,103
1778698064.879182,0,0.931312,0.972532,0.905730,0.9588,0.2980,1.2820,0.000,0.514,-179.360,0,1,178,206,114,129
1778698064.879182,1,0.989424,0.981436,0.971055,1.3001,-0.1126,1.3191,-0.000,2.949,-179.571,0,1,420,208,86,103
1778698064.979278,0,0.928425,0.970143,0.900705,0.9613,0.2963,1.2837,0.000,1.128,179.512,0,1,175,206,113,128
1778698064.979278,1,0.985113,0.983532,0.968890,1.3306,-0.1196,1.3039,-0.000,13.032,-175.927,0,1,418,219,94,107
1778698065.046007,0,0.934065,0.966936,0.903181,0.9545,0.2935,1.2821,0.000,0.617,-179.356,0,1,167,206,114,128
1778698065.046007,1,0.983323,0.985180,0.968750,1.2930,-0.1153,1.3297,0.000,2.657,-175.360,0,1,409,205,86,105
1778698065.046007,0,0.945691,0.966936,0.914423,0.9601,0.2765,1.2821,0.000,1.083,-178.513,0,1,164,205,114,129
1778698065.046007,1,0.989454,0.985180,0.974790,1.2908,-0.1386,1.3297,0.000,3.605,-178.415,0,1,406,207,87,107
1778698065.146109,0,0.947038,0.964436,0.913358,1.9120,0.6260,1.4310,0.000,1.552,-177.889,0,1,161,206,115,130
1778698065.146109,1,0.993382,0.986871,0.980340,1.3038,-0.1289,1.3231,0.000,3.693,-179.801,0,1,404,209,85,101
1778698065.146109,0,0.957085,0.964436,0.923048,1.9198,0.6026,1.4310,0.000,1.352,-176.468,0,1,159,205,116,133
1778698065.146109,1,0.985907,0.986871,0.972963,1.3022,-0.1446,1.3231,0.000,2.339,-177.675,0,1,401,207,85,103
1778698065.246217,0,0.979352,0.960095,0.940271,0.9590,0.2898,1.2817,-0.000,1.923,-169.936,0,1,151,206,116,132
1778698065.246217,1,0.990260,0.989613,0.979974,1.2957,-0.1205,1.3224,0.000,4.197,-177.289,0,1,393,209,86,105
1778698065.246217,0,0.985491,0.960095,0.946165,0.9627,0.2784,1.2817,-0.000,2.043,-168.380,0,1,148,206,117,132
1778698065.246217,1,0.991293,0.989613,0.980996,1.2942,-0.1361,1.3224,0.000,3.411,-179.114,0,1,390,207,87,109
1778698065.246217,0,0.990184,0.957388,0.947990,0.9627,0.2784,1.2817,-0.000,2.043,-168.380,0,1,145,206,117,130
1778698065.246217,1,0.982519,0.990884,0.973563,1.2942,-0.1361,1.3224,0.000,3.411,-179.114,0,1,389,214,92,110
1778698065.346321,0,0.992761,0.957388,0.950458,1.9188,0.6173,1.4295,0.000,1.685,-162.603,0,1,143,206,118,132
1778698065.346321,1,0.990136,0.990884,0.981110,1.9476,-0.1911,1.4015,0.000,4.484,-177.501,0,1,385,211,85,106
1778698065.446426,0,0.991767,0.952715,0.944871,1.9173,0.6505,1.4295,0.000,1.833,-156.156,0,1,135,206,120,132
1778698065.446426,1,0.995922,0.993096,0.989047,1.3017,-0.1122,1.3150,-0.000,7.578,-178.574,0,1,378,213,86,106
1778698065.446426,0,0.989725,0.952715,0.942926,1.9339,0.6018,1.4295,0.000,1.981,-155.911,0,1,132,205,120,133
1778698065.446426,1,0.993871,0.993096,0.987009,1.2986,-0.1446,1.3150,0.000,4.363,-179.989,0,1,374,211,85,101
1778698065.546515,0,0.988715,0.949249,0.938537,1.9124,0.6177,1.4296,0.000,1.701,-155.062,0,1,128,205,123,135
1778698065.546515,1,0.986143,0.993813,0.980042,1.2929,-0.1292,1.3295,0.000,1.750,-177.927,0,1,371,206,85,101
1778698065.613252,0,0.985304,0.947848,0.933919,1.9100,0.6025,1.4248,0.000,1.492,-153.784,0,1,125,206,122,133
1778698065.613252,1,0.983892,0.994236,0.978221,1.2955,-0.1396,1.3280,0.000,2.338,-176.781,0,1,369,207,86,103
1778698065.613252,0,0.978575,0.947848,0.927541,1.9100,0.6025,1.4248,-0.000,1.347,-151.255,0,1,116,206,124,133
1778698065.613252,1,0.992956,0.994236,0.987233,1.2955,-0.1396,1.3280,0.000,4.102,-179.851,0,1,362,207,86,109
1778698065.713357,0,0.977580,0.941689,0.920577,0.9587,0.2881,1.2807,0.000,1.347,-150.165,0,1,113,205,124,139
1778698065.713357,1,0.995104,0.996200,0.991322,1.2574,-0.1217,1.3096,-0.000,6.900,-178.724,0,1,359,213,86,103
1778698065.713357,0,0.974440,0.941689,0.917619,0.9587,0.2881,1.2807,0.000,1.061,-149.359,0,0,109,206,125,136
1778698065.713357,1,0.994383,0.996200,0.990604,1.2574,-0.1217,1.3096,0.000,7.554,-178.228,0,0,357,214,86,106
1778698065.813458,0,0.978920,0.934745,0.915041,0.9346,0.2968,1.2784,0.000,1.879,-149.263,0,0,100,204,125,136
1778698065.813458,1,0.982977,0.997287,0.980310,1.2287,-0.1002,1.3119,-0.000,4.079,-173.605,0,0,348,210,87,111
1778698065.813458,0,0.978293,0.934745,0.914454,0.9346,0.2968,1.2784,0.000,1.727,-149.154,0,0,97,205,125,132
1778698065.813458,1,0.993978,0.997287,0.991281,1.2287,-0.1002,1.3119,0.000,9.357,-177.125,0,0,346,214,87,105
1778698065.813458,0,0.980228,0.931486,0.913069,0.9346,0.2968,1.2784,0.000,1.727,-149.154,0,0,94,204,126,135
1778698065.813458,1,0.991799,0.997512,0.989332,1.2287,-0.1002,1.3119,0.000,9.357,-177.125,0,0,343,207,85,105
1778698066.013677,0,0.982543,0.929282,0.913060,0.9108,0.3026,1.2747,-0.000,2.318,-149.336,0,0,90,204,127,137
1778698066.013677,1,0.994412,0.997848,0.992272,1.2206,-0.0855,1.3127,0.000,4.426,-178.046,0,0,341,209,84,107
1778698066.013677,2,0.733285,0.895174,0.656417,1.1006,-0.5475,1.2767,0.000,-3.328,-164.867,0,0,598,219,83,117
1778698066.013677,0,0.980380,0.929282,0.911050,0.9108,0.3026,1.2747,0.000,2.021,-148.756,0,0,80,204,128,137
1778698066.013677,1,0.981173,0.997848,0.979062,1.2206,-0.0855,1.3127,0.000,1.774,-173.666,0,0,332,205,85,102
1778698066.013677,9,0.677537,0.895174,0.606514,1.1006,-0.5475,1.2767,0.000,-3.714,-160.319,0,0,594,218,92,114
1778698066.180524,0,0.982613,0.923672,0.907611,0.9069,0.3159,1.2741,0.000,2.061,-148.634,0,0,77,204,128,135
1778698066.180524,1,0.986932,0.998105,0.985062,1.2039,-0.0667,1.3184,0.000,2.426,-174.973,0,0,330,206,84,102
1778698066.180524,9,0.659949,0.897630,0.592390,1.1004,-0.5402,1.2785,0.000,-5.036,-158.932,0,0,592,218,96,111
1778698066.180524,0,0.982717,0.920162,0.904258,0.9069,0.3159,1.2741,0.000,2.061,-148.634,0,0,74,203,130,139
1778698066.180524,1,0.988938,0.998763,0.987714,1.2039,-0.0667,1.3184,0.000,2.426,-174.973,0,0,327,210,85,109
1778698066.180524,9,0.649190,0.900108,0.584341,1.1004,-0.5402,1.2785,0.000,-5.036,-158.932,0,0,590,218,99,113
1778698066.314005,0,0.982907,0.917769,0.902081,0.8967,0.3264,1.2754,0.000,2.515,-147.655,0,0,70,202,130,143
1778698066.314005,1,0.660504,0.901995,0.595771,1.1095,-0.5318,1.2779,0.000,-5.667,-158.541,0,0,587,219,97,110
1778698066.314005,9,0.994085,0.998671,0.992764,1.1976,-0.0525,1.3114,-0.000,5.080,-175.793,0,0,325,208,85,109
1778698066.314005,0,0.980899,0.917769,0.900239,0.8967,0.3264,1.2754,0.000,1.688,-147.493,0,0,65,202,130,141
1778698066.314005,9,0.660684,0.901995,0.595933,1.1095,-0.5318,1.2779,0.000,-6.668,-158.815,0,0,581,221,98,106
1778698066.314005,1,0.988934,0.998671,0.987619,1.1976,-0.0525,1.3114,0.000,2.865,-174.596,0,0,321,206,84,105
1778698066.414119,0,0.983162,0.914848,0.899444,0.8888,0.3302,1.2742,-0.000,2.420,-147.371,0,0,64,202,129,140
1778698066.414119,9,0.662468,0.905736,0.600021,1.1129,-0.5222,1.2746,0.000,-6.869,-158.467,0,0,581,221,100,107
1778698066.414119,1,0.985438,0.998600,0.984058,1.2121,-0.0447,1.3176,0.000,3.450,-172.327,0,0,319,207,84,109
1778698066.414119,0,0.981789,0.914260,0.897611,0.8888,0.3302,1.2742,-0.000,2.420,-147.371,0,0,64,202,128,140
1778698066.414119,9,0.656414,0.906880,0.595289,1.1129,-0.5222,1.2746,0.000,-6.869,-158.467,0,0,579,219,98,111
1778698066.414119,1,0.993134,0.999048,0.992188,1.2121,-0.0447,1.3176,0.000,3.450,-172.327,0,0,319,211,85,105
1778698066.614316,0,0.981474,0.913671,0.896744,0.8848,0.3314,1.2735,0.000,2.045,-146.825,0,0,63,202,127,140
1778698066.614316,9,0.671122,0.906273,0.608219,1.1165,-0.5222,1.2788,0.000,-6.619,-159.068,0,0,580,219,98,113
1778698066.614316,1,0.992529,0.999121,0.991657,1.2053,-0.0406,1.3044,-0.000,5.035,-174.096,0,0,319,212,85,106
1778698066.614316,0,0.983119,0.913671,0.898248,0.8848,0.3314,1.2735,0.000,2.208,-147.326,0,0,64,202,128,140
1778698066.614316,9,0.668822,0.906273,0.606136,1.1165,-0.5222,1.2788,-0.000,-8.298,-159.369,0,0,580,219,100,111
1778698066.614316,1,0.993888,0.999121,0.993015,1.2053,-0.0406,1.3044,-0.000,4.917,-174.921,0,0,319,211,85,105
1778698066.714422,0,0.981579,0.914260,0.897419,0.8848,0.3299,1.2735,-0.000,2.489,-146.657,0,0,63,201,127,139
1778698066.714422,9,0.672075,0.906273,0.609084,1.1125,-0.5203,1.2783,0.000,-7.546,-159.408,0,0,580,220,100,114
1778698066.714422,1,0.990890,0.999048,0.989946,1.2051,-0.0406,1.3064,0.000,6.665,-172.799,0,0,319,213,86,106
1778698066.781154,0,0.980766,0.913592,0.896020,0.8847,0.3314,1.2750,0.000,1.939,-146.702,0,0,63,201,127,139
1778698066.781154,9,0.669245,0.906310,0.606543,1.1166,-0.5222,1.2769,0.000,-7.221,-159.055,0,0,580,219,100,113
1778698066.781154,1,0.990032,0.999192,0.989232,1.2016,-0.0406,1.3019,0.000,7.255,-172.319,0,0,319,213,86,105
1778698066.914631,0,0.979461,0.913671,0.894906,0.8848,0.3314,1.2735,0.000,1.778,-146.296,0,0,63,202,127,140
1778698066.914631,9,0.665914,0.906273,0.603500,1.1125,-0.5203,1.2783,0.000,-7.891,-159.011,0,0,580,219,100,113
1778698066.914631,1,0.990944,0.998971,0.989924,1.2049,-0.0406,1.3084,-0.000,4.810,-173.511,0,0,319,210,84,107
1778698066.914631,0,0.979246,0.913671,0.894709,0.8848,0.3314,1.2735,0.000,1.641,-146.317,0,0,63,202,127,140
1778698066.914631,9,0.671560,0.906273,0.608616,1.1125,-0.5203,1.2783,-0.000,-7.723,-159.418,0,0,579,219,102,111
1778698066.914631,1,0.996034,0.998971,0.995009,1.2049,-0.0406,1.3084,0.000,5.888,-175.906,0,0,319,211,85,105
1778698067.014737,0,0.979846,0.913671,0.895257,0.8868,0.3322,1.2739,0.000,1.672,-146.504,0,0,63,202,127,140
1778698067.014737,9,0.676573,0.906880,0.613571,1.1165,-0.5203,1.2788,0.000,-7.609,-159.712,0,0,580,220,102,114
1778698067.014737,1,0.994907,0.999048,0.993960,1.2051,-0.0406,1.3064,0.000,5.567,-175.251,0,0,319,211,85,105
1778698067.081467,0,0.981226,0.913671,0.896518,0.8848,0.3314,1.2735,-0.000,2.010,-146.759,0,0,63,202,127,141
1778698067.081467,9,0.677971,0.906310,0.614451,1.1127,-0.5203,1.2764,0.000,-6.688,-159.613,0,0,580,220,102,115
1778698067.081467,1,0.993597,0.999048,0.992651,1.2051,-0.0406,1.3064,-0.000,7.449,-173.949,0,0,319,213,85,106
1778698067.214940,0,0.981915,0.913671,0.897148,0.8848,0.3314,1.2735,0.000,1.810,-147.158,0,0,63,202,127,141
1778698067.214940,9,0.669718,0.906310,0.606972,1.1127,-0.5203,1.2764,0.000,-7.427,-159.152,0,0,580,220,100,114
1778698067.214940,1,0.994624,0.999048,0.993676,1.2051,-0.0406,1.3064,-0.000,4.898,-175.459,0,0,319,211,85,105
1778698067.214940,0,0.981750,0.913671,0.896997,0.8848,0.3314,1.2735,0.000,2.311,-146.744,0,0,63,202,127,139
1778698067.214940,9,0.687011,0.906310,0.622644,1.1127,-0.5203,1.2764,-0.000,-7.421,-160.566,0,0,580,220,100,114
1778698067.214940,1,0.990180,0.999048,0.989237,1.2051,-0.0406,1.3064,0.000,3.709,-173.733,0,0,319,210,85,105
1778698067.415139,0,0.980688,0.913671,0.896026,0.8848,0.3314,1.2735,-0.000,2.072,-146.524,0,0,63,202,126,139
1778698067.415139,9,0.706364,0.906983,0.640660,1.1130,-0.5185,1.2728,0.000,-5.315,-161.453,0,0,579,222,97,111
1778698067.415139,1,0.991839,0.999048,0.990894,1.2051,-0.0406,1.3064,0.000,4.131,-174.308,0,0,319,211,86,106
1778698067.415139,0,0.980975,0.913671,0.896289,0.8848,0.3314,1.2735,0.000,1.756,-146.848,0,0,63,202,126,139
1778698067.415139,9,0.703973,0.906983,0.638492,1.1130,-0.5185,1.2728,0.000,-5.431,-161.283,0,0,579,222,98,110
1778698067.415139,1,0.991709,0.999048,0.990764,1.2051,-0.0406,1.3064,-0.000,3.954,-174.358,0,0,319,210,85,107
1778698067.481877,0,0.981941,0.913671,0.897171,0.8868,0.3322,1.2739,-0.000,1.959,-147.058,0,0,63,202,126,141
1778698067.481877,9,0.714125,0.906983,0.647699,1.1101,-0.5171,1.2724,0.000,-4.744,-161.961,0,0,579,223,100,111
1778698067.481877,1,0.994521,0.998971,0.993498,1.2089,-0.0406,1.3090,0.000,5.039,-175.364,0,0,319,210,85,107
1778698067.615327,0,0.984504,0.913749,0.899590,0.8850,0.3314,1.2721,0.000,2.528,-147.583,0,0,63,203,126,140
1778698067.615327,9,0.714864,0.908194,0.649236,1.1071,-0.5120,1.2720,-0.000,-5.141,-161.961,0,0,577,222,98,109
1778698067.615327,1,0.992713,0.998971,0.991691,1.2089,-0.0406,1.3090,-0.000,4.588,-174.556,0,0,319,210,85,109
1778698067.615327,0,0.983386,0.913749,0.898568,0.8850,0.3314,1.2721,0.000,2.461,-147.195,0,0,63,203,126,137
1778698067.615327,9,0.994967,0.998971,0.993943,1.2089,-0.0406,1.3090,-0.000,5.449,-175.407,0,0,319,211,85,106
1778698067.615327,1,0.726249,0.908194,0.659575,1.1071,-0.5120,1.2720,-0.000,-4.895,-162.873,0,0,577,221,100,109
1778698067.615327,0,0.983101,0.913671,0.898231,0.8850,0.3314,1.2721,0.000,2.461,-147.195,0,0,63,202,126,139
1778698067.615327,9,0.735581,0.908162,0.668027,1.2089,-0.0406,1.3090,-0.000,5.449,-175.407,0,0,577,221,102,111
1778698067.615327,1,0.993390,0.999048,0.992443,1.1071,-0.5120,1.2720,-0.000,-4.895,-162.873,0,0,319,211,85,105
1778698067.848912,0,0.982660,0.913749,0.897904,0.8850,0.3314,1.2721,0.000,2.431,-146.943,0,0,63,203,126,140
1778698067.848912,9,0.811527,0.909970,0.738465,1.1129,-0.5093,1.2746,0.000,-4.358,-170.510,0,0,574,221,103,111
1778698067.848912,1,0.992728,0.998971,0.991706,1.2089,-0.0406,1.3090,0.000,4.758,-174.460,0,0,319,210,84,107
1778698067.915651,0,0.983115,0.913749,0.898320,0.8850,0.3314,1.2721,0.000,2.516,-147.056,0,0,63,203,127,140
1778698067.915651,9,0.823652,0.909936,0.749470,1.1166,-0.5111,1.2769,-0.000,-5.318,-172.147,0,0,574,220,104,113
1778698067.915651,1,0.995876,0.999048,0.994928,1.2012,-0.0406,1.3058,0.000,4.760,-176.496,0,0,319,211,85,107
1778698068.015768,0,0.983524,0.913749,0.898694,0.8850,0.3314,1.2721,0.000,2.867,-146.989,0,0,63,203,126,140
1778698068.015768,9,0.852310,0.910571,0.776089,1.1198,-0.5106,1.2755,0.000,-5.132,-175.188,0,0,573,221,105,117
1778698068.015768,1,0.990040,0.998891,0.988942,1.2047,-0.0406,1.3104,-0.000,4.075,-173.553,0,0,319,209,84,107
1778698068.015768,0,0.983260,0.913749,0.898452,0.8850,0.3314,1.2721,0.000,2.867,-146.989,0,0,63,203,127,140
1778698068.015768,9,0.902052,0.910571,0.821383,1.1198,-0.5106,1.2755,0.000,-5.132,-175.188,0,0,572,219,107,120
1778698068.015768,1,0.994258,0.998891,0.993156,1.2047,-0.0406,1.3104,-0.000,4.075,-173.553,0,0,319,211,83,107
1778698068.182623,0,0.983397,0.913749,0.898578,0.8869,0.3322,1.2724,0.000,2.557,-147.136,0,0,63,203,127,140
1778698068.182623,9,0.913446,0.911098,0.832239,1.1224,-0.5101,1.2795,0.000,-6.268,175.781,0,0,572,219,107,118
1778698068.182623,1,0.993638,0.999048,0.992692,1.2051,-0.0406,1.3064,0.000,4.834,-174.879,0,0,319,211,84,106
1778698068.182623,0,0.982562,0.913749,0.897815,0.8869,0.3322,1.2724,-0.000,2.735,-146.717,0,0,63,203,127,140
1778698068.182623,9,0.946394,0.911098,0.862258,1.1224,-0.5101,1.2795,0.000,-7.675,167.738,0,0,571,220,108,115
1778698068.182623,1,0.992725,0.999048,0.991779,1.2051,-0.0406,1.3064,-0.000,5.041,-174.246,0,0,319,211,84,106
1778698068.182623,0,0.982816,0.913749,0.898047,0.8869,0.3322,1.2724,-0.000,2.735,-146.717,0,0,63,203,127,140
1778698068.182623,9,0.993494,0.999048,0.992548,1.1224,-0.5101,1.2795,0.000,-7.675,167.738,0,0,319,211,84,107
1778698068.182623,1,0.952289,0.913521,0.869936,1.2051,-0.0406,1.3064,-0.000,5.041,-174.246,0,0,568,220,107,114
1778698068.416206,0,0.983666,0.913749,0.898823,0.8850,0.3314,1.2721,0.000,2.552,-147.241,0,0,63,203,127,140
1778698068.416206,1,0.956842,0.914037,0.874589,1.1292,-0.5039,1.2823,-0.000,-8.275,163.550,0,0,567,218,107,113
1778698068.416206,9,0.993094,0.999048,0.992148,1.2012,-0.0406,1.3058,-0.000,4.992,-174.474,0,0,319,211,84,106
1778698068.416206,0,0.983828,0.913749,0.898972,0.8850,0.3314,1.2721,0.000,2.785,-147.153,0,0,63,203,127,140
1778698068.416206,9,0.962424,0.914037,0.879691,1.1292,-0.5039,1.2823,0.000,-8.138,160.902,0,0,567,218,107,113
1778698068.416206,1,0.992731,0.999048,0.991786,1.2012,-0.0406,1.3058,0.000,4.774,-174.395,0,0,319,211,84,107
1778698068.583034,0,0.982405,0.913749,0.897671,0.8830,0.3305,1.2718,-0.000,2.241,-146.975,0,0,63,203,127,140
1778698068.583034,9,0.992198,0.999048,0.991253,1.1982,-0.0405,1.3054,0.000,5.263,-173.864,0,0,319,211,85,106
1778698068.583034,1,0.960912,0.914669,0.878917,1.1294,-0.5021,1.2804,0.000,-9.322,155.361,0,0,566,219,108,110
1778698068.649766,0,0.984379,0.913749,0.899475,0.8830,0.3305,1.2718,0.000,2.819,-147.342,0,0,63,203,127,140
1778698068.649766,1,0.963027,0.915220,0.881382,1.1321,-0.5015,1.2827,0.000,-8.793,155.823,0,0,565,218,107,111
1778698068.649766,9,0.993940,0.998971,0.992917,1.1980,-0.0405,1.3074,-0.000,4.149,-175.646,0,0,319,210,84,106
1778698068.716505,0,0.984532,0.913749,0.899615,0.8850,0.3314,1.2721,0.000,2.574,-147.563,0,0,63,203,127,140
1778698068.716505,9,0.961039,0.915220,0.879562,1.1321,-0.5015,1.2827,0.000,-9.175,155.002,0,0,565,218,107,110
1778698068.716505,1,0.993199,0.998971,0.992177,1.2010,-0.0406,1.3078,-0.000,4.133,-175.170,0,0,319,210,83,105
1778698068.816598,0,0.984390,0.913749,0.899485,0.8850,0.3314,1.2721,0.000,2.874,-147.311,0,0,63,203,127,140
1778698068.816598,9,0.991953,0.998971,0.990932,1.2049,-0.0406,1.3084,0.000,3.667,-174.791,0,0,319,210,84,105
1778698068.816598,1,0.964202,0.915178,0.882417,1.1349,-0.5028,1.2849,-0.000,-8.450,156.385,0,0,565,217,107,111
1778698068.816598,0,0.983825,0.913749,0.898969,0.8850,0.3314,1.2721,-0.000,2.493,-147.342,0,0,63,203,127,140
1778698068.816598,1,0.991627,0.998971,0.990606,1.2049,-0.0406,1.3084,0.000,4.632,-173.946,0,0,319,211,84,105
1778698068.816598,9,0.960211,0.915178,0.878764,1.1349,-0.5028,1.2849,0.000,-9.290,156.378,0,0,565,217,107,113
1778698068.816598,0,0.985489,0.913749,0.900489,0.8850,0.3314,1.2721,-0.000,2.493,-147.342,0,0,63,203,127,140
1778698068.816598,1,0.987800,0.999121,0.986932,1.2049,-0.0406,1.3084,0.000,4.632,-173.946,0,0,319,212,84,105
1778698068.816598,9,0.959534,0.915220,0.878185,1.1349,-0.5028,1.2849,0.000,-9.290,156.378,0,0,565,218,108,114
1778698069.050183,0,0.985921,0.913749,0.900884,0.8850,0.3314,1.2721,0.000,2.979,-147.852,0,0,63,203,127,140
1778698069.050183,1,0.991742,0.999048,0.990797,1.2051,-0.0406,1.3064,0.000,4.272,-174.164,0,0,319,211,84,105
1778698069.050183,9,0.961257,0.915178,0.879721,1.1320,-0.5015,1.2845,0.000,-8.900,158.488,0,0,565,217,108,113
1778698069.050183,0,0.985877,0.913749,0.900844,0.8850,0.3314,1.2721,0.000,2.979,-147.852,0,0,63,203,127,140
1778698069.050183,1,0.987638,0.999048,0.986698,1.2051,-0.0406,1.3064,0.000,4.272,-174.164,0,0,319,212,85,106
1778698069.050183,9,0.958882,0.915178,0.877548,1.1320,-0.5015,1.2845,0.000,-8.900,158.488,0,0,565,217,107,113
1778698069.150291,0,0.984805,0.913749,0.899864,0.8850,0.3314,1.2721,-0.000,3.058,-147.358,0,0,63,203,127,139
1778698069.150291,1,0.994541,0.999121,0.993667,1.2053,-0.0406,1.3044,0.000,5.230,-175.145,0,0,319,211,84,106
1778698069.150291,9,0.959644,0.915178,0.878245,1.1320,-0.5015,1.2845,0.000,-9.321,157.807,0,0,565,217,108,113
1778698069.217019,0,0.985681,0.913749,0.900665,0.8850,0.3314,1.2721,0.000,3.138,-147.653,0,0,63,203,127,140
1778698069.217019,1,0.993599,0.999048,0.992653,1.2051,-0.0406,1.3064,0.000,5.286,-174.604,0,0,319,211,84,105
1778698069.217019,9,0.958538,0.915178,0.877233,1.1320,-0.5015,1.2845,0.000,-9.572,157.525,0,0,564,217,107,111
1778698069.350478,0,0.985280,0.914338,0.900879,0.8869,0.3308,1.2724,-0.000,2.950,-147.700,0,0,64,203,128,139
1778698069.350478,9,0.956435,0.915768,0.875872,1.1349,-0.5009,1.2849,0.000,-10.013,157.243,0,0,564,217,107,111
1778698069.350478,1,0.991166,0.999048,0.990222,1.2051,-0.0406,1.3064,0.000,4.989,-173.483,0,0,319,211,84,105
1778698069.417217,0,0.986053,0.914338,0.901586,0.8869,0.3308,1.2724,0.000,3.177,-147.867,0,0,64,203,128,140
1778698069.417217,9,0.994152,0.999048,0.993206,1.2051,-0.0406,1.3064,-0.000,4.502,-175.425,0,0,319,211,84,106
1778698069.417217,1,0.956401,0.915178,0.875277,1.1320,-0.5015,1.2845,0.000,-10.039,156.885,0,0,565,217,108,111
1778698069.483943,0,0.985204,0.914338,0.900809,0.8869,0.3308,1.2724,0.000,3.115,-147.566,0,0,64,203,128,139
1778698069.483943,9,0.953588,0.915768,0.873265,1.1349,-0.5009,1.2849,0.000,-10.574,157.054,0,0,564,217,107,111
1778698069.483943,1,0.992751,0.999048,0.991805,1.2051,-0.0406,1.3064,0.000,4.983,-174.290,0,0,319,211,83,103
1778698069.584063,0,0.985494,0.914338,0.901074,0.8869,0.3308,1.2724,0.000,3.197,-147.630,0,0,64,203,128,139
1778698069.584063,9,0.953869,0.915178,0.872960,1.1290,-0.5002,1.2842,-0.000,-10.513,157.185,0,0,565,217,108,111
1778698069.584063,1,0.992910,0.998971,0.991889,1.2089,-0.0406,1.3090,0.000,4.712,-174.591,0,0,319,210,84,107
1778698069.650802,0,0.985564,0.914413,0.901213,0.8871,0.3308,1.2710,0.000,2.944,-147.764,0,0,64,204,128,140
1778698069.650802,9,0.992668,0.999048,0.991723,1.2051,-0.0406,1.3064,0.000,4.464,-174.548,0,0,319,211,84,105
1778698069.650802,1,0.957680,0.915178,0.876447,1.1320,-0.5015,1.2845,0.000,-9.803,156.177,0,0,565,217,108,110
1778698069.717528,0,0.984508,0.914338,0.900173,0.8869,0.3308,1.2724,-0.000,2.986,-147.375,0,0,64,203,128,139
1778698069.717528,1,0.958194,0.915178,0.876918,1.1320,-0.5015,1.2845,0.000,-9.675,157.046,0,0,565,217,108,111
1778698069.717528,9,0.993690,0.999048,0.992744,1.2012,-0.0406,1.3058,0.000,4.775,-174.947,0,0,319,211,85,106
1778698069.717528,0,0.984045,0.914338,0.899749,0.8869,0.3308,1.2724,-0.000,2.986,-147.375,0,0,64,204,128,140
1778698069.717528,1,0.993503,0.999048,0.992557,1.1320,-0.5015,1.2845,0.000,-9.675,157.046,0,0,319,211,84,106
1778698069.717528,9,0.958396,0.915178,0.877103,1.2012,-0.0406,1.3058,0.000,4.775,-174.947,0,0,565,217,106,111
1778698069.884374,0,0.985003,0.914413,0.900699,0.8871,0.3308,1.2710,0.000,3.358,-147.298,0,0,64,203,128,139
1778698069.884374,1,0.953690,0.915178,0.872796,1.1320,-0.5015,1.2845,0.000,-10.501,157.789,0,0,565,217,107,111
1778698069.884374,9,0.994855,0.999048,0.993908,1.1982,-0.0405,1.3054,0.000,5.002,-175.547,0,0,319,211,85,106
1778698069.884374,0,0.985713,0.914338,0.901275,0.8871,0.3308,1.2710,0.000,3.358,-147.298,0,0,63,204,127,140
1778698069.884374,9,0.995830,0.999048,0.994882,1.1320,-0.5015,1.2845,0.000,-10.501,157.789,0,0,319,211,85,107
1778698069.884374,1,0.958651,0.915178,0.877336,1.1982,-0.0405,1.3054,0.000,5.002,-175.547,0,0,565,217,107,111
1778698070.017836,0,0.984162,0.913824,0.899350,0.8871,0.3322,1.2710,0.000,3.185,-146.991,0,0,63,204,127,140
1778698070.017836,1,0.958045,0.914587,0.876216,1.1320,-0.5034,1.2845,-0.000,-9.639,157.821,0,0,566,217,108,111
1778698070.017836,9,0.989841,0.998809,0.988661,1.2006,-0.0406,1.3118,0.000,4.716,-173.145,0,0,319,208,84,109
1778698070.084575,0,0.984531,0.913824,0.899687,0.8871,0.3322,1.2710,-0.000,3.051,-147.207,0,0,63,204,127,140
1778698070.084575,1,0.989556,0.998956,0.988523,1.1980,-0.0425,1.3074,-0.000,4.427,-173.167,0,0,320,210,84,106
1778698070.084575,9,0.956308,0.915178,0.875192,1.1320,-0.5015,1.2845,0.000,-9.745,159.457,0,0,565,217,107,111
1778698070.151313,0,0.985498,0.913749,0.900498,0.8869,0.3322,1.2724,0.000,3.281,-147.494,0,0,63,203,127,139
1778698070.151313,1,0.958216,0.914587,0.876372,1.1290,-0.5021,1.2842,0.000,-9.441,158.967,0,0,566,217,108,111
1778698070.151313,9,0.989506,0.998809,0.988327,1.2006,-0.0406,1.3118,0.000,3.801,-173.542,0,0,319,208,84,107
1778698070.218060,0,0.984514,0.913824,0.899672,0.8871,0.3322,1.2710,0.000,3.483,-146.960,0,0,63,204,127,140
1778698070.218060,9,0.989524,0.998971,0.988506,1.2010,-0.0406,1.3078,-0.000,4.940,-172.800,0,0,319,210,85,106
1778698070.218060,1,0.957411,0.915133,0.876159,1.1318,-0.5015,1.2864,0.000,-9.333,159.910,0,0,565,216,107,113
1778698070.284795,0,0.985396,0.913824,0.900478,0.8871,0.3322,1.2710,0.000,3.498,-147.284,0,0,63,204,127,140
1778698070.284795,1,0.958171,0.914587,0.876331,1.1320,-0.5034,1.2845,0.000,-9.454,158.949,0,0,566,217,108,111
1778698070.284795,9,0.990007,0.998809,0.988828,1.2045,-0.0406,1.3124,0.000,4.132,-173.564,0,0,319,208,84,107
1778698070.284795,0,0.984472,0.913824,0.899634,0.8871,0.3322,1.2710,-0.000,3.208,-147.094,0,0,63,204,127,140
1778698070.284795,9,0.955725,0.914587,0.874094,1.1320,-0.5034,1.2845,-0.000,-9.865,159.378,0,0,565,217,107,111
1778698070.284795,1,0.989084,0.998809,0.987906,1.2045,-0.0406,1.3124,0.000,4.383,-172.985,0,0,319,209,84,107
1778698070.384902,0,0.985340,0.913824,0.900427,0.8871,0.3322,1.2710,-0.000,3.225,-147.416,0,0,63,203,127,141
1778698070.384902,9,0.956937,0.915178,0.875768,1.1320,-0.5015,1.2845,0.000,-9.482,160.080,0,0,565,217,107,111
1778698070.384902,1,0.992958,0.998891,0.991858,1.1978,-0.0405,1.3094,-0.000,4.565,-174.778,0,0,320,210,84,106
1778698070.518376,0,0.984871,0.913749,0.899924,0.8889,0.3331,1.2727,0.000,3.272,-147.256,0,0,63,203,127,141
1778698070.518376,9,0.954788,0.914587,0.873237,1.1290,-0.5021,1.2842,-0.000,-10.010,159.575,0,0,566,217,108,111
1778698070.518376,1,0.989962,0.998891,0.988865,1.1938,-0.0405,1.3088,-0.000,3.914,-173.620,0,0,319,209,83,105
1778698070.585104,0,0.985046,0.913749,0.900084,0.8909,0.3340,1.2730,0.000,3.068,-147.445,0,0,63,203,127,139
1778698070.585104,9,0.989110,0.998809,0.987932,1.1897,-0.0405,1.3102,0.000,4.614,-172.871,0,0,319,208,84,102
1778698070.585104,1,0.957668,0.914587,0.875871,1.1320,-0.5034,1.2845,0.000,-9.176,160.610,0,0,566,217,106,114
1778698070.585104,0,0.985472,0.913749,0.900474,0.8909,0.3340,1.2730,0.000,3.068,-147.445,0,0,63,203,127,141
1778698070.585104,1,0.954101,0.914587,0.872608,1.1897,-0.0405,1.3102,0.000,4.614,-172.871,0,0,566,216,108,113
1778698070.585104,9,0.989256,0.998809,0.988077,1.1320,-0.5034,1.2845,0.000,-9.176,160.610,0,0,320,207,84,105
1778698070.585104,0,0.984491,0.913749,0.899577,0.8909,0.3340,1.2730,0.000,2.858,-147.748,0,0,63,204,127,140
1778698070.585104,9,0.955152,0.914542,0.873527,1.1320,-0.5034,1.2845,0.000,-9.787,161.005,0,0,565,216,107,113
1778698070.585104,1,0.993088,0.998708,0.991804,1.1897,-0.0405,1.3102,0.000,5.281,-172.621,0,0,319,209,83,103
1778698070.818675,0,0.984654,0.913749,0.899726,0.8968,0.3367,1.2740,-0.000,2.780,-147.473,0,0,63,203,127,141
1778698070.818675,9,0.947762,0.915133,0.867328,1.1347,-0.5028,1.2868,-0.000,-10.380,162.723,0,0,565,216,107,113
1778698070.818675,1,0.996862,0.999048,0.995912,1.1903,-0.0405,1.3043,0.000,6.914,-176.054,0,0,319,211,84,107
1778698070.885382,0,0.983528,0.913749,0.898697,0.8988,0.3375,1.2743,0.000,2.744,-147.066,0,0,63,203,126,140
1778698070.885382,9,0.946467,0.915086,0.866099,1.1385,-0.5046,1.2892,0.000,-10.663,162.366,0,0,565,215,107,113
1778698070.885382,1,0.994983,0.998971,0.993959,1.1980,-0.0405,1.3074,0.000,5.888,-175.191,0,0,319,210,84,109
1778698070.952133,0,0.984892,0.913749,0.899944,0.9008,0.3384,1.2746,0.000,3.034,-147.406,0,0,63,203,127,140
1778698070.952133,9,0.948796,0.914542,0.867714,1.1387,-0.5065,1.2874,0.000,-10.427,161.967,0,0,566,216,108,111
1778698070.952133,1,0.996666,0.998971,0.995641,1.1980,-0.0405,1.3074,0.000,6.333,-176.161,0,0,319,210,84,107
1778698070.952133,0,0.984634,0.913749,0.899708,0.9008,0.3384,1.2746,0.000,2.846,-147.423,0,0,63,203,126,140
1778698070.952133,9,0.949110,0.914542,0.868001,1.1387,-0.5065,1.2874,0.000,-10.167,162.525,0,0,567,216,108,114
1778698070.952133,1,0.997760,0.998971,0.996733,1.1980,-0.0405,1.3074,0.000,6.214,-177.190,0,0,319,210,83,106
1778698071.118980,0,0.984493,0.913749,0.899579,0.9028,0.3393,1.2749,0.000,2.881,-147.346,0,0,63,203,127,140
1778698071.118980,9,0.946347,0.913310,0.864308,1.1455,-0.5134,1.2902,-0.000,-10.511,162.629,0,0,568,215,110,115
1778698071.118980,1,0.995346,0.998891,0.994242,1.2008,-0.0406,1.3098,0.000,5.361,-175.782,0,0,319,209,84,107
1778698071.118980,0,0.983029,0.913749,0.898241,0.9028,0.3393,1.2749,0.000,2.720,-146.895,0,0,63,203,126,140
1778698071.118980,9,0.944562,0.913310,0.862678,1.1455,-0.5134,1.2902,-0.000,-10.467,163.567,0,0,568,216,112,115
1778698071.118980,1,0.996737,0.998891,0.995632,1.2008,-0.0406,1.3098,-0.000,6.134,-176.368,0,0,319,209,84,107
1778698071.219099,0,0.974826,0.913749,0.890746,0.9048,0.3402,1.2752,0.000,1.208,-145.116,0,0,63,201,127,139
1778698071.219099,9,0.998979,0.998891,0.997871,1.2047,-0.0406,1.3104,-0.000,6.651,-178.501,0,0,319,210,84,113
1778698071.219099,1,0.942061,0.913357,0.860438,1.1417,-0.5116,1.2878,0.000,-10.727,164.249,0,0,568,216,112,110
1778698071.352584,0,0.970120,0.913592,0.886294,0.9045,0.3402,1.2782,-0.000,1.017,-143.969,0,0,63,201,126,140
1778698071.352584,1,0.998918,0.998821,0.997740,1.1976,-0.0385,1.3114,0.000,6.259,-178.852,0,0,318,208,85,109
1778698071.352584,9,0.955693,0.913357,0.872889,1.1387,-0.5102,1.2874,0.000,-8.660,162.790,0,0,568,216,113,109
1778698071.352584,0,0.957542,0.913425,0.874643,0.9045,0.3402,1.2782,-0.000,1.017,-143.969,0,0,63,199,127,139
1778698071.352584,1,0.995240,0.998735,0.993981,1.1976,-0.0385,1.3114,0.000,6.259,-178.852,0,0,318,207,85,109
1778698071.352584,9,0.914508,0.913749,0.835630,1.1387,-0.5102,1.2874,0.000,-8.660,162.790,0,0,567,212,113,107
1778698071.486092,0,0.922467,0.913338,0.842525,0.9040,0.3402,1.2826,-0.000,-2.089,-135.891,0,0,63,198,127,140
1778698071.486092,1,0.968630,0.998904,0.967568,1.1938,-0.0385,1.3088,0.000,6.411,165.269,0,0,318,209,84,105
1778698071.486092,9,0.887427,0.914164,0.811254,1.1473,-0.5109,1.3020,0.000,-15.212,171.320,0,0,566,209,112,101
1778698071.552800,0,0.917861,0.913249,0.838236,0.9039,0.3402,1.2841,0.000,-2.705,-135.507,0,0,63,197,127,141
1778698071.552800,1,0.953025,0.998744,0.951828,1.1935,-0.0365,1.3128,0.000,4.753,162.412,0,0,317,207,85,105
1778698071.552800,9,0.898880,0.914985,0.822461,1.1451,-0.5077,1.2940,-0.000,-15.335,169.000,0,0,565,213,115,101
1778698071.552800,0,0.906312,0.913249,0.827689,0.9039,0.3402,1.2841,0.000,-3.134,-133.896,0,0,63,197,127,140
1778698071.552800,1,0.948419,0.998744,0.947228,1.1935,-0.0365,1.3128,0.000,6.399,161.231,0,0,317,209,85,106
1778698071.552800,9,0.874396,0.914985,0.800059,1.1451,-0.5077,1.2940,-0.000,-18.743,169.114,0,0,567,208,108,105
1778698071.652869,0,0.864112,0.913249,0.789150,0.9039,0.3402,1.2841,0.000,-5.766,-129.372,0,0,63,194,126,133
1778698071.652869,1,0.917160,0.998913,0.916163,1.1899,-0.0365,1.3082,-0.000,4.183,156.490,0,0,316,208,85,102
1778698071.652869,9,0.888325,0.913509,0.811494,1.1471,-0.5128,1.3039,0.000,-18.092,164.968,0,0,565,210,108,103
1778698071.786346,0,0.841903,0.912969,0.768631,0.9034,0.3402,1.2885,0.000,-6.981,-127.380,0,0,63,194,126,132
1778698071.786346,1,0.910525,0.998744,0.909382,1.1935,-0.0365,1.3128,0.000,4.421,155.516,0,0,317,207,86,103
1778698071.786346,9,0.871127,0.914691,0.796812,1.1471,-0.5090,1.3039,0.000,-19.700,166.801,0,0,565,208,108,107
1778698071.786346,0,0.833411,0.912969,0.760878,0.9034,0.3402,1.2885,-0.000,-7.424,-126.601,0,0,63,194,127,130
1778698071.786346,1,0.911469,0.998744,0.910324,1.1935,-0.0365,1.3128,0.000,4.152,155.704,0,0,317,207,86,105
1778698071.786346,9,0.854022,0.914691,0.781165,1.1471,-0.5090,1.3039,0.000,-20.716,169.438,0,0,565,208,110,109
1778698071.853114,0,0.802711,0.912969,0.732850,0.9054,0.3411,1.2888,0.000,-8.749,-123.809,0,0,64,193,126,128
1778698071.853114,1,0.902131,0.998744,0.900999,1.1935,-0.0365,1.3128,0.000,4.647,154.312,0,0,316,208,85,105
1778698071.853114,9,0.872581,0.914691,0.798142,1.1501,-0.5103,1.3043,-0.000,-20.517,163.686,0,0,563,214,113,105
1778698071.919824,0,0.805113,0.913458,0.735437,0.9033,0.3387,1.2899,-0.000,-7.601,-123.600,0,0,63,193,127,128
1778698071.919824,1,0.895819,0.998836,0.894776,1.1897,-0.0345,1.3102,0.000,5.373,153.445,0,0,317,208,86,106
1778698071.919824,9,0.883697,0.916214,0.809656,1.1482,-0.5052,1.2925,-0.000,-19.790,163.449,0,0,563,215,114,102
1778698072.053299,0,0.801146,0.913458,0.731813,0.9053,0.3396,1.2903,0.000,-7.434,-123.086,0,0,64,193,128,130
1778698072.053299,1,0.891693,0.998919,0.890729,1.1859,-0.0345,1.3076,-0.000,4.420,153.051,0,0,316,209,84,107
1778698072.053299,9,0.897356,0.917335,0.823176,1.1550,-0.5044,1.2953,-0.000,-17.078,166.085,0,0,561,213,113,99
1778698072.120025,0,0.803423,0.913458,0.733893,0.9033,0.3387,1.2899,-0.000,-7.249,-123.240,0,0,64,193,127,130
1778698072.120025,1,0.890128,0.998750,0.889015,1.1895,-0.0345,1.3122,0.000,4.416,152.875,0,0,316,207,84,107
1778698072.120025,9,0.911881,0.916264,0.835523,1.1484,-0.5052,1.2906,0.000,-16.563,161.478,0,0,563,215,114,102
1778698072.186764,0,0.805483,0.913458,0.735774,0.9033,0.3387,1.2899,-0.000,-6.781,-123.234,0,0,64,193,128,130
1778698072.186764,1,0.887607,0.998750,0.886498,1.1895,-0.0345,1.3122,0.000,4.286,152.577,0,0,316,207,85,105
1778698072.186764,9,0.918697,0.915768,0.841313,1.1389,-0.5027,1.2855,0.000,-16.271,157.926,0,0,564,217,108,102
1778698072.186764,0,0.803816,0.913458,0.734252,0.9033,0.3387,1.2899,-0.000,-6.781,-123.234,0,0,64,192,127,129
1778698072.186764,1,0.885819,0.998750,0.884712,1.1895,-0.0345,1.3122,0.000,4.286,152.577,0,0,317,208,84,107
1778698072.186764,9,0.897452,0.915768,0.821858,1.1389,-0.5027,1.2855,0.000,-16.271,157.926,0,0,564,215,112,103
1778698072.320240,0,0.807802,0.913458,0.737893,0.9013,0.3378,1.2896,0.000,-6.858,-123.523,0,0,64,193,128,130
1778698072.320240,1,0.882486,0.998830,0.881453,1.1897,-0.0365,1.3102,-0.000,3.775,151.916,0,0,317,208,84,107
1778698072.320240,9,0.935033,0.915723,0.856231,1.1417,-0.5040,1.2878,0.000,-13.645,158.253,0,0,564,216,108,105
1778698072.420346,0,0.807597,0.913458,0.737706,0.9033,0.3387,1.2899,0.000,-7.225,-123.682,0,0,64,193,127,130
1778698072.420346,1,0.885638,0.998913,0.884675,1.1859,-0.0365,1.3076,-0.000,3.810,152.289,0,0,317,209,84,106
1778698072.420346,9,0.939690,0.915810,0.860578,1.1391,-0.5027,1.2836,0.000,-12.223,162.296,0,0,564,218,112,105
1778698072.420346,0,0.802400,0.913458,0.732959,0.9033,0.3387,1.2899,-0.000,-6.806,-122.915,0,0,64,193,128,128
1778698072.420346,1,0.887683,0.998913,0.886718,1.1859,-0.0365,1.3076,-0.000,3.869,152.537,0,0,317,208,84,106
1778698072.420346,9,0.940977,0.915810,0.861756,1.1391,-0.5027,1.2836,-0.000,-12.563,160.102,0,0,564,218,113,106
1778698072.553823,0,0.804850,0.913458,0.735197,0.9033,0.3387,1.2899,-0.000,-7.561,-123.551,0,0,64,193,127,132
1778698072.553823,1,0.893026,0.998830,0.891981,1.1897,-0.0365,1.3102,0.000,3.540,153.304,0,0,317,208,84,107
1778698072.553823,9,0.904420,0.915810,0.828277,1.1391,-0.5027,1.2836,-0.000,-15.772,167.565,0,0,563,211,113,110
1778698072.553823,0,0.805955,0.913556,0.736285,0.9033,0.3387,1.2899,-0.000,-7.561,-123.551,0,0,64,194,128,130
1778698072.553823,1,0.891482,0.998830,0.890439,1.1897,-0.0365,1.3102,0.000,3.540,153.304,0,0,317,208,84,107
1778698072.553823,9,0.911456,0.915626,0.834553,1.1391,-0.5027,1.2836,-0.000,-15.772,167.565,0,0,564,214,112,107
1778698072.720679,0,0.810418,0.913556,0.740363,0.9015,0.3378,1.2881,0.000,-6.657,-123.671,0,0,64,194,128,130
1778698072.720679,1,0.901396,0.998830,0.900342,1.1897,-0.0365,1.3102,0.000,4.466,154.232,0,0,317,208,85,106
1778698072.720679,9,0.918652,0.914340,0.839961,1.1449,-0.5096,1.2958,-0.000,-12.965,167.382,0,0,566,212,110,106
1778698072.720679,0,0.804332,0.913556,0.734803,0.9015,0.3378,1.2881,0.000,-6.702,-123.034,0,0,64,194,128,130
1778698072.720679,1,0.905068,0.998830,0.904010,1.1897,-0.0365,1.3102,-0.000,3.379,154.956,0,0,317,208,85,106
1778698072.720679,9,0.902016,0.914340,0.824750,1.1449,-0.5096,1.2958,-0.000,-14.560,169.264,0,0,566,211,110,107
1778698072.887498,0,0.811413,0.912969,0.740795,0.9015,0.3393,1.2881,0.000,-6.739,-123.731,0,0,63,194,127,130
1778698072.887498,1,0.905423,0.998830,0.904364,1.1937,-0.0365,1.3108,0.000,2.799,155.144,0,0,317,208,84,103
1778698072.887498,9,0.908710,0.914284,0.830819,1.1447,-0.5096,1.2977,0.000,-15.001,166.281,0,0,566,211,112,107
1778698072.887498,0,0.806293,0.912969,0.736120,0.9015,0.3393,1.2881,0.000,-6.739,-123.731,0,0,63,193,127,129
1778698072.887498,1,0.904036,0.998830,0.902978,1.1937,-0.0365,1.3108,0.000,2.799,155.144,0,0,317,208,84,105
1778698072.887498,9,0.915633,0.914284,0.837148,1.1447,-0.5096,1.2977,0.000,-15.001,166.281,0,0,566,213,112,107
1778698073.054344,0,0.805406,0.912969,0.735311,0.9015,0.3393,1.2881,-0.000,-6.464,-122.949,0,0,63,194,127,129
1778698073.054344,1,0.903241,0.998744,0.902107,1.1895,-0.0365,1.3122,0.000,3.050,154.800,0,0,317,207,84,105
1778698073.054344,9,0.900400,0.914394,0.823321,1.1451,-0.5096,1.2940,-0.000,-16.712,165.558,0,0,566,213,112,107
1778698073.121082,0,0.812241,0.912969,0.741551,0.9015,0.3393,1.2881,0.000,-7.050,-123.975,0,0,63,194,127,130
1778698073.121082,1,0.892497,0.998830,0.891453,1.1897,-0.0365,1.3102,0.000,3.671,153.208,0,0,317,208,83,106
1778698073.121082,9,0.914209,0.914931,0.836438,1.1449,-0.5077,1.2958,-0.000,-13.857,167.148,0,0,565,212,113,110
1778698073.121082,0,0.812769,0.912969,0.742032,0.9015,0.3393,1.2881,0.000,-6.318,-123.678,0,0,63,194,127,129
1778698073.121082,1,0.892950,0.998830,0.891905,1.1897,-0.0365,1.3102,0.000,4.171,153.169,0,0,317,209,83,106
1778698073.121082,9,0.911529,0.914931,0.833986,1.1449,-0.5077,1.2958,0.000,-14.200,167.308,0,0,566,212,112,109
1778698073.221143,0,0.815119,0.912969,0.744178,0.9015,0.3393,1.2881,0.000,-7.214,-124.378,0,0,64,194,126,130
1778698073.221143,1,0.878117,0.998913,0.877163,1.1899,-0.0365,1.3082,0.000,5.172,151.134,0,0,318,208,84,109
1778698073.221143,9,0.914447,0.914340,0.836116,1.1449,-0.5096,1.2958,0.000,-14.696,165.177,0,0,566,212,112,111
1778698073.354601,0,0.801757,0.913556,0.732450,0.9015,0.3378,1.2881,0.000,-7.365,-123.077,0,0,64,194,126,130
1778698073.354601,1,0.889645,0.998821,0.888596,1.1937,-0.0385,1.3108,-0.000,4.163,152.644,0,0,318,208,84,109
1778698073.354601,9,0.923761,0.914495,0.844775,1.1415,-0.5078,1.2896,0.000,-14.283,163.123,0,0,566,215,114,111
1778698073.421340,0,0.808791,0.913556,0.738876,0.9034,0.3387,1.2885,-0.000,-7.135,-123.726,0,0,64,194,126,132
1778698073.421340,1,0.898095,0.998821,0.897036,1.1937,-0.0385,1.3108,0.000,4.791,153.633,0,0,318,208,84,109
1778698073.421340,9,0.910502,0.914394,0.832557,1.1451,-0.5096,1.2940,0.000,-15.830,163.978,0,0,566,213,112,110
1778698073.421340,0,0.810587,0.913556,0.740517,0.9034,0.3387,1.2885,-0.000,-7.101,-123.906,0,0,64,194,125,130
1778698073.421340,1,0.887209,0.998821,0.886163,1.1937,-0.0385,1.3108,0.000,4.141,152.338,0,0,318,208,84,109
1778698073.421340,9,0.902849,0.914394,0.825560,1.1451,-0.5096,1.2940,0.000,-17.070,163.528,0,0,566,211,108,111
1778698073.521456,0,0.819171,0.913556,0.748359,0.9015,0.3378,1.2881,0.000,-6.204,-124.417,0,0,64,194,128,132
1778698073.521456,1,0.897307,0.998821,0.896248,1.1937,-0.0385,1.3108,0.000,5.298,153.448,0,0,318,209,84,107
1778698073.521456,9,0.905253,0.914284,0.827658,1.1477,-0.5109,1.2982,-0.000,-16.794,162.667,0,0,565,211,108,107
1778698073.588186,0,0.819987,0.913556,0.749104,0.9015,0.3378,1.2881,0.000,-6.187,-124.501,0,0,64,195,128,132
1778698073.588186,1,0.901050,0.914874,0.824347,1.1477,-0.5090,1.2982,-0.000,-17.447,162.457,0,0,566,212,110,110
1778698073.588186,9,0.894066,0.998904,0.893086,1.1938,-0.0385,1.3088,0.000,5.169,153.034,0,0,319,210,86,107
1778698073.721660,0,0.816883,0.913652,0.746347,0.9016,0.3378,1.2867,0.000,-6.519,-124.276,0,0,64,195,127,130
1778698073.721660,1,0.900733,0.999060,0.899887,1.1863,-0.0385,1.3037,0.000,6.179,153.769,0,0,318,211,85,110
1778698073.721660,9,0.907123,0.914340,0.829419,1.1409,-0.5078,1.2953,0.000,-16.566,162.874,0,0,566,212,110,110
1778698073.721660,0,0.812961,0.913652,0.742764,0.9016,0.3378,1.2867,0.000,-6.653,-123.908,0,0,64,195,126,130
1778698073.721660,1,0.903845,0.999060,0.902995,1.1863,-0.0385,1.3037,0.000,5.123,154.321,0,0,318,209,85,109
1778698073.721660,9,0.903967,0.914340,0.826534,1.1409,-0.5078,1.2953,0.000,-16.782,163.652,0,0,566,211,110,109
1778698073.821768,0,0.806855,0.913652,0.737185,0.9016,0.3378,1.2867,0.000,-6.825,-123.325,0,0,64,194,126,133
1778698073.821768,9,0.929397,0.914284,0.849733,1.1477,-0.5109,1.2982,0.000,-12.481,164.488,0,0,566,214,114,111
1778698073.821768,1,0.913491,0.998904,0.912490,1.1899,-0.0385,1.3082,0.000,4.390,155.815,0,0,318,211,85,109
1778698073.955229,0,0.816078,0.913652,0.745611,0.9036,0.3387,1.2870,0.000,-6.424,-124.141,0,0,64,195,127,132
1778698073.955229,1,0.912034,0.998983,0.911107,1.1901,-0.0385,1.3063,0.000,4.659,155.544,0,0,318,210,85,107
1778698073.955229,9,0.904632,0.914985,0.827724,1.1451,-0.5077,1.2940,-0.000,-15.948,166.008,0,0,565,213,114,110
1778698073.955229,0,0.811106,0.913652,0.741069,0.9036,0.3387,1.2870,-0.000,-6.580,-123.670,0,0,64,195,127,132
1778698073.955229,1,0.907698,0.914985,0.830530,1.1451,-0.5077,1.2940,0.000,-15.212,166.640,0,0,565,211,113,114
1778698073.955229,9,0.916184,0.998983,0.915252,1.1901,-0.0385,1.3063,0.000,4.122,156.242,0,0,318,210,85,109
1778698074.055332,0,0.803872,0.913652,0.734460,0.9016,0.3378,1.2867,0.000,-6.960,-123.068,0,0,64,194,126,132
1778698074.055332,9,0.891557,0.998983,0.890651,1.1901,-0.0385,1.3063,0.000,4.551,152.797,0,0,318,208,85,109
1778698074.055332,1,0.908797,0.914874,0.831435,1.1477,-0.5090,1.2982,-0.000,-15.483,165.178,0,0,565,213,112,107
1778698074.122075,0,0.813248,0.913556,0.742948,0.9015,0.3378,1.2881,0.000,-6.242,-123.782,0,0,64,195,128,132
1778698074.122075,1,0.894624,0.998821,0.893569,1.1976,-0.0385,1.3114,-0.000,3.896,153.339,0,0,318,208,86,110
1778698074.122075,9,0.904302,0.914985,0.827422,1.1451,-0.5077,1.2940,-0.000,-16.232,165.427,0,0,565,213,112,106
1778698074.122075,0,0.808125,0.913652,0.738346,0.9015,0.3378,1.2881,0.000,-6.242,-123.782,0,0,64,195,126,130
1778698074.122075,1,0.888215,0.998821,0.887168,1.1976,-0.0385,1.3114,-0.000,3.896,153.339,0,0,317,208,85,109
1778698074.122075,9,0.940294,0.914985,0.860355,1.1451,-0.5077,1.2940,-0.000,-16.232,165.427,0,0,566,215,112,110
1778698074.255548,0,0.794310,0.913652,0.725723,0.9036,0.3387,1.2870,0.000,-7.887,-122.498,0,0,64,194,126,133
1778698074.255548,1,0.895024,0.998830,0.893976,1.1937,-0.0365,1.3108,0.000,2.984,153.689,0,0,317,207,85,107
1778698074.255548,9,0.933867,0.914495,0.854017,1.1385,-0.5065,1.2892,0.000,-12.663,163.019,0,0,566,214,114,109
1778698074.389026,0,0.814274,0.913556,0.743885,0.9034,0.3387,1.2885,0.000,-6.602,-124.067,0,0,64,195,127,132
1778698074.389026,1,0.895185,0.998744,0.894061,1.1935,-0.0365,1.3128,-0.000,3.313,153.654,0,0,317,206,85,105
1778698074.389026,9,0.924061,0.914985,0.845502,1.1451,-0.5077,1.2940,0.000,-13.063,165.685,0,0,565,213,113,111
1778698074.455770,0,0.807245,0.913158,0.737142,0.9017,0.3393,1.2852,0.000,-6.609,-123.139,0,0,63,196,127,130
1778698074.455770,1,0.897554,0.998744,0.896427,1.1974,-0.0365,1.3134,0.000,2.320,154.212,0,0,317,207,85,106
1778698074.455770,9,0.904768,0.914340,0.827266,1.1449,-0.5096,1.2958,-0.000,-16.179,165.074,0,0,566,212,110,109
1778698074.455770,0,0.815909,0.913158,0.745054,0.9017,0.3393,1.2852,0.000,-6.609,-123.139,1,1,64,195,128,132
1778698074.455770,1,0.901430,0.998744,0.900298,1.1974,-0.0365,1.3134,0.000,2.320,154.212,0,1,317,206,85,107
1778698074.455770,9,0.905653,0.914340,0.828075,1.1449,-0.5096,1.2958,-0.000,-16.179,165.074,0,1,566,212,110,110
1778698076.524567,10,0.787410,0.985538,0.776023,0.8986,0.3606,1.2398,0.000,-6.995,-118.973,0,1,220,246,107,124
1778698076.524567,11,0.903379,0.971070,0.877245,1.2399,0.0059,1.2569,0.000,-1.271,157.125,0,1,459,249,90,105
1778698076.624685,1,0.801531,0.987480,0.791496,0.9085,0.3399,1.2259,0.000,-7.833,-121.805,0,1,224,246,107,121
1778698076.624685,12,0.891636,0.966942,0.862160,1.2246,-0.0274,1.2335,0.000,0.907,153.262,0,1,464,252,90,106
1778698076.624685,13,0.825760,0.987480,0.815422,0.9085,0.3399,1.2259,0.000,-8.063,-124.470,0,1,229,246,107,124
1778698076.624685,1,0.901544,0.966942,0.871741,1.2246,-0.0274,1.2335,0.000,-1.390,155.000,0,1,468,250,90,102
1778698076.691429,1,0.810632,0.988786,0.801541,0.9164,0.3156,1.2175,0.000,-8.270,-124.298,0,1,241,246,106,121
1778698076.691429,14,0.903016,0.965348,0.871724,1.2239,-0.0567,1.2271,0.000,-1.365,153.676,0,1,480,251,92,106
1778698076.691429,15,0.799957,0.992422,0.793895,0.9164,0.3156,1.2175,0.000,-8.270,-124.298,0,1,245,248,106,118
1778698076.691429,1,0.898756,0.958196,0.861185,1.2239,-0.0567,1.2271,0.000,-1.365,153.676,0,1,484,252,93,106
1778698076.791543,1,0.796801,0.992422,0.790763,0.9633,0.2936,1.2166,-0.000,-8.517,-125.176,0,1,246,246,107,121
1778698076.791543,16,0.900699,0.958196,0.863046,1.2816,-0.1050,1.2256,0.000,-1.243,151.075,0,1,486,248,92,105
1778698076.891651,17,0.798644,0.992149,0.792374,0.9760,0.2888,1.2257,0.000,-6.504,-125.385,0,1,243,243,106,122
1778698076.891651,1,0.899470,0.958900,0.862502,1.9751,-0.1713,1.2955,0.000,-1.563,150.479,0,1,483,245,90,103
1778698076.891651,1,0.790281,0.992149,0.784076,0.9760,0.2888,1.2257,0.000,-6.504,-125.385,0,1,241,238,106,121
1778698076.891651,18,0.909491,0.958900,0.872111,1.9751,-0.1713,1.2955,0.000,-1.563,150.479,0,1,480,241,90,107
1778698076.991759,0,0.780560,0.991121,0.773629,1.9533,0.6242,1.3458,0.000,-5.740,-123.864,0,1,238,234,105,118
1778698076.991759,18,0.905005,0.961281,0.869964,1.2895,-0.1258,1.2617,0.000,-1.411,151.166,0,1,478,235,88,105
1778698076.991759,0,0.796650,0.991121,0.789577,1.9533,0.6242,1.3458,0.000,-5.740,-123.864,0,1,231,223,107,118
1778698076.991759,18,0.914262,0.961281,0.878863,1.2895,-0.1258,1.2617,0.000,-1.411,151.166,0,1,470,226,88,109
1778698076.991759,0,0.807113,0.989220,0.798412,1.9533,0.6242,1.3458,0.000,-5.241,-125.287,0,1,229,218,106,117
1778698076.991759,18,0.902988,0.964660,0.871076,1.2895,-0.1258,1.2617,-0.000,1.452,151.799,0,1,468,223,90,106
1778698077.158594,0,0.807694,0.987424,0.797537,1.9462,0.6399,1.4184,-0.000,-4.981,-126.506,0,1,226,213,108,124
1778698077.158594,18,0.923025,0.966570,0.892168,1.2963,-0.1167,1.2945,0.000,0.470,154.141,0,1,465,220,90,110
1778698077.158594,0,0.785629,0.987424,0.775749,1.9581,0.6042,1.4184,0.000,-3.851,-124.967,0,1,218,207,107,125
1778698077.158594,18,0.920621,0.966570,0.889845,1.2941,-0.1401,1.2945,0.000,0.898,152.561,0,1,457,210,88,103
1778698077.258684,0,0.792958,0.984135,0.780378,1.9290,0.6306,1.4393,0.000,-4.334,-125.075,0,1,216,206,108,124
1778698077.258684,18,0.910887,0.970379,0.883906,1.2717,-0.1166,1.3151,0.000,2.272,152.029,0,1,454,209,88,107
1778698077.258684,0,0.801233,0.984135,0.788521,1.9364,0.6087,1.4393,0.000,-4.545,-126.663,0,1,214,205,110,124
1778698077.258684,18,0.908397,0.970379,0.881489,1.2704,-0.1308,1.3151,0.000,1.889,151.108,0,1,452,209,92,107
1778698077.358809,0,0.798591,0.980939,0.783369,1.9407,0.6463,1.4478,0.000,-4.725,-125.538,0,1,206,204,110,121
1778698077.358809,18,0.912802,0.974307,0.889349,1.2581,-0.1079,1.3200,0.000,0.530,153.324,0,1,443,206,88,105
1778698077.358809,0,0.792539,0.980939,0.777432,1.9407,0.6463,1.4478,0.000,-4.725,-125.538,0,1,204,204,110,124
1778698077.358809,18,0.909867,0.974307,0.886490,1.2581,-0.1079,1.3200,0.000,0.530,153.324,0,1,441,208,88,105
1778698077.458897,0,0.803699,0.978911,0.786749,1.9351,0.6392,1.4495,-0.000,-4.605,-126.179,0,1,200,203,112,124
1778698077.458897,18,0.934939,0.976134,0.912626,1.2768,-0.1162,1.3127,-0.000,5.425,155.085,0,1,439,211,92,113
1778698077.458897,0,0.808642,0.978911,0.791589,1.9436,0.6139,1.4495,0.000,-4.974,-127.618,0,1,192,203,112,124
1778698077.458897,18,0.916106,0.976134,0.894243,1.2753,-0.1327,1.3127,0.000,2.819,151.905,0,1,429,208,87,105
1778698077.458897,0,0.814876,0.975127,0.794607,1.9436,0.6139,1.4495,0.000,-4.974,-127.618,0,1,189,203,113,122
1778698077.458897,18,0.928531,0.979899,0.909866,1.2753,-0.1327,1.3127,0.000,2.819,151.905,0,1,428,211,90,110
1778698077.558996,0,0.803600,0.975127,0.783612,1.9387,0.6513,1.4495,0.000,-4.573,-127.035,0,1,186,203,113,121
1778698077.558996,18,0.911580,0.979899,0.893257,1.2642,-0.1094,1.3115,0.000,1.591,155.240,0,1,424,207,87,102
1778698077.625734,0,0.793248,0.974042,0.772658,1.9342,0.6338,1.4476,0.000,-4.465,-125.173,0,1,181,203,113,124
1778698077.625734,18,0.922120,0.980884,0.904493,1.2651,-0.1168,1.3204,0.000,5.257,153.106,0,1,420,213,87,107
1778698077.692482,0,0.796689,0.972187,0.774530,1.9437,0.6169,1.4476,-0.000,-4.503,-126.077,0,1,179,202,112,128
1778698077.692482,18,0.926392,0.982580,0.910254,1.2754,-0.1311,1.3096,0.000,3.189,153.453,0,1,416,209,87,110
1778698077.725851,0,0.798857,0.971335,0.775958,1.9321,0.6200,1.4493,0.000,-4.909,-126.296,0,1,176,203,113,126
1778698077.725851,18,0.902239,0.983503,0.887354,1.2617,-0.1219,1.3162,0.000,2.223,150.629,0,1,414,207,86,107
1778698077.792589,0,0.795940,0.970272,0.772278,1.9191,0.5996,1.4426,0.000,-4.842,-126.365,0,1,168,203,114,125
1778698077.792589,18,0.920763,0.983930,0.905967,1.2715,-0.1340,1.3222,0.000,1.161,153.177,0,1,406,210,87,106
1778698077.859319,0,0.806655,0.965854,0.779111,1.9158,0.6364,1.4426,0.000,-4.778,-126.383,0,1,165,203,114,122
1778698077.859319,18,0.910616,0.987055,0.898827,1.2496,-0.1096,1.3171,0.000,2.615,152.291,0,1,403,208,85,103
1778698077.859319,0,0.805572,0.965854,0.778065,1.9158,0.6364,1.4426,0.000,-4.778,-126.383,0,1,162,203,113,124
1778698077.859319,18,0.910198,0.987489,0.898811,1.2496,-0.1096,1.3171,0.000,2.615,152.291,0,1,401,207,84,102
1778698077.992793,0,0.813602,0.964602,0.784802,1.9196,0.5975,1.4409,-0.000,-6.045,-128.762,0,1,157,202,116,126
1778698077.992793,18,0.918973,0.988818,0.908697,1.2659,-0.1257,1.3201,0.000,2.428,152.881,0,1,396,208,86,107
1778698078.026134,0,0.816100,0.961076,0.784334,1.9079,0.6207,1.4427,0.000,-5.839,-128.212,0,1,154,202,116,126
1778698078.026134,18,0.911721,0.989532,0.902178,1.2705,-0.1198,1.3208,0.000,3.165,151.921,0,1,393,208,87,106
1778698078.026134,0,0.806466,0.961076,0.775075,1.9079,0.6207,1.4427,0.000,-5.253,-126.926,0,1,151,202,116,124
1778698078.026134,18,0.916228,0.989532,0.906637,1.2705,-0.1198,1.3208,0.000,3.192,152.570,0,1,390,207,85,106
1778698078.026134,0,0.793997,0.959752,0.762040,1.9079,0.6207,1.4427,0.000,-5.253,-126.926,0,1,142,202,117,124
1778698078.026134,18,0.912609,0.991645,0.904984,1.2705,-0.1198,1.3208,0.000,3.192,152.570,0,1,383,207,86,103
1778698078.126252,0,0.798674,0.955669,0.763268,1.9176,0.6255,1.4427,0.000,-5.756,-126.261,0,1,140,201,117,126
1778698078.126252,18,0.914387,0.991645,0.906747,1.2541,-0.1207,1.3210,-0.000,1.615,152.685,0,1,380,206,85,105
1778698078.192991,0,0.808689,0.954649,0.772014,1.9136,0.6066,1.4442,0.000,-5.402,-127.678,0,1,137,201,118,128
1778698078.192991,18,0.917242,0.992161,0.910052,1.2603,-0.1291,1.3243,0.000,5.940,151.770,0,1,379,212,86,110
1778698078.192991,0,0.795401,0.949397,0.755151,1.9136,0.6066,1.4442,0.000,-5.402,-127.678,0,1,129,201,118,126
1778698078.192991,18,0.915667,0.994070,0.910237,1.2603,-0.1291,1.3243,0.000,5.940,151.770,0,1,370,207,85,106
1778698078.293102,0,0.803704,0.949397,0.763034,1.9205,0.6195,1.4442,-0.000,-5.704,-126.103,0,1,125,202,117,128
1778698078.293102,18,0.917934,0.994070,0.912491,1.2545,-0.1229,1.3216,0.000,1.877,152.714,0,1,369,211,86,103
1778698078.293102,0,0.802025,0.944839,0.757784,1.9205,0.6195,1.4442,0.000,-4.649,-126.533,0,1,120,200,120,130
1778698078.293102,18,0.915223,0.995256,0.910882,1.2545,-0.1229,1.3216,0.000,3.236,152.672,0,1,363,208,85,103
1778698078.393209,0,0.819031,0.944839,0.773852,1.9172,0.6239,1.4459,0.000,-4.591,-128.000,0,1,118,200,120,132
1778698078.393209,18,0.906913,0.995256,0.902610,1.2571,-0.1226,1.3201,0.000,1.331,151.619,0,1,361,206,84,102
1778698078.393209,0,0.820574,0.943827,0.774479,1.9172,0.6239,1.4459,0.000,-4.591,-128.000,0,1,115,198,122,133
1778698078.393209,18,0.943103,0.995371,0.938738,1.2571,-0.1226,1.3201,0.000,1.331,151.619,0,1,359,213,87,110
1778698078.526683,0,0.810670,0.942107,0.763738,1.9187,0.6337,1.4524,0.000,-5.523,-127.310,0,0,111,199,123,129
1778698078.526683,18,0.923374,0.996200,0.919865,1.2537,-0.1182,1.3091,-0.000,4.053,153.441,0,0,355,208,85,110
1778698078.626764,0,0.800529,0.935482,0.748880,0.9458,0.2982,1.2864,0.000,-5.914,-125.450,0,0,102,200,123,126
1778698078.626764,1,0.901783,0.997183,0.899242,1.2287,-0.1023,1.3119,0.000,5.601,150.844,0,0,349,210,84,106
1778698078.626764,2,0.808424,0.897977,0.725946,1.0953,-0.5365,1.2888,0.000,-23.066,173.734,0,0,593,212,93,109
1778698078.626764,0,0.809840,0.935482,0.757591,0.9458,0.2982,1.2864,-0.000,-5.641,-126.316,0,0,99,199,123,128
1778698078.626764,18,0.910089,0.997183,0.907525,1.2287,-0.1023,1.3119,0.000,3.434,152.368,0,0,346,209,85,107
1778698078.626764,19,0.866220,0.897977,0.777846,1.0953,-0.5365,1.2888,0.000,-18.965,168.525,0,0,592,211,95,115
1778698078.726853,0,0.810790,0.933780,0.757099,0.9407,0.3010,1.2872,0.000,-4.878,-125.857,0,0,97,199,124,133
1778698078.726853,18,0.917374,0.997406,0.914994,1.2206,-0.0957,1.3127,0.000,3.767,153.669,0,0,343,207,84,102
1778698078.726853,19,0.885918,0.898543,0.796035,1.0952,-0.5346,1.2906,0.000,-17.600,165.892,0,0,591,210,97,110
1778698078.793591,0,0.803320,0.932698,0.749255,0.9388,0.3033,1.2868,-0.000,-5.109,-124.985,0,0,94,198,124,133
1778698078.793591,18,0.920041,0.997512,0.917752,1.2162,-0.0894,1.3162,0.000,3.914,154.373,0,0,341,207,84,105
1778698078.793591,19,0.876912,0.899105,0.788436,1.0989,-0.5348,1.2930,0.000,-18.554,166.331,0,0,590,211,100,114
1778698078.860332,0,0.799341,0.930972,0.744164,0.9357,0.3067,1.2879,0.000,-4.939,-124.265,0,0,84,199,125,133
1778698078.860332,18,0.926082,0.997680,0.923934,1.2123,-0.0851,1.3156,-0.000,3.865,155.512,0,0,333,207,85,109
1778698078.860332,19,0.890850,0.899778,0.801568,1.0952,-0.5310,1.2906,0.000,-15.728,168.195,0,0,585,210,110,117
1778698078.860332,0,0.800272,0.923737,0.739241,0.9357,0.3067,1.2879,0.000,-4.939,-124.265,0,0,81,198,125,132
1778698078.860332,18,0.912657,0.998297,0.911103,1.2123,-0.0851,1.3156,-0.000,3.865,155.512,0,0,330,206,85,105
1778698078.860332,19,0.894304,0.904625,0.809010,1.0952,-0.5310,1.2906,0.000,-15.728,168.195,0,0,582,210,110,113
1778698078.993820,0,0.814787,0.921848,0.751110,0.9060,0.3144,1.2829,-0.000,-5.407,-123.389,0,0,78,196,125,135
1778698078.993820,18,0.910101,0.998680,0.908899,1.2160,-0.0630,1.3182,0.000,3.122,154.812,0,0,329,210,84,102
1778698078.993820,19,0.904357,0.907164,0.820401,1.1277,-0.5320,1.2972,0.000,-14.542,169.668,0,0,578,212,114,118
1778698079.127278,0,0.814849,0.917249,0.747419,0.9057,0.3307,1.2859,0.000,-5.748,-124.181,0,0,70,196,126,133
1778698079.127278,18,0.909316,0.998668,0.908105,1.2123,-0.0467,1.3156,0.000,1.262,155.656,0,0,322,207,84,102
1778698079.127278,19,0.903444,0.912020,0.823959,1.1451,-0.5172,1.2940,-0.000,-15.274,167.458,0,0,570,213,112,107
1778698079.127278,0,0.812255,0.917249,0.745040,0.9057,0.3307,1.2859,0.000,-5.478,-123.781,0,0,68,196,127,133
1778698079.127278,18,0.930934,0.998668,0.929693,1.2123,-0.0467,1.3156,-0.000,2.170,158.696,0,0,321,209,84,106
1778698079.127278,19,0.913487,0.912020,0.833118,1.1451,-0.5172,1.2940,0.000,-11.160,171.142,0,0,568,214,110,105
1778698079.227385,0,0.807872,0.916087,0.740081,0.9057,0.3337,1.2859,0.000,-5.892,-123.318,0,0,67,196,126,135
1778698079.227385,18,0.922343,0.998858,0.921290,1.2087,-0.0446,1.3110,0.000,4.417,156.811,0,0,320,209,84,107
1778698079.227385,19,0.910830,0.913261,0.831826,1.1453,-0.5134,1.2921,-0.000,-14.645,166.792,0,0,567,215,114,110
1778698079.227385,0,0.811003,0.914333,0.741527,0.9057,0.3337,1.2859,0.000,-5.892,-123.318,0,0,65,196,127,135
1778698079.227385,18,0.913548,0.914495,0.835435,1.2087,-0.0446,1.3110,0.000,4.417,156.811,0,0,566,215,114,111
1778698079.227385,19,0.919761,0.999121,0.918953,1.1453,-0.5134,1.2921,-0.000,-14.645,166.792,0,0,319,212,85,111
1778698079.327471,0,0.811752,0.914333,0.742212,0.8998,0.3355,1.2849,0.000,-6.493,-123.748,0,0,65,196,128,135
1778698079.327471,18,0.911918,0.999121,0.911116,1.1905,-0.0405,1.3023,0.000,6.735,155.145,0,0,319,211,86,113
1778698079.327471,19,0.919784,0.914495,0.841138,1.1455,-0.5096,1.2902,-0.000,-12.549,168.248,0,0,567,212,110,113
1778698079.427589,0,0.814658,0.914333,0.744869,0.8998,0.3355,1.2849,-0.000,-6.563,-124.100,0,0,65,196,128,135
1778698079.427589,18,0.889005,0.913749,0.812327,1.1479,-0.5128,1.2963,-0.000,-15.962,170.141,0,0,565,214,114,111
1778698079.427589,19,0.914279,0.999048,0.913408,1.1942,-0.0405,1.3049,0.000,5.884,155.572,0,0,319,211,85,111
1778698079.561056,0,0.813834,0.914333,0.744116,0.8958,0.3337,1.2842,0.000,-6.146,-123.814,0,0,65,196,128,135
1778698079.561056,19,0.912287,0.915037,0.834776,1.1482,-0.5090,1.2925,-0.000,-14.566,166.714,0,0,565,214,113,110
1778698079.561056,18,0.918224,0.998971,0.917279,1.1980,-0.0405,1.3074,0.000,5.907,156.148,0,0,319,210,86,110
1778698079.661156,0,0.810160,0.914425,0.740830,0.8960,0.3337,1.2827,0.000,-6.503,-123.542,0,0,65,197,128,133
1778698079.661156,19,0.928130,0.914495,0.848771,1.1455,-0.5096,1.2902,0.000,-12.979,164.698,0,0,566,215,112,111
1778698079.661156,18,0.918348,0.998904,0.917342,1.1938,-0.0385,1.3088,-0.000,5.617,156.316,0,0,318,209,85,110
1778698079.727892,0,0.814277,0.913927,0.744190,0.8902,0.3326,1.2803,0.000,-5.895,-123.587,0,0,64,198,127,133
1778698079.727892,19,0.921147,0.998971,0.920199,1.1980,-0.0405,1.3074,-0.000,5.590,156.623,0,0,319,210,86,113
1778698079.727892,18,0.913893,0.915086,0.836291,1.1455,-0.5077,1.2902,-0.000,-14.723,166.041,0,0,565,215,113,111
1778698079.794624,0,0.805981,0.914425,0.737009,0.8881,0.3302,1.2814,0.000,-7.322,-123.479,0,0,65,197,127,133
1778698079.794624,18,0.919035,0.998904,0.918027,1.1899,-0.0385,1.3082,0.000,5.053,156.504,0,0,318,209,85,109
1778698079.794624,19,0.896501,0.914446,0.819802,1.1482,-0.5109,1.2925,-0.000,-16.686,167.152,0,0,566,214,110,111
1778698079.794624,0,0.819064,0.914425,0.748973,0.8881,0.3302,1.2814,0.000,-6.623,-124.578,0,0,64,198,128,133
1778698079.794624,18,0.952799,0.914446,0.871284,1.1482,-0.5109,1.2925,0.000,-8.501,164.168,0,0,567,217,114,111
1778698079.794624,19,0.917763,0.998904,0.916757,1.1899,-0.0385,1.3082,0.000,5.252,156.285,0,0,319,210,86,113
1778698079.961468,0,0.823153,0.914425,0.752712,0.8821,0.3276,1.2804,0.000,-6.838,-125.143,0,0,65,197,130,135
1778698079.961468,19,0.924423,0.915086,0.845927,1.1455,-0.5077,1.2902,0.000,-12.552,166.946,0,0,565,215,114,111
1778698079.961468,18,0.921530,0.998971,0.920582,1.1940,-0.0405,1.3068,-0.000,5.644,156.673,0,0,319,210,86,111
1778698079.961468,0,0.831080,0.914425,0.759960,0.8821,0.3276,1.2804,0.000,-6.307,-125.787,1,1,65,198,130,135
1778698079.961468,19,0.919989,0.998971,0.919042,1.1940,-0.0405,1.3068,0.000,5.294,156.494,0,1,318,210,85,110
1778698079.961468,18,0.921567,0.915086,0.843313,1.1455,-0.5077,1.2902,-0.000,-13.442,166.152,0,1,566,214,114,113
1778698082.063658,20,0.981385,0.985012,0.966677,0.8959,0.3467,1.2139,0.000,0.974,-144.992,0,1,228,252,112,128
1778698082.063658,21,0.993996,0.969520,0.963699,1.2367,-0.0171,1.2386,-0.000,4.547,-173.209,0,1,472,253,90,107
1778698082.163774,22,0.976583,0.989244,0.966078,0.9163,0.3284,1.2135,-0.000,0.597,-145.241,0,1,232,253,108,126
1778698082.163774,0,0.991019,0.961841,0.953203,1.2275,-0.0511,1.2332,0.000,2.303,-173.802,0,1,476,251,90,110
1778698082.163774,0,0.977236,0.989244,0.966724,0.9214,0.3178,1.2077,0.000,0.220,-146.158,0,1,236,253,110,126
1778698082.163774,23,0.990652,0.961841,0.952850,1.2279,-0.0656,1.2261,-0.000,0.072,-175.173,0,1,481,250,90,103
1778698082.263882,24,0.978626,0.992086,0.970881,0.9557,0.3108,1.2132,-0.000,0.630,-147.677,0,1,244,251,110,126
1778698082.263882,0,0.983285,0.956591,0.940601,1.2470,-0.0893,1.2390,-0.000,-0.899,-174.125,0,1,488,245,92,107
1778698082.263882,0,0.976176,0.992086,0.968450,0.9557,0.3108,1.2132,-0.000,0.630,-147.677,0,1,242,250,112,126
1778698082.263882,25,0.987109,0.956591,0.944260,1.2470,-0.0893,1.2390,-0.000,-0.899,-174.125,0,1,488,247,90,106
1778698082.330612,0,0.978529,0.991702,0.970409,0.9657,0.2987,1.2135,-0.000,1.123,-148.382,0,1,240,248,112,125
1778698082.330612,26,0.982722,0.956534,0.940008,1.9707,-0.1637,1.2883,0.000,-0.441,-174.575,0,1,486,245,90,106
1778698082.397336,27,0.977477,0.991342,0.969014,1.9519,0.6406,1.2974,0.000,3.280,-148.242,0,1,234,235,112,124
1778698082.397336,0,0.980815,0.957521,0.939150,1.9770,-0.1825,1.2955,-0.000,0.494,-174.155,0,1,479,232,88,105
1778698082.464051,0,0.978564,0.989681,0.968466,0.9556,0.3000,1.2423,-0.000,2.960,-148.060,0,1,232,232,110,125
1778698082.464051,28,0.985973,0.961669,0.948180,1.2520,-0.1071,1.2700,0.000,1.673,-175.318,0,1,477,229,90,102
1778698082.464051,29,0.979547,0.989681,0.969440,0.9594,0.2886,1.2423,0.000,3.292,-148.980,0,1,229,229,112,128
1778698082.464051,0,0.983212,0.961669,0.945524,1.2507,-0.1222,1.2700,0.000,1.127,-175.303,0,1,473,227,88,100
1778698082.564144,0,0.979451,0.988011,0.967708,0.9591,0.2991,1.2541,0.000,3.505,-148.464,0,1,226,225,112,125
1778698082.564144,30,0.979993,0.964602,0.945303,1.2470,-0.1086,1.2800,0.000,2.837,-173.057,0,1,470,224,88,110
1778698082.564144,0,0.976836,0.988011,0.965125,0.9591,0.2991,1.2541,0.000,3.505,-148.464,0,1,221,220,112,122
1778698082.564144,31,0.989610,0.966375,0.956335,1.2470,-0.1086,1.2800,0.000,2.837,-173.057,0,1,465,216,87,111
1778698082.630896,0,0.979567,0.986473,0.966316,0.9653,0.2974,1.2629,0.000,4.034,-148.696,0,1,219,216,112,128
1778698082.630896,32,0.984307,0.966375,0.951210,1.2627,-0.1156,1.2986,0.000,3.455,-174.798,0,1,463,214,88,101
1778698082.630896,0,0.979329,0.984854,0.964495,0.9653,0.2974,1.2629,0.000,4.034,-148.696,0,1,216,216,112,122
1778698082.630896,33,0.991266,0.968320,0.959863,1.2627,-0.1156,1.2986,0.000,3.455,-174.798,0,1,460,214,87,102
1778698082.730992,0,0.978431,0.984854,0.963611,1.9611,0.6529,1.4096,0.000,4.388,-148.585,0,1,208,211,113,129
1778698082.730992,34,0.984530,0.968320,0.953341,1.3132,-0.1250,1.3099,-0.000,3.811,-175.062,0,1,452,209,87,102
1778698082.730992,35,0.976381,0.981192,0.958017,1.9611,0.6529,1.4096,0.000,4.388,-148.585,0,1,205,211,115,130
1778698082.730992,0,0.986072,0.971772,0.958237,1.3132,-0.1250,1.3099,-0.000,3.811,-175.062,0,1,450,207,88,101
1778698082.831099,0,0.978397,0.981192,0.959995,0.9576,0.2968,1.2763,0.000,3.621,-148.625,0,1,203,211,114,128
1778698082.831099,36,0.989085,0.971772,0.961165,1.2854,-0.1185,1.3216,0.000,4.758,-176.504,0,1,447,211,88,107
1778698082.831099,0,0.978620,0.977539,0.956638,0.9576,0.2968,1.2763,0.000,3.621,-148.625,0,1,194,211,115,132
1778698082.931212,0,0.981300,0.977539,0.959259,0.9530,0.2947,1.2751,-0.000,3.027,-148.950,0,1,192,211,114,130
1778698082.997920,0,0.978912,0.976842,0.956242,0.9545,0.2859,1.2748,0.000,3.702,-149.270,0,1,189,211,115,132
1778698082.997920,39,0.985170,0.977120,0.962629,1.2913,-0.1290,1.3172,0.000,5.567,-175.057,0,1,433,209,87,107
1778698083.098058,0,0.977683,0.974691,0.952939,1.9489,0.6365,1.4222,-0.000,3.830,-148.988,0,1,186,211,115,130
1778698083.098058,40,0.985272,0.978678,0.964264,1.2881,-0.1341,1.3214,0.000,4.733,-175.679,0,1,431,208,86,105
1778698083.098058,0,0.977880,0.974691,0.953130,1.9489,0.6365,1.4222,-0.000,4.355,-148.862,0,1,178,210,115,128
1778698083.098058,41,0.985835,0.978678,0.964815,1.2881,-0.1341,1.3214,-0.000,5.612,-175.574,0,1,422,211,85,106
1778698083.164797,0,0.979534,0.971617,0.951732,0.9514,0.2830,1.2753,0.000,4.177,-149.385,0,1,175,210,117,129
1778698083.164797,41,0.985958,0.981822,0.968036,1.2810,-0.1303,1.3145,0.000,5.171,-175.513,0,1,420,210,85,103
1778698083.264913,0,0.980487,0.969663,0.950742,1.9202,0.6454,1.4208,0.000,4.596,-149.048,0,1,173,210,116,129
1778698083.264913,0,0.977395,0.969663,0.947744,1.9202,0.6454,1.4208,0.000,4.596,-149.048,0,1,169,210,117,132
1778698083.365028,0,0.977611,0.964668,0.943070,1.9031,0.6543,1.4210,0.000,3.537,-148.174,0,1,161,209,118,129
1778698083.365028,41,0.981173,0.986257,0.967689,1.2797,-0.1124,1.3214,0.000,4.523,-173.384,0,1,406,208,85,105
1778698083.365028,0,0.976430,0.964668,0.941930,1.9147,0.6211,1.4210,0.000,4.078,-148.655,0,1,158,210,117,128
1778698083.365028,41,0.985820,0.986257,0.972272,1.2776,-0.1344,1.3214,-0.000,5.935,-175.509,0,1,404,210,85,103
1778698083.465137,0,0.981688,0.962594,0.944967,1.9138,0.6377,1.4177,-0.000,4.073,-149.732,0,1,156,210,120,130
1778698083.465137,41,0.981530,0.987315,0.969079,1.2900,-0.1270,1.3233,0.000,4.103,-174.305,0,1,402,208,84,102
1778698083.465137,0,0.979847,0.962594,0.943194,1.9138,0.6377,1.4177,-0.000,4.073,-149.732,0,1,153,209,118,133
1778698083.465137,41,0.986971,0.987315,0.974451,1.2900,-0.1270,1.3233,0.000,4.103,-174.305,0,1,399,210,85,103
1778698083.531877,0,0.978353,0.961210,0.940402,1.9208,0.6243,1.4210,0.000,3.976,-149.204,0,1,144,208,122,133
1778698083.531877,41,0.986203,0.988236,0.974602,1.3096,-0.1458,1.3222,0.000,4.924,-176.302,0,1,391,208,85,107
1778698083.598615,0,0.980210,0.957084,0.938143,1.9130,0.6390,1.4228,0.000,3.759,-149.398,0,1,142,209,120,133
1778698083.598615,41,0.992619,0.989994,0.982687,1.2862,-0.1267,1.3233,-0.000,4.889,-178.464,0,1,389,210,85,107
1778698083.698723,0,0.980012,0.954432,0.935355,1.9249,0.6238,1.4162,0.000,4.744,-149.440,0,1,138,210,123,132
1778698083.698723,41,0.988503,0.991181,0.979785,1.9548,-0.1992,1.4195,0.000,5.939,-176.671,0,1,386,209,85,110
1778698083.765451,0,0.981830,0.950039,0.932776,1.9127,0.6497,1.4179,0.000,4.790,-149.174,0,1,129,209,123,133
1778698083.765451,41,0.990482,0.992687,0.983239,1.2962,-0.1253,1.3209,0.000,5.540,-176.904,0,1,379,210,84,102
1778698083.765451,0,0.981137,0.950039,0.932118,1.9248,0.6145,1.4179,0.000,4.397,-150.166,0,1,126,208,123,135
1778698083.765451,41,0.989176,0.992687,0.981942,1.2938,-0.1487,1.3209,-0.000,5.895,-177.309,0,1,376,209,85,110
1778698083.765451,0,0.981028,0.948493,0.930498,1.9248,0.6145,1.4179,0.000,4.397,-150.166,0,1,124,208,124,137
1778698083.765451,41,0.985846,0.993177,0.979120,1.2938,-0.1487,1.3209,-0.000,5.895,-177.309,0,1,373,209,85,106
1778698083.865547,0,0.977716,0.947500,0.926386,1.9211,0.6075,1.4197,-0.000,4.322,-149.343,0,1,114,207,125,135
1778698083.865547,41,0.982383,0.993720,0.976214,1.9580,-0.2132,1.4210,0.000,5.011,-175.181,0,1,365,207,85,107
1778698083.965643,0,0.981808,0.941394,0.924268,0.9558,0.2931,1.2757,0.000,4.065,-149.583,0,1,112,208,125,133
1778698083.965643,41,0.983527,0.995256,0.978861,1.2698,-0.1257,1.3220,-0.000,4.196,-174.925,0,1,363,208,85,102
1778698083.965643,0,0.981757,0.941394,0.924220,0.9574,0.2882,1.2757,0.000,4.725,-149.639,0,1,109,207,125,137
1778698083.965643,41,0.980348,0.995256,0.975698,1.2691,-0.1323,1.3220,0.000,4.215,-174.173,0,1,360,208,83,105
1778698084.099100,0,0.981397,0.938176,0.920724,0.9420,0.2902,1.2749,0.000,3.623,-149.532,0,0,106,207,126,137
1778698084.099100,1,0.987429,0.996036,0.983515,1.2364,-0.1213,1.3151,0.000,4.311,-176.201,0,0,358,209,83,103
1778698084.099100,2,0.990326,0.893845,0.885198,1.0962,-0.5491,1.2798,0.000,-0.958,151.213,0,0,600,217,80,141
1778698084.099100,0,0.980969,0.938176,0.920321,0.9420,0.2902,1.2749,0.000,4.912,-148.915,0,0,97,207,127,133
1778698084.099100,1,0.985776,0.996036,0.981868,1.2364,-0.1213,1.3151,-0.000,5.499,-175.087,0,0,350,209,85,109
1778698084.099100,2,0.934034,0.893845,0.834882,1.0962,-0.5491,1.2798,0.000,-4.168,171.097,0,0,597,218,86,117
1778698084.199208,0,0.979940,0.933347,0.914624,0.9162,0.2941,1.2710,0.000,3.968,-148.109,0,0,94,207,126,133
1778698084.199208,41,0.987688,0.996997,0.984722,1.2246,-0.1041,1.3133,0.000,5.409,-175.028,0,0,349,210,84,109
1778698084.199208,42,0.945209,0.895761,0.846681,1.0905,-0.5407,1.2772,0.000,-5.721,167.956,0,0,595,218,90,114
1778698084.265946,0,0.982901,0.931709,0.915778,0.9093,0.2959,1.2699,-0.000,4.153,-148.719,0,0,91,206,127,135
1778698084.265946,41,0.982035,0.997183,0.979268,1.2248,-0.1020,1.3113,0.000,5.723,-172.835,0,0,346,211,84,110
1778698084.265946,42,0.944192,0.897008,0.846947,1.0875,-0.5357,1.2768,0.000,-6.068,168.045,0,0,593,219,93,117
1778698084.399431,0,0.982193,0.924954,0.908483,0.8993,0.3097,1.2699,-0.000,4.442,-147.336,0,0,82,206,128,137
1778698084.399431,41,0.992025,0.997995,0.990036,1.2164,-0.0792,1.3142,0.000,4.924,-176.020,0,0,338,208,83,105
1778698084.399431,42,0.955641,0.900725,0.860770,1.0935,-0.5278,1.2776,-0.000,-5.598,166.041,0,0,589,218,101,121
1778698084.466170,0,0.983304,0.923820,0.908396,0.8993,0.3126,1.2699,0.000,3.900,-147.747,0,0,80,206,130,137
1778698084.466170,42,0.950006,0.901995,0.856900,1.0966,-0.5256,1.2762,0.000,-5.897,167.495,0,0,587,219,105,118
1778698084.466170,41,0.984786,0.998196,0.983010,1.2045,-0.0727,1.3124,0.000,4.965,-172.636,0,0,335,208,85,110
1778698084.532913,0,0.984924,0.922178,0.908275,0.8994,0.3170,1.2685,-0.000,4.646,-147.718,0,0,77,207,130,136
1778698084.532913,42,0.952811,0.903222,0.860600,1.1036,-0.5253,1.2771,0.000,-4.188,168.432,0,0,585,219,105,120
1778698084.532913,41,0.983373,0.998230,0.981633,1.1935,-0.0683,1.3128,0.000,2.693,-173.171,0,0,333,207,84,102
1778698084.532913,0,0.980321,0.922178,0.904030,0.8994,0.3170,1.2685,-0.000,3.900,-146.472,0,0,67,205,132,141
1778698084.532913,42,0.952141,0.903222,0.859994,1.1036,-0.5253,1.2771,0.000,-7.355,165.459,0,0,578,220,108,115
1778698084.532913,41,0.983544,0.998230,0.981803,1.1935,-0.0683,1.3128,-0.000,4.369,-172.287,0,0,326,206,86,111
1778698084.633021,0,0.981874,0.916247,0.899640,0.8833,0.3247,1.2689,-0.000,3.989,-146.120,0,0,65,206,131,140
1778698084.633021,42,0.951864,0.907523,0.863838,1.1166,-0.5185,1.2769,0.000,-5.887,167.823,0,0,574,219,107,117
1778698084.633021,41,0.981966,0.998463,0.980456,1.1972,-0.0545,1.3153,-0.000,2.738,-171.974,0,0,324,206,84,106
1778698084.633021,0,0.982480,0.915145,0.899111,0.8833,0.3247,1.2689,-0.000,3.989,-146.120,0,0,65,205,130,141
1778698084.633021,42,0.952724,0.909899,0.866882,1.1166,-0.5185,1.2769,0.000,-5.887,167.823,0,0,575,219,110,121
1778698084.633021,41,0.983935,0.998527,0.982486,1.1972,-0.0545,1.3153,-0.000,2.738,-171.974,0,0,323,206,84,103
1778698084.766498,0,0.983074,0.915074,0.899586,0.8833,0.3276,1.2689,-0.000,4.586,-146.113,0,0,64,205,129,143
1778698084.766498,42,0.960958,0.909297,0.873796,1.1165,-0.5130,1.2788,0.000,-4.364,166.949,0,0,572,220,108,120
1778698084.766498,41,0.983293,0.998554,0.981872,1.2081,-0.0487,1.3170,0.000,3.678,-171.581,0,0,321,206,83,105
1778698084.899963,0,0.982970,0.913896,0.898333,0.8793,0.3287,1.2683,0.000,4.848,-145.817,0,0,63,205,126,141
1778698084.899963,42,0.961505,0.912398,0.877276,1.1230,-0.5064,1.2740,-0.000,-5.916,165.810,0,0,570,222,110,114
1778698084.899963,41,0.982776,0.998723,0.981521,1.2083,-0.0406,1.3150,-0.000,3.779,-170.887,0,0,319,207,83,103
1778698084.966707,0,0.982107,0.913896,0.897544,0.8793,0.3287,1.2683,0.000,4.509,-145.650,0,0,63,205,127,141
1778698084.966707,42,0.947977,0.913053,0.865553,1.1204,-0.5032,1.2699,0.000,-8.440,167.164,0,0,569,224,112,111
1778698084.966707,41,0.985023,0.998809,0.983849,1.2085,-0.0406,1.3130,0.000,4.135,-171.467,0,0,319,208,83,102
1778698085.033440,0,0.980069,0.913896,0.895682,0.8793,0.3287,1.2683,-0.000,4.154,-145.135,0,0,63,205,127,141
1778698085.033440,42,0.943821,0.914213,0.862854,1.1231,-0.5008,1.2721,0.000,-5.987,170.821,0,0,567,223,107,114
1778698085.033440,41,0.982662,0.998723,0.981407,1.2162,-0.0407,1.3162,0.000,3.130,-171.208,0,0,319,207,83,103
1778698085.100178,0,0.979151,0.913896,0.894843,0.8793,0.3287,1.2683,0.000,4.248,-144.822,0,0,63,205,127,141
1778698085.100178,42,0.965412,0.912331,0.880775,1.1226,-0.5064,1.2777,0.000,-4.469,165.982,0,0,570,220,110,113
1778698085.100178,41,0.983170,0.998809,0.981999,1.2125,-0.0406,1.3136,0.000,3.544,-171.098,0,0,319,208,83,102
1778698085.100178,0,0.979591,0.913896,0.895245,0.8793,0.3287,1.2683,0.000,4.121,-145.001,0,0,63,206,127,140
1778698085.100178,42,0.963374,0.912331,0.878915,1.1226,-0.5064,1.2777,-0.000,-5.345,165.653,0,0,570,222,110,114
1778698085.100178,41,0.987548,0.998809,0.986371,1.2125,-0.0406,1.3136,0.000,4.243,-172.401,0,0,319,208,83,102
1778698085.267002,0,0.981587,0.913896,0.897069,0.8793,0.3287,1.2683,0.000,4.811,-145.383,0,0,63,205,127,140
1778698085.267002,42,0.963988,0.912398,0.879542,1.1230,-0.5064,1.2740,0.000,-5.649,165.300,0,0,570,222,110,115
1778698085.267002,41,0.983213,0.998723,0.981957,1.2123,-0.0406,1.3156,0.000,2.819,-171.607,0,0,319,207,83,102
1778698085.267002,0,0.981230,0.913896,0.896743,0.8793,0.3287,1.2683,0.000,4.811,-145.383,0,0,63,205,127,139
1778698085.267002,42,0.962998,0.912366,0.878606,1.1230,-0.5064,1.2740,0.000,-5.649,165.300,0,0,570,221,110,117
1778698085.267002,41,0.985165,0.998723,0.983907,1.2123,-0.0406,1.3156,0.000,2.819,-171.607,0,0,319,207,83,102
1778698085.333740,0,0.982333,0.913896,0.897751,0.8793,0.3287,1.2683,0.000,4.710,-145.654,0,0,63,205,127,141
1778698085.333740,42,0.962785,0.912366,0.878412,1.1228,-0.5064,1.2758,0.000,-5.386,165.912,0,0,570,222,110,114
1778698085.333740,41,0.986680,0.998723,0.985420,1.2162,-0.0407,1.3162,0.000,3.193,-172.748,0,0,319,208,83,103
1778698085.500586,0,0.982283,0.913967,0.897774,0.8814,0.3296,1.2672,0.000,4.342,-145.740,0,0,63,206,127,141
1778698085.500586,42,0.960759,0.912398,0.876595,1.1230,-0.5064,1.2740,0.000,-5.910,166.062,0,0,570,222,112,115
1778698085.500586,41,0.987187,0.998809,0.986011,1.2125,-0.0406,1.3136,-0.000,3.229,-172.875,0,0,319,208,83,103
1778698085.500586,0,0.981618,0.913967,0.897166,0.8814,0.3296,1.2672,0.000,3.989,-145.657,0,0,63,205,127,143
1778698085.500586,42,0.956220,0.912398,0.872454,1.1230,-0.5064,1.2740,0.000,-6.698,166.545,0,0,570,223,110,115
1778698085.500586,41,0.984999,0.998809,0.983825,1.2125,-0.0406,1.3136,-0.000,3.105,-172.046,0,0,319,208,83,102
1778698085.600695,0,0.981596,0.913896,0.897077,0.8773,0.3278,1.2680,-0.000,4.403,-145.524,0,0,63,205,127,143
1778698085.600695,42,0.961333,0.912429,0.877148,1.1202,-0.5051,1.2718,-0.000,-6.678,164.994,0,0,570,221,108,115
1778698085.600695,41,0.988759,0.998809,0.987581,1.2085,-0.0406,1.3130,-0.000,3.778,-173.206,0,0,319,208,83,103
1778698085.734145,0,0.980023,0.913896,0.895640,0.8793,0.3287,1.2683,0.000,4.354,-145.049,0,0,64,205,128,140
1778698085.734145,42,0.960004,0.912398,0.875906,1.1230,-0.5064,1.2740,-0.000,-6.686,165.322,0,0,570,222,108,115
1778698085.734145,41,0.983721,0.998809,0.982549,1.2085,-0.0406,1.3130,0.000,2.917,-171.672,0,0,319,208,83,102
1778698085.800855,0,0.983461,0.914486,0.899362,0.8793,0.3273,1.2683,-0.000,4.434,-146.213,0,0,64,205,128,139
1778698085.800855,42,0.965904,0.912994,0.881865,1.1230,-0.5045,1.2740,0.000,-5.897,164.340,0,0,569,222,108,117
1778698085.800855,41,0.986643,0.998891,0.985549,1.2087,-0.0406,1.3110,0.000,3.175,-172.609,0,0,319,209,83,102
1778698085.867622,0,0.981818,0.914557,0.897928,0.8795,0.3273,1.2669,0.000,4.842,-145.510,0,0,64,206,128,141
1778698085.867622,42,0.964850,0.912994,0.880903,1.1230,-0.5045,1.2740,0.000,-5.714,164.990,0,0,569,222,108,117
1778698085.867622,41,0.986487,0.998809,0.985312,1.2085,-0.0406,1.3130,0.000,3.459,-172.421,0,0,319,208,83,105
1778698085.867622,0,0.979761,0.914557,0.896047,0.8795,0.3273,1.2669,0.000,4.094,-145.121,0,0,64,206,128,141
1778698085.867622,42,0.962239,0.912994,0.878519,1.1230,-0.5045,1.2740,-0.000,-5.943,165.609,0,0,569,222,108,117
1778698085.867622,41,0.984108,0.998809,0.982935,1.2085,-0.0406,1.3130,-0.000,2.850,-171.864,0,0,319,208,83,102
1778698085.867622,0,0.978917,0.914557,0.895275,0.8795,0.3273,1.2669,0.000,4.094,-145.121,0,0,64,207,128,136
1778698085.867622,42,0.962811,0.912994,0.879041,1.1230,-0.5045,1.2740,-0.000,-5.943,165.609,0,0,570,222,110,115
1778698085.867622,41,0.987565,0.998809,0.986388,1.2085,-0.0406,1.3130,-0.000,2.850,-171.864,0,0,319,209,83,105
1778698086.101207,0,0.979616,0.914557,0.895914,0.8795,0.3273,1.2669,0.000,3.455,-145.330,0,0,64,206,128,139
1778698086.101207,42,0.963653,0.912429,0.879265,1.1231,-0.5064,1.2721,-0.000,-6.839,163.862,0,0,570,223,110,114
1778698086.101207,41,0.983702,0.998723,0.982446,1.2162,-0.0407,1.3162,-0.000,3.202,-171.547,0,0,319,207,83,103
1778698086.167948,0,0.981399,0.914557,0.897544,0.8814,0.3282,1.2672,0.000,4.220,-145.586,0,0,64,206,128,137
1778698086.167948,42,0.958638,0.912398,0.874659,1.1230,-0.5064,1.2740,0.000,-7.219,165.049,0,0,570,222,110,113
1778698086.167948,41,0.986916,0.998891,0.985822,1.2087,-0.0406,1.3110,0.000,3.762,-172.354,0,0,319,209,83,103
1778698086.234687,0,0.978209,0.914557,0.894628,0.8795,0.3273,1.2669,0.000,3.486,-144.888,0,0,64,206,128,139
1778698086.234687,42,0.961720,0.912398,0.877472,1.1230,-0.5064,1.2740,0.000,-6.450,165.041,0,0,570,222,110,115
1778698086.234687,41,0.981026,0.998809,0.979857,1.2085,-0.0406,1.3130,0.000,4.064,-170.117,0,0,319,208,84,103
1778698086.234687,0,0.979564,0.914557,0.895867,0.8795,0.3273,1.2669,0.000,3.731,-145.199,0,0,64,206,128,140
1778698086.234687,42,0.964098,0.912398,0.879641,1.1230,-0.5064,1.2740,0.000,-4.975,166.061,0,0,570,221,110,117
1778698086.234687,41,0.987634,0.998809,0.986457,1.2085,-0.0406,1.3130,0.000,3.841,-172.667,0,0,319,209,83,105
1778698086.401521,0,0.979826,0.914557,0.896106,0.8834,0.3290,1.2675,-0.000,3.709,-145.289,0,0,64,206,128,139
1778698086.401521,42,0.966953,0.912398,0.882246,1.1230,-0.5064,1.2740,-0.000,-4.921,165.163,0,0,570,222,108,117
1778698086.401521,41,0.983902,0.998809,0.982729,1.2085,-0.0406,1.3130,0.000,2.745,-171.855,0,0,319,208,83,103
1778698086.401521,0,0.976439,0.914557,0.893009,0.8834,0.3290,1.2675,-0.000,3.709,-145.289,0,0,64,206,128,139
1778698086.401521,42,0.951572,0.912398,0.868213,1.1230,-0.5064,1.2740,-0.000,-4.921,165.163,0,0,570,224,110,114
1778698086.401521,41,0.983095,0.998809,0.981924,1.2085,-0.0406,1.3130,0.000,2.745,-171.855,0,0,319,208,84,103
1778698086.568349,0,0.976763,0.914625,0.893372,0.8836,0.3290,1.2661,0.000,2.891,-144.681,0,0,64,207,128,139
1778698086.568349,42,0.957433,0.912429,0.873589,1.1202,-0.5051,1.2718,-0.000,-7.447,165.281,0,0,570,223,110,113
1778698086.568349,41,0.985809,0.998809,0.984635,1.2085,-0.0406,1.3130,-0.000,2.922,-172.501,0,0,319,208,83,105
1778698086.635084,0,0.978469,0.914625,0.894932,0.8836,0.3290,1.2661,0.000,3.092,-145.101,0,0,64,207,128,139
1778698086.635084,42,0.956971,0.912429,0.873167,1.1202,-0.5051,1.2718,0.000,-6.501,166.663,0,0,570,223,110,114
1778698086.635084,41,0.987211,0.998891,0.986117,1.2047,-0.0406,1.3104,0.000,3.353,-172.733,0,0,319,209,83,105
1778698086.735192,0,0.978262,0.914557,0.894676,0.8834,0.3290,1.2675,-0.000,3.819,-144.773,0,0,64,206,129,141
1778698086.735192,42,0.961413,0.911831,0.876647,1.1202,-0.5069,1.2718,0.000,-6.476,165.164,0,0,571,223,110,115
1778698086.735192,41,0.987712,0.998891,0.986616,1.2087,-0.0406,1.3110,0.000,3.267,-173.011,0,0,319,209,83,105
1778698086.801942,0,0.979932,0.914557,0.896204,0.8834,0.3290,1.2675,-0.000,4.510,-145.030,0,0,64,206,129,141
1778698086.801942,42,0.963465,0.912429,0.879093,1.1202,-0.5051,1.2718,-0.000,-6.201,164.884,0,0,570,223,108,114
1778698086.801942,41,0.986047,0.998891,0.984954,1.2087,-0.0406,1.3110,0.000,2.742,-172.660,0,0,319,209,83,103
1778698086.902038,0,0.979867,0.914557,0.896144,0.8834,0.3290,1.2675,-0.000,4.425,-145.039,0,0,64,206,129,143
1778698086.902038,42,0.949160,0.912429,0.866041,1.1231,-0.5064,1.2721,0.000,-8.215,166.902,0,0,570,223,110,111
1778698086.902038,41,0.984205,0.998809,0.983032,1.2085,-0.0406,1.3130,0.000,2.751,-171.969,0,0,319,208,83,102
1778698086.968776,0,0.978172,0.914557,0.894594,0.8834,0.3290,1.2675,0.000,4.298,-144.577,0,0,64,206,129,141
1778698086.968776,42,0.956427,0.912429,0.872672,1.1231,-0.5064,1.2721,0.000,-7.098,166.096,0,0,570,223,110,111
1778698086.968776,41,0.988136,0.998891,0.987040,1.2047,-0.0406,1.3104,-0.000,3.578,-172.991,0,0,319,209,83,105
1778698087.068884,0,0.977718,0.914557,0.894178,0.8814,0.3282,1.2672,0.000,4.006,-144.545,0,0,64,206,129,141
1778698087.068884,42,0.959278,0.911831,0.874700,1.1202,-0.5069,1.2718,-0.000,-6.904,165.325,0,0,571,223,110,114
1778698087.068884,41,0.985089,0.998809,0.983915,1.2085,-0.0406,1.3130,0.000,3.098,-172.086,0,0,319,208,83,102
1778698087.068884,0,0.978490,0.914557,0.894884,0.8814,0.3282,1.2672,0.000,3.953,-144.790,0,0,64,206,129,141
1778698087.068884,42,0.964547,0.911831,0.879504,1.1202,-0.5069,1.2718,0.000,-5.394,165.461,0,0,570,222,108,117
1778698087.068884,41,0.986527,0.998809,0.985352,1.2085,-0.0406,1.3130,0.000,2.998,-172.751,0,0,319,209,83,105
1778698087.068884,0,0.977861,0.914557,0.894309,0.8814,0.3282,1.2672,0.000,3.953,-144.790,0,0,65,206,130,141
1778698087.068884,42,0.958637,0.912398,0.874659,1.1202,-0.5069,1.2718,0.000,-5.394,165.461,0,0,570,222,110,115
1778698087.068884,41,0.986170,0.998891,0.985077,1.2085,-0.0406,1.3130,0.000,2.998,-172.751,0,0,319,208,83,105
1778698087.235732,0,0.977431,0.915145,0.894491,0.8814,0.3267,1.2672,0.000,3.777,-144.632,0,0,65,206,130,141
1778698087.235732,42,0.960580,0.912398,0.876432,1.1200,-0.5051,1.2736,0.000,-6.212,165.749,0,0,570,222,112,115
1778698087.235732,41,0.987709,0.998809,0.986533,1.2125,-0.0406,1.3136,0.000,3.226,-173.110,0,0,319,209,83,106
1778698087.335826,0,0.976949,0.915145,0.894050,0.8795,0.3259,1.2669,-0.000,3.825,-144.475,0,0,65,206,130,141
1778698087.335826,42,0.959071,0.912398,0.875055,1.1200,-0.5051,1.2736,-0.000,-6.386,166.026,0,0,570,222,108,113
1778698087.335826,41,0.984404,0.998891,0.983313,1.2087,-0.0406,1.3110,0.000,2.636,-172.059,0,0,319,209,84,105
1778698087.469317,0,0.978109,0.915145,0.895112,0.8795,0.3259,1.2669,0.000,3.680,-144.867,0,0,65,206,130,141
1778698087.469317,42,0.958231,0.912994,0.874860,1.1230,-0.5045,1.2740,0.000,-7.198,165.301,0,0,569,222,107,115
1778698087.469317,41,0.988208,0.998891,0.987112,1.2047,-0.0406,1.3104,-0.000,3.330,-173.192,0,0,319,209,83,105
1778698087.536001,0,0.977014,0.915145,0.894110,0.8814,0.3267,1.2672,0.000,3.883,-144.473,0,0,65,206,130,141
1778698087.536001,42,0.964662,0.912366,0.880125,1.1228,-0.5064,1.2758,0.000,-5.864,164.649,0,0,570,221,110,117
1778698087.536001,41,0.987473,0.998891,0.986379,1.2087,-0.0406,1.3110,-0.000,3.835,-172.544,0,0,319,209,83,106
