stamp,person_id,A_h,A_r,A_m,pos_x,pos_y,pos_z,roll,pitch,yaw,is_target,ptu_blind,bbox_u,bbox_v,bbox_w,bbox_h
1778098484.708404,0,0.960017,0.729912,0.700729,1.1167,-0.1557,1.5561,0.000,7.173,-178.179,0,0,378,137,90,107
1778098484.708404,0,0.955430,0.730416,0.697862,1.1167,-0.1557,1.5561,0.000,7.173,-178.179,0,0,377,136,88,109
1778098484.741750,0,0.959048,0.729972,0.700078,1.1171,-0.1557,1.5542,0.000,6.346,-177.611,0,0,377,136,90,109
1778098484.808481,0,0.957918,0.729972,0.699253,1.1167,-0.1537,1.5561,0.000,7.161,-177.264,0,0,377,136,90,107
1778098484.808481,0,0.962768,0.729972,0.702794,1.1167,-0.1537,1.5561,0.000,7.161,-177.264,0,0,376,136,90,107
1778098484.875217,0,0.960898,0.729446,0.700923,1.1139,-0.1515,1.5550,0.000,8.085,-176.854,0,0,375,136,92,105
1778098484.908587,0,0.961022,0.729504,0.701069,1.1139,-0.1495,1.5550,-0.000,7.898,-177.085,0,0,375,136,92,106
1778098484.941957,0,0.960436,0.729504,0.700641,1.1139,-0.1495,1.5550,0.000,7.501,-177.493,0,0,374,135,92,105
1778098484.941957,0,0.958910,0.730420,0.700407,1.1139,-0.1495,1.5550,0.000,7.501,-177.493,0,0,374,136,92,106
1778098485.008696,0,0.960708,0.730147,0.701458,1.1167,-0.1479,1.5561,0.000,7.324,-177.808,0,0,374,136,90,106
1778098485.008696,0,0.956290,0.729561,0.697672,1.1167,-0.1479,1.5561,0.000,7.324,-177.808,0,0,373,136,92,107
1778098485.075434,0,0.955971,0.729618,0.697494,1.1139,-0.1456,1.5550,0.000,6.563,-177.122,0,0,373,137,92,106
1778098485.108803,0,0.955130,0.730122,0.697361,1.1143,-0.1456,1.5531,0.000,6.111,-177.423,0,0,372,137,92,106
1778098485.142172,0,0.953409,0.730178,0.696159,1.1143,-0.1437,1.5531,-0.000,6.068,-176.727,0,0,372,137,92,106
1778098485.175542,0,0.958377,0.730178,0.699786,1.1143,-0.1437,1.5531,0.000,7.013,-177.035,0,0,371,136,92,106
1778098485.208910,0,0.959620,0.730315,0.700825,1.1167,-0.1420,1.5561,-0.000,7.174,-177.324,0,0,371,136,92,107
1778098485.208910,0,0.960334,0.730315,0.701347,1.1167,-0.1420,1.5561,-0.000,7.174,-177.324,0,0,371,136,90,107
1778098485.242280,0,0.957430,0.730315,0.699226,1.1167,-0.1420,1.5561,0.000,7.852,-176.497,0,0,370,136,90,107
1778098485.275651,0,0.956439,0.730370,0.698555,1.1167,-0.1420,1.5561,0.000,7.529,-175.920,0,0,370,136,90,107
1778098485.309021,0,0.958929,0.731149,0.701120,1.1167,-0.1400,1.5561,0.000,6.770,-176.654,0,0,369,136,88,107
1778098485.375758,0,0.958607,0.730424,0.700189,1.1167,-0.1381,1.5561,0.000,7.634,-175.988,0,0,369,136,92,107
1778098485.409127,0,0.956993,0.730424,0.699011,1.1167,-0.1381,1.5561,0.000,7.143,-176.153,0,0,369,136,92,105
1778098485.442497,0,0.958452,0.731203,0.700823,1.1205,-0.1385,1.5576,-0.000,7.755,-175.753,0,0,369,136,90,107
1778098485.475864,0,0.958123,0.731203,0.700582,1.1205,-0.1385,1.5576,-0.000,7.607,-175.853,0,0,368,137,88,106
1778098485.509233,0,0.958040,0.731762,0.701057,1.1209,-0.1365,1.5557,0.000,7.474,-175.779,0,0,368,137,88,106
1778098485.509233,0,0.961888,0.731762,0.703873,1.1209,-0.1365,1.5557,0.000,7.474,-175.779,0,0,368,136,90,107
1778098485.575974,0,0.960732,0.731256,0.702541,1.1205,-0.1365,1.5576,0.000,7.825,-176.391,0,0,368,136,90,109
1778098485.575974,0,0.958356,0.732032,0.701547,1.1205,-0.1365,1.5576,0.000,7.825,-176.391,0,0,368,137,90,109
1778098485.609344,0,0.960495,0.732539,0.703599,1.1243,-0.1369,1.5591,0.000,7.940,-175.353,0,0,368,137,90,107
1778098485.642713,0,0.957390,0.732539,0.701325,1.1247,-0.1369,1.5571,0.000,7.414,-176.808,0,0,368,137,90,109
1778098485.709468,0,0.956690,0.732539,0.700812,1.1247,-0.1369,1.5571,0.000,7.726,-174.951,0,0,368,138,90,107
1778098485.742837,0,0.955199,0.733046,0.700205,1.1250,-0.1369,1.5552,0.000,7.486,-174.656,0,0,368,139,90,106
1778098485.776206,0,0.950482,0.733553,0.697229,1.1254,-0.1369,1.5533,-0.000,6.322,-174.610,0,0,367,138,88,105
1778098485.776206,0,0.951128,0.733679,0.697823,1.1254,-0.1369,1.5533,-0.000,6.322,-174.610,0,0,367,139,88,105
1778098485.809575,0,0.948954,0.733679,0.696228,1.1279,-0.1352,1.5563,-0.000,6.703,-174.315,0,0,367,139,88,103
1778098485.876314,0,0.950026,0.734188,0.697498,1.1283,-0.1352,1.5544,0.000,6.671,-173.887,0,0,367,139,88,105
1778098485.909681,0,0.949661,0.734188,0.697230,1.1283,-0.1352,1.5544,0.000,6.954,-173.414,0,0,368,140,90,106
1778098485.909681,0,0.948476,0.734643,0.696791,1.1283,-0.1352,1.5544,0.000,6.954,-173.414,0,0,368,140,90,106
1778098485.976405,0,0.946172,0.734643,0.695098,1.1287,-0.1372,1.5524,0.000,6.320,-173.182,0,0,368,139,90,105
1778098485.976405,0,0.948458,0.734134,0.696295,1.1287,-0.1372,1.5524,0.000,6.320,-173.182,0,0,368,140,88,106
1778098486.043143,0,0.947002,0.734643,0.695708,1.1287,-0.1372,1.5524,-0.000,6.459,-173.244,0,0,368,139,90,105
1778098486.076512,0,0.948436,0.734906,0.697011,1.1321,-0.1375,1.5558,0.000,6.793,-173.359,0,0,368,140,88,106
1778098486.109873,0,0.944605,0.735415,0.694676,1.1325,-0.1375,1.5539,0.000,6.811,-172.164,0,0,368,140,88,105
1778098486.143251,0,0.943570,0.735415,0.693915,1.1325,-0.1375,1.5539,0.000,6.263,-172.527,0,0,368,140,88,106
1778098486.143251,0,0.945121,0.735415,0.695056,1.1325,-0.1375,1.5539,0.000,6.263,-172.527,0,0,368,139,88,105
1778098486.209970,0,0.947702,0.735674,0.697199,1.1358,-0.1379,1.5573,0.000,6.863,-173.061,0,0,368,140,88,103
1778098486.243340,0,0.945643,0.736184,0.696167,1.1362,-0.1379,1.5553,-0.000,5.946,-173.512,0,0,369,140,90,105
1778098486.276708,0,0.941534,0.735361,0.692367,1.1325,-0.1395,1.5539,-0.000,5.766,-172.684,0,0,369,140,90,106
1778098486.310077,0,0.938464,0.735361,0.690110,1.1325,-0.1395,1.5539,-0.000,5.573,-172.102,0,0,368,140,88,103
1778098486.343446,0,0.941619,0.736184,0.693205,1.1362,-0.1379,1.5553,0.000,5.911,-172.426,0,0,368,141,88,102
1778098486.376811,0,0.944919,0.736694,0.696116,1.1366,-0.1379,1.5534,-0.000,5.889,-173.251,0,0,369,140,90,103
1778098486.410174,0,0.944618,0.736129,0.695361,1.1362,-0.1399,1.5553,0.000,5.652,-173.705,0,0,369,139,90,105
1778098486.443532,0,0.947924,0.735619,0.697311,1.1358,-0.1399,1.5573,0.000,6.396,-173.817,0,0,369,139,88,105
1778098486.476901,0,0.946144,0.735619,0.696002,1.1358,-0.1399,1.5573,0.000,5.686,-174.251,0,0,369,140,90,106
1778098486.476901,0,0.945464,0.736129,0.695984,1.1358,-0.1399,1.5573,0.000,5.686,-174.251,0,0,369,139,90,105
1778098486.510264,0,0.946780,0.735619,0.696470,1.1362,-0.1399,1.5553,-0.000,5.586,-174.050,0,0,369,139,90,105
1778098486.543640,0,0.946664,0.735619,0.696384,1.1358,-0.1399,1.5573,0.000,6.125,-173.836,0,0,369,139,90,105
1778098486.610378,0,0.947150,0.735619,0.696741,1.1358,-0.1399,1.5573,0.000,5.473,-174.883,0,0,369,139,90,105
1778098486.643741,0,0.947270,0.735619,0.696830,1.1358,-0.1399,1.5573,0.000,5.813,-174.419,0,0,369,139,90,105
1778098486.677110,0,0.946464,0.735619,0.696237,1.1358,-0.1399,1.5573,0.000,6.143,-173.719,0,0,369,140,90,103
1778098486.710479,0,0.947817,0.736129,0.697716,1.1362,-0.1399,1.5553,-0.000,5.954,-174.255,0,0,369,139,90,103
1778098486.743848,0,0.948662,0.735619,0.697854,1.1358,-0.1399,1.5573,0.000,5.930,-174.692,0,0,369,140,90,105
1778098486.777218,0,0.948247,0.736129,0.698032,1.1362,-0.1399,1.5553,0.000,6.305,-173.909,0,0,368,140,88,105
1778098486.810587,0,0.948014,0.736184,0.697912,1.1362,-0.1379,1.5553,0.000,5.833,-174.386,0,0,368,140,90,103
1778098486.810587,0,0.948113,0.736948,0.698710,1.1362,-0.1379,1.5553,0.000,5.833,-174.386,0,0,368,140,90,106
1778098486.843945,0,0.948839,0.736184,0.698520,1.1400,-0.1383,1.5568,-0.000,6.116,-174.021,0,0,368,139,90,105
1778098486.877314,0,0.950735,0.736438,0.700157,1.1362,-0.1379,1.5553,0.000,6.140,-174.213,0,0,367,140,88,106
1778098486.944040,0,0.952310,0.736237,0.701126,1.1362,-0.1359,1.5553,0.000,6.945,-174.104,0,0,367,139,90,106
1778098486.944040,0,0.949898,0.735727,0.698866,1.1362,-0.1359,1.5553,0.000,6.945,-174.104,0,0,366,139,92,106
1778098486.977409,0,0.947879,0.735780,0.697431,1.1358,-0.1359,1.5573,0.000,6.752,-173.742,0,0,366,139,90,107
1778098487.044161,0,0.954580,0.735780,0.702361,1.1358,-0.1339,1.5573,-0.000,7.478,-174.142,0,0,366,139,90,106
1778098487.077531,0,0.951494,0.735780,0.700091,1.1358,-0.1339,1.5573,-0.000,6.961,-173.854,0,0,365,139,90,106
1778098487.110900,0,0.949687,0.735832,0.698810,1.1358,-0.1320,1.5573,0.000,7.016,-173.142,0,0,364,138,88,107
1778098487.110900,0,0.939970,0.735373,0.691229,1.1358,-0.1320,1.5573,0.000,7.016,-173.142,0,0,363,139,88,106
1778098487.177641,0,0.935831,0.735934,0.688710,1.1358,-0.1280,1.5573,-0.000,5.725,-170.756,0,0,363,138,88,105
1778098487.177641,0,0.940801,0.735424,0.691888,1.1358,-0.1280,1.5573,-0.000,5.725,-170.756,0,0,363,139,90,107
1778098487.244383,0,0.941450,0.735934,0.692845,1.1358,-0.1280,1.5573,0.000,6.653,-171.120,0,0,362,140,90,106
1778098487.277752,0,0.940591,0.736495,0.692740,1.1362,-0.1260,1.5553,-0.000,6.173,-171.235,0,0,362,139,90,107
1778098487.311122,0,0.944291,0.735984,0.694983,1.1358,-0.1260,1.5573,0.000,7.382,-170.950,0,0,361,139,90,106
1778098487.344491,0,0.945227,0.736033,0.695718,1.1358,-0.1240,1.5573,0.000,7.427,-171.040,0,0,360,139,88,107
1778098487.344491,0,0.944870,0.736081,0.695501,1.1358,-0.1240,1.5573,0.000,7.427,-171.040,0,0,360,139,90,107
1778098487.411229,0,0.943939,0.736081,0.694816,1.1358,-0.1220,1.5573,0.000,7.276,-170.768,0,0,359,139,88,106
1778098487.444595,0,0.945796,0.736894,0.696952,1.1396,-0.1203,1.5587,-0.000,7.778,-170.613,0,0,358,139,88,103
1778098487.477962,0,0.944059,0.736941,0.695716,1.1396,-0.1183,1.5587,-0.000,6.977,-170.921,0,0,358,139,90,102
1778098487.511341,0,0.943112,0.736175,0.694296,1.1358,-0.1180,1.5573,-0.000,7.212,-170.421,0,0,357,139,88,102
1778098487.544666,0,0.951094,0.736987,0.700945,1.1396,-0.1163,1.5587,0.000,7.458,-172.197,0,0,357,138,90,105
1778098487.578030,0,0.950531,0.736476,0.700043,1.1392,-0.1163,1.5607,0.000,7.317,-172.319,0,0,356,138,90,103
1778098487.611394,0,0.955492,0.736521,0.703740,1.1392,-0.1144,1.5607,0.000,7.876,-173.025,0,0,355,139,90,102
1778098487.644763,0,0.956039,0.737650,0.705222,1.1425,-0.1126,1.5598,0.000,7.684,-173.223,0,0,354,138,90,102
1778098487.644763,0,0.951656,0.737181,0.701543,1.1425,-0.1126,1.5598,0.000,7.684,-173.223,0,0,353,138,90,103
1778098487.711501,0,0.955966,0.737224,0.704761,1.1421,-0.1086,1.5618,0.000,7.793,-172.975,0,0,352,138,88,103
1778098487.711501,0,0.954887,0.738026,0.704731,1.1421,-0.1086,1.5618,0.000,7.793,-172.975,0,0,351,139,90,102
1778098487.778240,0,0.953484,0.737821,0.703500,1.1425,-0.1046,1.5598,0.000,7.017,-172.882,0,0,350,139,90,102
1778098487.811608,0,0.953234,0.738622,0.704079,1.1463,-0.1028,1.5613,0.000,7.154,-172.513,0,0,349,139,88,103
1778098487.844963,0,0.952191,0.738662,0.703347,1.1463,-0.1008,1.5613,-0.000,6.852,-172.487,0,0,349,138,90,105
1778098487.844963,0,0.954116,0.738905,0.705002,1.1463,-0.1008,1.5613,-0.000,6.852,-172.487,0,0,348,139,90,105
1778098487.911698,0,0.953353,0.738702,0.704243,1.1463,-0.0988,1.5613,0.000,7.886,-171.425,0,0,348,140,90,103
1778098487.945067,0,0.952726,0.739216,0.704270,1.1467,-0.0988,1.5593,-0.000,7.982,-171.024,0,0,347,141,88,103
1778098487.945067,0,0.952852,0.740528,0.705613,1.1467,-0.0988,1.5593,-0.000,7.982,-171.024,0,0,347,141,90,103
1778098487.978437,0,0.954078,0.739769,0.705797,1.1508,-0.0970,1.5588,0.000,7.413,-171.515,0,0,346,140,88,105
1778098488.011798,0,0.952215,0.740051,0.704687,1.1471,-0.0968,1.5573,-0.000,8.040,-171.138,0,0,346,141,88,103
1778098488.078516,0,0.956188,0.740566,0.708121,1.1508,-0.0950,1.5588,0.000,8.450,-171.191,0,0,345,140,87,105
1778098488.078516,0,0.956117,0.740843,0.708332,1.1508,-0.0950,1.5588,0.000,8.450,-171.191,0,0,345,140,88,105
1778098488.145256,0,0.957837,0.740088,0.708884,1.1504,-0.0930,1.5608,0.000,8.382,-171.774,0,0,345,140,88,105
1778098488.178625,0,0.956042,0.740088,0.707555,1.1504,-0.0930,1.5608,0.000,8.127,-171.524,0,0,345,141,88,105
1778098488.178625,0,0.956293,0.740603,0.708234,1.1504,-0.0930,1.5608,0.000,8.127,-171.524,0,0,344,140,88,105
1778098488.211993,0,0.952133,0.740879,0.705415,1.1508,-0.0930,1.5588,0.000,8.624,-170.926,0,0,343,141,87,102
1778098488.245363,0,0.951250,0.740675,0.704567,1.1542,-0.0912,1.5622,0.000,8.200,-170.202,0,0,343,141,87,102
1778098488.312102,0,0.951347,0.740675,0.704639,1.1508,-0.0890,1.5588,0.000,7.810,-170.205,0,0,343,141,88,103
1778098488.345470,0,0.950166,0.740675,0.703765,1.1508,-0.0890,1.5588,0.000,7.265,-170.495,0,0,343,141,87,102
1778098488.378845,0,0.949044,0.741431,0.703651,1.1546,-0.0892,1.5602,-0.000,7.441,-169.979,0,0,343,141,88,103
1778098488.378845,0,0.948236,0.741431,0.703052,1.1546,-0.0892,1.5602,-0.000,7.441,-169.979,0,0,343,141,88,103
1778098488.412214,0,0.945197,0.741431,0.700799,1.1546,-0.0892,1.5602,0.000,7.947,-169.222,0,0,342,142,87,102
1778098488.478973,0,0.948811,0.741983,0.704002,1.1550,-0.0871,1.5582,0.000,7.367,-169.791,0,0,342,142,87,102
1778098488.512343,0,0.942797,0.742736,0.700249,1.1588,-0.0873,1.5597,0.000,7.387,-168.224,0,0,342,141,87,105
1778098488.512343,0,0.944066,0.741466,0.699993,1.1588,-0.0873,1.5597,0.000,7.387,-168.224,0,0,342,142,87,102
1778098488.579081,0,0.945741,0.742736,0.702436,1.1588,-0.0873,1.5597,-0.000,7.339,-169.009,0,0,342,142,87,102
1778098488.612450,0,0.945418,0.742736,0.702196,1.1588,-0.0873,1.5597,-0.000,7.013,-169.275,0,0,343,141,88,105
1778098488.645820,0,0.941035,0.742184,0.698421,1.1584,-0.0894,1.5617,0.000,6.949,-168.437,0,0,342,142,87,103
1778098488.679189,0,0.942475,0.743486,0.700717,1.1626,-0.0875,1.5611,-0.000,6.979,-168.561,0,0,342,142,87,102
1778098488.679189,0,0.943380,0.742736,0.700682,1.1626,-0.0875,1.5611,-0.000,6.979,-168.561,0,0,343,142,88,103
1778098488.745946,0,0.946013,0.743451,0.703314,1.1626,-0.0896,1.5611,0.000,7.664,-168.847,0,0,343,142,88,102
1778098488.745946,0,0.942321,0.743451,0.700569,1.1626,-0.0896,1.5611,0.000,7.664,-168.847,0,0,342,142,87,103
1778098488.812685,0,0.945193,0.743486,0.702738,1.1626,-0.0875,1.5611,-0.000,7.420,-168.785,0,0,343,142,88,103
1778098488.846054,0,0.942846,0.744197,0.701663,1.1664,-0.0898,1.5625,0.000,7.454,-168.273,0,0,342,142,87,105
1778098488.846054,0,0.944799,0.743486,0.702445,1.1664,-0.0898,1.5625,0.000,7.454,-168.273,0,0,343,142,88,105
1778098488.879423,0,0.942689,0.743486,0.700876,1.1626,-0.0875,1.5611,-0.000,7.770,-168.336,0,0,343,142,86,105
1778098488.879423,0,0.938912,0.744197,0.698735,1.1626,-0.0875,1.5611,0.000,7.712,-167.881,0,0,343,142,87,106
1778098488.946162,0,0.938475,0.743451,0.697710,1.1664,-0.0898,1.5625,-0.000,7.606,-167.206,0,0,343,142,87,106
1778098489.046246,0,0.941623,0.743451,0.700050,1.1626,-0.0896,1.5611,0.000,7.455,-167.978,0,0,343,142,87,106
1778098489.046246,0,0.945189,0.743451,0.702701,1.1626,-0.0896,1.5611,0.000,7.455,-167.978,0,0,343,142,87,107
1778098489.079600,0,0.946605,0.743451,0.703754,1.1626,-0.0896,1.5611,-0.000,8.185,-168.138,0,0,343,142,87,107
1778098489.112958,0,0.942153,0.744197,0.701147,1.1664,-0.0898,1.5625,-0.000,8.538,-167.117,0,0,344,142,86,107
1778098489.146327,0,0.947313,0.744160,0.704953,1.1664,-0.0918,1.5625,-0.000,7.966,-168.977,0,0,344,141,87,107
1778098489.179687,0,0.947810,0.742896,0.704124,1.1622,-0.0916,1.5631,-0.000,8.119,-169.043,0,0,344,141,87,107
1778098489.246423,0,0.946860,0.742896,0.703419,1.1622,-0.0916,1.5631,0.000,7.613,-169.315,0,0,344,141,87,107
1778098489.246423,0,0.942508,0.742896,0.700186,1.1622,-0.0916,1.5631,0.000,7.613,-169.315,0,0,344,142,87,107
1778098489.313160,0,0.943503,0.742665,0.700707,1.1588,-0.0914,1.5597,0.000,8.114,-167.906,0,0,344,142,87,106
1778098489.346529,0,0.941209,0.742628,0.698968,1.1588,-0.0934,1.5597,0.000,7.568,-167.980,0,0,345,142,86,107
1778098489.379900,0,0.943655,0.742628,0.700785,1.1588,-0.0934,1.5597,0.000,8.316,-167.863,0,0,345,142,86,107
1778098489.379900,0,0.943699,0.742628,0.700818,1.1588,-0.0934,1.5597,0.000,8.316,-167.863,0,0,345,142,87,109
1778098489.413267,0,0.939630,0.741838,0.697053,1.1588,-0.0934,1.5597,0.000,8.891,-167.377,0,0,346,142,88,107
1778098489.480006,0,0.943035,0.741838,0.699579,1.1550,-0.0952,1.5582,0.000,8.114,-168.005,0,0,346,142,86,107
1778098489.480006,0,0.947314,0.741838,0.702754,1.1550,-0.0952,1.5582,0.000,8.114,-168.005,0,0,346,142,87,107
1778098489.546744,0,0.948312,0.741838,0.703494,1.1550,-0.0952,1.5582,0.000,8.319,-169.093,0,0,346,142,87,107
1778098489.546744,0,0.946465,0.741838,0.702123,1.1550,-0.0952,1.5582,0.000,8.319,-169.093,0,0,346,142,87,107
1778098489.580114,0,0.941928,0.741800,0.698722,1.1550,-0.0952,1.5582,-0.000,7.978,-168.960,0,0,347,142,88,107
1778098489.680222,0,0.939744,0.742316,0.697587,1.1554,-0.0972,1.5563,0.000,6.990,-168.312,0,0,347,143,88,106
1778098489.680222,0,0.937865,0.741800,0.695708,1.1554,-0.0972,1.5563,0.000,6.990,-168.312,0,0,347,142,88,106
1778098489.713588,0,0.939725,0.741800,0.697088,1.1550,-0.0972,1.5582,0.000,6.984,-167.969,0,0,347,141,88,107
1778098489.713588,0,0.940106,0.741283,0.696885,1.1550,-0.0972,1.5582,-0.000,7.227,-168.166,0,0,347,141,88,107
1778098489.746960,0,0.940419,0.741283,0.697117,1.1546,-0.0972,1.5602,-0.000,7.311,-168.263,0,0,347,142,88,106
1778098489.813702,0,0.943991,0.741004,0.699501,1.1512,-0.0990,1.5568,-0.000,7.887,-168.649,0,0,348,142,90,106
1778098489.813702,0,0.944209,0.741004,0.699663,1.1512,-0.0990,1.5568,-0.000,7.887,-168.649,0,0,348,142,88,106
1778098489.847072,0,0.941518,0.741283,0.697932,1.1512,-0.0990,1.5568,-0.000,7.807,-168.779,0,0,347,141,87,107
1778098489.880441,0,0.940704,0.740489,0.696581,1.1546,-0.0972,1.5602,0.000,8.059,-167.889,0,0,348,141,88,107
1778098489.947181,0,0.941761,0.740489,0.697364,1.1508,-0.0990,1.5588,0.000,7.946,-168.152,0,0,348,141,88,106
1778098489.980551,0,0.935794,0.740489,0.692945,1.1508,-0.0990,1.5588,-0.000,6.612,-168.053,0,0,348,141,88,106
1778098490.013901,0,0.943831,0.740489,0.698897,1.1508,-0.0990,1.5588,-0.000,7.782,-168.800,0,0,348,141,87,103
1778098490.013901,0,0.940007,0.740449,0.696028,1.1508,-0.0990,1.5588,-0.000,7.782,-168.800,0,0,349,141,90,105
1778098490.047271,0,0.942516,0.740489,0.697922,1.1508,-0.1010,1.5588,0.000,6.915,-168.844,0,0,348,141,87,106
1778098490.080640,0,0.943120,0.740489,0.698370,1.1508,-0.0990,1.5588,0.000,7.718,-168.690,0,0,349,141,87,105
1778098490.080640,0,0.938709,0.740449,0.695067,1.1508,-0.0990,1.5588,0.000,7.718,-168.690,0,0,349,141,87,105
1778098490.147358,0,0.938138,0.739934,0.694160,1.1508,-0.1010,1.5588,0.000,7.456,-168.007,0,0,349,140,87,105
1778098490.180710,0,0.944431,0.739934,0.698817,1.1504,-0.1010,1.5608,0.000,7.295,-169.642,0,0,350,141,88,103
1778098490.180710,0,0.942159,0.739894,0.697098,1.1504,-0.1010,1.5608,0.000,7.295,-169.642,0,0,350,140,87,105
1778098490.247436,0,0.941472,0.740368,0.697035,1.1504,-0.1031,1.5608,0.000,7.310,-169.161,0,0,351,141,88,105
1778098490.280805,0,0.937996,0.739853,0.693979,1.1508,-0.1051,1.5588,0.000,6.653,-169.689,0,0,351,140,88,105
1778098490.314174,0,0.940414,0.739853,0.695768,1.1504,-0.1051,1.5608,-0.000,6.745,-168.839,0,0,351,141,88,106
1778098490.314174,0,0.935735,0.740368,0.692788,1.1504,-0.1051,1.5608,-0.000,6.764,-169.405,0,0,351,140,88,105
1778098490.380913,0,0.944183,0.739853,0.698556,1.1508,-0.1051,1.5588,0.000,6.264,-168.706,0,0,351,140,87,107
1778098490.414282,0,0.952225,0.739853,0.704507,1.1504,-0.1051,1.5608,0.000,8.507,-170.629,0,0,352,140,87,107
1778098490.414282,0,0.943725,0.739053,0.697463,1.1504,-0.1051,1.5608,0.000,8.507,-170.629,0,0,352,140,88,106
1778098490.481021,0,0.946152,0.739053,0.699257,1.1467,-0.1068,1.5593,0.000,7.579,-169.481,0,0,352,140,87,105
1778098490.514391,0,0.943779,0.739053,0.697503,1.1467,-0.1068,1.5593,0.000,7.686,-169.982,0,0,353,139,90,105
1778098490.547780,0,0.947285,0.738497,0.699567,1.1467,-0.1068,1.5593,0.000,7.298,-169.783,0,0,353,140,88,106
1778098490.581149,0,0.946111,0.738250,0.698466,1.1463,-0.1088,1.5613,0.000,7.384,-170.808,0,0,354,140,88,106
1778098490.614517,0,0.948011,0.738206,0.699828,1.1429,-0.1086,1.5579,-0.000,6.811,-171.039,0,0,355,139,90,109
1778098490.681271,0,0.949082,0.737650,0.700090,1.1425,-0.1126,1.5598,0.000,7.881,-170.952,0,0,355,139,90,109
1778098490.681271,0,0.952882,0.737650,0.702893,1.1425,-0.1126,1.5598,0.000,7.881,-170.952,0,0,356,140,90,106
1778098490.748009,0,0.955043,0.738118,0.704934,1.1429,-0.1146,1.5579,0.000,7.348,-173.320,0,0,357,139,90,105
1778098490.748009,0,0.952027,0.736987,0.701632,1.1429,-0.1146,1.5579,0.000,7.348,-173.320,0,0,357,139,90,105
1778098490.781364,0,0.957436,0.736987,0.705619,1.1396,-0.1163,1.5587,0.000,7.349,-172.607,0,0,357,139,88,105
1778098490.848069,0,0.956676,0.736987,0.705058,1.1396,-0.1163,1.5587,0.000,7.942,-173.299,0,0,358,139,88,107
1778098490.848069,0,0.960203,0.736941,0.707613,1.1396,-0.1163,1.5587,0.000,7.942,-173.299,0,0,358,139,88,110
1778098490.881438,0,0.963379,0.736941,0.709954,1.1396,-0.1183,1.5587,0.000,8.888,-173.369,0,0,359,139,88,107
1778098490.948176,0,0.963539,0.736129,0.709288,1.1358,-0.1200,1.5573,0.000,9.120,-174.293,0,0,360,139,88,109
1778098490.981545,0,0.966898,0.736081,0.711715,1.1358,-0.1220,1.5573,0.000,8.865,-175.989,0,0,361,138,88,107
1778098491.014915,0,0.965428,0.735522,0.710094,1.1355,-0.1240,1.5592,0.000,8.799,-175.744,0,0,361,137,90,107
1778098491.014915,0,0.968616,0.735012,0.711944,1.1355,-0.1240,1.5592,0.000,8.799,-175.744,0,0,362,136,88,109
1778098491.081636,0,0.967777,0.734454,0.710788,1.1347,-0.1260,1.5631,0.000,9.303,-176.324,0,0,363,137,90,106
1778098491.115005,0,0.970462,0.733376,0.711714,1.1275,-0.1273,1.5582,-0.000,10.054,-176.306,0,0,363,136,90,105
1778098491.148360,0,0.970516,0.733638,0.712007,1.1309,-0.1276,1.5616,0.000,9.958,-176.599,0,0,363,136,88,107
1778098491.148360,0,0.968136,0.733638,0.710261,1.1309,-0.1276,1.5616,0.000,9.958,-176.599,0,0,364,135,90,109
1778098491.181730,0,0.967163,0.732310,0.708264,1.1309,-0.1276,1.5616,0.000,9.426,-176.390,0,0,365,136,90,110
1778098491.248468,0,0.970508,0.732767,0.711157,1.1271,-0.1312,1.5602,0.000,9.586,-177.362,0,0,365,136,90,110
1778098491.281846,0,0.970690,0.732188,0.710727,1.1243,-0.1310,1.5591,0.000,9.373,-177.797,0,0,366,136,92,110
1778098491.281846,0,0.972819,0.732136,0.712236,1.1243,-0.1310,1.5591,0.000,9.373,-177.797,0,0,367,137,90,110
1778098491.315221,0,0.973544,0.732592,0.713210,1.1243,-0.1329,1.5591,-0.000,9.824,-178.153,0,0,368,136,92,109
1778098491.348598,0,0.976230,0.732032,0.714632,1.1247,-0.1349,1.5571,0.000,9.252,-179.546,0,0,370,137,92,107
1778098491.381976,0,0.977857,0.732431,0.716213,1.1243,-0.1369,1.5591,0.000,9.587,179.144,0,0,372,136,92,109
1778098491.415328,0,0.979920,0.731038,0.716359,1.1247,-0.1408,1.5571,0.000,9.493,177.551,0,0,373,136,93,109
1778098491.448698,0,0.977279,0.730982,0.714373,1.1205,-0.1444,1.5576,0.000,9.989,176.569,0,0,375,136,93,109
1778098491.482067,0,0.976700,0.730090,0.713079,1.1205,-0.1463,1.5576,-0.000,9.005,174.860,0,0,377,135,93,109
1778098491.515442,0,0.978003,0.729468,0.713422,1.1167,-0.1498,1.5561,0.000,8.809,174.109,0,0,379,136,93,110
1778098491.548822,0,0.979892,0.728483,0.713835,1.1163,-0.1537,1.5580,0.000,9.241,173.356,0,0,382,136,94,110
1778098491.582192,0,0.979044,0.728299,0.713036,1.1101,-0.1569,1.5535,0.000,9.791,171.424,0,0,384,136,93,110
1778098491.648930,0,0.983078,0.727583,0.715271,1.1072,-0.1662,1.5524,0.000,10.887,170.105,0,0,386,135,95,111
1778098491.648930,0,0.982992,0.726165,0.713814,1.1072,-0.1662,1.5524,0.000,10.887,170.105,0,0,389,135,94,111
1778098491.715669,0,0.981848,0.724581,0.711429,1.0965,-0.1744,1.5502,0.000,10.922,168.325,0,0,391,135,94,113
1778098491.715669,0,0.983261,0.723650,0.711536,1.0965,-0.1744,1.5502,0.000,10.922,168.325,0,0,393,135,95,114
1778098491.749039,0,0.981744,0.722913,0.709715,1.0927,-0.1777,1.5488,-0.000,11.743,167.201,0,0,395,134,96,111
1778098491.815765,0,0.978351,0.720873,0.705267,1.0829,-0.1840,1.5469,0.000,10.994,165.199,0,0,397,134,96,113
1778098491.849123,0,0.978808,0.720127,0.704866,1.0800,-0.1873,1.5458,-0.000,11.920,163.764,0,0,398,135,96,111
1778098491.882491,0,0.975326,0.720548,0.702769,1.0804,-0.1892,1.5439,0.000,11.070,163.091,0,0,399,135,97,111
1778098491.915860,0,0.975278,0.719665,0.701874,1.0766,-0.1905,1.5425,0.000,11.082,162.942,0,0,400,135,96,113
1778098491.915860,0,0.973679,0.718982,0.700058,1.0766,-0.1905,1.5425,0.000,11.082,162.942,0,0,401,135,96,111
1778098491.982597,0,0.975424,0.718297,0.700644,1.0709,-0.1934,1.5402,-0.000,11.955,161.705,0,0,401,134,97,113
1778098491.982597,0,0.977404,0.716987,0.700786,1.0709,-0.1934,1.5402,-0.000,11.955,161.705,0,0,401,134,97,110
1778098492.015961,0,0.972669,0.716370,0.696791,1.0668,-0.1928,1.5406,0.000,12.170,162.370,0,0,401,133,96,113
1778098492.082704,0,0.973062,0.715263,0.695995,1.0608,-0.1919,1.5402,0.000,11.399,161.629,0,0,400,133,96,109
1778098492.116074,0,0.974443,0.715334,0.697053,1.0608,-0.1900,1.5402,0.000,11.346,162.362,0,0,399,133,97,111
1778098492.116074,0,0.975806,0.715405,0.698097,1.0608,-0.1900,1.5402,0.000,11.346,162.362,0,0,397,132,97,113
1778098492.149443,0,0.979832,0.715057,0.700636,1.0608,-0.1881,1.5402,0.000,11.735,162.553,0,0,395,133,97,114
1778098492.182814,0,0.977222,0.716303,0.699987,1.0604,-0.1844,1.5420,0.000,12.010,164.411,0,0,394,132,96,113
1778098492.216183,0,0.979596,0.714640,0.700058,1.0636,-0.1812,1.5413,0.000,11.124,164.524,0,0,392,131,96,113
1778098492.282920,0,0.980610,0.714284,0.700434,1.0572,-0.1748,1.5427,0.000,11.088,167.471,0,0,389,131,96,111
1778098492.282920,0,0.982383,0.716338,0.703718,1.0572,-0.1748,1.5427,0.000,11.088,167.471,0,0,387,131,96,111
1778098492.349641,0,0.984305,0.716464,0.705220,1.0657,-0.1667,1.5461,0.000,12.334,168.009,0,0,384,132,95,106
1778098492.383009,0,0.983905,0.717140,0.705598,1.0661,-0.1611,1.5442,0.000,11.500,170.279,0,0,381,130,95,109
1778098492.416378,0,0.985057,0.717159,0.706442,1.0691,-0.1560,1.5494,0.000,11.935,171.447,0,0,379,130,95,109
1778098492.449747,0,0.984169,0.717275,0.705919,1.0691,-0.1522,1.5494,-0.000,11.552,173.484,0,0,376,129,95,107
1778098492.483112,0,0.983644,0.718176,0.706430,1.0744,-0.1472,1.5535,0.000,11.784,176.051,0,0,373,129,95,110
1778098492.516482,0,0.979952,0.718340,0.703939,1.0744,-0.1416,1.5535,-0.000,10.696,176.566,0,0,371,129,95,107
1778098492.549851,0,0.981551,0.717833,0.704589,1.0715,-0.1375,1.5524,0.000,11.630,178.233,0,0,369,128,94,113
1778098492.549851,0,0.977342,0.718054,0.701784,1.0715,-0.1375,1.5524,0.000,11.630,178.233,0,0,367,128,94,113
1778098492.583219,0,0.976768,0.718966,0.702263,1.0740,-0.1341,1.5554,-0.000,10.674,179.031,0,0,366,128,94,113
1778098492.649958,0,0.977569,0.719015,0.702887,1.0778,-0.1288,1.5569,-0.000,10.584,178.896,0,0,364,128,94,113
1778098492.649958,0,0.977221,0.719157,0.702776,1.0778,-0.1288,1.5569,-0.000,10.584,178.896,0,0,363,128,94,113
1778098492.716696,0,0.973628,0.719157,0.700192,1.0778,-0.1231,1.5569,0.000,10.100,-179.249,0,0,362,128,95,113
1778098492.750065,0,0.977050,0.719811,0.703292,1.0806,-0.1215,1.5581,0.000,10.961,-179.412,0,0,362,129,94,111
1778098492.783435,0,0.975264,0.720307,0.702490,1.0810,-0.1215,1.5562,0.000,10.619,-178.832,0,0,361,129,94,111
1778098492.816804,0,0.974098,0.721161,0.702481,1.0848,-0.1199,1.5577,0.000,10.673,-177.991,0,0,361,130,94,111
1778098492.816804,0,0.973345,0.721658,0.702422,1.0848,-0.1199,1.5577,0.000,10.673,-177.991,0,0,361,131,94,110
1778098492.850172,0,0.973526,0.722156,0.703037,1.0851,-0.1199,1.5559,-0.000,9.787,-179.146,0,0,361,132,94,110
1778098492.883533,0,0.978241,0.723259,0.707522,1.0855,-0.1199,1.5540,0.000,9.255,179.604,0,0,361,132,95,110
1778098492.916895,0,0.975190,0.723259,0.705315,1.0887,-0.1202,1.5533,0.000,9.864,177.384,0,0,362,131,95,111
1778098492.983649,0,0.970962,0.722110,0.701142,1.0855,-0.1218,1.5540,0.000,9.620,167.967,0,0,362,132,93,110
1778098493.050381,0,0.960678,0.722063,0.693670,1.0855,-0.1237,1.5540,-0.000,10.692,162.582,0,0,363,131,93,109
1778098493.050381,0,0.948867,0.722063,0.685142,1.0855,-0.1237,1.5540,-0.000,10.692,162.582,0,0,364,132,93,110
1778098493.083750,0,0.935123,0.721703,0.674881,1.0821,-0.1253,1.5506,0.000,10.826,156.249,0,0,366,133,93,110
1778098493.117119,0,0.922139,0.723520,0.667186,1.0891,-0.1297,1.5514,0.000,10.245,153.934,0,0,368,133,92,109
1778098493.117119,0,0.902235,0.723419,0.652694,1.0891,-0.1297,1.5514,0.000,10.245,153.934,0,0,371,135,92,110
1778098493.150488,0,0.895806,0.724260,0.648796,1.0891,-0.1335,1.5514,0.000,10.230,150.438,0,0,373,135,92,110
1778098493.217227,0,0.880343,0.724755,0.638033,1.0927,-0.1433,1.5488,-0.000,10.771,146.388,0,0,376,135,92,111
1778098493.250612,0,0.864237,0.724587,0.626215,1.0927,-0.1491,1.5488,-0.000,10.052,144.291,0,0,380,135,92,110
1778098493.250612,0,0.855690,0.723146,0.618788,1.0927,-0.1491,1.5488,-0.000,10.052,144.291,0,0,384,134,90,109
1778098493.283965,0,0.858085,0.722406,0.619886,1.0870,-0.1560,1.5465,-0.000,10.009,142.811,0,0,387,134,93,110
1778098493.350724,0,0.847780,0.722818,0.612791,1.0895,-0.1697,1.5495,0.000,9.275,141.478,0,0,392,133,92,109
1778098493.384093,0,0.835981,0.720585,0.602396,1.0825,-0.1783,1.5488,-0.000,9.789,139.331,0,0,397,134,94,110
1778098493.417462,0,0.824995,0.720127,0.594101,1.0800,-0.1873,1.5458,0.000,8.706,138.023,0,0,401,132,92,109
1778098493.450812,0,0.815142,0.718853,0.585967,1.0793,-0.1949,1.5495,-0.000,8.554,136.623,0,0,406,132,94,111
1778098493.450812,0,0.819057,0.718478,0.588474,1.0793,-0.1949,1.5495,-0.000,8.554,136.623,0,0,411,132,94,110
1778098493.517527,0,0.812420,0.716675,0.582241,1.0727,-0.2126,1.5469,0.000,8.120,135.479,0,0,415,132,95,111
1778098493.550886,0,0.811927,0.715744,0.581132,1.0698,-0.2196,1.5457,-0.000,8.046,135.041,0,0,420,131,93,111
1778098493.550886,0,0.815496,0.714839,0.582948,1.0698,-0.2196,1.5457,-0.000,8.046,135.041,0,0,425,130,95,111
1778098493.617617,0,0.821110,0.714522,0.586701,1.0719,-0.2389,1.5505,-0.000,9.698,134.288,0,0,430,130,95,113
1778098493.650986,0,0.816795,0.712057,0.581605,1.0625,-0.2462,1.5468,0.000,8.495,133.847,0,0,435,131,95,114
1778098493.650986,0,0.811027,0.712076,0.577513,1.0625,-0.2462,1.5468,0.000,8.495,133.847,0,0,441,131,96,114
1778098493.684352,0,0.801709,0.709470,0.568788,1.0628,-0.2555,1.5449,-0.000,9.008,132.430,0,0,445,130,96,115
1778098493.717725,0,0.817303,0.708598,0.579140,1.0534,-0.2644,1.5412,0.000,7.917,131.312,0,0,450,129,97,113
1778098493.751094,0,0.815319,0.706397,0.575938,1.0530,-0.2718,1.5430,0.000,8.862,132.176,0,0,454,129,97,111
1778098493.784464,0,0.814792,0.706397,0.575566,1.0470,-0.2796,1.5425,0.000,8.721,131.532,0,0,459,129,98,113
1778098493.784464,0,0.826862,0.704846,0.582810,1.0470,-0.2796,1.5425,-0.000,8.408,131.622,0,0,463,129,98,114
1778098493.884573,0,0.825930,0.702984,0.580615,1.0376,-0.3008,1.5387,-0.000,8.593,131.451,0,0,467,129,98,115
1778098493.917941,0,0.823663,0.701930,0.578154,1.0348,-0.3072,1.5375,0.000,7.683,131.234,0,0,471,128,100,117
1778098493.917941,0,0.822206,0.701930,0.577131,1.0348,-0.3072,1.5375,-0.000,7.724,131.048,0,0,474,127,100,117
1778098493.917941,0,0.821942,0.700210,0.575532,1.0348,-0.3072,1.5375,-0.000,7.724,131.048,0,0,477,128,98,117
1778098494.018035,0,0.822890,0.699103,0.575285,1.0287,-0.3236,1.5370,0.000,7.736,130.132,0,0,480,128,100,117
1778098494.051414,0,0.829436,0.698139,0.579061,1.0259,-0.3281,1.5359,0.000,8.411,130.244,0,0,481,127,103,117
1778098494.084769,0,0.820482,0.697559,0.572335,1.0256,-0.3299,1.5376,0.000,8.215,129.244,0,0,484,128,102,118
1778098494.118139,0,0.816530,0.697667,0.569666,1.0259,-0.3353,1.5359,0.000,7.795,128.682,0,0,486,128,102,117
1778098494.151508,0,0.832457,0.696813,0.580067,1.0231,-0.3380,1.5347,-0.000,8.030,130.179,0,0,487,128,102,118
1778098494.151508,0,0.832575,0.696693,0.580049,1.0231,-0.3380,1.5347,-0.000,8.030,130.179,0,0,488,128,103,118
1778098494.218251,0,0.836342,0.696572,0.582572,1.0231,-0.3415,1.5347,0.000,8.093,130.403,0,0,490,128,102,118
1778098494.251623,0,0.833426,0.696330,0.580339,1.0231,-0.3451,1.5347,-0.000,7.895,129.960,0,0,490,127,103,117
1778098494.284990,0,0.832913,0.696483,0.580110,1.0256,-0.3460,1.5376,0.000,7.288,130.243,0,0,491,127,102,117
1778098494.284990,0,0.842852,0.696361,0.586929,1.0256,-0.3460,1.5376,0.000,7.288,130.243,0,0,491,127,102,117
1778098494.351719,0,0.841870,0.696361,0.586245,1.0256,-0.3478,1.5376,-0.000,7.347,131.183,0,0,492,127,100,117
1778098494.351719,0,0.834095,0.696238,0.580728,1.0256,-0.3478,1.5376,-0.000,7.347,131.183,0,0,492,127,102,117
1778098494.385089,0,0.840032,0.696847,0.585374,1.0256,-0.3496,1.5376,0.000,6.506,130.609,0,0,491,127,102,117
1778098494.418458,0,0.836635,0.696971,0.583110,1.0284,-0.3505,1.5388,0.000,7.552,130.750,0,0,491,128,102,115
1778098494.485196,0,0.838302,0.697432,0.584659,1.0287,-0.3487,1.5370,0.000,7.035,130.890,0,0,491,128,100,114
1778098494.518566,0,0.829923,0.698040,0.579320,1.0316,-0.3497,1.5382,0.000,6.912,129.961,0,0,490,127,102,117
1778098494.551934,0,0.822199,0.697702,0.573650,1.0312,-0.3479,1.5399,0.000,6.244,129.558,0,0,489,128,98,117
1778098494.585294,0,0.822855,0.698287,0.574589,1.0316,-0.3461,1.5382,0.000,6.379,129.629,0,0,488,128,102,117
1778098494.585294,0,0.826551,0.699017,0.577773,1.0316,-0.3461,1.5382,0.000,6.379,129.629,0,0,486,128,98,117
1778098494.618663,0,0.817804,0.699867,0.572354,1.0344,-0.3452,1.5393,0.000,5.903,130.424,0,0,486,129,100,115
1778098494.685350,0,0.808844,0.700332,0.566459,1.0376,-0.3425,1.5387,0.000,6.297,128.362,0,0,484,129,100,115
1778098494.718719,0,0.819694,0.700575,0.574257,1.0376,-0.3388,1.5387,0.000,7.402,129.206,0,0,483,129,100,115
1778098494.718719,0,0.811311,0.700695,0.568482,1.0376,-0.3388,1.5387,0.000,7.402,129.206,0,0,482,130,100,114
1778098494.785455,0,0.816474,0.700672,0.572080,1.0351,-0.3343,1.5358,0.000,6.690,129.382,0,0,480,130,102,114
1778098494.818824,0,0.818028,0.700910,0.573363,1.0351,-0.3307,1.5358,-0.000,7.163,129.515,0,0,479,130,100,114
1778098494.818824,0,0.820029,0.701638,0.575364,1.0351,-0.3307,1.5358,-0.000,7.163,129.515,0,0,478,130,100,115
1778098494.885562,0,0.815254,0.701756,0.572110,1.0379,-0.3280,1.5369,-0.000,7.060,129.459,0,0,477,130,100,115
1778098494.885562,0,0.820277,0.701874,0.575731,1.0379,-0.3280,1.5369,-0.000,7.060,129.459,0,0,475,130,98,115
1778098494.952305,0,0.825740,0.701494,0.579252,1.0351,-0.3217,1.5358,0.000,7.277,130.839,0,0,474,130,98,117
1778098494.985673,0,0.823291,0.701609,0.577629,1.0351,-0.3199,1.5358,0.000,7.339,130.628,0,0,472,130,97,115
1778098494.985673,0,0.826984,0.701838,0.580409,1.0351,-0.3199,1.5358,0.000,7.339,130.628,0,0,472,130,98,117
1778098495.052413,0,0.820177,0.701838,0.575632,1.0351,-0.3163,1.5358,-0.000,7.910,130.193,0,0,471,130,98,117
1778098495.052413,0,0.823405,0.701951,0.577990,1.0351,-0.3163,1.5358,-0.000,7.910,130.193,0,0,470,130,98,117
1778098495.085777,0,0.823994,0.702064,0.578497,1.0351,-0.3144,1.5358,0.000,7.803,130.711,0,0,469,130,98,117
1778098495.152520,0,0.826284,0.702176,0.580197,1.0351,-0.3108,1.5358,0.000,8.510,130.897,0,0,467,131,97,114
1778098495.185890,0,0.834287,0.702867,0.586393,1.0355,-0.3072,1.5340,0.000,8.686,131.912,0,0,467,131,100,115
1778098495.219259,0,0.833582,0.702867,0.585898,1.0355,-0.3072,1.5340,-0.000,8.757,131.796,0,0,465,131,98,115
1778098495.252628,0,0.840982,0.703088,0.591284,1.0355,-0.3036,1.5340,-0.000,9.400,132.563,0,0,464,130,98,113
1778098495.285997,0,0.826245,0.702728,0.580626,1.0351,-0.3018,1.5358,-0.000,8.630,131.343,0,0,463,132,97,115
1778098495.319367,0,0.831002,0.703776,0.584839,1.0358,-0.3000,1.5322,-0.000,8.254,132.121,0,0,462,131,98,113
1778098495.352733,0,0.835119,0.703414,0.587435,1.0355,-0.2982,1.5340,-0.000,8.483,132.616,0,0,461,132,98,114
1778098495.386104,0,0.835911,0.703992,0.588475,1.0358,-0.2964,1.5322,0.000,8.032,133.007,0,0,460,131,97,117
1778098495.386104,0,0.828980,0.703629,0.583295,1.0358,-0.2964,1.5322,0.000,8.032,133.007,0,0,460,132,98,115
1778098495.419473,0,0.832270,0.704719,0.586516,1.0355,-0.2946,1.5340,0.000,8.785,131.965,0,0,459,132,98,114
1778098495.452843,0,0.836758,0.704826,0.589769,1.0387,-0.2953,1.5333,0.000,8.633,132.391,0,0,458,132,98,114
1778098495.519581,0,0.838000,0.705756,0.591424,1.0424,-0.2927,1.5348,0.000,8.567,133.296,0,0,457,131,98,115
1778098495.552950,0,0.840200,0.705389,0.592669,1.0421,-0.2909,1.5366,-0.000,9.672,133.160,0,0,457,131,100,113
1778098495.586320,0,0.829986,0.706004,0.585974,1.0449,-0.2916,1.5378,0.000,8.146,132.696,0,0,456,132,98,114
1778098495.619687,0,0.836440,0.705968,0.590500,1.0424,-0.2891,1.5348,0.000,8.613,133.295,0,0,455,132,98,114
1778098495.653056,0,0.831694,0.706689,0.587749,1.0453,-0.2880,1.5360,0.000,8.337,132.978,0,0,454,132,97,114
1778098495.653056,0,0.824963,0.706177,0.582570,1.0453,-0.2880,1.5360,0.000,8.337,132.978,0,0,453,132,97,114
1778098495.686390,0,0.825354,0.706177,0.582846,1.0424,-0.2854,1.5348,0.000,8.200,132.375,0,0,453,132,98,115
1778098495.686390,0,0.825669,0.706898,0.583664,1.0424,-0.2854,1.5348,-0.000,7.723,132.655,0,0,452,133,97,114
1778098495.786504,0,0.818871,0.706858,0.578825,1.0428,-0.2818,1.5331,0.000,8.161,131.888,0,0,452,132,97,115
1778098495.786504,0,0.832940,0.706384,0.588375,1.0428,-0.2818,1.5331,0.000,8.161,131.888,0,0,451,132,96,114
1778098495.853243,0,0.825670,0.707104,0.583835,1.0453,-0.2807,1.5360,0.000,8.509,132.615,0,0,451,132,97,115
1778098495.853243,0,0.822504,0.707104,0.581596,1.0453,-0.2807,1.5360,0.000,8.509,132.615,0,0,450,132,97,115
1778098495.886612,0,0.825803,0.707207,0.584013,1.0453,-0.2807,1.5360,0.000,8.585,132.221,0,0,450,132,97,115
1778098495.953350,0,0.823855,0.707207,0.582635,1.0453,-0.2789,1.5360,-0.000,8.987,132.289,0,0,450,131,96,117
1778098495.986734,0,0.821137,0.706732,0.580324,1.0449,-0.2789,1.5378,-0.000,8.489,132.240,0,0,450,132,96,115
1778098496.020103,0,0.816725,0.706589,0.577089,1.0424,-0.2782,1.5348,0.000,7.488,132.208,0,0,449,132,97,114
1778098496.053472,0,0.815345,0.706690,0.576196,1.0424,-0.2763,1.5348,0.000,8.368,131.732,0,0,449,132,96,114
1778098496.086841,0,0.818929,0.706690,0.578729,1.0424,-0.2763,1.5348,0.000,7.964,132.323,1,1,449,132,97,115
1778098500.124359,0,0.974419,0.709329,0.691184,1.0508,-0.2747,1.5364,0.000,9.571,172.505,0,0,447,132,102,115
1778098500.157728,0,0.975574,0.708751,0.691439,1.0505,-0.2766,1.5382,0.000,9.784,171.984,0,0,448,133,102,114
1778098500.191109,0,0.974933,0.709127,0.691351,1.0508,-0.2784,1.5364,0.000,9.634,172.168,0,0,448,133,102,114
1778098500.224467,0,0.973734,0.709116,0.690491,1.0513,-0.2766,1.5364,0.000,9.421,172.528,0,0,447,132,103,114
1778098500.257848,0,0.973816,0.708741,0.690183,1.0509,-0.2748,1.5382,0.000,9.479,172.492,0,0,447,132,103,114
1778098500.291217,0,0.971689,0.708741,0.688676,1.0509,-0.2748,1.5382,0.000,8.898,172.502,0,0,447,132,103,114
1778098500.291217,0,0.973634,0.708741,0.690054,1.0509,-0.2748,1.5382,0.000,8.898,172.502,0,0,447,132,103,115
1778098500.357955,0,0.975281,0.708741,0.691222,1.0509,-0.2748,1.5382,0.000,9.711,172.111,0,0,447,132,103,115
1778098500.357955,0,0.973122,0.708741,0.689691,1.0509,-0.2748,1.5382,0.000,9.711,172.111,0,0,447,132,102,114
1778098500.424694,0,0.969942,0.708741,0.687438,1.0509,-0.2748,1.5382,0.000,8.532,172.706,0,0,447,132,102,115
1778098500.424694,0,0.973741,0.708741,0.690130,1.0509,-0.2748,1.5382,0.000,8.532,172.706,0,0,447,132,103,115
1778098500.458063,0,0.971246,0.708126,0.687765,1.0509,-0.2748,1.5382,0.000,9.355,172.280,0,0,447,132,102,114
1778098500.524802,0,0.971674,0.708741,0.688665,1.0509,-0.2748,1.5382,-0.000,8.852,172.413,0,0,447,132,102,114
1778098500.558171,0,0.974722,0.708741,0.690825,1.0509,-0.2748,1.5382,-0.000,9.503,172.007,0,0,447,132,102,113
1778098500.558171,0,0.972465,0.708741,0.689225,1.0509,-0.2748,1.5382,-0.000,9.503,172.007,0,0,446,132,103,113
1778098500.591529,0,0.971876,0.708841,0.688906,1.0509,-0.2748,1.5382,0.000,9.074,172.430,0,0,446,133,103,114
1778098500.658247,0,0.975204,0.709318,0.691730,1.0513,-0.2729,1.5364,0.000,9.627,172.264,0,0,447,133,102,114
1778098500.691611,0,0.973876,0.709218,0.690690,1.0513,-0.2748,1.5364,0.000,9.309,172.306,0,0,447,132,102,113
1778098500.691611,0,0.973837,0.708741,0.690198,1.0513,-0.2748,1.5364,0.000,9.309,172.306,0,0,446,133,102,114
1778098500.724980,0,0.974149,0.709318,0.690982,1.0509,-0.2748,1.5382,0.000,9.570,172.659,0,0,446,133,102,114
1778098500.758349,0,0.972737,0.709318,0.689980,1.0513,-0.2729,1.5364,-0.000,9.516,172.652,0,0,446,133,102,114
1778098500.825068,0,0.975956,0.709318,0.692264,1.0513,-0.2729,1.5364,0.000,10.017,172.601,0,0,446,133,102,113
1778098500.858442,0,0.973649,0.709931,0.691224,1.0541,-0.2736,1.5375,0.000,9.525,172.943,0,0,446,133,102,113
1778098500.891811,0,0.972686,0.709318,0.689944,1.0513,-0.2729,1.5364,0.000,9.374,173.171,0,0,445,134,103,114
1778098500.891811,0,0.973042,0.709280,0.690159,1.0513,-0.2729,1.5364,0.000,9.374,173.171,0,0,445,133,103,114
1778098500.958550,0,0.972530,0.709418,0.689931,1.0513,-0.2711,1.5364,0.000,9.170,172.951,0,0,445,133,103,115
1778098500.991920,0,0.973414,0.708803,0.689958,1.0485,-0.2704,1.5353,-0.000,9.266,172.650,0,0,446,133,102,113
1778098500.991920,0,0.974224,0.709318,0.691035,1.0485,-0.2704,1.5353,-0.000,9.266,172.650,0,0,445,134,103,114
1778098501.058659,0,0.973904,0.709280,0.690770,1.0488,-0.2704,1.5335,0.000,9.284,172.603,0,0,445,134,103,114
1778098501.092027,0,0.973647,0.709896,0.691188,1.0517,-0.2711,1.5346,0.000,9.124,172.419,0,0,445,133,102,115
1778098501.092027,0,0.975288,0.708803,0.691287,1.0517,-0.2711,1.5346,0.000,9.124,172.419,0,0,445,133,103,115
1778098501.158765,0,0.974831,0.708803,0.690963,1.0485,-0.2704,1.5353,-0.000,9.338,171.950,0,0,445,133,102,115
1778098501.158765,0,0.971721,0.708803,0.688758,1.0485,-0.2704,1.5353,-0.000,9.338,171.950,0,0,445,132,103,117
1778098501.192135,0,0.972023,0.708326,0.688509,1.0485,-0.2704,1.5353,0.000,8.332,171.540,0,0,445,132,103,117
1778098501.258865,0,0.972550,0.708941,0.689481,1.0509,-0.2711,1.5382,-0.000,8.710,171.708,0,0,445,132,102,117
1778098501.292234,0,0.973546,0.708326,0.689588,1.0481,-0.2704,1.5371,0.000,9.019,171.810,0,0,445,132,103,115
1778098501.325602,0,0.972673,0.708941,0.689568,1.0509,-0.2711,1.5382,0.000,8.871,172.020,0,0,445,132,102,117
1778098501.358964,0,0.971227,0.708941,0.688542,1.0509,-0.2711,1.5382,-0.000,8.694,172.495,0,0,445,132,103,117
1778098501.392333,0,0.972797,0.708941,0.689656,1.0509,-0.2711,1.5382,-0.000,8.914,172.043,0,0,445,133,102,115
1778098501.425700,0,0.974137,0.709418,0.691071,1.0513,-0.2711,1.5364,-0.000,9.070,171.775,0,0,445,133,102,113
1778098501.459070,0,0.974016,0.709418,0.690985,1.0513,-0.2711,1.5364,0.000,9.111,171.951,0,0,445,133,102,113
1778098501.459070,0,0.975425,0.709418,0.691984,1.0513,-0.2711,1.5364,0.000,9.111,171.951,0,0,444,134,103,114
1778098501.525784,0,0.974637,0.709379,0.691387,1.0488,-0.2686,1.5335,-0.000,9.186,172.028,0,0,445,134,102,114
1778098501.559150,0,0.973540,0.709896,0.691112,1.0517,-0.2711,1.5346,-0.000,8.742,171.603,0,0,444,134,103,114
1778098501.592520,0,0.975793,0.709996,0.692809,1.0517,-0.2693,1.5346,0.000,9.598,172.213,0,0,444,134,102,111
1778098501.625888,0,0.975765,0.709379,0.692187,1.0488,-0.2686,1.5335,-0.000,9.551,172.130,0,0,444,134,102,111
1778098501.625888,0,0.976697,0.709379,0.692848,1.0488,-0.2686,1.5335,-0.000,9.551,172.130,0,0,444,134,102,111
1778098501.692624,0,0.976642,0.709996,0.693412,1.0517,-0.2693,1.5346,0.000,9.727,171.954,0,0,444,134,102,113
1778098501.692624,0,0.978676,0.709379,0.694252,1.0517,-0.2693,1.5346,0.000,9.727,171.954,0,0,444,134,102,111
1778098501.759366,0,0.979217,0.709379,0.694636,1.0488,-0.2686,1.5335,0.000,10.299,171.495,0,0,444,134,102,111
1778098501.759366,0,0.978199,0.709379,0.693914,1.0488,-0.2686,1.5335,0.000,10.299,171.495,0,0,444,134,102,111
1778098501.792738,0,0.978206,0.709379,0.693919,1.0488,-0.2686,1.5335,0.000,9.860,171.176,0,0,444,135,102,110
1778098501.859492,0,0.979190,0.709857,0.695085,1.0492,-0.2686,1.5317,0.000,10.492,172.136,0,0,443,134,103,110
1778098501.859492,0,0.977397,0.709478,0.693442,1.0492,-0.2686,1.5317,0.000,10.492,172.136,0,0,444,135,100,110
1778098501.892861,0,0.978812,0.709857,0.694816,1.0488,-0.2668,1.5335,0.000,9.839,171.785,0,0,443,135,103,110
1778098501.926231,0,0.974931,0.709955,0.692158,1.0492,-0.2686,1.5317,0.000,10.641,172.649,0,0,443,135,103,110
1778098501.992975,0,0.976116,0.709335,0.692393,1.0464,-0.2661,1.5306,-0.000,9.872,172.856,0,0,444,134,102,111
1778098502.026344,0,0.974807,0.709379,0.691508,1.0488,-0.2686,1.5335,0.000,9.690,172.976,0,0,443,134,103,111
1778098502.026344,0,0.976024,0.709478,0.692467,1.0488,-0.2686,1.5335,0.000,9.690,172.976,0,0,444,134,100,111
1778098502.059714,0,0.974551,0.708760,0.690723,1.0488,-0.2668,1.5335,0.000,10.115,173.178,0,0,443,134,103,111
1778098502.093083,0,0.974450,0.710095,0.691952,1.0460,-0.2679,1.5324,-0.000,9.631,173.006,0,0,444,134,102,111
1778098502.126453,0,0.974300,0.709996,0.691749,1.0517,-0.2674,1.5346,0.000,9.607,173.101,0,0,443,133,103,113
1778098502.159821,0,0.973429,0.709617,0.690761,1.0517,-0.2693,1.5346,0.000,9.489,172.871,0,0,443,134,103,111
1778098502.226554,0,0.975321,0.709478,0.691968,1.0488,-0.2668,1.5335,0.000,10.011,173.370,0,0,443,133,103,113
1778098502.259929,0,0.976872,0.709617,0.693205,1.0513,-0.2674,1.5364,-0.000,10.117,172.517,0,0,444,133,102,113
1778098502.293292,0,0.971998,0.709518,0.689650,1.0513,-0.2693,1.5364,-0.000,9.143,173.268,0,0,443,134,103,114
1778098502.293292,0,0.974052,0.709478,0.691068,1.0513,-0.2693,1.5364,-0.000,9.143,173.268,0,0,444,133,102,113
1778098502.326667,0,0.974153,0.708902,0.690579,1.0488,-0.2668,1.5335,0.000,9.556,173.220,0,0,443,133,103,113
1778098502.393401,0,0.975025,0.709617,0.691894,1.0513,-0.2674,1.5364,0.000,9.590,172.547,0,0,444,133,102,113
1778098502.426755,0,0.974036,0.709518,0.691096,1.0513,-0.2693,1.5364,0.000,9.711,173.253,0,0,443,134,103,111
1778098502.426755,0,0.976833,0.710095,0.693644,1.0513,-0.2693,1.5364,0.000,9.711,173.253,0,0,444,133,102,113
1778098502.493483,0,0.976647,0.708902,0.692347,1.0485,-0.2686,1.5353,-0.000,10.316,172.940,0,0,444,133,102,113
1778098502.493483,0,0.973911,0.708902,0.690407,1.0485,-0.2686,1.5353,-0.000,10.316,172.940,0,0,444,133,102,113
1778098502.560232,0,0.975488,0.709518,0.692126,1.0513,-0.2693,1.5364,-0.000,10.120,173.219,0,0,444,133,102,113
1778098502.593601,0,0.975966,0.709518,0.692466,1.0513,-0.2693,1.5364,0.000,10.103,172.927,0,0,444,133,103,113
1778098502.593601,0,0.977175,0.708902,0.692721,1.0513,-0.2693,1.5364,0.000,10.103,172.927,0,0,444,134,102,114
1778098502.660340,0,0.977479,0.709379,0.693403,1.0488,-0.2686,1.5335,-0.000,10.357,172.721,0,0,444,133,103,113
1778098502.660340,0,0.978683,0.708902,0.693790,1.0488,-0.2686,1.5335,-0.000,10.357,172.721,0,0,444,133,103,114
1778098502.727078,0,0.978525,0.708902,0.693678,1.0485,-0.2686,1.5353,0.000,10.809,172.771,0,0,444,133,103,114
1778098502.760397,0,0.978769,0.708902,0.693851,1.0485,-0.2686,1.5353,0.000,10.649,172.328,0,0,445,133,102,115
1778098502.793767,0,0.977188,0.708803,0.692633,1.0485,-0.2704,1.5353,0.000,10.399,172.703,0,0,444,133,103,115
1778098502.793767,0,0.977092,0.708902,0.692662,1.0485,-0.2704,1.5353,0.000,10.399,172.703,0,0,445,132,102,117
1778098502.827122,0,0.974430,0.708326,0.690214,1.0485,-0.2686,1.5353,-0.000,10.213,172.491,0,0,445,132,102,117
1778098502.893844,0,0.975719,0.708326,0.691127,1.0481,-0.2704,1.5371,0.000,10.294,173.147,0,0,445,132,102,117
1778098502.893844,0,0.976051,0.708326,0.691363,1.0481,-0.2704,1.5371,0.000,10.294,173.147,0,0,444,131,103,117
1778098502.960573,0,0.976247,0.707948,0.691132,1.0477,-0.2686,1.5389,0.000,10.593,173.307,0,0,445,132,102,117
1778098502.993952,0,0.973985,0.708326,0.689899,1.0481,-0.2704,1.5371,-0.000,9.983,173.503,0,0,445,131,102,117
1778098502.993952,0,0.974827,0.707850,0.690031,1.0481,-0.2704,1.5371,-0.000,9.983,173.503,0,0,445,131,102,117
1778098503.027321,0,0.973756,0.707233,0.688672,1.0477,-0.2704,1.5389,-0.000,10.246,173.362,0,0,445,132,102,117
1778098503.060691,0,0.972835,0.708326,0.689084,1.0449,-0.2697,1.5378,0.000,9.903,173.314,0,0,445,132,102,117
1778098503.127429,0,0.975441,0.707709,0.690328,1.0453,-0.2697,1.5360,-0.000,10.246,173.210,0,0,445,132,102,115
1778098503.160788,0,0.975352,0.707709,0.690265,1.0453,-0.2697,1.5360,0.000,10.155,173.096,0,0,445,131,102,117
1778098503.194158,0,0.972184,0.706614,0.686959,1.0421,-0.2691,1.5366,0.000,9.509,173.411,0,0,445,132,102,115
1778098503.227527,0,0.973082,0.707709,0.688659,1.0453,-0.2697,1.5360,0.000,9.838,173.706,0,0,445,132,102,115
1778098503.260896,0,0.972370,0.707709,0.688155,1.0453,-0.2697,1.5360,0.000,9.695,173.809,0,0,445,132,102,115
1778098503.294259,0,0.974292,0.707709,0.689515,1.0453,-0.2697,1.5360,0.000,9.689,172.807,0,0,445,131,102,117
1778098503.327629,0,0.974205,0.707233,0.688989,1.0449,-0.2697,1.5378,0.000,9.768,172.824,0,0,445,131,102,117
1778098503.360998,0,0.973858,0.707233,0.688744,1.0449,-0.2697,1.5378,0.000,9.896,173.248,0,0,445,132,102,115
1778098503.394367,0,0.972247,0.707709,0.688068,1.0453,-0.2697,1.5360,0.000,9.396,173.346,0,0,445,131,102,117
1778098503.427736,0,0.972460,0.707233,0.687756,1.0449,-0.2697,1.5378,0.000,9.607,173.447,0,0,445,132,102,115
1778098503.461101,0,0.973248,0.708326,0.689377,1.0481,-0.2704,1.5371,0.000,9.606,173.213,0,0,445,132,102,115
1778098503.461101,0,0.974453,0.708326,0.690231,1.0481,-0.2704,1.5371,0.000,9.606,173.213,0,0,445,131,102,117
1778098503.527839,0,0.973995,0.707850,0.689442,1.0477,-0.2704,1.5389,-0.000,9.794,172.988,0,0,445,131,103,117
1778098503.527839,0,0.972585,0.707850,0.688444,1.0477,-0.2704,1.5389,-0.000,9.915,173.914,0,0,445,132,102,115
1778098503.594578,0,0.974557,0.708326,0.690304,1.0481,-0.2704,1.5371,0.000,9.708,172.696,0,0,445,132,103,117
1778098503.594578,0,0.974651,0.708326,0.690371,1.0481,-0.2704,1.5371,0.000,9.708,172.696,0,0,445,132,102,115
1778098503.627947,0,0.976266,0.708326,0.691515,1.0481,-0.2704,1.5371,0.000,10.140,173.435,0,0,445,132,103,115
1778098503.661301,0,0.973152,0.708326,0.689309,1.0481,-0.2704,1.5371,-0.000,10.156,172.592,0,0,445,132,103,117
1778098503.728075,0,0.974062,0.708326,0.689954,1.0481,-0.2704,1.5371,0.000,9.992,173.480,0,0,445,132,103,115
1778098503.728075,0,0.973448,0.708326,0.689518,1.0481,-0.2704,1.5371,0.000,9.992,173.480,0,0,446,133,102,114
1778098503.794813,0,0.972932,0.708703,0.689520,1.0485,-0.2723,1.5353,0.000,9.607,173.461,0,0,446,133,102,114
1778098503.828182,0,0.974295,0.708703,0.690486,1.0485,-0.2723,1.5353,0.000,10.039,173.519,0,0,446,133,102,114
1778098503.861552,0,0.974029,0.708703,0.690297,1.0485,-0.2723,1.5353,0.000,9.664,172.999,0,0,446,133,102,114
1778098503.861552,0,0.973532,0.709318,0.690544,1.0485,-0.2723,1.5353,0.000,9.664,172.999,0,0,446,133,102,114
1778098503.928330,0,0.975368,0.708703,0.691246,1.0485,-0.2723,1.5353,-0.000,10.000,172.896,0,0,447,133,100,113
1778098503.961699,0,0.973464,0.709218,0.690398,1.0513,-0.2748,1.5364,0.000,9.667,173.213,0,0,447,133,102,114
1778098503.995070,0,0.973494,0.709218,0.690419,1.0513,-0.2748,1.5364,0.000,9.843,173.499,0,0,446,134,103,114
1778098504.061808,0,0.973955,0.709218,0.690746,1.0513,-0.2748,1.5364,0.000,10.044,173.606,0,0,447,133,100,113
1778098504.061808,0,0.970426,0.709218,0.688244,1.0513,-0.2748,1.5364,0.000,9.083,173.687,0,0,447,134,102,114
1778098504.061808,0,0.973204,0.709695,0.690678,1.0513,-0.2748,1.5364,0.000,9.083,173.687,0,0,447,133,100,113
1778098504.095159,0,0.973014,0.709218,0.690079,1.0517,-0.2748,1.5346,0.000,9.767,173.672,0,0,447,134,102,114
1778098504.128520,0,0.973702,0.709695,0.691031,1.0513,-0.2748,1.5364,-0.000,10.010,173.994,0,0,447,134,102,113
1778098504.228626,0,0.971866,0.710308,0.690324,1.0545,-0.2755,1.5357,0.000,9.229,173.411,0,0,447,134,102,113
1778098504.228626,0,0.971917,0.710308,0.690361,1.0545,-0.2755,1.5357,0.000,9.229,173.411,0,0,447,134,102,114
1778098504.261985,0,0.970495,0.710308,0.689351,1.0545,-0.2755,1.5357,0.000,9.246,173.415,0,0,447,134,100,113
1778098504.295343,0,0.971943,0.711123,0.691171,1.0545,-0.2755,1.5357,0.000,9.247,174.088,0,0,447,134,100,113
1778098504.328712,0,0.973243,0.711123,0.692095,1.0583,-0.2764,1.5372,0.000,9.437,173.729,0,0,447,134,100,113
1778098504.395439,0,0.972268,0.711602,0.691867,1.0586,-0.2764,1.5354,0.000,9.551,173.919,0,0,447,135,102,114
1778098504.395439,0,0.971912,0.711602,0.691614,1.0586,-0.2764,1.5354,0.000,9.551,173.919,0,0,447,134,100,113
1778098504.395439,0,0.972576,0.711123,0.691621,1.0586,-0.2764,1.5354,-0.000,9.550,174.080,0,0,447,134,100,113
1778098504.495542,0,0.972945,0.711602,0.692349,1.0586,-0.2764,1.5354,-0.000,9.481,173.481,0,0,447,135,102,111
1778098504.495542,0,0.972489,0.711602,0.692025,1.0586,-0.2764,1.5354,-0.000,9.481,173.481,0,0,447,135,100,111
1778098504.562281,0,0.972334,0.712210,0.692506,1.0615,-0.2771,1.5365,0.000,9.313,173.493,0,0,447,135,102,111
1778098504.562281,0,0.972473,0.711602,0.692013,1.0615,-0.2771,1.5365,0.000,9.313,173.493,0,0,447,135,102,113
1778098504.629022,0,0.971676,0.711602,0.691446,1.0586,-0.2764,1.5354,0.000,9.344,173.860,0,0,447,135,100,113
1778098504.662392,0,0.971752,0.712210,0.692092,1.0615,-0.2771,1.5365,-0.000,9.249,173.666,0,0,447,135,100,111
1778098504.662392,0,0.971138,0.712210,0.691655,1.0615,-0.2771,1.5365,-0.000,9.249,173.666,0,0,447,135,102,113
1778098504.695761,0,0.972039,0.712690,0.692763,1.0615,-0.2771,1.5365,-0.000,9.086,173.683,0,0,447,136,102,111
1778098504.762500,0,0.973818,0.712690,0.694031,1.0619,-0.2771,1.5347,-0.000,9.337,172.952,0,0,447,136,102,110
1778098504.762500,0,0.969368,0.712690,0.690859,1.0619,-0.2771,1.5347,-0.000,9.337,172.952,0,0,447,136,100,110
1778098504.829238,0,0.970521,0.712690,0.691681,1.0619,-0.2771,1.5347,0.000,9.047,174.064,0,0,447,136,102,110
1778098504.862607,0,0.971411,0.713194,0.692805,1.0647,-0.2797,1.5358,0.000,9.127,173.697,0,0,448,136,100,110
1778098504.862607,0,0.968303,0.712713,0.690122,1.0647,-0.2797,1.5358,0.000,9.127,173.697,0,0,448,135,100,111
1778098504.929343,0,0.969927,0.713194,0.691746,1.0647,-0.2797,1.5358,0.000,8.927,174.051,0,0,448,136,100,111
1778098504.929343,0,0.970493,0.713194,0.692149,1.0647,-0.2797,1.5358,0.000,8.927,174.051,0,0,448,136,100,110
1778098504.996083,0,0.968610,0.713194,0.690807,1.0647,-0.2797,1.5358,-0.000,8.836,174.481,0,0,448,136,100,110
1778098504.996083,0,0.971292,0.713194,0.692719,1.0647,-0.2797,1.5358,-0.000,8.836,174.481,0,0,448,136,100,110
1778098505.062822,0,0.971446,0.712713,0.692363,1.0643,-0.2797,1.5376,0.000,9.267,173.753,0,0,448,135,100,111
1778098505.096189,0,0.970713,0.712713,0.691840,1.0643,-0.2797,1.5376,0.000,9.176,173.942,0,0,448,135,100,111
1778098505.129537,0,0.971745,0.713090,0.692941,1.0647,-0.2815,1.5358,0.000,8.996,173.226,0,0,449,136,100,110
1778098505.129537,0,0.973244,0.712609,0.693542,1.0647,-0.2815,1.5358,0.000,8.996,173.226,0,0,449,135,100,111
1778098505.196276,0,0.971732,0.712609,0.692465,1.0643,-0.2815,1.5376,-0.000,9.168,173.364,0,0,449,135,100,113
1778098505.229644,0,0.973839,0.712609,0.693967,1.0643,-0.2815,1.5376,0.000,9.883,173.535,0,0,449,135,100,113
1778098505.229644,0,0.970961,0.712609,0.691916,1.0643,-0.2815,1.5376,-0.000,9.427,174.138,0,0,449,135,100,113
1778098505.296366,0,0.973232,0.712129,0.693067,1.0640,-0.2815,1.5395,-0.000,9.669,173.323,0,0,449,134,100,113
1778098505.329736,0,0.970957,0.712609,0.691913,1.0643,-0.2815,1.5376,0.000,9.437,174.155,0,0,449,135,100,111
1778098505.329736,0,0.972610,0.712609,0.693091,1.0643,-0.2815,1.5376,0.000,9.437,174.155,0,0,449,135,100,111
1778098505.363105,0,0.971262,0.712609,0.692131,1.0643,-0.2815,1.5376,0.000,9.616,173.689,0,0,449,135,100,111
1778098505.429808,0,0.970124,0.712609,0.691319,1.0643,-0.2815,1.5376,-0.000,9.178,174.121,0,0,449,135,100,111
1778098505.429808,0,0.971222,0.712609,0.692102,1.0643,-0.2815,1.5376,-0.000,9.178,174.121,0,0,449,135,100,111
1778098505.429808,0,0.971456,0.713213,0.692855,1.0643,-0.2815,1.5376,0.000,9.336,173.880,0,0,449,135,100,111
1778098505.496546,0,0.973751,0.713213,0.694492,1.0672,-0.2822,1.5388,-0.000,9.625,174.220,0,0,450,134,100,113
1778098505.496546,0,0.971844,0.712025,0.691977,1.0672,-0.2822,1.5388,0.000,9.684,173.255,0,0,450,134,100,113
1778098505.563276,0,0.971922,0.712627,0.692619,1.0640,-0.2834,1.5395,0.000,9.405,173.462,0,0,450,135,100,111
1778098505.596677,0,0.971928,0.713108,0.693089,1.0668,-0.2841,1.5406,0.000,9.365,173.360,0,0,450,134,100,113
1778098505.663384,0,0.972748,0.712505,0.693087,1.0643,-0.2834,1.5376,0.000,9.805,173.831,0,0,450,135,100,111
1778098505.663384,0,0.973647,0.712505,0.693728,1.0643,-0.2834,1.5376,0.000,9.805,173.831,0,0,450,135,100,111
1778098505.730148,0,0.971089,0.712505,0.691905,1.0643,-0.2834,1.5376,0.000,9.157,173.565,0,0,450,135,100,114
1778098505.730148,0,0.969424,0.712505,0.690719,1.0643,-0.2834,1.5376,0.000,9.157,173.565,0,0,450,134,100,113
1778098505.796892,0,0.970485,0.712627,0.691594,1.0668,-0.2841,1.5406,0.000,9.296,173.910,0,0,450,134,100,113
1778098505.830255,0,0.973181,0.712025,0.692929,1.0640,-0.2834,1.5395,-0.000,9.814,173.498,0,0,450,135,100,111
1778098505.830255,0,0.971514,0.712505,0.692208,1.0640,-0.2834,1.5395,-0.000,9.814,173.498,0,0,450,134,100,113
1778098505.897000,0,0.969747,0.712025,0.690484,1.0640,-0.2834,1.5395,-0.000,9.259,174.175,0,0,450,134,100,113
1778098505.930369,0,0.969746,0.712025,0.690483,1.0640,-0.2834,1.5395,0.000,9.133,173.980,0,0,450,135,100,111
1778098505.963738,0,0.972621,0.712505,0.692997,1.0643,-0.2834,1.5376,0.000,9.692,173.715,0,0,450,135,100,113
1778098505.963738,0,0.971358,0.712505,0.692097,1.0643,-0.2834,1.5376,0.000,9.692,173.715,0,0,450,135,100,111
1778098506.030468,0,0.971422,0.712505,0.692143,1.0643,-0.2834,1.5376,0.000,9.776,174.366,0,0,449,135,102,113
1778098506.063838,0,0.971219,0.712609,0.692099,1.0643,-0.2815,1.5376,0.000,9.480,174.106,0,0,450,134,100,113
1778098506.063838,0,0.970855,0.712025,0.691273,1.0643,-0.2815,1.5376,0.000,9.480,174.106,0,0,450,135,100,111
1778098506.097205,0,0.970756,0.712505,0.691669,1.0640,-0.2834,1.5395,0.000,9.178,173.550,0,0,449,134,102,113
1778098506.130575,0,0.970703,0.712129,0.691266,1.0643,-0.2834,1.5376,0.000,9.524,174.284,0,0,449,134,100,113
1778098506.197309,0,0.970781,0.712129,0.691322,1.0640,-0.2815,1.5395,0.000,9.586,174.312,0,0,449,134,100,111
1778098506.197309,0,0.968873,0.712129,0.689963,1.0640,-0.2815,1.5395,0.000,9.586,174.312,0,0,449,134,100,113
1778098506.264034,0,0.971899,0.712129,0.692118,1.0640,-0.2815,1.5395,-0.000,9.455,173.607,0,0,449,134,100,111
1778098506.264034,0,0.970419,0.712129,0.691064,1.0640,-0.2815,1.5395,-0.000,9.455,173.607,0,0,449,134,100,111
1778098506.297402,0,0.970110,0.711524,0.690257,1.0640,-0.2815,1.5395,-0.000,9.058,173.639,0,0,449,134,100,113
1778098506.330771,0,0.971694,0.711524,0.691384,1.0611,-0.2808,1.5383,0.000,8.818,173.370,0,0,449,134,100,113
1778098506.397511,0,0.973035,0.712129,0.692927,1.0640,-0.2815,1.5395,0.000,9.646,173.381,0,0,449,134,100,115
1778098506.397511,0,0.974609,0.711524,0.693458,1.0640,-0.2815,1.5395,0.000,9.646,173.381,0,0,449,135,100,114
1778098506.464248,0,0.972570,0.712004,0.692474,1.0615,-0.2808,1.5365,0.000,10.013,174.303,0,0,449,135,100,113
1778098506.464248,0,0.973545,0.712004,0.693168,1.0615,-0.2808,1.5365,0.000,10.013,174.303,0,0,449,136,100,111
1778098506.497618,0,0.971203,0.712483,0.691966,1.0615,-0.2808,1.5365,0.000,10.386,174.405,0,0,449,135,100,113
1778098506.530988,0,0.972999,0.712004,0.692779,1.0619,-0.2808,1.5347,0.000,9.451,174.213,0,0,448,135,102,113
1778098506.597726,0,0.972626,0.711499,0.692022,1.0586,-0.2783,1.5354,0.000,9.754,173.984,0,0,448,135,102,114
1778098506.631095,0,0.971438,0.712107,0.691768,1.0615,-0.2790,1.5365,0.000,9.829,174.612,0,0,448,134,102,114
1778098506.631095,0,0.971058,0.711628,0.691032,1.0615,-0.2790,1.5365,0.000,9.829,174.612,0,0,448,133,102,113
1778098506.664465,0,0.964774,0.711149,0.686098,1.0611,-0.2790,1.5383,0.000,9.388,173.972,0,0,448,133,100,113
1778098506.731176,0,0.962946,0.711149,0.684798,1.0608,-0.2790,1.5402,0.000,7.376,173.993,0,0,448,133,100,114
1778098506.764545,0,0.963592,0.711149,0.685257,1.0608,-0.2790,1.5402,0.000,7.618,174.147,0,0,448,132,100,113
1778098506.797915,0,0.961359,0.710670,0.683208,1.0604,-0.2790,1.5420,0.000,7.314,174.400,0,0,448,132,100,113
1778098506.797915,0,0.957632,0.710670,0.680560,1.0604,-0.2790,1.5420,0.000,7.314,174.400,0,0,447,133,102,114
1778098506.864653,0,0.960835,0.711251,0.683395,1.0608,-0.2771,1.5402,0.000,7.029,174.367,0,0,447,133,102,111
1778098506.898019,0,0.960589,0.711251,0.683220,1.0608,-0.2771,1.5402,0.000,7.027,174.470,0,0,447,134,102,111
1778098506.931392,0,0.959688,0.711730,0.683039,1.0611,-0.2771,1.5383,0.000,7.036,175.027,0,0,448,134,100,111
1778098506.964758,0,0.956294,0.711628,0.680526,1.0611,-0.2790,1.5383,0.000,6.255,174.946,0,0,448,133,100,113
1778098506.998109,0,0.954529,0.711149,0.678812,1.0608,-0.2790,1.5402,0.000,5.938,174.909,0,0,448,134,100,111
1778098507.031478,0,0.957487,0.711628,0.681375,1.0611,-0.2790,1.5383,0.000,6.710,175.260,0,0,448,133,100,113
1778098507.064848,0,0.956577,0.711149,0.680268,1.0608,-0.2790,1.5402,-0.000,6.802,175.601,0,0,448,133,100,113
1778098507.098217,0,0.958704,0.711149,0.681781,1.0608,-0.2790,1.5402,0.000,7.366,175.699,0,0,448,134,100,114
1778098507.131586,0,0.960671,0.711628,0.683640,1.0611,-0.2790,1.5383,0.000,7.378,175.118,0,0,448,133,102,114
1778098507.131586,0,0.959262,0.711149,0.682178,1.0611,-0.2790,1.5383,0.000,7.378,175.118,0,0,449,133,100,115
1778098507.198322,0,0.960156,0.711045,0.682714,1.0608,-0.2808,1.5402,0.000,7.777,175.695,0,0,449,133,100,115
1778098507.231694,0,0.963271,0.711045,0.684930,1.0608,-0.2808,1.5402,-0.000,8.166,175.099,0,0,449,134,100,114
1778098507.231694,0,0.957362,0.711524,0.681186,1.0608,-0.2808,1.5402,-0.000,8.166,175.099,0,0,448,133,102,113
1778098507.265063,0,0.958109,0.711149,0.681358,1.0611,-0.2808,1.5383,0.000,7.079,175.809,0,0,449,133,100,113
1778098507.298432,0,0.959909,0.711045,0.682539,1.0608,-0.2790,1.5402,0.000,7.177,175.625,0,0,449,134,102,114
1778098507.331802,0,0.960408,0.710917,0.682771,1.0608,-0.2808,1.5402,0.000,7.746,175.739,0,0,449,133,102,117
1778098507.365167,0,0.964398,0.710439,0.685146,1.0583,-0.2801,1.5372,0.000,7.397,175.163,0,0,449,133,102,117
1778098507.431909,0,0.961229,0.710439,0.682894,1.0579,-0.2801,1.5390,0.000,7.674,175.131,0,0,449,132,102,117
1778098507.465279,0,0.959747,0.709149,0.680604,1.0538,-0.2792,1.5394,0.000,7.098,174.609,0,0,450,132,100,115
1778098507.498654,0,0.957507,0.709046,0.678917,1.0538,-0.2810,1.5394,0.000,7.275,175.677,0,0,449,131,103,117
1778098507.532023,0,0.959681,0.708061,0.679513,1.0506,-0.2785,1.5400,0.000,7.555,175.239,0,0,450,131,102,117
1778098507.565386,0,0.956655,0.707959,0.677273,1.0506,-0.2803,1.5400,0.000,6.859,175.180,0,0,449,131,102,117
1778098507.565386,0,0.959918,0.708061,0.679681,1.0506,-0.2803,1.5400,0.000,6.859,175.180,0,0,450,131,100,117
1778098507.632131,0,0.964774,0.707959,0.683021,1.0506,-0.2803,1.5400,-0.000,8.009,173.808,0,0,450,131,102,115
1778098507.632131,0,0.967702,0.707959,0.685094,1.0506,-0.2803,1.5400,-0.000,8.009,173.808,0,0,450,131,102,113
1778098507.698869,0,0.969046,0.707347,0.685451,1.0477,-0.2796,1.5389,0.000,8.742,173.143,0,0,450,131,102,113
1778098507.698869,0,0.967765,0.707347,0.684545,1.0477,-0.2796,1.5389,0.000,8.742,173.143,0,0,450,132,102,114
1778098507.732232,0,0.966192,0.707822,0.683892,1.0477,-0.2796,1.5389,0.000,8.741,173.745,0,0,450,131,102,115
1778098507.798965,0,0.967427,0.707347,0.684306,1.0477,-0.2796,1.5389,0.000,8.659,173.758,0,0,451,131,100,115
1778098507.798965,0,0.965919,0.706630,0.682547,1.0477,-0.2796,1.5389,0.000,8.659,173.758,0,0,451,131,102,113
1778098507.865704,0,0.965932,0.706630,0.682556,1.0449,-0.2807,1.5378,0.000,8.450,173.979,0,0,451,130,102,115
1778098507.899065,0,0.963951,0.706155,0.680699,1.0446,-0.2807,1.5395,0.000,8.089,174.058,0,0,451,130,102,115
1778098507.932434,0,0.963731,0.705539,0.679950,1.0417,-0.2800,1.5384,0.000,8.165,174.281,0,0,451,130,102,113
1778098507.965811,0,0.964568,0.705539,0.680540,1.0417,-0.2800,1.5384,0.000,7.892,173.427,0,0,451,130,102,113
1778098507.999181,0,0.959498,0.704714,0.676171,1.0379,-0.2790,1.5369,0.000,7.363,174.666,0,0,451,129,103,113
1778098508.032550,0,0.954903,0.704242,0.672482,1.0376,-0.2790,1.5387,-0.000,7.508,176.422,0,0,451,130,102,114
1778098508.032550,0,0.958125,0.704714,0.675204,1.0376,-0.2790,1.5387,-0.000,7.508,176.422,0,0,452,130,102,114
1778098508.099288,0,0.959550,0.704612,0.676111,1.0379,-0.2808,1.5369,0.000,7.951,175.488,0,0,452,129,102,113
1778098508.132650,0,0.962068,0.704140,0.677431,1.0376,-0.2808,1.5387,0.000,8.229,174.818,0,0,452,129,103,113
1778098508.166014,0,0.961505,0.704140,0.677034,1.0376,-0.2808,1.5387,0.000,8.106,174.844,0,0,452,129,103,114
1778098508.166014,0,0.967133,0.703520,0.680397,1.0376,-0.2808,1.5387,0.000,8.106,174.844,0,0,452,130,103,114
1778098508.199383,0,0.965188,0.704612,0.680083,1.0348,-0.2801,1.5375,-0.000,9.129,174.174,0,0,452,129,103,114
1778098508.266124,0,0.965645,0.704140,0.679949,1.0376,-0.2808,1.5387,-0.000,8.732,174.167,0,0,452,129,103,113
1778098508.299493,0,0.961880,0.703520,0.676701,1.0348,-0.2801,1.5375,0.000,7.955,174.451,0,0,452,129,103,113
1778098508.299493,0,0.963806,0.703520,0.678056,1.0348,-0.2801,1.5375,0.000,7.955,174.451,0,0,452,129,103,114
1778098508.332860,0,0.961612,0.703520,0.676513,1.0348,-0.2801,1.5375,0.000,7.965,173.648,0,0,452,129,103,113
1778098508.366228,0,0.963564,0.703520,0.677886,1.0348,-0.2801,1.5375,0.000,7.622,173.990,0,0,452,129,103,114
1778098508.399599,0,0.959760,0.703520,0.675210,1.0348,-0.2801,1.5375,0.000,8.241,174.232,0,0,452,129,103,114
1778098508.466336,0,0.958198,0.703520,0.674111,1.0348,-0.2801,1.5375,0.000,7.442,175.060,0,0,452,129,103,114
1778098508.466336,0,0.959876,0.703520,0.675292,1.0348,-0.2801,1.5375,0.000,7.442,175.060,0,0,452,129,103,114
1778098508.466336,0,0.960198,0.703520,0.675518,1.0348,-0.2801,1.5375,-0.000,7.802,174.994,0,0,452,128,104,117
1778098508.566444,0,0.963047,0.703048,0.677068,1.0344,-0.2801,1.5393,0.000,8.192,174.208,0,0,452,128,102,115
1778098508.599809,0,0.962750,0.703048,0.676859,1.0344,-0.2801,1.5393,0.000,7.976,173.962,0,0,451,128,103,115
1778098508.599809,0,0.960955,0.703769,0.676291,1.0344,-0.2801,1.5393,0.000,7.976,173.962,0,0,451,128,103,115
1778098508.633164,0,0.962553,0.703769,0.677416,1.0372,-0.2790,1.5404,0.000,7.745,174.400,0,0,451,129,103,114
1778098508.699903,0,0.961324,0.704242,0.677004,1.0376,-0.2790,1.5387,0.000,7.631,174.213,0,0,451,129,103,114
1778098508.699903,0,0.960627,0.704242,0.676513,1.0376,-0.2790,1.5387,0.000,7.631,174.213,0,0,451,129,103,111
1778098508.733261,0,0.958414,0.704242,0.674955,1.0376,-0.2790,1.5387,0.000,7.542,174.350,0,0,450,129,103,113
1778098508.766621,0,0.958500,0.704342,0.675112,1.0376,-0.2790,1.5387,0.000,7.157,174.584,0,0,450,129,103,114
1778098508.799991,0,0.955697,0.704342,0.673138,1.0376,-0.2772,1.5387,0.000,7.295,174.873,0,0,450,128,103,115
1778098508.833359,0,0.956418,0.703870,0.673194,1.0376,-0.2772,1.5387,-0.000,6.571,174.726,0,0,450,128,103,115
1778098508.933482,0,0.958864,0.703970,0.675011,1.0372,-0.2754,1.5404,0.000,7.249,174.567,0,0,449,128,103,115
1778098508.933482,0,0.961078,0.704342,0.676928,1.0372,-0.2754,1.5404,0.000,7.249,174.567,0,0,450,129,102,113
1778098508.966836,0,0.960639,0.704342,0.676619,1.0376,-0.2772,1.5387,0.000,7.551,174.446,0,0,449,128,103,113
1778098508.966836,0,0.960775,0.703970,0.676357,1.0376,-0.2772,1.5387,0.000,7.551,174.446,0,0,449,129,103,111
1778098509.000220,0,0.959724,0.704443,0.676070,1.0372,-0.2754,1.5404,0.000,7.768,174.685,0,0,449,129,103,111
1778098509.033589,0,0.956981,0.704443,0.674139,1.0376,-0.2754,1.5387,0.000,7.463,174.755,0,0,449,129,102,111
1778098509.066959,0,0.959561,0.704443,0.675956,1.0376,-0.2754,1.5387,-0.000,7.002,175.058,0,0,448,128,103,113
1778098509.100328,0,0.958128,0.704894,0.675379,1.0376,-0.2754,1.5387,-0.000,7.348,174.623,0,0,448,128,103,113
1778098509.167066,0,0.959489,0.704894,0.676338,1.0410,-0.2745,1.5420,-0.000,7.517,174.866,0,0,448,129,103,114
1778098509.200436,0,0.963459,0.704542,0.678797,1.0376,-0.2736,1.5387,-0.000,8.509,175.055,0,0,448,129,102,113
1778098509.233805,0,0.959108,0.704542,0.675732,1.0376,-0.2736,1.5387,0.000,7.688,175.455,0,0,447,130,102,111
1778098509.267174,0,0.964790,0.705942,0.681085,1.0417,-0.2727,1.5384,0.000,8.577,174.860,0,0,447,129,102,113
1778098509.267174,0,0.958922,0.706084,0.677080,1.0417,-0.2727,1.5384,0.000,8.577,174.860,0,0,447,129,102,113
1778098509.333915,0,0.959018,0.706084,0.677148,1.0442,-0.2734,1.5413,0.000,7.139,174.646,0,0,447,130,102,114
1778098509.367282,0,0.960738,0.706559,0.678818,1.0446,-0.2734,1.5395,0.000,7.751,175.163,0,0,447,130,102,114
1778098509.400643,0,0.955858,0.707174,0.675958,1.0474,-0.2741,1.5407,-0.000,6.708,175.330,0,0,447,130,102,115
1778098509.400643,0,0.957959,0.707174,0.677444,1.0474,-0.2741,1.5407,-0.000,6.708,175.330,0,0,447,130,102,113
1778098509.433996,0,0.959449,0.707174,0.678498,1.0474,-0.2741,1.5407,-0.000,7.186,175.322,0,0,447,131,102,114
1778098509.500719,0,0.959296,0.707650,0.678846,1.0477,-0.2741,1.5389,-0.000,7.031,174.679,0,0,447,131,102,113
1778098509.500719,0,0.963414,0.707650,0.681760,1.0477,-0.2741,1.5389,-0.000,7.031,174.679,0,0,448,131,100,113
1778098509.567454,0,0.965010,0.707550,0.682792,1.0477,-0.2759,1.5389,-0.000,8.236,174.275,0,0,447,131,102,114
1778098509.600824,0,0.962315,0.707650,0.680983,1.0477,-0.2741,1.5389,0.000,7.667,174.534,0,0,447,132,102,114
1778098509.600824,0,0.962363,0.708741,0.682066,1.0477,-0.2741,1.5389,0.000,7.667,174.534,0,0,448,132,102,114
1778098509.634196,0,0.958331,0.708026,0.678523,1.0509,-0.2748,1.5382,0.000,7.618,174.595,0,0,447,132,103,114
1778098509.667562,0,0.961346,0.708741,0.681345,1.0481,-0.2759,1.5371,0.000,7.091,175.249,0,0,448,132,102,114
1778098509.700930,0,0.958169,0.708640,0.678997,1.0509,-0.2748,1.5382,0.000,7.349,174.553,0,0,448,132,102,115
1778098509.734296,0,0.958943,0.708640,0.679545,1.0509,-0.2766,1.5382,0.000,6.624,174.497,0,0,448,133,102,115
1778098509.767664,0,0.960782,0.709116,0.681306,1.0509,-0.2766,1.5382,0.000,7.001,174.855,0,0,448,133,103,115
1778098509.801030,0,0.959416,0.709729,0.680925,1.0513,-0.2766,1.5364,-0.000,6.959,174.175,0,0,449,133,102,115
1778098509.867769,0,0.958719,0.709626,0.680332,1.0541,-0.2792,1.5375,-0.000,6.739,174.566,0,0,449,133,102,117
1778098509.901138,0,0.961965,0.709626,0.682635,1.0541,-0.2792,1.5375,-0.000,7.430,174.430,0,0,449,133,102,118
1778098509.901138,0,0.962233,0.709626,0.682826,1.0541,-0.2792,1.5375,-0.000,7.430,174.430,0,0,448,132,103,117
1778098509.967876,0,0.960847,0.709251,0.681482,1.0538,-0.2773,1.5394,0.000,7.083,174.198,0,0,449,133,102,118
1778098510.001240,0,0.961365,0.709626,0.682210,1.0541,-0.2792,1.5375,0.000,7.328,174.505,0,0,449,133,103,118
1778098510.001240,0,0.962128,0.709626,0.682751,1.0541,-0.2792,1.5375,0.000,7.328,174.505,0,0,450,132,100,117
1778098510.067980,0,0.961849,0.709046,0.681996,1.0538,-0.2810,1.5394,-0.000,7.884,174.984,0,0,449,132,103,117
1778098510.101349,0,0.957277,0.709961,0.679629,1.0576,-0.2801,1.5409,0.000,6.446,174.457,0,0,449,132,103,117
1778098510.101349,0,0.957555,0.709961,0.679827,1.0576,-0.2801,1.5409,0.000,6.446,174.457,0,0,449,132,103,117
1778098510.134717,0,0.957453,0.709961,0.679754,1.0576,-0.2801,1.5409,-0.000,6.470,174.386,0,0,450,132,102,117
1778098510.168086,0,0.963978,0.709857,0.684287,1.0576,-0.2801,1.5409,-0.000,6.497,174.479,0,0,451,132,100,115
1778098510.234824,0,0.963959,0.708943,0.683392,1.0538,-0.2828,1.5394,0.000,7.685,173.675,0,0,451,131,100,117
1778098510.268194,0,0.960927,0.708466,0.680784,1.0534,-0.2828,1.5412,-0.000,7.162,173.880,0,0,451,132,100,117
1778098510.301563,0,0.962375,0.708943,0.682269,1.0538,-0.2828,1.5394,-0.000,7.977,174.836,0,0,451,132,100,115
1778098510.334932,0,0.960364,0.708943,0.680843,1.0538,-0.2828,1.5394,0.000,7.598,175.023,0,0,451,133,102,114
1778098510.334932,0,0.962925,0.709420,0.683118,1.0538,-0.2828,1.5394,0.000,7.598,175.023,0,0,451,132,102,114
1778098510.401644,0,0.963398,0.708943,0.682994,1.0538,-0.2828,1.5394,0.000,8.586,175.354,0,0,451,132,102,114
1778098510.435014,0,0.964950,0.708943,0.684094,1.0538,-0.2828,1.5394,-0.000,8.872,175.177,0,0,451,132,102,114
1778098510.435014,0,0.964863,0.708943,0.684033,1.0538,-0.2828,1.5394,-0.000,8.872,175.177,0,0,451,132,102,115
1778098510.468364,0,0.962492,0.708332,0.681764,1.0538,-0.2828,1.5394,0.000,9.017,175.412,0,0,452,132,100,111
1778098510.535079,0,0.961966,0.708229,0.681292,1.0509,-0.2840,1.5382,0.000,8.544,175.729,0,0,451,132,102,114
1778098510.568448,0,0.962480,0.708332,0.681755,1.0509,-0.2821,1.5382,0.000,8.666,175.801,0,0,452,133,100,114
1778098510.601817,0,0.963169,0.708705,0.682603,1.0513,-0.2840,1.5364,-0.000,8.545,175.427,0,0,452,132,100,113
1778098510.601817,0,0.960190,0.708229,0.680034,1.0513,-0.2840,1.5364,-0.000,8.545,175.427,0,0,452,133,102,114
1778098510.701932,0,0.962007,0.708229,0.681321,1.0509,-0.2840,1.5382,0.000,8.767,176.013,0,0,452,132,100,114
1778098510.701932,0,0.958849,0.708229,0.679084,1.0509,-0.2840,1.5382,0.000,8.767,176.013,0,0,451,132,102,113
1778098510.701932,0,0.958776,0.708332,0.679132,1.0509,-0.2840,1.5382,0.000,8.567,176.813,0,0,451,132,102,114
1778098510.735301,0,0.959459,0.708332,0.679616,1.0509,-0.2821,1.5382,0.000,8.513,176.859,0,0,451,132,102,114
1778098510.802031,0,0.961064,0.708332,0.680752,1.0509,-0.2821,1.5382,0.000,8.890,176.578,0,0,452,133,100,114
1778098510.835400,0,0.963415,0.708705,0.682777,1.0513,-0.2840,1.5364,0.000,9.587,176.657,0,0,452,132,100,114
1778098510.835400,0,0.962337,0.708229,0.681554,1.0513,-0.2840,1.5364,0.000,9.587,176.657,0,0,451,132,102,113
1778098510.868769,0,0.963560,0.708229,0.682421,1.0509,-0.2840,1.5382,0.000,9.031,176.236,0,0,451,132,102,114
1778098510.935508,0,0.964415,0.707719,0.682536,1.0481,-0.2814,1.5371,0.000,9.942,176.715,0,0,451,132,102,114
1778098510.968877,0,0.961915,0.707719,0.680766,1.0481,-0.2814,1.5371,0.000,9.020,176.455,0,0,451,131,102,115
1778098511.002246,0,0.966391,0.707244,0.683474,1.0477,-0.2814,1.5389,0.000,9.975,175.971,0,0,451,132,102,114
1778098511.002246,0,0.964541,0.707719,0.682625,1.0477,-0.2814,1.5389,0.000,9.975,175.971,0,0,451,131,102,115
1778098511.035618,0,0.965507,0.707244,0.682849,1.0481,-0.2814,1.5371,-0.000,9.554,176.219,0,0,451,131,102,117
1778098511.068994,0,0.963173,0.707244,0.681199,1.0477,-0.2814,1.5389,-0.000,9.698,175.943,0,0,451,131,102,115
1778098511.102368,0,0.961313,0.707244,0.679883,1.0477,-0.2814,1.5389,-0.000,8.702,175.468,0,0,451,131,102,117
1778098511.169112,0,0.960775,0.707244,0.679502,1.0477,-0.2814,1.5389,0.000,8.411,175.928,0,0,450,131,103,115
1778098511.202482,0,0.962082,0.707347,0.680525,1.0477,-0.2796,1.5389,-0.000,8.914,176.234,0,0,450,131,102,117
1778098511.235851,0,0.964759,0.707347,0.682419,1.0477,-0.2796,1.5389,0.000,9.314,175.809,0,0,451,131,102,117
1778098511.269203,0,0.962567,0.707244,0.680770,1.0477,-0.2814,1.5389,0.000,9.415,176.604,0,0,450,131,102,117
1778098511.269203,0,0.964277,0.707347,0.682078,1.0477,-0.2814,1.5389,0.000,9.415,176.604,0,0,450,131,102,117
1778098511.335942,0,0.958974,0.707347,0.678327,1.0477,-0.2796,1.5389,0.000,8.897,177.237,0,0,450,131,102,117
1778098511.335942,0,0.960626,0.707347,0.679496,1.0477,-0.2796,1.5389,0.000,8.897,177.237,0,0,451,131,100,117
1778098511.402680,0,0.959273,0.707244,0.678440,1.0477,-0.2814,1.5389,-0.000,8.613,176.703,0,0,450,130,103,117
1778098511.436049,0,0.962149,0.706257,0.679525,1.0446,-0.2789,1.5395,0.000,9.080,176.302,0,0,450,131,103,117
1778098511.469436,0,0.961538,0.706732,0.679550,1.0449,-0.2789,1.5378,0.000,8.947,176.462,0,0,450,131,102,117
1778098511.502805,0,0.962520,0.707347,0.680835,1.0477,-0.2796,1.5389,-0.000,8.988,176.177,0,0,450,131,102,117
1778098511.536179,0,0.957478,0.707347,0.677269,1.0477,-0.2796,1.5389,0.000,8.187,176.836,0,0,450,131,102,117
1778098511.536179,0,0.957122,0.706732,0.676428,1.0477,-0.2796,1.5389,0.000,8.187,176.836,0,0,450,131,102,115
1778098511.569548,0,0.957772,0.707347,0.677477,1.0449,-0.2789,1.5378,0.000,7.790,176.423,0,0,450,131,103,115
1778098511.636272,0,0.953085,0.707347,0.674161,1.0477,-0.2796,1.5389,0.000,7.176,176.911,0,0,450,130,102,117
1778098511.669621,0,0.953513,0.706257,0.673426,1.0446,-0.2789,1.5395,0.000,7.772,177.440,0,0,450,131,102,114
1778098511.669621,0,0.953884,0.707347,0.674727,1.0446,-0.2789,1.5395,0.000,7.772,177.440,0,0,450,131,102,115
1778098511.736347,0,0.954838,0.706732,0.674814,1.0449,-0.2789,1.5378,0.000,7.739,177.104,0,0,450,132,102,114
1778098511.769729,0,0.953762,0.707207,0.674507,1.0453,-0.2789,1.5360,-0.000,7.279,176.962,0,0,450,131,102,115
1778098511.769729,0,0.957267,0.707207,0.676986,1.0453,-0.2789,1.5360,-0.000,7.279,176.962,0,0,450,131,103,117
1778098511.836487,0,0.954737,0.706732,0.674743,1.0449,-0.2789,1.5378,-0.000,7.183,176.371,0,0,450,132,103,115
1778098511.869857,0,0.956618,0.707207,0.676527,1.0453,-0.2789,1.5360,0.000,7.764,176.685,0,0,450,131,102,115
1778098511.903239,0,0.954864,0.706732,0.674832,1.0449,-0.2789,1.5378,0.000,7.629,176.950,0,0,450,131,102,115
1778098511.936608,0,0.953011,0.706732,0.673523,1.0449,-0.2789,1.5378,0.000,7.321,177.131,0,0,450,131,102,115
1778098512.003334,0,0.955980,0.706630,0.675524,1.0449,-0.2807,1.5378,0.000,7.909,176.871,0,0,451,131,102,115
1778098512.003334,0,0.957042,0.706630,0.676274,1.0449,-0.2807,1.5378,0.000,8.146,176.835,0,0,451,131,102,114
1778098512.036703,0,0.953214,0.706630,0.673570,1.0449,-0.2807,1.5378,0.000,7.258,176.892,0,0,450,131,103,114
1778098512.036703,0,0.957001,0.706115,0.675753,1.0449,-0.2807,1.5378,0.000,7.258,176.892,0,0,451,131,100,115
1778098512.136791,0,0.957682,0.706115,0.676233,1.0421,-0.2782,1.5366,0.000,8.324,176.946,0,0,451,131,102,115
1778098512.136791,0,0.957921,0.706115,0.676402,1.0421,-0.2782,1.5366,0.000,8.324,176.946,0,0,451,131,102,115
1778098512.136791,0,0.955473,0.706013,0.674576,1.0421,-0.2782,1.5366,-0.000,8.449,177.026,0,0,451,131,102,115
1778098512.236873,0,0.958824,0.706013,0.676942,1.0421,-0.2800,1.5366,0.000,8.605,176.840,0,0,451,131,102,115
1778098512.270243,0,0.956896,0.706013,0.675581,1.0421,-0.2800,1.5366,0.000,8.632,177.479,0,0,451,131,102,115
1778098512.270243,0,0.954915,0.705187,0.673394,1.0421,-0.2800,1.5366,0.000,8.632,177.479,0,0,451,131,102,114
1778098512.336981,0,0.959529,0.705187,0.676647,1.0383,-0.2790,1.5351,-0.000,8.931,177.012,0,0,451,131,102,113
1778098512.370350,0,0.958857,0.705187,0.676173,1.0383,-0.2790,1.5351,0.000,8.849,177.128,0,0,451,131,102,114
1778098512.370350,0,0.959150,0.705187,0.676380,1.0383,-0.2790,1.5351,0.000,8.849,177.128,0,0,451,131,102,115
1778098512.437089,0,0.956743,0.705187,0.674683,1.0383,-0.2790,1.5351,0.000,8.731,177.641,0,0,451,131,102,114
1778098512.470458,0,0.958799,0.705187,0.676132,1.0383,-0.2790,1.5351,-0.000,9.176,177.525,0,0,451,131,102,114
1778098512.503827,0,0.958146,0.705187,0.675672,1.0383,-0.2790,1.5351,0.000,9.216,177.766,0,0,451,131,102,115
1778098512.537197,0,0.955811,0.705187,0.674025,1.0383,-0.2790,1.5351,0.000,8.934,178.146,0,0,451,131,100,114
1778098512.570561,0,0.957797,0.705187,0.675425,1.0383,-0.2790,1.5351,0.000,9.182,177.834,0,0,451,131,100,113
1778098512.603926,0,0.960230,0.705187,0.677141,1.0383,-0.2790,1.5351,-0.000,9.468,177.412,0,0,451,131,102,111
1778098512.637295,0,0.957004,0.704714,0.674414,1.0379,-0.2790,1.5369,-0.000,9.093,177.867,0,0,451,130,102,113
1778098512.637295,0,0.955643,0.704714,0.673455,1.0379,-0.2790,1.5369,-0.000,9.093,177.867,0,0,451,130,100,113
1778098512.670663,0,0.959270,0.705187,0.676464,1.0379,-0.2790,1.5369,-0.000,8.655,177.775,0,0,451,131,102,114
1778098512.737407,0,0.957528,0.705187,0.675236,1.0383,-0.2790,1.5351,0.000,8.817,177.502,0,0,451,131,102,115
1778098512.737407,0,0.956165,0.705187,0.674275,1.0383,-0.2790,1.5351,0.000,8.817,177.502,0,0,451,131,102,114
1778098512.770770,0,0.952024,0.705288,0.671451,1.0383,-0.2790,1.5351,0.000,8.557,177.614,0,0,450,131,102,115
1778098512.837509,0,0.950769,0.706589,0.671803,1.0424,-0.2782,1.5348,0.000,7.213,177.804,0,0,450,132,102,114
1778098512.837509,0,0.950691,0.706589,0.671748,1.0424,-0.2782,1.5348,0.000,7.213,177.804,0,0,450,132,103,115
1778098512.870878,0,0.953462,0.706589,0.673706,1.0424,-0.2782,1.5348,0.000,6.764,177.236,0,0,450,132,102,115
1778098512.937609,0,0.957549,0.706690,0.676690,1.0424,-0.2763,1.5348,0.000,8.065,176.866,0,0,449,132,103,115
1778098512.970986,0,0.956755,0.707308,0.676721,1.0453,-0.2770,1.5360,0.000,7.682,176.617,0,0,449,132,103,115
1778098513.004361,0,0.956734,0.706690,0.676115,1.0424,-0.2763,1.5348,0.000,7.779,176.755,0,0,449,132,103,117
1778098513.004361,0,0.956312,0.706690,0.675816,1.0424,-0.2763,1.5348,0.000,7.779,176.755,0,0,449,132,103,115
1778098513.071100,0,0.956765,0.707165,0.676590,1.0428,-0.2763,1.5331,-0.000,8.068,177.245,0,0,449,133,103,115
1778098513.071100,0,0.953575,0.707308,0.674471,1.0428,-0.2763,1.5331,-0.000,8.068,177.245,0,0,449,132,102,115
1778098513.137838,0,0.953159,0.707783,0.674631,1.0456,-0.2770,1.5342,-0.000,7.188,177.249,0,0,449,133,102,114
1778098513.137838,0,0.953907,0.707783,0.675159,1.0456,-0.2770,1.5342,-0.000,7.188,177.249,0,0,449,133,102,114
1778098513.204576,0,0.955057,0.707783,0.675974,1.0456,-0.2770,1.5342,-0.000,7.524,177.090,0,0,448,132,103,113
1778098513.237932,0,0.956367,0.707409,0.676543,1.0453,-0.2752,1.5360,-0.000,7.601,176.725,0,0,449,133,102,114
1778098513.271301,0,0.949831,0.707783,0.672274,1.0456,-0.2770,1.5342,-0.000,7.406,178.522,0,0,448,132,103,113
1778098513.304683,0,0.955272,0.707409,0.675768,1.0453,-0.2752,1.5360,0.000,8.053,177.666,0,0,449,132,102,113
1778098513.338053,0,0.956082,0.707308,0.676244,1.0453,-0.2770,1.5360,-0.000,8.025,177.288,0,0,449,132,102,113
1778098513.338053,0,0.956812,0.707308,0.676761,1.0453,-0.2770,1.5360,-0.000,8.025,177.288,0,0,449,132,102,113
1778098513.371420,0,0.956793,0.707308,0.676748,1.0453,-0.2770,1.5360,-0.000,7.810,176.779,0,0,449,132,102,114
1778098513.371420,0,0.951440,0.706690,0.672373,1.0453,-0.2770,1.5360,-0.000,7.810,176.779,0,0,449,132,102,115
1778098513.471517,0,0.953722,0.707308,0.674575,1.0453,-0.2770,1.5360,-0.000,7.392,177.216,0,0,449,132,102,115
1778098513.504886,0,0.956246,0.707308,0.676361,1.0453,-0.2770,1.5360,-0.000,7.570,176.633,0,0,449,132,102,115
1778098513.504886,0,0.952531,0.707308,0.673733,1.0453,-0.2770,1.5360,-0.000,7.570,176.633,0,0,448,132,103,113
1778098513.538234,0,0.956272,0.707409,0.676476,1.0453,-0.2770,1.5360,-0.000,7.618,177.873,0,0,449,132,102,114
1778098513.604974,0,0.958493,0.707308,0.677950,1.0453,-0.2770,1.5360,-0.000,8.163,176.683,0,0,449,131,102,114
1778098513.604974,0,0.958279,0.706833,0.677343,1.0453,-0.2770,1.5360,-0.000,8.163,176.683,0,0,449,131,102,113
1778098513.638343,0,0.957848,0.706216,0.676447,1.0449,-0.2770,1.5378,0.000,8.072,176.506,0,0,449,131,102,114
1778098513.671705,0,0.962592,0.706833,0.680392,1.0421,-0.2763,1.5366,0.000,7.827,176.315,0,0,449,131,102,114
1778098513.738451,0,0.961070,0.706833,0.679316,1.0449,-0.2770,1.5378,0.000,9.082,176.876,0,0,449,131,100,114
1778098513.738451,0,0.959878,0.706216,0.677881,1.0449,-0.2770,1.5378,0.000,9.082,176.876,0,0,449,130,100,113
1778098513.771813,0,0.961643,0.705742,0.678671,1.0421,-0.2763,1.5366,-0.000,8.446,176.464,0,0,449,130,100,113
1778098513.805182,0,0.961750,0.705742,0.678747,1.0417,-0.2763,1.5384,0.000,8.695,176.058,0,0,449,131,100,114
1778098513.838549,0,0.964531,0.706216,0.681167,1.0417,-0.2763,1.5384,-0.000,8.929,176.333,0,0,449,131,100,114
1778098513.871917,0,0.964137,0.706216,0.680888,1.0421,-0.2763,1.5366,0.000,9.328,175.999,0,0,449,131,100,113
1778098513.905286,0,0.965207,0.706216,0.681644,1.0421,-0.2763,1.5366,0.000,9.220,175.999,0,0,449,131,102,113
1778098513.972024,0,0.960968,0.706216,0.678650,1.0421,-0.2763,1.5366,0.000,8.756,176.500,0,0,448,131,102,113
1778098513.972024,0,0.958197,0.706316,0.676790,1.0421,-0.2763,1.5366,0.000,8.756,176.500,0,0,448,131,102,114
1778098514.005386,0,0.957243,0.706316,0.676116,1.0421,-0.2745,1.5366,-0.000,7.818,176.269,0,0,448,131,102,114
1778098514.038763,0,0.956579,0.706316,0.675647,1.0421,-0.2745,1.5366,0.000,7.597,176.285,0,0,448,131,102,114
1778098514.072132,0,0.956889,0.706316,0.675866,1.0421,-0.2745,1.5366,0.000,7.554,176.453,0,0,449,131,100,114
1778098514.105501,0,0.956954,0.706216,0.675816,1.0421,-0.2745,1.5366,-0.000,7.227,175.856,0,0,448,131,102,111
1778098514.172232,0,0.956779,0.706316,0.675789,1.0421,-0.2745,1.5366,0.000,7.379,176.127,0,0,448,131,102,114
1778098514.205588,0,0.957353,0.706934,0.676785,1.0449,-0.2752,1.5378,0.000,7.619,176.278,0,0,448,130,102,113
1778098514.238956,0,0.955756,0.706459,0.675202,1.0446,-0.2752,1.5395,0.000,7.764,176.892,0,0,448,130,102,115
1778098514.238956,0,0.960412,0.706459,0.678492,1.0446,-0.2752,1.5395,0.000,7.764,176.892,0,0,449,131,100,111
1778098514.272326,0,0.958278,0.706833,0.677343,1.0446,-0.2752,1.5395,-0.000,8.234,175.941,0,0,448,131,102,111
1778098514.339050,0,0.960258,0.706934,0.678839,1.0449,-0.2752,1.5378,0.000,8.364,176.312,0,0,448,131,102,114
1778098514.372433,0,0.961961,0.706316,0.679448,1.0421,-0.2745,1.5366,-0.000,8.292,175.594,0,0,449,131,100,111
1778098514.372433,0,0.960757,0.706833,0.679095,1.0421,-0.2745,1.5366,-0.000,8.292,175.594,0,0,448,131,102,114
1778098514.439157,0,0.963034,0.706934,0.680802,1.0449,-0.2752,1.5378,0.000,8.570,175.597,0,0,448,131,102,113
1778098514.472521,0,0.964542,0.706934,0.681867,1.0449,-0.2752,1.5378,0.000,8.903,175.507,0,0,448,131,102,114
1778098514.505896,0,0.960414,0.706934,0.678950,1.0449,-0.2752,1.5378,-0.000,8.044,175.802,0,0,448,131,102,113
1778098514.539266,0,0.959254,0.706934,0.678130,1.0449,-0.2752,1.5378,0.000,7.853,175.943,0,0,448,131,102,113
1778098514.539266,0,0.961393,0.706934,0.679642,1.0449,-0.2752,1.5378,0.000,7.853,175.943,0,0,448,130,102,113
1778098514.606004,0,0.961197,0.706459,0.679046,1.0446,-0.2752,1.5395,0.000,8.393,175.884,0,0,448,131,102,111
1778098514.606004,0,0.960486,0.706934,0.679000,1.0446,-0.2752,1.5395,0.000,8.393,175.884,0,0,448,131,102,114
1778098514.672743,0,0.961638,0.706316,0.679220,1.0421,-0.2745,1.5366,0.000,8.194,175.569,0,0,448,131,102,114
1778098514.706106,0,0.964518,0.706316,0.681255,1.0421,-0.2745,1.5366,-0.000,8.725,175.256,0,0,449,131,100,113
1778098514.739475,0,0.962332,0.706216,0.679614,1.0421,-0.2763,1.5366,0.000,8.114,175.093,0,0,448,131,102,114
1778098514.739475,0,0.963345,0.706316,0.680426,1.0421,-0.2763,1.5366,0.000,8.114,175.093,0,0,447,130,103,113
1778098514.772844,0,0.966744,0.706559,0.683062,1.0421,-0.2745,1.5366,0.000,8.082,174.722,0,0,447,131,103,114
1778098514.806214,0,0.972122,0.707034,0.687324,1.0446,-0.2734,1.5395,0.000,8.223,173.355,0,0,447,131,103,114
1778098514.839583,0,0.974474,0.706416,0.688384,1.0449,-0.2734,1.5378,-0.000,8.709,171.589,0,0,447,130,102,113
1778098514.906317,0,0.974249,0.705942,0.687763,1.0417,-0.2727,1.5384,0.000,8.328,167.208,0,0,446,130,103,115
1778098514.939687,0,0.972841,0.706659,0.687467,1.0446,-0.2716,1.5395,0.000,8.097,164.178,0,0,445,130,102,115
1778098514.939687,0,0.970177,0.706757,0.685680,1.0446,-0.2716,1.5395,0.000,8.097,164.178,0,0,444,130,102,115
1778098514.973059,0,0.960098,0.706757,0.678556,1.0446,-0.2697,1.5395,-0.000,7.681,157.264,0,0,444,130,100,113
1778098515.039797,0,0.947984,0.704158,0.667530,1.0323,-0.2650,1.5346,0.000,7.847,153.265,0,0,443,130,100,113
1778098515.039797,0,0.939448,0.703625,0.661019,1.0323,-0.2650,1.5346,0.000,7.847,153.265,0,0,442,129,100,117
1778098515.106536,0,0.930026,0.703248,0.654039,1.0291,-0.2607,1.5352,-0.000,7.938,149.248,0,0,440,129,98,117
1778098515.139902,0,0.917105,0.704065,0.645702,1.0319,-0.2578,1.5364,0.000,7.648,147.179,0,0,440,129,100,117
1778098515.173274,0,0.898674,0.704065,0.632725,1.0319,-0.2578,1.5364,0.000,6.445,144.903,0,0,438,130,98,117
1778098515.206641,0,0.891460,0.705353,0.628794,1.0351,-0.2548,1.5358,-0.000,6.886,143.577,0,0,437,130,98,115
1778098515.240010,0,0.881279,0.705446,0.621695,1.0351,-0.2530,1.5358,0.000,7.569,141.704,0,0,436,131,96,113
1778098515.240010,0,0.867235,0.706640,0.612823,1.0351,-0.2530,1.5358,0.000,7.569,141.704,0,0,435,131,96,115
1778098515.273379,0,0.854748,0.706732,0.604078,1.0383,-0.2518,1.5351,0.000,7.297,139.973,0,0,433,131,97,115
1778098515.306748,0,0.841609,0.707748,0.595647,1.0383,-0.2500,1.5351,0.000,6.834,138.707,0,0,432,131,96,115
1778098515.373473,0,0.829982,0.709083,0.588526,1.0477,-0.2466,1.5389,0.000,6.257,136.294,0,0,431,132,96,115
1778098515.373473,0,0.818059,0.709653,0.580538,1.0477,-0.2466,1.5389,0.000,6.257,136.294,0,0,429,132,95,115
1778098515.440203,0,0.817616,0.710452,0.580877,1.0509,-0.2417,1.5382,0.000,5.515,135.550,0,0,428,133,96,115
1778098515.440203,0,0.815397,0.710401,0.579258,1.0509,-0.2417,1.5382,0.000,5.515,135.550,0,0,426,133,95,113
1778098515.506940,0,0.805332,0.711199,0.572751,1.0513,-0.2362,1.5364,0.000,5.936,134.212,0,0,425,133,95,113
1778098515.540309,0,0.805543,0.711286,0.572972,1.0513,-0.2344,1.5364,0.000,6.329,134.131,0,0,424,133,95,113
1778098515.573663,0,0.800011,0.711372,0.569105,1.0513,-0.2326,1.5364,-0.000,5.713,133.959,0,0,423,134,95,113
1778098515.573663,0,0.790487,0.711940,0.562779,1.0513,-0.2326,1.5364,-0.000,5.713,133.959,0,0,423,134,94,114
1778098515.640418,0,0.797589,0.712561,0.568331,1.0545,-0.2313,1.5357,-0.000,5.876,133.682,0,0,422,134,95,113
1778098515.640418,0,0.790510,0.712026,0.562863,1.0545,-0.2313,1.5357,-0.000,5.876,133.682,0,0,421,134,95,113
1778098515.673786,0,0.790578,0.712111,0.562979,1.0517,-0.2289,1.5346,-0.000,6.031,132.951,0,0,420,134,95,111
1778098515.740525,0,0.799206,0.712195,0.569191,1.0517,-0.2252,1.5346,-0.000,6.622,133.785,0,0,420,134,96,111
1778098515.740525,0,0.796043,0.712195,0.566938,1.0517,-0.2252,1.5346,-0.000,6.622,133.785,0,0,419,133,95,113
1778098515.807263,0,0.792992,0.712417,0.564941,1.0541,-0.2239,1.5375,0.000,6.436,133.350,0,0,419,134,94,111
1778098515.840632,0,0.794112,0.712901,0.566123,1.0545,-0.2239,1.5357,0.000,6.828,133.243,0,0,418,134,95,113
1778098515.874002,0,0.789666,0.712984,0.563019,1.0545,-0.2221,1.5357,0.000,6.040,133.276,0,0,418,134,94,113
1778098515.907368,0,0.786965,0.713810,0.561744,1.0583,-0.2228,1.5372,0.000,6.168,132.927,0,0,417,134,93,113
1778098515.940737,0,0.783622,0.713066,0.558774,1.0545,-0.2202,1.5357,0.000,5.268,133.149,0,0,417,135,94,114
1778098515.974123,0,0.790128,0.713550,0.563796,1.0549,-0.2202,1.5339,0.000,5.664,133.594,0,0,417,135,94,114
1778098515.974123,0,0.793310,0.713550,0.566066,1.0549,-0.2202,1.5339,0.000,5.664,133.594,0,0,416,135,94,113
1778098516.040838,0,0.795131,0.713632,0.567431,1.0549,-0.2184,1.5339,-0.000,6.750,133.676,0,0,416,135,94,111
1778098516.074207,0,0.803696,0.714460,0.574209,1.0586,-0.2191,1.5354,0.000,6.750,134.594,0,0,415,135,94,111
1778098516.107548,0,0.799408,0.713713,0.570548,1.0549,-0.2166,1.5339,0.000,6.953,134.136,0,0,415,135,95,111
1778098516.140918,0,0.796681,0.714542,0.569262,1.0586,-0.2173,1.5354,0.000,7.101,133.772,0,0,415,135,94,111
1778098516.174287,0,0.789753,0.713713,0.563657,1.0549,-0.2166,1.5339,0.000,7.291,132.953,0,0,415,135,94,110
1778098516.207653,0,0.785349,0.714542,0.561164,1.0586,-0.2173,1.5354,-0.000,7.530,132.385,0,0,415,135,94,111
1778098516.207653,0,0.780769,0.714542,0.557892,1.0586,-0.2173,1.5354,-0.000,7.530,132.385,0,0,415,135,94,111
1778098516.241021,0,0.786074,0.714542,0.561683,1.0586,-0.2173,1.5354,-0.000,7.409,131.973,0,0,414,135,95,111
1778098516.274395,0,0.784779,0.714623,0.560821,1.0586,-0.2173,1.5354,0.000,7.110,132.658,0,0,414,135,95,110
1778098516.307760,0,0.782586,0.714623,0.559254,1.0586,-0.2154,1.5354,0.000,7.391,132.496,0,0,414,135,95,110
1778098516.341130,0,0.783299,0.714623,0.559764,1.0586,-0.2154,1.5354,0.000,7.186,132.367,0,0,414,135,94,110
1778098516.374502,0,0.783236,0.714623,0.559719,1.0586,-0.2154,1.5354,0.000,7.321,132.377,0,0,414,135,94,110
1778098516.441241,0,0.789265,0.714623,0.564027,1.0586,-0.2154,1.5354,0.000,6.812,133.238,0,0,413,135,93,110
1778098516.474601,0,0.784090,0.714703,0.560392,1.0586,-0.2136,1.5354,0.000,6.616,132.901,0,0,413,135,93,110
1778098516.507970,0,0.787574,0.714703,0.562882,1.0586,-0.2136,1.5354,-0.000,6.919,133.114,0,0,413,135,94,110
1778098516.541349,0,0.789623,0.714703,0.564346,1.0586,-0.2136,1.5354,0.000,7.339,133.126,0,0,413,135,94,110
1778098516.574722,0,0.784572,0.715323,0.561222,1.0615,-0.2141,1.5365,-0.000,6.682,132.918,0,0,413,135,94,110
1778098516.608100,0,0.789553,0.715323,0.564785,1.0615,-0.2141,1.5365,-0.000,7.070,133.247,0,0,413,135,94,110
1778098516.608100,0,0.791600,0.715323,0.566250,1.0615,-0.2141,1.5365,-0.000,7.070,133.247,0,0,413,135,94,111
1778098516.641469,0,0.794617,0.715323,0.568408,1.0615,-0.2141,1.5365,0.000,6.986,133.502,0,0,413,135,94,111
1778098516.708208,0,0.793093,0.715323,0.567317,1.0615,-0.2141,1.5365,-0.000,6.978,133.663,0,0,413,135,94,111
1778098516.708208,0,0.791973,0.715323,0.566516,1.0615,-0.2141,1.5365,-0.000,6.978,133.663,0,0,413,135,94,110
1778098516.741570,0,0.788696,0.715323,0.564172,1.0615,-0.2141,1.5365,-0.000,6.432,133.815,0,0,413,135,94,110
1778098516.774937,0,0.793743,0.715323,0.567783,1.0615,-0.2141,1.5365,0.000,6.938,133.222,0,0,413,135,94,110
1778098516.808307,0,0.787842,0.714703,0.563073,1.0615,-0.2141,1.5365,0.000,6.744,133.847,0,0,414,135,94,110
1778098516.841676,0,0.784844,0.715242,0.561353,1.0586,-0.2136,1.5354,0.000,6.270,133.463,0,0,414,135,94,111
1778098516.908414,0,0.791065,0.715242,0.565803,1.0615,-0.2159,1.5365,0.000,6.563,133.549,0,0,414,135,94,111
1778098516.941784,0,0.784325,0.715242,0.560982,1.0615,-0.2159,1.5365,-0.000,6.387,132.933,0,0,414,135,95,111
1778098516.975153,0,0.783743,0.714623,0.560081,1.0586,-0.2154,1.5354,-0.000,7.033,132.559,0,0,415,135,94,109
1778098517.008522,0,0.788662,0.714542,0.563532,1.0586,-0.2173,1.5354,0.000,6.959,132.998,0,0,415,135,94,110
1778098517.041889,0,0.787312,0.714542,0.562567,1.0586,-0.2173,1.5354,0.000,6.666,133.000,0,0,415,135,94,110
1778098517.075243,0,0.787760,0.714542,0.562888,1.0586,-0.2173,1.5354,0.000,6.830,132.967,0,0,415,135,94,111
1778098517.108612,0,0.789338,0.714542,0.564015,1.0586,-0.2173,1.5354,-0.000,6.624,133.233,0,0,415,135,94,111
1778098517.141977,0,0.792437,0.714542,0.566229,1.0586,-0.2173,1.5354,0.000,6.151,133.797,0,0,415,135,94,110
1778098517.141977,0,0.787718,0.714542,0.562858,1.0586,-0.2173,1.5354,0.000,6.609,133.071,0,0,415,135,94,110
1778098517.208711,0,0.789221,0.714542,0.563931,1.0586,-0.2173,1.5354,-0.000,6.121,133.473,0,0,415,135,94,111
1778098517.242080,0,0.788168,0.714542,0.563179,1.0586,-0.2173,1.5354,0.000,6.621,133.112,0,0,415,135,94,110
1778098517.275454,0,0.795165,0.713713,0.567520,1.0549,-0.2166,1.5339,0.000,6.717,133.801,0,0,415,135,94,110
1778098517.308820,0,0.789959,0.713713,0.563804,1.0549,-0.2166,1.5339,0.000,6.307,133.456,0,0,415,134,95,113
1778098517.342188,0,0.798661,0.714057,0.570289,1.0583,-0.2173,1.5372,0.000,6.385,134.372,0,0,415,135,94,111
1778098517.342188,0,0.792745,0.713713,0.565793,1.0583,-0.2173,1.5372,0.000,6.385,134.372,0,0,415,135,95,110
1778098517.408926,0,0.792878,0.713713,0.565888,1.0549,-0.2166,1.5339,0.000,7.319,133.266,0,0,416,134,94,111
1778098517.408926,0,0.796668,0.713975,0.568801,1.0549,-0.2166,1.5339,0.000,7.319,133.266,0,0,416,134,94,111
1778098517.442297,0,0.797667,0.713148,0.568855,1.0583,-0.2191,1.5372,-0.000,6.840,133.823,0,0,416,134,94,113
1778098517.475665,0,0.799076,0.713148,0.569860,1.0545,-0.2184,1.5357,0.000,6.482,134.110,0,0,416,134,95,111
1778098517.509031,0,0.802598,0.713148,0.572371,1.0545,-0.2184,1.5357,-0.000,7.349,133.829,0,0,416,134,94,111
1778098517.542394,0,0.794633,0.713148,0.566691,1.0545,-0.2184,1.5357,0.000,6.631,134.566,0,0,416,134,95,113
1778098517.609124,0,0.801554,0.713148,0.571626,1.0545,-0.2184,1.5357,0.000,6.379,134.582,0,0,416,134,95,111
1778098517.642498,0,0.801034,0.713148,0.571256,1.0545,-0.2184,1.5357,0.000,6.769,134.327,0,0,417,134,94,113
1778098517.675862,0,0.801589,0.713066,0.571586,1.0545,-0.2202,1.5357,0.000,7.125,134.103,0,0,417,134,94,111
1778098517.675862,0,0.805576,0.712443,0.573927,1.0545,-0.2202,1.5357,0.000,7.125,134.103,0,0,417,134,94,111
1778098517.742601,0,0.811115,0.712443,0.577873,1.0517,-0.2197,1.5346,0.000,6.817,135.299,0,0,416,134,95,113
1778098517.775970,0,0.806087,0.713148,0.574860,1.0545,-0.2184,1.5357,-0.000,6.593,134.966,0,0,416,134,95,113
1778098517.809339,0,0.801735,0.712525,0.571256,1.0517,-0.2179,1.5346,0.000,7.405,134.086,0,0,417,135,95,115
1778098517.842712,0,0.802063,0.712301,0.571310,1.0492,-0.2192,1.5317,0.000,7.077,134.150,0,0,417,135,95,115
1778098517.876078,0,0.817074,0.712301,0.582002,1.0492,-0.2192,1.5317,0.000,7.701,135.487,0,0,417,135,95,117
1778098517.909420,0,0.820385,0.712301,0.584361,1.0492,-0.2192,1.5317,0.000,8.459,135.492,0,0,418,135,96,117
1778098517.909420,0,0.819176,0.712218,0.583432,1.0492,-0.2192,1.5317,0.000,8.459,135.492,0,0,418,135,96,117
1778098517.976149,0,0.820253,0.712218,0.584199,1.0492,-0.2210,1.5317,0.000,7.500,135.838,0,0,417,134,95,115
1778098518.009506,0,0.817586,0.711818,0.581973,1.0488,-0.2192,1.5335,0.000,7.192,135.829,0,0,417,134,95,114
1778098518.009506,0,0.814835,0.711191,0.579503,1.0488,-0.2192,1.5335,0.000,7.192,135.829,0,0,418,134,95,114
1778098518.042876,0,0.831970,0.711109,0.591621,1.0460,-0.2186,1.5324,0.000,7.112,135.562,1,1,418,133,96,117
1778098518.076244,0,0.978956,0.712581,0.697585,1.0460,-0.2205,1.5324,0.000,7.267,137.339,0,0,432,134,102,115
1778098522.147160,0,0.978231,0.713194,0.697668,1.0611,-0.2493,1.5383,0.000,9.814,171.988,0,0,432,134,102,115
1778098522.147160,0,0.977213,0.713194,0.696942,1.0611,-0.2493,1.5383,0.000,9.814,171.988,0,0,432,134,102,115
1778098522.213898,0,0.978289,0.712581,0.697110,1.0583,-0.2487,1.5372,0.000,9.978,172.386,0,0,432,134,102,115
1778098522.247267,0,0.978953,0.713194,0.698184,1.0611,-0.2493,1.5383,0.000,10.065,172.093,0,0,432,134,102,115
1778098522.280638,0,0.978595,0.713194,0.697928,1.0611,-0.2493,1.5383,0.000,9.975,172.139,0,0,432,135,102,114
1778098522.314006,0,0.979949,0.713063,0.698765,1.0586,-0.2487,1.5354,0.000,10.283,172.123,0,0,432,134,102,115
1778098522.347375,0,0.980609,0.713194,0.699365,1.0611,-0.2493,1.5383,0.000,10.432,171.708,0,0,432,134,102,115
1778098522.380744,0,0.980903,0.713194,0.699574,1.0611,-0.2493,1.5383,0.000,10.583,171.872,0,0,432,134,102,115
1778098522.380744,0,0.980592,0.712581,0.698751,1.0611,-0.2493,1.5383,0.000,10.583,171.872,0,0,432,134,102,115
1778098522.414104,0,0.979602,0.713194,0.698646,1.0583,-0.2487,1.5372,0.000,10.415,171.672,0,0,432,135,102,114
1778098522.447473,0,0.980756,0.713063,0.699341,1.0611,-0.2493,1.5383,0.000,10.319,172.244,0,0,432,134,102,115
1778098522.514184,0,0.977476,0.713194,0.697130,1.0611,-0.2493,1.5383,0.000,9.760,172.442,0,0,432,134,100,115
1778098522.514184,0,0.979295,0.712581,0.697827,1.0611,-0.2493,1.5383,0.000,9.760,172.442,0,0,432,134,102,115
1778098522.580915,0,0.978219,0.712581,0.697060,1.0583,-0.2487,1.5372,-0.000,10.122,172.790,0,0,432,134,100,117
1778098522.614281,0,0.978844,0.713194,0.698105,1.0611,-0.2493,1.5383,0.000,10.175,172.463,0,0,432,134,100,115
1778098522.614281,0,0.979832,0.713194,0.698810,1.0611,-0.2493,1.5383,0.000,10.175,172.463,0,0,431,134,102,115
1778098522.681020,0,0.979975,0.712673,0.698402,1.0583,-0.2468,1.5372,0.000,10.514,172.526,0,0,431,134,102,117
1778098522.681020,0,0.980801,0.712673,0.698991,1.0583,-0.2468,1.5372,0.000,10.514,172.526,0,0,431,134,102,115
1778098522.747758,0,0.981097,0.712673,0.699201,1.0583,-0.2468,1.5372,-0.000,10.908,172.616,0,0,431,134,102,115
1778098522.781127,0,0.980002,0.713286,0.699022,1.0611,-0.2475,1.5383,-0.000,10.491,172.448,0,0,431,134,102,115
1778098522.814494,0,0.978897,0.713286,0.698234,1.0611,-0.2475,1.5383,0.000,10.182,172.523,0,0,431,134,100,115
1778098522.814494,0,0.979804,0.712673,0.698280,1.0611,-0.2475,1.5383,0.000,10.182,172.523,0,0,431,134,100,117
1778098522.881235,0,0.979180,0.712673,0.697835,1.0583,-0.2468,1.5372,0.000,9.977,171.724,0,0,430,134,102,115
1778098522.914604,0,0.979234,0.713378,0.698564,1.0611,-0.2456,1.5383,-0.000,10.152,172.263,0,0,430,135,102,114
1778098522.914604,0,0.978535,0.713247,0.697937,1.0611,-0.2456,1.5383,-0.000,10.152,172.263,0,0,430,135,102,113
1778098522.947971,0,0.979993,0.713247,0.698977,1.0586,-0.2450,1.5354,-0.000,9.885,172.368,0,0,430,135,100,113
1778098522.981343,0,0.979578,0.713247,0.698681,1.0586,-0.2450,1.5354,0.000,10.330,172.375,0,0,429,135,102,113
1778098523.014712,0,0.977350,0.713952,0.697781,1.0586,-0.2450,1.5354,0.000,10.237,172.464,0,0,429,135,100,113
1778098523.048055,0,0.977358,0.713952,0.697787,1.0615,-0.2437,1.5365,0.000,9.506,172.356,0,0,428,136,100,114
1778098523.081425,0,0.980609,0.714527,0.700672,1.0615,-0.2437,1.5365,-0.000,9.591,172.588,0,0,428,136,100,113
1778098523.114794,0,0.980612,0.713911,0.700070,1.0619,-0.2419,1.5347,0.000,9.998,171.227,0,0,426,136,100,113
1778098523.148163,0,0.978420,0.714706,0.699283,1.0590,-0.2413,1.5336,-0.000,10.547,172.841,0,0,425,137,98,111
1778098523.181532,0,0.981991,0.715895,0.703002,1.0619,-0.2382,1.5347,-0.000,9.790,172.793,0,0,423,138,97,110
1778098523.248271,0,0.980317,0.717171,0.703055,1.0683,-0.2338,1.5333,0.000,10.318,173.404,0,0,422,138,98,109
1778098523.281640,0,0.982204,0.717259,0.704494,1.0683,-0.2319,1.5333,-0.000,11.147,173.949,0,0,420,139,98,107
1778098523.281640,0,0.982152,0.717304,0.704502,1.0683,-0.2319,1.5333,-0.000,11.147,173.949,0,0,418,139,97,106
1778098523.315009,0,0.981315,0.718091,0.704673,1.0658,-0.2276,1.5304,-0.000,11.141,174.341,0,0,416,138,96,109
1778098523.348379,0,0.982650,0.717771,0.705318,1.0686,-0.2244,1.5314,-0.000,10.755,174.313,0,0,414,139,96,109
1778098523.415126,0,0.981648,0.718425,0.705241,1.0686,-0.2170,1.5314,0.000,11.947,176.496,0,0,411,139,96,110
1778098523.448495,0,0.978864,0.719489,0.704282,1.0724,-0.2121,1.5329,-0.000,11.445,177.471,0,0,408,139,95,110
1778098523.448495,0,0.980332,0.720341,0.706174,1.0724,-0.2121,1.5329,-0.000,11.445,177.471,0,0,406,138,96,111
1778098523.515225,0,0.975397,0.720006,0.702291,1.0749,-0.2032,1.5358,0.000,11.329,179.200,0,0,403,140,95,111
1778098523.515225,0,0.977484,0.721218,0.704979,1.0749,-0.2032,1.5358,0.000,11.329,179.200,0,0,400,140,95,110
1778098523.548579,0,0.974192,0.721441,0.702823,1.0756,-0.1976,1.5322,0.000,12.279,179.915,0,0,397,139,95,113
1778098523.615318,0,0.971688,0.721165,0.700748,1.0753,-0.1863,1.5340,0.000,11.302,-178.447,0,0,395,139,96,113
1778098523.648686,0,0.970694,0.721921,0.700764,1.0781,-0.1830,1.5351,0.000,11.917,-177.324,0,0,392,139,95,113
1778098523.682045,0,0.969406,0.722127,0.700035,1.0781,-0.1773,1.5351,0.000,11.956,-176.580,0,0,390,139,96,111
1778098523.682045,0,0.967161,0.721646,0.697948,1.0781,-0.1773,1.5351,0.000,11.956,-176.580,0,0,388,139,95,114
1778098523.715414,0,0.968518,0.721159,0.698456,1.0753,-0.1732,1.5340,0.000,11.485,-176.099,0,0,386,139,95,114
1778098523.782152,0,0.969788,0.721287,0.699496,1.0724,-0.1653,1.5329,0.000,11.800,-176.237,0,0,385,138,96,113
1778098523.815522,0,0.969883,0.720856,0.699147,1.0720,-0.1634,1.5347,-0.000,12.321,-175.795,0,0,383,137,95,110
1778098523.848890,0,0.971263,0.719659,0.698978,1.0679,-0.1592,1.5351,0.000,12.035,-176.373,0,0,382,135,95,110
1778098523.848890,0,0.971387,0.718735,0.698170,1.0679,-0.1592,1.5351,0.000,12.035,-176.373,0,0,381,135,96,106
1778098523.948998,0,0.970790,0.717547,0.696588,1.0615,-0.1548,1.5365,0.000,12.042,-176.184,0,0,380,134,95,107
1778098523.982367,0,0.971158,0.715999,0.695348,1.0579,-0.1526,1.5390,0.000,12.334,-176.106,0,0,380,133,96,109
1778098523.982367,0,0.970162,0.715999,0.694635,1.0579,-0.1526,1.5390,0.000,12.502,-175.624,0,0,379,133,95,110
1778098523.982367,0,0.971894,0.716056,0.695931,1.0579,-0.1526,1.5390,0.000,12.502,-175.624,0,0,380,132,96,111
1778098524.049105,0,0.972305,0.714043,0.694267,1.0509,-0.1518,1.5382,-0.000,12.589,-176.342,0,0,380,132,96,111
1778098524.082473,0,0.972409,0.713410,0.693726,1.0481,-0.1514,1.5371,-0.000,12.197,-176.768,0,0,381,131,96,111
1778098524.082473,0,0.975126,0.711596,0.693896,1.0481,-0.1514,1.5371,-0.000,12.197,-176.768,0,0,381,131,97,111
1778098524.149209,0,0.973010,0.710744,0.691561,1.0383,-0.1521,1.5351,-0.000,10.899,-178.796,0,0,382,130,98,113
1778098524.182575,0,0.975004,0.709562,0.691826,1.0351,-0.1536,1.5358,0.000,11.910,-178.513,0,0,383,128,98,111
1778098524.182575,0,0.975443,0.707898,0.690514,1.0351,-0.1536,1.5358,0.000,11.910,-178.513,0,0,385,127,100,115
1778098524.249311,0,0.975703,0.706013,0.688859,1.0256,-0.1579,1.5376,0.000,11.533,179.945,0,0,386,125,98,113
1778098524.282681,0,0.974353,0.704351,0.686286,1.0220,-0.1593,1.5400,0.000,11.405,179.999,0,0,387,124,100,117
1778098524.282681,0,0.974057,0.703167,0.684925,1.0220,-0.1593,1.5400,0.000,11.405,179.999,0,0,388,123,100,117
1778098524.349422,0,0.973795,0.701983,0.683587,1.0157,-0.1621,1.5411,0.000,10.752,178.600,0,0,388,122,102,117
1778098524.382790,0,0.974708,0.700204,0.682495,1.0097,-0.1613,1.5405,0.000,10.641,177.585,0,0,389,121,102,117
1778098524.416166,0,0.974245,0.699018,0.681014,1.0065,-0.1627,1.5410,-0.000,10.564,177.384,0,0,389,120,103,117
1778098524.449529,0,0.975343,0.698545,0.681321,1.0062,-0.1627,1.5428,0.000,11.008,177.487,0,0,389,120,103,117
1778098524.449529,0,0.975722,0.697231,0.680304,1.0062,-0.1627,1.5428,0.000,11.008,177.487,0,0,389,119,103,117
1778098524.482912,0,0.975552,0.696760,0.679726,1.0005,-0.1619,1.5404,-0.000,10.856,176.828,0,0,388,119,103,117
1778098524.583024,0,0.974322,0.694830,0.676988,0.9917,-0.1590,1.5385,-0.000,10.938,177.860,0,0,388,118,104,117
1778098524.616389,0,0.975152,0.693249,0.676023,0.9867,-0.1584,1.5382,0.000,11.156,177.605,0,0,386,117,103,117
1778098524.649758,0,0.975245,0.692894,0.675741,0.9863,-0.1549,1.5399,0.000,11.437,178.157,0,0,384,117,103,115
1778098524.683128,0,0.976506,0.692332,0.676066,0.9835,-0.1511,1.5387,0.000,11.916,178.585,0,0,382,117,103,113
1778098524.716481,0,0.978315,0.693466,0.678428,0.9888,-0.1432,1.5428,0.000,12.752,179.430,0,0,379,116,103,114
1778098524.716481,0,0.973882,0.693466,0.675353,0.9888,-0.1432,1.5428,0.000,12.212,-179.167,0,0,376,115,102,115
1778098524.716481,0,0.973751,0.693148,0.674953,0.9888,-0.1432,1.5428,0.000,12.212,-179.167,0,0,372,114,102,115
1778098524.783204,0,0.968603,0.692871,0.671117,0.9881,-0.1311,1.5462,0.000,12.051,-176.716,0,0,368,115,102,113
1778098524.816574,0,0.966040,0.692178,0.668672,0.9828,-0.1236,1.5421,0.000,12.140,-175.139,0,0,363,115,102,114
1778098524.849943,0,0.964642,0.694178,0.669634,0.9903,-0.1156,1.5453,0.000,12.639,-173.607,0,0,358,115,102,113
1778098524.849943,0,0.959919,0.694178,0.666355,0.9903,-0.1156,1.5453,0.000,12.950,-171.901,0,0,353,115,100,115
1778098524.916681,0,0.959751,0.693441,0.665531,0.9856,-0.0980,1.5433,0.000,12.499,-171.236,0,0,348,115,100,113
1778098524.950047,0,0.959709,0.693608,0.665661,0.9856,-0.0893,1.5433,0.000,12.628,-170.580,0,0,342,115,102,115
1778098524.983420,0,0.957662,0.694908,0.665487,0.9903,-0.0792,1.5453,-0.000,13.412,-168.707,0,0,337,115,100,113
1778098525.016785,0,0.954494,0.693921,0.662344,0.9856,-0.0704,1.5433,0.000,12.790,-167.878,0,0,331,116,100,114
1778098525.050144,0,0.958525,0.695653,0.666801,0.9907,-0.0602,1.5436,0.000,13.327,-167.769,0,0,326,116,100,114
1778098525.083514,0,0.953129,0.695753,0.663142,0.9907,-0.0515,1.5436,-0.000,13.207,-165.965,0,0,321,115,100,117
1778098525.083514,0,0.955649,0.696036,0.665166,0.9907,-0.0515,1.5436,-0.000,13.207,-165.965,0,0,316,116,102,117
1778098525.150262,0,0.956899,0.696578,0.666554,0.9935,-0.0342,1.5448,-0.000,13.005,-166.012,0,0,311,116,103,118
1778098525.183631,0,0.949824,0.695960,0.661039,0.9907,-0.0255,1.5436,0.000,12.845,-163.852,0,0,307,117,102,113
1778098525.217001,0,0.954617,0.696015,0.664428,0.9891,-0.0186,1.5411,0.000,13.305,-164.158,0,0,303,118,102,117
1778098525.250370,0,0.953876,0.696509,0.664383,0.9895,-0.0116,1.5394,0.000,13.312,-163.478,0,0,300,118,102,117
1778098525.283731,0,0.951677,0.696969,0.663289,0.9914,-0.0064,1.5402,0.000,13.406,-162.562,0,0,296,119,102,117
1778098525.283731,0,0.947652,0.696996,0.660510,0.9914,-0.0064,1.5402,0.000,13.406,-162.562,0,0,293,121,102,118
1778098525.317100,0,0.951350,0.697939,0.663984,0.9898,0.0005,1.5377,0.000,12.879,-161.529,0,0,290,120,103,118
1778098525.350466,0,0.946467,0.697908,0.660547,0.9905,0.0057,1.5343,0.000,13.463,-161.521,0,0,287,119,103,117
1778098525.417205,0,0.945296,0.698762,0.660537,0.9973,0.0164,1.5409,0.000,12.390,-160.390,0,0,286,120,102,117
1778098525.450573,0,0.947068,0.698560,0.661584,0.9949,0.0180,1.5380,0.000,12.339,-160.656,0,0,284,120,104,117
1778098525.450573,0,0.943961,0.699217,0.660033,0.9949,0.0180,1.5380,0.000,12.339,-160.656,0,0,282,120,103,117
1778098525.517316,0,0.941410,0.699200,0.658234,0.9977,0.0252,1.5392,-0.000,12.279,-159.030,0,0,281,120,103,118
1778098525.517316,0,0.942558,0.699858,0.659657,0.9977,0.0252,1.5392,-0.000,12.279,-159.030,0,0,280,119,103,118
1778098525.550685,0,0.938621,0.699372,0.656446,1.0005,0.0271,1.5404,0.000,12.791,-158.809,0,0,279,118,103,117
1778098525.584050,0,0.938893,0.698886,0.656179,1.0002,0.0288,1.5421,0.000,13.027,-157.789,0,0,279,118,102,118
1778098525.650780,0,0.937467,0.698886,0.655183,0.9998,0.0306,1.5438,-0.000,12.454,-157.880,0,0,278,119,103,117
1778098525.650780,0,0.937727,0.700015,0.656423,0.9998,0.0306,1.5438,-0.000,12.454,-157.880,0,0,278,118,103,117
1778098525.684132,0,0.939045,0.700200,0.657519,1.0030,0.0325,1.5433,-0.000,12.298,-157.877,0,0,279,119,100,117
1778098525.750855,0,0.943298,0.700689,0.660959,1.0058,0.0309,1.5445,-0.000,13.199,-158.531,0,0,279,118,100,117
1778098525.750855,0,0.941972,0.700871,0.660201,1.0058,0.0309,1.5445,-0.000,13.199,-158.531,0,0,279,118,102,115
1778098525.817581,0,0.940548,0.701527,0.659820,1.0111,0.0313,1.5486,-0.000,11.413,-159.295,0,0,279,119,100,115
1778098525.817581,0,0.945476,0.702006,0.663730,1.0111,0.0313,1.5486,-0.000,11.413,-159.295,0,0,279,119,100,115
1778098525.850942,0,0.945197,0.702006,0.663534,1.0114,0.0313,1.5469,0.000,12.101,-159.784,0,0,279,119,100,117
1778098525.917681,0,0.945489,0.702661,0.664358,1.0143,0.0315,1.5481,0.000,12.347,-159.601,0,0,279,119,100,117
1778098525.951058,0,0.946585,0.702661,0.665128,1.0143,0.0315,1.5481,0.000,11.871,-160.217,0,0,279,119,100,117
1778098525.984427,0,0.944136,0.702661,0.663408,1.0143,0.0315,1.5481,0.000,11.142,-160.254,0,0,279,119,100,117
1778098525.984427,0,0.949321,0.702661,0.667051,1.0143,0.0315,1.5481,0.000,11.142,-160.254,0,0,279,120,98,115
1778098526.051166,0,0.946658,0.703141,0.665634,1.0146,0.0315,1.5463,0.000,10.790,-161.083,0,0,279,121,100,115
1778098526.084535,0,0.951976,0.703621,0.669830,1.0150,0.0315,1.5446,-0.000,11.395,-161.780,0,0,279,121,98,115
1778098526.084535,0,0.952205,0.704275,0.670615,1.0150,0.0315,1.5446,-0.000,11.395,-161.780,0,0,279,121,97,115
1778098526.117907,0,0.952660,0.704275,0.670935,1.0178,0.0317,1.5458,-0.000,10.640,-162.555,0,0,280,122,98,117
1778098526.184646,0,0.952952,0.704113,0.670985,1.0153,0.0297,1.5429,0.000,11.052,-162.376,0,0,280,121,98,117
1778098526.184646,0,0.951879,0.704938,0.671016,1.0153,0.0297,1.5429,0.000,11.052,-162.376,0,0,280,122,97,117
1778098526.251390,0,0.948935,0.704768,0.668779,1.0181,0.0299,1.5440,0.000,10.298,-162.059,0,0,281,122,98,115
1778098526.284764,0,0.955742,0.705431,0.674210,1.0210,0.0283,1.5452,-0.000,11.009,-163.279,0,0,281,122,98,118
1778098526.284764,0,0.952051,0.705431,0.671607,1.0210,0.0283,1.5452,-0.000,11.009,-163.279,0,0,282,122,100,117
1778098526.318133,0,0.951103,0.705441,0.670947,1.0210,0.0283,1.5452,0.000,11.086,-162.218,0,0,282,121,98,117
1778098526.351502,0,0.949328,0.704959,0.669238,1.0210,0.0265,1.5452,-0.000,11.090,-162.081,0,0,282,122,98,117
1778098526.418241,0,0.945785,0.705441,0.667195,1.0210,0.0265,1.5452,0.000,10.339,-161.452,0,0,282,122,98,117
1778098526.418241,0,0.947962,0.706091,0.669348,1.0210,0.0265,1.5452,0.000,10.339,-161.452,0,0,282,122,97,117
1778098526.484973,0,0.944546,0.705441,0.666321,1.0210,0.0265,1.5452,0.000,10.357,-161.137,0,0,282,122,97,117
1778098526.484973,0,0.944903,0.705441,0.666573,1.0210,0.0265,1.5452,0.000,10.357,-161.137,0,0,282,123,98,118
1778098526.518342,0,0.948427,0.705923,0.669517,1.0210,0.0265,1.5452,0.000,10.695,-160.921,0,0,283,122,98,118
1778098526.551709,0,0.949130,0.705450,0.669564,1.0213,0.0265,1.5435,0.000,11.035,-161.390,0,0,283,122,98,118
1778098526.585078,0,0.943066,0.705450,0.665286,1.0210,0.0247,1.5452,-0.000,11.045,-161.737,0,0,283,123,98,118
1778098526.618447,0,0.945139,0.705933,0.667204,1.0210,0.0247,1.5452,0.000,10.539,-160.738,0,0,283,123,98,118
1778098526.685195,0,0.942915,0.705279,0.665019,1.0185,0.0246,1.5423,0.000,10.438,-160.717,0,0,283,123,98,118
1778098526.685195,0,0.945649,0.705933,0.667565,1.0185,0.0246,1.5423,0.000,10.438,-160.717,0,0,283,123,98,118
1778098526.751930,0,0.947226,0.705279,0.668059,1.0185,0.0246,1.5423,0.000,10.523,-161.662,0,0,283,123,97,118
1778098526.785299,0,0.947521,0.705933,0.668886,1.0213,0.0247,1.5435,0.000,10.696,-161.578,0,0,284,122,98,118
1778098526.785299,0,0.944176,0.705459,0.666077,1.0213,0.0247,1.5435,0.000,10.696,-161.578,0,0,283,123,98,118
1778098526.885411,0,0.945530,0.704806,0.666415,1.0181,0.0228,1.5440,0.000,11.122,-160.919,0,0,284,122,100,118
1778098526.885411,0,0.948687,0.704806,0.668641,1.0181,0.0228,1.5440,0.000,10.844,-161.916,0,0,284,122,100,118
1778098526.918780,0,0.945039,0.704806,0.666070,1.0181,0.0228,1.5440,0.000,11.291,-160.667,0,0,284,122,98,117
1778098526.918780,0,0.943660,0.704806,0.665097,1.0181,0.0228,1.5440,0.000,11.291,-160.667,0,0,284,121,100,117
1778098526.985515,0,0.940936,0.704325,0.662725,1.0178,0.0228,1.5458,0.000,10.711,-160.290,0,0,284,121,100,115
1778098526.985515,0,0.940656,0.704325,0.662528,1.0178,0.0228,1.5458,0.000,10.711,-160.290,0,0,284,121,100,114
1778098527.018884,0,0.943763,0.703670,0.664098,1.0178,0.0228,1.5458,-0.000,10.228,-160.643,0,0,285,120,100,115
1778098527.052253,0,0.941764,0.703198,0.662247,1.0150,0.0226,1.5446,0.000,10.604,-161.026,0,0,285,121,100,114
1778098527.085627,0,0.941044,0.703678,0.662192,1.0146,0.0208,1.5463,-0.000,10.653,-160.706,0,0,285,121,100,115
1778098527.185728,0,0.940481,0.703198,0.661344,1.0146,0.0208,1.5463,-0.000,10.255,-160.763,0,0,285,120,100,117
1778098527.219104,0,0.945196,0.703678,0.665114,1.0150,0.0208,1.5446,0.000,11.259,-160.906,0,0,285,121,100,115
1778098527.252467,0,0.943230,0.702542,0.662659,1.0118,0.0207,1.5451,-0.000,10.762,-160.948,0,0,285,120,100,117
1778098527.252467,0,0.940928,0.702542,0.661041,1.0118,0.0207,1.5451,0.000,10.665,-160.507,0,0,285,121,100,114
1778098527.319188,0,0.939573,0.702542,0.660089,1.0118,0.0207,1.5451,0.000,10.458,-160.381,0,0,285,120,100,115
1778098527.319188,0,0.940278,0.702542,0.660584,1.0118,0.0207,1.5451,0.000,10.251,-160.720,0,0,285,120,100,115
1778098527.352558,0,0.936778,0.702542,0.658126,1.0118,0.0207,1.5451,0.000,9.957,-160.198,0,0,285,119,100,115
1778098527.419281,0,0.935020,0.702718,0.657056,1.0143,0.0208,1.5481,-0.000,9.796,-160.031,0,0,285,118,102,117
1778098527.452657,0,0.929649,0.702718,0.653281,1.0143,0.0208,1.5481,0.000,10.267,-158.511,0,0,285,119,98,114
1778098527.452657,0,0.922229,0.702718,0.648067,1.0143,0.0208,1.5481,0.000,10.267,-158.511,0,0,285,119,98,114
1778098527.519383,0,0.915417,0.702063,0.642680,1.0114,0.0207,1.5469,0.000,9.683,-156.263,0,0,285,119,98,115
1778098527.552752,0,0.893265,0.702726,0.627720,1.0143,0.0191,1.5481,0.000,9.020,-153.149,0,0,286,119,98,115
1778098527.586121,0,0.876746,0.702726,0.616112,1.0143,0.0191,1.5481,-0.000,8.792,-150.835,0,0,286,119,97,114
1778098527.619491,0,0.840937,0.702077,0.590402,1.0114,0.0172,1.5469,0.000,7.948,-146.707,0,0,287,119,96,111
1778098527.619491,0,0.818339,0.702562,0.574934,1.0114,0.0172,1.5469,0.000,7.948,-146.707,0,0,288,120,96,110
1778098527.652858,0,0.796081,0.702562,0.559296,1.0118,0.0154,1.5451,0.000,8.600,-141.260,0,0,288,119,95,111
1778098527.652858,0,0.759082,0.702562,0.533302,1.0118,0.0154,1.5451,0.000,8.600,-141.260,0,0,288,120,95,107
1778098527.752966,0,0.741072,0.701913,0.520168,1.0090,0.0117,1.5440,0.000,7.204,-136.610,0,0,290,120,94,106
1778098527.786335,0,0.721744,0.701251,0.506124,1.0062,0.0116,1.5428,-0.000,7.202,-134.790,0,0,290,120,95,107
1778098527.786335,0,0.708101,0.701434,0.496686,1.0062,0.0116,1.5428,-0.000,7.202,-134.790,0,0,290,119,95,109
1778098527.819718,0,0.687037,0.700777,0.481460,1.0086,0.0117,1.5457,-0.000,7.116,-133.606,0,0,291,119,94,110
1778098527.886443,0,0.684426,0.700777,0.479630,1.0058,0.0098,1.5445,0.000,5.340,-132.472,0,0,291,119,94,111
1778098527.919812,0,0.678571,0.700300,0.475204,1.0055,0.0098,1.5462,0.000,5.866,-131.721,0,0,291,118,93,110
1778098527.953162,0,0.671493,0.700300,0.470247,1.0055,0.0098,1.5462,0.000,5.462,-131.305,0,0,291,118,93,109
1778098527.986509,0,0.658840,0.700300,0.461385,1.0055,0.0098,1.5462,0.000,6.744,-129.605,0,0,291,118,92,110
1778098528.019879,0,0.655011,0.700956,0.459134,1.0083,0.0117,1.5474,0.000,6.036,-129.508,0,0,290,118,93,110
1778098528.019879,0,0.668570,0.700478,0.468319,1.0083,0.0117,1.5474,0.000,6.036,-129.508,0,0,290,117,93,111
1778098528.053248,0,0.664611,0.700478,0.465545,1.0079,0.0117,1.5492,0.000,6.804,-130.319,0,0,290,117,94,111
1778098528.119977,0,0.660047,0.699338,0.461596,1.0048,0.0133,1.5497,0.000,6.008,-129.888,0,0,289,116,94,113
1778098528.119977,0,0.665716,0.699333,0.465557,1.0048,0.0133,1.5497,0.000,6.008,-129.888,0,0,288,116,93,109
1778098528.153336,0,0.664699,0.698673,0.464407,1.0048,0.0151,1.5497,0.000,5.930,-130.304,0,0,288,116,93,110
1778098528.186705,0,0.671988,0.699333,0.469944,1.0019,0.0150,1.5485,0.000,5.220,-130.569,0,0,288,116,93,111
1778098528.220090,0,0.672432,0.699804,0.470570,1.0048,0.0151,1.5497,0.000,5.510,-131.054,0,0,287,117,93,111
1778098528.286813,0,0.670756,0.699804,0.469398,1.0051,0.0169,1.5479,-0.000,6.354,-130.400,0,0,287,117,92,110
1778098528.320179,0,0.665169,0.699321,0.465167,1.0048,0.0186,1.5497,0.000,5.062,-130.475,0,0,286,116,92,111
1778098528.320179,0,0.674661,0.699321,0.471804,1.0048,0.0186,1.5497,0.000,5.328,-131.164,0,0,285,116,93,111
1778098528.320179,0,0.666704,0.698654,0.465795,1.0048,0.0186,1.5497,0.000,5.328,-131.164,0,0,284,115,93,113
1778098528.386918,0,0.668090,0.698171,0.466441,1.0019,0.0202,1.5485,0.000,5.607,-130.226,0,0,284,115,92,113
1778098528.453657,0,0.657746,0.698629,0.459521,1.0019,0.0255,1.5485,-0.000,4.344,-129.775,0,0,282,116,93,111
1778098528.453657,0,0.668159,0.698154,0.466478,1.0019,0.0255,1.5485,-0.000,4.344,-129.775,0,0,282,115,94,113
1778098528.487027,0,0.658558,0.698154,0.459775,1.0016,0.0255,1.5502,0.000,5.132,-130.295,0,0,281,115,93,113
1778098528.487027,0,0.661467,0.698144,0.461799,1.0016,0.0255,1.5502,0.000,5.261,-129.403,0,0,280,115,94,113
1778098528.553748,0,0.649787,0.698134,0.453638,1.0016,0.0272,1.5502,-0.000,4.582,-129.892,0,0,279,114,94,113
1778098528.587134,0,0.658180,0.697648,0.459178,1.0016,0.0290,1.5502,-0.000,5.102,-128.523,0,0,278,114,93,113
1778098528.620486,0,0.656016,0.697637,0.457661,1.0013,0.0308,1.5519,0.000,5.126,-129.142,0,0,277,115,95,111
1778098528.687225,0,0.657763,0.697438,0.458749,0.9988,0.0341,1.5490,-0.000,5.230,-128.814,0,0,276,115,93,111
1778098528.720594,0,0.666250,0.698087,0.465101,1.0016,0.0360,1.5502,0.000,4.261,-129.937,0,0,276,115,93,114
1778098528.720594,0,0.649567,0.697426,0.453025,1.0016,0.0360,1.5502,0.000,4.261,-129.937,0,0,275,114,92,113
1778098528.787350,0,0.657447,0.696939,0.458200,0.9984,0.0376,1.5507,0.000,5.313,-128.556,0,0,274,116,93,110
1778098528.787350,0,0.648761,0.697873,0.452753,0.9984,0.0376,1.5507,0.000,5.313,-128.556,0,0,273,115,94,109
1778098528.820720,0,0.651041,0.697384,0.454026,0.9991,0.0393,1.5473,-0.000,5.264,-127.688,0,0,272,115,93,109
1778098528.854089,0,0.653854,0.697369,0.455978,0.9988,0.0411,1.5490,-0.000,4.170,-128.353,0,0,272,115,92,110
1778098528.920836,0,0.662848,0.697369,0.462250,0.9988,0.0428,1.5490,0.000,4.687,-128.991,0,0,271,115,93,110
1778098528.954206,0,0.666910,0.697354,0.465072,0.9988,0.0446,1.5490,0.000,5.734,-128.704,0,0,271,115,94,110
1778098528.987576,0,0.671554,0.697354,0.468311,0.9988,0.0446,1.5490,0.000,5.069,-129.442,0,0,269,115,93,110
1778098529.020951,0,0.657842,0.697320,0.458727,0.9988,0.0481,1.5490,-0.000,4.113,-128.536,0,0,269,115,93,110
1778098529.054319,0,0.650138,0.697320,0.453354,0.9988,0.0481,1.5490,0.000,6.102,-126.882,0,0,268,114,93,109
1778098529.087691,0,0.651628,0.695502,0.453209,0.9928,0.0493,1.5482,0.000,6.441,-126.759,0,0,268,114,92,107
1778098529.121060,0,0.656638,0.696167,0.457130,0.9956,0.0496,1.5495,0.000,5.335,-127.725,0,0,267,114,93,109
1778098529.154429,0,0.663130,0.695484,0.461196,0.9928,0.0511,1.5482,0.000,6.280,-127.705,0,0,267,115,92,107
1778098529.187780,0,0.665929,0.695956,0.463458,0.9932,0.0511,1.5465,0.000,6.181,-127.971,0,0,266,114,92,109
1778098529.221123,0,0.675705,0.695466,0.469929,0.9928,0.0528,1.5482,-0.000,6.600,-128.527,0,0,266,114,88,109
1778098529.254472,0,0.669157,0.695466,0.465376,0.9928,0.0528,1.5482,0.000,6.908,-127.812,0,0,265,114,92,109
1778098529.287841,0,0.679908,0.696111,0.473291,0.9956,0.0548,1.5495,0.000,6.492,-128.839,0,0,265,115,92,110
1778098529.321210,0,0.670114,0.696584,0.466790,0.9960,0.0548,1.5478,0.000,6.537,-127.944,0,0,265,115,90,109
1778098529.354580,0,0.663431,0.696584,0.462135,0.9960,0.0548,1.5478,0.000,5.662,-127.797,0,0,263,114,93,109
1778098529.387942,0,0.665998,0.696070,0.463581,0.9956,0.0583,1.5495,0.000,5.950,-127.685,0,0,263,114,93,109
1778098529.421318,0,0.666607,0.696070,0.464005,0.9956,0.0583,1.5495,0.000,5.667,-127.878,0,0,263,115,94,107
1778098529.454680,0,0.651447,0.696543,0.453761,0.9960,0.0583,1.5478,-0.000,4.615,-127.086,0,0,262,115,94,109
1778098529.454680,0,0.648254,0.696522,0.451523,0.9960,0.0583,1.5478,-0.000,4.615,-127.086,0,0,262,115,93,109
1778098529.521388,0,0.646656,0.696522,0.450410,0.9960,0.0600,1.5478,0.000,5.062,-126.349,0,0,262,115,94,110
1778098529.554773,0,0.652359,0.696522,0.454383,0.9960,0.0600,1.5478,0.000,5.138,-126.793,0,0,262,115,94,109
1778098529.588142,0,0.666975,0.696522,0.464563,0.9960,0.0600,1.5478,-0.000,3.957,-128.659,0,0,262,116,94,109
1778098529.588142,0,0.667995,0.696995,0.465589,0.9960,0.0600,1.5478,-0.000,3.957,-128.659,0,0,262,116,94,110
1778098529.621512,0,0.676862,0.696995,0.471769,0.9963,0.0600,1.5460,0.000,4.991,-128.182,0,0,261,115,93,109
1778098529.688250,0,0.672237,0.696500,0.468213,0.9960,0.0618,1.5478,0.000,4.301,-128.829,0,0,262,115,94,109
1778098529.721619,0,0.679117,0.697184,0.473470,0.9988,0.0603,1.5490,0.000,4.250,-129.571,0,0,261,116,95,107
1778098529.754990,0,0.679279,0.696973,0.473439,0.9963,0.0618,1.5460,-0.000,4.059,-129.551,0,0,261,116,94,109
1778098529.788359,0,0.681377,0.697636,0.475353,0.9991,0.0621,1.5473,0.000,4.896,-129.295,0,0,261,116,93,107
1778098529.821735,0,0.677524,0.696973,0.472216,0.9963,0.0618,1.5460,0.000,4.865,-128.972,0,0,261,116,94,109
1778098529.821735,0,0.677413,0.697636,0.472588,0.9963,0.0618,1.5460,0.000,4.865,-128.972,0,0,261,116,94,109
1778098529.855104,0,0.678745,0.696973,0.473067,0.9991,0.0621,1.5473,0.000,4.535,-129.133,0,0,261,116,94,109
1778098529.888474,0,0.677539,0.697636,0.472676,0.9963,0.0618,1.5460,-0.000,4.393,-129.326,0,0,261,116,93,109
1778098529.955213,0,0.676469,0.697636,0.471929,0.9991,0.0621,1.5473,-0.000,4.050,-129.306,0,0,261,116,93,110
1778098529.955213,0,0.679956,0.697636,0.474362,0.9991,0.0621,1.5473,-0.000,4.050,-129.306,0,0,261,116,93,110
1778098529.988592,0,0.674589,0.697636,0.470618,0.9991,0.0621,1.5473,-0.000,4.584,-129.332,0,0,261,116,92,110
1778098530.021962,0,0.681717,0.697636,0.475590,0.9991,0.0621,1.5473,0.000,4.883,-128.705,0,0,261,116,92,110
1778098530.055331,0,0.679929,0.697636,0.474343,0.9991,0.0621,1.5473,0.000,5.315,-129.110,0,0,261,116,92,110
1778098530.122069,0,0.678540,0.697636,0.473374,0.9991,0.0621,1.5473,0.000,4.214,-129.402,0,0,261,116,92,111
1778098530.122069,0,0.683050,0.697636,0.476521,0.9991,0.0621,1.5473,0.000,4.214,-129.402,0,0,260,116,93,110
1778098530.188811,0,0.685720,0.697614,0.478368,0.9991,0.0638,1.5473,0.000,4.757,-129.646,0,0,260,116,93,110
1778098530.222174,0,0.688151,0.697614,0.480064,0.9991,0.0638,1.5473,0.000,4.586,-129.954,0,0,260,116,94,110
1778098530.255543,0,0.686431,0.697614,0.478864,0.9991,0.0638,1.5473,0.000,4.783,-129.696,0,0,260,115,94,109
1778098530.255543,0,0.692734,0.697799,0.483390,0.9991,0.0638,1.5473,0.000,4.783,-129.696,0,0,259,115,93,109
1778098530.288913,0,0.699210,0.697117,0.487431,1.0016,0.0641,1.5502,-0.000,5.188,-130.077,0,0,259,116,93,111
1778098530.322278,0,0.689681,0.698251,0.481570,0.9988,0.0656,1.5490,0.000,4.765,-130.780,0,0,259,117,95,110
1778098530.389020,0,0.676031,0.698065,0.471913,0.9995,0.0656,1.5455,0.000,4.588,-128.742,1,1,258,117,95,110
1778098534.393238,0,0.962545,0.706792,0.680320,1.0266,0.0143,1.5476,0.000,10.647,-166.639,0,0,290,123,98,117
1778098534.393238,0,0.962946,0.706632,0.680448,1.0266,0.0143,1.5476,0.000,10.647,-166.639,0,0,290,124,97,115
1778098534.493335,0,0.962673,0.707766,0.681347,1.0273,0.0125,1.5440,0.000,10.479,-166.773,0,0,291,123,98,117
1778098534.493335,0,0.964481,0.707770,0.682631,1.0273,0.0125,1.5440,0.000,10.479,-166.773,0,0,291,124,98,117
1778098534.526704,0,0.963876,0.707770,0.682203,1.0273,0.0107,1.5440,0.000,10.719,-167.206,0,0,292,123,98,117
1778098534.526704,0,0.963028,0.707289,0.681139,1.0273,0.0107,1.5440,0.000,10.382,-167.429,0,0,292,123,98,117
1778098534.560074,0,0.962164,0.707289,0.680529,1.0270,0.0089,1.5458,0.000,10.643,-167.020,0,0,292,123,97,117
1778098534.626754,0,0.961437,0.707936,0.680636,1.0270,0.0089,1.5458,0.000,10.176,-167.325,0,0,293,124,97,117
1778098534.660114,0,0.962184,0.707777,0.681011,1.0273,0.0071,1.5440,0.000,10.063,-167.468,0,0,293,123,97,117
1778098534.693484,0,0.960065,0.708584,0.680287,1.0326,0.0073,1.5482,0.000,9.993,-166.950,0,0,294,124,97,117
1778098534.726848,0,0.962071,0.708427,0.681557,1.0301,0.0054,1.5452,0.000,10.379,-167.127,0,0,295,125,97,115
1778098534.726848,0,0.962746,0.708914,0.682504,1.0301,0.0054,1.5452,0.000,10.379,-167.127,0,0,296,125,98,114
1778098534.826956,0,0.965370,0.708915,0.684366,1.0305,-0.0000,1.5435,0.000,10.489,-168.359,0,0,297,125,97,114
1778098534.826956,0,0.964612,0.709075,0.683982,1.0305,-0.0000,1.5435,0.000,10.489,-168.359,0,0,298,124,96,115
1778098534.860318,0,0.962309,0.709075,0.682350,1.0330,-0.0017,1.5464,0.000,9.632,-168.664,0,0,299,124,97,115
1778098534.927047,0,0.964882,0.709716,0.684792,1.0358,-0.0053,1.5476,0.000,10.727,-168.312,0,0,300,124,97,113
1778098534.927047,0,0.967891,0.709713,0.686925,1.0358,-0.0053,1.5476,0.000,10.727,-168.312,0,0,301,124,97,115
1778098534.960417,0,0.968197,0.709713,0.687143,1.0358,-0.0071,1.5476,-0.000,10.962,-169.232,0,0,303,125,97,115
1778098535.027111,0,0.966902,0.709550,0.686065,1.0333,-0.0108,1.5446,0.000,10.796,-169.166,0,0,305,125,97,114
1778098535.027111,0,0.968505,0.710179,0.687812,1.0333,-0.0108,1.5446,0.000,10.796,-169.166,0,0,306,125,97,110
1778098535.093845,0,0.968045,0.710179,0.687485,1.0362,-0.0161,1.5458,0.000,10.904,-169.782,0,0,308,125,97,114
1778098535.127214,0,0.968758,0.710149,0.687963,1.0362,-0.0234,1.5458,0.000,10.969,-170.403,0,0,310,125,97,115
1778098535.160585,0,0.972020,0.710131,0.690261,1.0362,-0.0270,1.5458,0.000,11.107,-171.801,0,0,312,125,97,117
1778098535.193954,0,0.972834,0.710596,0.691292,1.0365,-0.0306,1.5440,0.000,11.393,-171.801,0,0,314,126,97,115
1778098535.227322,0,0.972650,0.710572,0.691138,1.0365,-0.0343,1.5440,0.000,11.730,-171.457,0,0,316,126,97,115
1778098535.227322,0,0.970582,0.711033,0.690115,1.0365,-0.0343,1.5440,0.000,11.730,-171.457,0,0,318,127,97,111
1778098535.260691,0,0.973683,0.711003,0.692291,1.0369,-0.0379,1.5422,-0.000,10.935,-171.785,0,0,320,127,97,115
1778098535.327431,0,0.971414,0.711828,0.691479,1.0406,-0.0452,1.5438,-0.000,11.106,-172.315,0,0,322,127,97,117
1778098535.327431,0,0.975429,0.712262,0.694761,1.0406,-0.0452,1.5438,-0.000,11.106,-172.315,0,0,325,128,96,115
1778098535.360803,0,0.970528,0.711873,0.690893,1.0410,-0.0507,1.5420,-0.000,11.857,-173.188,0,0,326,129,97,115
1778098535.394173,0,0.972574,0.711832,0.692309,1.0376,-0.0524,1.5387,0.000,10.590,-172.839,0,0,328,129,97,117
1778098535.427541,0,0.976678,0.711142,0.694557,1.0376,-0.0560,1.5387,0.000,11.445,-172.701,0,0,330,129,97,114
1778098535.460910,0,0.980570,0.711120,0.697302,1.0348,-0.0596,1.5375,0.000,12.405,-173.400,0,0,331,129,97,113
1778098535.494280,0,0.979421,0.711120,0.696485,1.0348,-0.0614,1.5375,0.000,12.968,-174.584,0,0,332,129,97,114
1778098535.494280,0,0.978012,0.709263,0.693667,1.0348,-0.0614,1.5375,0.000,12.324,-174.943,0,0,334,128,98,114
1778098535.594385,0,0.976226,0.708778,0.691928,1.0284,-0.0666,1.5388,0.000,11.527,-175.186,0,0,334,127,97,115
1778098535.594385,0,0.976669,0.707447,0.690942,1.0284,-0.0666,1.5388,0.000,11.527,-175.186,0,0,335,127,98,114
1778098535.627752,0,0.979339,0.706308,0.691715,1.0227,-0.0682,1.5365,-0.000,11.944,-174.839,0,0,335,126,98,115
1778098535.661120,0,0.974172,0.704688,0.686488,1.0196,-0.0681,1.5370,0.000,12.625,-175.294,0,0,335,124,98,117
1778098535.727858,0,0.971268,0.703391,0.683181,1.0104,-0.0660,1.5370,0.000,11.417,-173.473,0,0,334,124,98,118
1778098535.727858,0,0.973222,0.702061,0.683261,1.0104,-0.0660,1.5370,0.000,11.417,-173.473,0,0,334,124,100,118
1778098535.794597,0,0.970619,0.701630,0.681015,1.0044,-0.0623,1.5364,0.000,11.391,-173.164,0,0,332,123,98,117
1778098535.794597,0,0.970199,0.700984,0.680094,1.0044,-0.0623,1.5364,0.000,11.391,-173.164,0,0,331,123,100,117
1778098535.827966,0,0.970435,0.700984,0.680259,1.0016,-0.0604,1.5352,0.000,11.950,-172.238,0,0,328,122,102,118
1778098535.894679,0,0.969472,0.697421,0.676130,0.9880,-0.0548,1.5315,-0.000,11.921,-171.708,0,0,326,122,102,118
1778098535.928074,0,0.966123,0.694946,0.671404,0.9777,-0.0512,1.5271,-0.000,11.782,-170.467,0,0,323,121,102,120
1778098535.961443,0,0.966014,0.693839,0.670258,0.9745,-0.0460,1.5276,0.000,12.176,-169.778,0,0,320,119,103,121
1778098535.994813,0,0.966579,0.692055,0.668926,0.9732,-0.0358,1.5343,0.000,12.510,-169.361,0,0,317,117,103,117
1778098535.994813,0,0.966514,0.692055,0.668881,0.9732,-0.0358,1.5343,-0.000,11.660,-170.360,0,0,314,117,103,118
1778098535.994813,0,0.963984,0.688380,0.663587,0.9732,-0.0358,1.5343,-0.000,11.660,-170.360,0,0,311,116,104,117
1778098536.094921,0,0.964052,0.686538,0.661859,0.9522,-0.0257,1.5271,-0.000,11.435,-169.238,0,0,308,115,104,120
1778098536.128271,0,0.965862,0.684210,0.660852,0.9444,-0.0208,1.5255,0.000,12.018,-168.938,0,0,305,115,104,118
1778098536.161664,0,0.962066,0.682558,0.656665,0.9378,-0.0160,1.5226,0.000,11.736,-167.665,0,0,301,113,105,120
1778098536.195033,0,0.960961,0.681663,0.655052,0.9371,-0.0095,1.5258,-0.000,11.931,-166.863,0,0,298,112,105,120
1778098536.228397,0,0.957952,0.680017,0.651424,0.9321,-0.0047,1.5254,-0.000,10.778,-167.074,0,0,295,112,107,120
1778098536.261748,0,0.958941,0.678814,0.650943,0.9274,0.0000,1.5233,0.000,11.488,-166.190,0,0,292,112,106,122
1778098536.295118,0,0.960180,0.677599,0.650617,0.9228,0.0047,1.5213,0.000,11.838,-165.848,0,0,290,111,106,122
1778098536.328478,0,0.960814,0.675191,0.648733,0.9149,0.0075,1.5196,-0.000,11.993,-165.756,0,0,287,109,107,124
1778098536.361847,0,0.961844,0.675018,0.649262,0.9171,0.0125,1.5240,0.000,11.213,-167.001,0,0,285,109,107,124
1778098536.361847,0,0.961929,0.673295,0.647662,0.9171,0.0125,1.5240,0.000,11.213,-167.001,0,0,283,107,108,125
1778098536.428595,0,0.961962,0.670420,0.644918,0.9025,0.0180,1.5208,-0.000,11.448,-166.530,0,0,282,105,110,130
1778098536.428595,0,0.958529,0.669034,0.641288,0.9025,0.0180,1.5208,-0.000,11.448,-166.530,0,0,280,103,110,125
1778098536.495324,0,0.959281,0.667643,0.640457,0.8975,0.0225,1.5253,0.000,10.807,-166.703,0,0,278,101,112,128
1778098536.528702,0,0.959790,0.666005,0.639225,0.8940,0.0255,1.5271,0.000,11.004,-166.655,0,0,276,100,112,128
1778098536.562072,0,0.961636,0.665549,0.640015,0.8937,0.0286,1.5286,-0.000,10.845,-167.642,0,0,276,99,112,126
1778098536.595433,0,0.961404,0.664119,0.638487,0.8897,0.0283,1.5284,0.000,10.884,-167.638,0,0,275,97,112,129
1778098536.595433,0,0.963904,0.663238,0.639297,0.8897,0.0283,1.5284,0.000,10.884,-167.638,0,0,274,97,113,129
1778098536.662170,0,0.965399,0.663228,0.640279,0.8891,0.0314,1.5314,-0.000,11.405,-168.670,0,0,274,95,113,129
1778098536.695540,0,0.967450,0.662357,0.640797,0.8885,0.0314,1.5345,0.000,11.883,-169.139,0,0,274,95,113,130
1778098536.728917,0,0.966779,0.661862,0.639874,0.8866,0.0313,1.5336,0.000,11.501,-169.672,0,0,275,94,114,132
1778098536.762285,0,0.970442,0.661438,0.641887,0.8863,0.0297,1.5351,0.000,12.407,-170.034,0,0,276,93,114,132
1778098536.762285,0,0.967609,0.659275,0.637921,0.8863,0.0297,1.5351,0.000,12.407,-170.034,0,0,276,92,115,133
1778098536.829025,0,0.968741,0.659342,0.638731,0.8810,0.0279,1.5360,0.000,11.800,-171.218,0,0,278,92,114,133
1778098536.829025,0,0.970388,0.658861,0.639351,0.8810,0.0279,1.5360,0.000,11.800,-171.218,0,0,279,92,114,130
1778098536.862394,0,0.973376,0.657620,0.640111,0.8792,0.0246,1.5351,0.000,12.235,-171.351,0,0,280,91,114,130
1778098536.895763,0,0.967366,0.658445,0.636957,0.8745,0.0228,1.5328,-0.000,12.920,-171.721,0,0,281,90,115,133
1778098536.962502,0,0.968173,0.657274,0.636355,0.8758,0.0198,1.5367,0.000,11.734,-172.217,0,0,283,90,116,133
1778098536.962502,0,0.969102,0.656286,0.636008,0.8758,0.0198,1.5367,0.000,11.734,-172.217,0,0,284,89,115,133
1778098537.029240,0,0.969704,0.655863,0.635992,0.8717,0.0150,1.5364,0.000,12.164,-172.685,0,0,286,88,115,133
1778098537.029240,0,0.968395,0.654943,0.634243,0.8717,0.0150,1.5364,0.000,12.164,-172.685,0,0,288,87,117,133
1778098537.062615,0,0.968506,0.654522,0.633909,0.8696,0.0119,1.5370,0.000,12.167,-172.125,0,0,290,86,115,135
1778098537.095985,0,0.966667,0.654100,0.632297,0.8693,0.0088,1.5385,-0.000,12.069,-173.125,0,0,292,85,117,133
1778098537.129348,0,0.965638,0.653177,0.630732,0.8690,0.0058,1.5400,-0.000,11.638,-173.759,0,0,295,86,116,129
1778098537.162717,0,0.968889,0.652344,0.632049,0.8668,0.0027,1.5406,0.000,11.509,-173.939,0,0,297,86,116,130
1778098537.229438,0,0.970095,0.651836,0.632343,0.8606,-0.0052,1.5359,0.000,12.365,-174.941,0,0,299,84,116,132
1778098537.229438,0,0.966378,0.650481,0.628611,0.8606,-0.0052,1.5359,0.000,12.365,-174.941,0,0,300,82,117,135
1778098537.262807,0,0.963496,0.649635,0.625920,0.8582,-0.0082,1.5380,0.000,11.726,-174.953,0,0,302,81,117,135
1778098537.329551,0,0.962565,0.648702,0.624417,0.8554,-0.0128,1.5415,0.000,11.186,-175.170,0,0,305,81,118,136
1778098537.362918,0,0.956307,0.647420,0.619132,0.8508,-0.0174,1.5392,-0.000,10.112,-174.465,0,0,307,79,118,140
1778098537.396286,0,0.956708,0.646064,0.618094,0.8484,-0.0204,1.5411,-0.000,10.508,-174.187,0,0,308,78,117,139
1778098537.396286,0,0.958086,0.644111,0.617113,0.8484,-0.0204,1.5411,-0.000,10.508,-174.187,0,0,311,79,118,140
1778098537.429642,0,0.958991,0.643990,0.617581,0.8425,-0.0219,1.5398,0.000,10.647,-175.256,0,0,313,78,122,139
1778098537.462998,0,0.960421,0.642014,0.616603,0.8409,-0.0264,1.5374,-0.000,10.809,-175.291,0,0,315,78,120,137
1778098537.529737,0,0.957709,0.641477,0.614348,0.8333,-0.0323,1.5351,-0.000,10.920,-174.669,0,0,316,77,122,135
1778098537.596486,0,0.963712,0.640538,0.617293,0.8311,-0.0337,1.5356,-0.000,11.946,-176.086,0,0,318,78,122,135
1778098537.629856,0,0.963105,0.639885,0.616276,0.8277,-0.0366,1.5323,-0.000,12.178,-174.709,0,0,319,76,122,137
1778098537.629856,0,0.955929,0.639885,0.611684,0.8277,-0.0366,1.5323,0.000,10.785,-174.256,0,0,320,75,123,140
1778098537.663225,0,0.954512,0.638636,0.609585,0.8268,-0.0395,1.5366,-0.000,10.875,-174.168,0,0,321,74,123,141
1778098537.663225,0,0.957578,0.637696,0.610643,0.8268,-0.0395,1.5366,-0.000,10.875,-174.168,0,0,322,74,123,141
1778098537.696596,0,0.956201,0.637162,0.609255,0.8247,-0.0409,1.5370,0.000,11.600,-174.285,0,0,323,74,123,140
1778098537.763333,0,0.959504,0.636103,0.610343,0.8192,-0.0438,1.5342,0.000,12.067,-174.355,0,0,324,74,123,140
1778098537.796672,0,0.959518,0.635564,0.609835,0.8173,-0.0452,1.5332,0.000,12.296,-173.893,0,0,325,73,123,140
1778098537.830040,0,0.963926,0.634620,0.611727,0.8152,-0.0466,1.5337,0.000,13.336,-174.136,0,0,326,73,123,140
1778098537.830040,0,0.963100,0.634079,0.610682,0.8152,-0.0466,1.5337,0.000,13.336,-174.136,0,0,327,72,125,139
1778098537.863402,0,0.958805,0.633135,0.607053,0.8133,-0.0479,1.5327,0.000,13.157,-174.208,0,0,328,71,124,141
1778098537.930132,0,0.959230,0.632191,0.606416,0.8091,-0.0507,1.5336,0.000,12.954,-173.322,0,0,329,71,124,140
1778098537.963500,0,0.959969,0.631646,0.606360,0.8072,-0.0521,1.5326,0.000,12.969,-173.749,0,0,329,71,125,142
1778098537.963500,0,0.961495,0.631646,0.607324,0.8072,-0.0521,1.5326,0.000,12.969,-173.749,0,0,330,70,125,141
1778098538.063618,0,0.959776,0.630684,0.605316,0.8051,-0.0548,1.5331,-0.000,12.946,-174.114,0,0,331,70,125,141
1778098538.063618,0,0.963000,0.630684,0.607349,0.8051,-0.0548,1.5331,0.000,13.674,-174.147,0,0,332,70,124,141
1778098538.096978,0,0.957429,0.630137,0.603311,0.8033,-0.0562,1.5321,0.000,12.736,-173.550,0,0,332,70,125,141
1778098538.130356,0,0.958294,0.630137,0.603856,0.8033,-0.0562,1.5321,0.000,12.757,-173.909,0,0,333,70,126,141
1778098538.130356,0,0.961016,0.629854,0.605300,0.8033,-0.0562,1.5321,0.000,12.757,-173.909,0,0,333,71,125,142
1778098538.197086,0,0.961084,0.629717,0.605211,0.8008,-0.0575,1.5293,0.000,13.016,-174.628,0,0,334,70,126,141
1778098538.230455,0,0.960773,0.628768,0.604104,0.7986,-0.0588,1.5297,-0.000,13.008,-174.796,0,0,334,70,125,141
1778098538.263812,0,0.958347,0.628768,0.602578,0.7986,-0.0588,1.5297,0.000,12.770,-174.118,0,0,335,69,126,139
1778098538.263812,0,0.961119,0.628355,0.603924,0.7986,-0.0588,1.5297,0.000,12.770,-174.118,0,0,335,69,125,139
1778098538.297175,0,0.961183,0.628355,0.603964,0.7984,-0.0602,1.5310,0.000,13.241,-174.758,0,0,336,69,126,138
1778098538.363911,0,0.958742,0.627802,0.601900,0.7965,-0.0616,1.5301,-0.000,12.245,-176.039,0,0,336,69,125,138
1778098538.397280,0,0.959815,0.627802,0.602574,0.7965,-0.0616,1.5301,-0.000,12.569,-175.787,0,0,336,69,125,138
1778098538.397280,0,0.957767,0.627802,0.601288,0.7965,-0.0616,1.5301,-0.000,12.569,-175.787,0,0,337,68,126,137
1778098538.430643,0,0.955559,0.626853,0.598996,0.7965,-0.0616,1.5301,0.000,12.193,-175.612,0,0,337,68,126,137
1778098538.497376,0,0.955839,0.626853,0.599171,0.7944,-0.0629,1.5305,0.000,11.959,-175.347,0,0,338,68,126,137
1778098538.497376,0,0.958816,0.626298,0.600504,0.7944,-0.0629,1.5305,0.000,11.621,-176.454,0,0,338,68,126,136
1778098538.564102,0,0.959447,0.625759,0.600383,0.7907,-0.0641,1.5285,0.000,12.223,-177.039,0,0,338,68,125,136
1778098538.564102,0,0.957754,0.625759,0.599323,0.7907,-0.0641,1.5285,0.000,12.223,-177.039,0,0,339,67,126,135
1778098538.630840,0,0.957821,0.623998,0.597678,0.7858,-0.0653,1.5274,0.000,11.390,-179.662,0,0,339,67,126,135
1778098538.664209,0,0.954730,0.622639,0.594452,0.7812,-0.0651,1.5250,0.000,10.606,178.881,0,0,338,67,126,134
1778098538.664209,0,0.954421,0.620740,0.592447,0.7812,-0.0651,1.5250,0.000,10.606,178.881,0,0,337,66,125,133
1778098538.697578,0,0.944844,0.617329,0.583280,0.7748,-0.0634,1.5216,-0.000,10.526,176.199,0,0,336,65,125,131
1778098538.730948,0,0.937554,0.616687,0.578177,0.7644,-0.0616,1.5175,0.000,9.300,173.070,0,0,335,66,125,132
1778098538.764317,0,0.918622,0.617363,0.567123,0.7632,-0.0602,1.5184,0.000,9.634,168.420,0,0,334,65,125,131
1778098538.797681,0,0.895652,0.617555,0.553114,0.7644,-0.0589,1.5175,-0.000,9.213,163.108,0,0,333,65,124,131
1778098538.864411,0,0.875143,0.620056,0.542637,0.7742,-0.0566,1.5243,0.000,9.039,154.808,0,0,330,65,123,131
1778098538.897784,0,0.842408,0.620925,0.523072,0.7770,-0.0526,1.5257,-0.000,9.365,149.899,0,0,329,65,122,131
1778098538.931153,0,0.811954,0.622303,0.505282,0.7816,-0.0514,1.5282,-0.000,9.066,146.268,0,0,328,65,122,131
1778098538.931153,0,0.792152,0.623943,0.494257,0.7816,-0.0514,1.5282,-0.000,9.066,146.268,0,0,327,66,120,132
1778098538.997892,0,0.767917,0.624887,0.479862,0.7892,-0.0488,1.5308,0.000,7.413,142.506,0,0,326,66,122,133
1778098539.031265,0,0.747244,0.624901,0.466954,0.7892,-0.0475,1.5308,-0.000,6.993,140.675,0,0,326,67,120,134
1778098539.064635,0,0.751249,0.625293,0.469751,0.7895,-0.0475,1.5294,0.000,7.399,140.773,0,0,325,66,120,133
1778098539.098005,0,0.747514,0.625184,0.467334,0.7902,-0.0461,1.5312,0.000,8.658,139.682,0,0,324,66,120,132
1778098539.131374,0,0.731312,0.625197,0.457214,0.7902,-0.0447,1.5312,0.000,7.564,138.850,0,0,323,67,118,134
1778098539.164742,0,0.738919,0.625602,0.462269,0.7904,-0.0433,1.5299,0.000,7.719,139.595,0,0,323,67,120,134
1778098539.198112,0,0.732943,0.625602,0.458531,0.7904,-0.0433,1.5299,0.000,8.446,138.511,0,0,323,67,120,135
1778098539.231482,0,0.728275,0.626141,0.456003,0.7923,-0.0434,1.5309,0.000,7.390,138.729,0,0,322,67,120,134
1778098539.231482,0,0.745856,0.625615,0.466619,0.7923,-0.0434,1.5309,0.000,7.390,138.729,0,0,321,67,122,134
1778098539.298220,0,0.735873,0.625627,0.460382,0.7904,-0.0406,1.5299,0.000,8.138,139.225,0,0,321,67,120,134
1778098539.298220,0,0.735516,0.625627,0.460159,0.7904,-0.0406,1.5299,0.000,8.138,139.225,0,0,320,66,118,132
1778098539.331583,0,0.746885,0.625246,0.466987,0.7904,-0.0406,1.5299,-0.000,7.925,139.328,0,0,319,65,122,131
1778098539.364954,0,0.728570,0.624597,0.455062,0.7902,-0.0392,1.5312,-0.000,9.187,139.822,0,0,319,66,118,132
1778098539.398317,0,0.731750,0.625257,0.457532,0.7890,-0.0378,1.5321,0.000,8.741,138.391,0,0,318,65,118,131
1778098539.431686,0,0.718903,0.624876,0.449225,0.7902,-0.0378,1.5312,0.000,9.149,138.419,0,0,318,66,118,133
1778098539.465050,0,0.723434,0.625268,0.452341,0.7899,-0.0364,1.5326,0.000,7.969,138.034,0,0,318,66,120,133
1778098539.531794,0,0.730594,0.624999,0.456620,0.7892,-0.0364,1.5308,0.000,8.298,138.952,0,0,317,67,120,134
1778098539.531794,0,0.714684,0.625671,0.447157,0.7892,-0.0364,1.5308,0.000,8.298,138.952,0,0,317,66,120,133
1778098539.565163,0,0.732055,0.625279,0.457738,0.7904,-0.0350,1.5299,0.000,7.976,137.654,0,0,315,66,122,133
1778098539.631910,0,0.730751,0.625298,0.456937,0.7902,-0.0322,1.5312,0.000,8.330,139.274,0,0,315,67,122,134
1778098539.631910,0,0.717188,0.625421,0.448544,0.7902,-0.0322,1.5312,0.000,8.330,139.274,0,0,314,68,123,136
1778098539.665290,0,0.719779,0.625822,0.450453,0.7895,-0.0322,1.5294,0.000,7.847,138.200,0,0,314,67,122,135
1778098539.698659,0,0.720172,0.625430,0.450417,0.7898,-0.0309,1.5280,-0.000,7.320,138.869,0,0,314,67,120,134
1778098539.765406,0,0.726040,0.625430,0.454087,0.7895,-0.0309,1.5294,0.000,8.391,138.837,0,0,313,67,122,135
1778098539.765406,0,0.727205,0.625439,0.454822,0.7895,-0.0309,1.5294,0.000,8.391,138.837,0,0,313,67,120,135
1778098539.798767,0,0.735562,0.625439,0.460049,0.7895,-0.0295,1.5294,0.000,8.575,138.945,0,0,311,67,118,134
1778098539.865505,0,0.744918,0.624915,0.465510,0.7877,-0.0267,1.5284,0.000,8.513,140.998,0,0,311,67,120,134
1778098539.865505,0,0.743451,0.624915,0.464593,0.7877,-0.0267,1.5284,0.000,8.513,140.998,0,0,311,67,120,134
1778098539.898875,0,0.744372,0.624915,0.465169,0.7877,-0.0267,1.5284,0.000,9.192,140.413,0,0,310,66,120,133
1778098539.932233,0,0.747073,0.624531,0.466570,0.7877,-0.0267,1.5284,0.000,9.278,140.453,0,0,309,65,122,130
1778098539.965602,0,0.748136,0.624147,0.466947,0.7874,-0.0253,1.5298,0.000,8.643,141.283,0,0,309,65,120,131
1778098539.998964,0,0.776158,0.624686,0.484855,0.7871,-0.0240,1.5311,0.000,8.914,141.364,0,0,308,65,122,131
1778098540.065703,0,0.768339,0.624693,0.479976,0.7890,-0.0226,1.5321,0.000,10.586,142.535,0,0,308,65,124,131
1778098540.065703,0,0.778845,0.624693,0.486539,0.7890,-0.0226,1.5321,0.000,10.586,142.535,0,0,307,65,123,130
1778098540.132429,0,0.774948,0.624700,0.484110,0.7890,-0.0212,1.5321,0.000,10.334,143.515,0,0,307,66,123,132
1778098540.165794,0,0.765805,0.625091,0.478698,0.7892,-0.0212,1.5308,0.000,10.318,142.506,0,0,307,66,123,132
1778098540.199161,0,0.776258,0.624551,0.484813,0.7874,-0.0212,1.5298,0.000,10.417,143.568,0,0,307,66,123,132
1778098540.232529,0,0.778670,0.624551,0.486319,0.7874,-0.0212,1.5298,0.000,10.506,143.775,0,0,307,66,123,132
1778098540.232529,0,0.765920,0.624551,0.478356,0.7874,-0.0212,1.5298,0.000,10.506,143.775,0,0,307,66,122,132
1778098540.265898,0,0.771378,0.624551,0.481765,0.7874,-0.0212,1.5298,0.000,10.431,142.447,0,0,307,66,122,133
1778098540.299262,0,0.762842,0.624551,0.476434,0.7874,-0.0212,1.5298,-0.000,10.386,143.059,0,0,308,66,120,132
1778098540.332638,0,0.756865,0.624545,0.472696,0.7874,-0.0212,1.5298,0.000,10.284,142.213,0,0,308,67,122,134
1778098540.399369,0,0.761707,0.624394,0.475605,0.7858,-0.0226,1.5274,0.000,9.708,142.311,0,0,309,65,120,131
1778098540.399369,0,0.753792,0.624147,0.470477,0.7858,-0.0226,1.5274,0.000,9.708,142.311,0,0,309,66,122,132
1778098540.432745,0,0.766078,0.623997,0.478030,0.7871,-0.0240,1.5311,-0.000,9.420,141.627,0,0,309,67,122,134
1778098540.499477,0,0.743137,0.624387,0.464005,0.7858,-0.0240,1.5274,-0.000,8.225,141.220,0,0,310,67,122,134
1778098540.499477,0,0.765545,0.623837,0.477575,0.7858,-0.0240,1.5274,-0.000,8.225,141.220,0,0,310,66,122,133
1778098540.532846,0,0.748223,0.623837,0.466769,0.7840,-0.0254,1.5265,0.000,9.895,142.383,0,0,311,66,120,133
1778098540.599580,0,0.744970,0.623439,0.464444,0.7837,-0.0267,1.5278,0.000,8.320,141.168,0,0,311,66,120,132
1778098540.632949,0,0.745850,0.623982,0.465397,0.7856,-0.0267,1.5288,0.000,8.386,141.216,0,0,311,66,122,133
1778098540.666313,0,0.746387,0.623439,0.465327,0.7837,-0.0267,1.5278,-0.000,9.086,140.817,0,0,311,66,120,133
1778098540.666313,0,0.754416,0.623439,0.470333,0.7837,-0.0267,1.5278,-0.000,9.086,140.817,0,0,311,66,122,133
1778098540.733041,0,0.759834,0.623439,0.473710,0.7837,-0.0267,1.5278,0.000,9.071,142.235,0,0,311,66,122,133
1778098540.766388,0,0.756965,0.623982,0.472333,0.7856,-0.0267,1.5288,0.000,8.680,142.189,0,0,311,66,122,133
1778098540.799757,0,0.751431,0.623982,0.468879,0.7856,-0.0267,1.5288,0.000,8.934,141.439,0,0,312,66,120,133
1778098540.799757,0,0.758595,0.623974,0.473344,0.7856,-0.0267,1.5288,0.000,8.934,141.439,0,0,311,66,122,133
1778098540.866508,0,0.761881,0.624523,0.475812,0.7874,-0.0267,1.5298,-0.000,8.815,142.623,0,0,312,66,120,133
1778098540.866508,0,0.756405,0.625055,0.472795,0.7874,-0.0267,1.5298,-0.000,8.815,142.623,0,0,312,66,122,133
1778098540.899878,0,0.761700,0.625055,0.476105,0.7892,-0.0281,1.5308,-0.000,8.493,142.145,0,0,312,67,120,134
1778098540.966604,0,0.765818,0.625447,0.478979,0.7895,-0.0281,1.5294,0.000,9.063,142.732,0,0,312,66,122,133
1778098540.999973,0,0.768574,0.625055,0.480401,0.7892,-0.0281,1.5308,0.000,8.986,143.122,0,0,312,66,122,133
1778098541.033342,0,0.765682,0.625325,0.478800,0.7902,-0.0281,1.5312,0.000,8.524,143.121,0,0,312,66,122,133
1778098541.066690,0,0.763922,0.625325,0.477699,0.7902,-0.0281,1.5312,0.000,8.194,143.156,0,0,312,66,120,133
1778098541.100060,0,0.760453,0.625863,0.475939,0.7920,-0.0281,1.5322,-0.000,8.502,142.571,0,0,313,66,120,133
1778098541.100060,0,0.763290,0.625854,0.477708,0.7920,-0.0281,1.5322,-0.000,8.502,142.571,0,0,313,66,120,133
1778098541.166796,0,0.780712,0.625854,0.488612,0.7920,-0.0295,1.5322,0.000,8.653,144.585,0,0,312,66,120,132
1778098541.200158,0,0.769768,0.625863,0.481769,0.7920,-0.0281,1.5322,0.000,8.124,143.844,0,0,313,66,120,132
1778098541.233528,0,0.775954,0.625854,0.485634,0.7920,-0.0295,1.5322,0.000,8.520,144.144,0,0,313,66,120,132
1778098541.233528,0,0.773398,0.626391,0.484449,0.7920,-0.0295,1.5322,0.000,8.520,144.144,0,0,313,66,120,133
1778098541.266897,0,0.772272,0.626391,0.483744,0.7938,-0.0295,1.5332,-0.000,8.918,143.587,0,0,313,66,120,132
1778098541.333635,0,0.782683,0.626391,0.490265,0.7938,-0.0295,1.5332,0.000,8.758,144.734,0,0,312,66,118,132
1778098541.367005,0,0.781811,0.625863,0.489306,0.7920,-0.0281,1.5322,-0.000,9.549,144.203,0,0,312,66,118,132
1778098541.367005,0,0.779498,0.625863,0.487859,0.7920,-0.0281,1.5322,-0.000,9.549,144.203,0,0,313,66,120,132
1778098541.400378,0,0.786997,0.625854,0.492545,0.7920,-0.0281,1.5322,0.000,8.815,144.445,0,0,313,65,120,131
1778098541.467116,0,0.783384,0.625461,0.489977,0.7917,-0.0295,1.5336,-0.000,9.085,144.630,0,0,313,65,120,131
1778098541.467116,0,0.781203,0.625461,0.488612,0.7917,-0.0295,1.5336,-0.000,9.085,144.630,0,0,313,65,118,131
1778098541.500486,0,0.790596,0.625997,0.494911,0.7917,-0.0295,1.5336,0.000,8.707,144.648,0,0,313,65,122,131
1778098541.533855,0,0.789946,0.625461,0.494081,0.7936,-0.0295,1.5346,0.000,8.799,145.658,0,0,313,65,118,131
1778098541.567234,0,0.792372,0.625461,0.495598,0.7917,-0.0295,1.5336,0.000,8.432,145.847,0,0,313,65,118,131
1778098541.600602,0,0.786403,0.625461,0.491865,0.7917,-0.0295,1.5336,0.000,8.322,146.211,0,0,314,65,120,131
1778098541.633963,0,0.792300,0.625453,0.495546,0.7917,-0.0295,1.5336,-0.000,8.142,145.648,0,0,314,65,120,130
1778098541.667341,0,0.786847,0.625453,0.492136,0.7917,-0.0309,1.5336,-0.000,7.881,146.423,0,0,314,65,120,131
1778098541.734077,0,0.784992,0.625453,0.490976,0.7917,-0.0309,1.5336,0.000,7.787,145.638,0,0,314,65,120,131
1778098541.800817,0,0.793944,0.624647,0.495934,0.7890,-0.0309,1.5321,0.000,7.905,146.600,1,1,314,65,120,131
1778098545.804965,0,0.955863,0.644298,0.615861,0.7896,-0.0644,1.5339,-0.000,12.841,-174.216,0,0,338,78,124,141
1778098545.804965,0,0.951055,0.638332,0.607089,0.7896,-0.0644,1.5339,-0.000,12.841,-174.216,0,0,338,76,124,141
1778098545.838346,0,0.952428,0.637538,0.607209,0.7915,-0.0643,1.5297,0.000,11.539,-174.239,0,0,338,73,125,145
1778098545.871715,0,0.955469,0.635823,0.607509,0.7909,-0.0643,1.5325,0.000,11.653,-175.059,0,0,338,71,124,143
1778098545.938454,0,0.953558,0.630218,0.600950,0.7904,-0.0642,1.5300,-0.000,11.718,-175.219,0,0,338,70,125,140
1778098545.971823,0,0.953704,0.629825,0.600666,0.7902,-0.0642,1.5314,-0.000,11.932,-174.990,0,0,339,69,126,139
1778098546.005166,0,0.956893,0.628878,0.601769,0.7880,-0.0655,1.5318,0.000,12.770,-174.923,0,0,338,69,125,138
1778098546.038530,0,0.956522,0.626151,0.598928,0.7910,-0.0641,1.5272,0.000,12.369,-174.740,0,0,338,68,125,136
1778098546.038530,0,0.957095,0.625759,0.598911,0.7910,-0.0641,1.5272,0.000,12.369,-174.740,0,0,338,68,125,137
1778098546.071899,0,0.954838,0.625759,0.597499,0.7907,-0.0641,1.5285,0.000,12.660,-174.570,0,0,338,68,125,137
1778098546.105274,0,0.957362,0.625759,0.599078,0.7907,-0.0641,1.5285,0.000,12.141,-174.647,0,0,338,68,125,137
1778098546.171995,0,0.959857,0.625759,0.600639,0.7907,-0.0641,1.5285,-0.000,13.182,-174.770,0,0,339,69,126,138
1778098546.171995,0,0.956302,0.625862,0.598513,0.7907,-0.0641,1.5285,-0.000,13.182,-174.770,0,0,339,69,126,138
1778098546.205364,0,0.958538,0.625862,0.599913,0.7901,-0.0654,1.5267,-0.000,12.556,-174.333,0,0,339,69,126,138
1778098546.238733,0,0.959407,0.625862,0.600457,0.7901,-0.0654,1.5267,0.000,12.997,-174.446,0,0,339,69,126,138
1778098546.305472,0,0.956500,0.625862,0.598637,0.7901,-0.0654,1.5267,0.000,12.576,-174.382,0,0,339,69,126,138
1778098546.338841,0,0.957139,0.625862,0.599037,0.7901,-0.0654,1.5267,0.000,12.666,-174.488,0,0,339,69,126,138
1778098546.372222,0,0.960399,0.626132,0.601337,0.7910,-0.0655,1.5272,0.000,13.521,-174.246,0,0,339,69,126,138
1778098546.405591,0,0.960556,0.625862,0.601176,0.7901,-0.0654,1.5267,-0.000,13.268,-174.836,0,0,339,68,126,137
1778098546.405591,0,0.960934,0.625470,0.601036,0.7901,-0.0654,1.5267,-0.000,13.268,-174.836,0,0,339,69,125,138
1778098546.438967,0,0.960972,0.625862,0.601436,0.7898,-0.0654,1.5280,0.000,13.948,-173.847,0,0,339,68,125,137
1778098546.472330,0,0.962110,0.625470,0.601771,0.7901,-0.0654,1.5267,0.000,13.599,-174.354,0,0,339,68,125,137
1778098546.539063,0,0.958491,0.625470,0.599508,0.7898,-0.0654,1.5280,-0.000,13.089,-174.421,0,0,340,68,126,137
1778098546.572426,0,0.960317,0.625451,0.600631,0.7898,-0.0668,1.5280,-0.000,13.681,-174.180,0,0,340,68,124,137
1778098546.572426,0,0.962369,0.624911,0.601395,0.7898,-0.0668,1.5280,-0.000,13.681,-174.180,0,0,340,68,125,137
1778098546.639164,0,0.962461,0.625451,0.601972,0.7898,-0.0668,1.5280,0.000,14.340,-173.908,0,0,340,68,125,137
1778098546.639164,0,0.959696,0.625451,0.600243,0.7898,-0.0668,1.5280,0.000,14.340,-173.908,0,0,340,69,125,138
1778098546.705916,0,0.960171,0.625302,0.600397,0.7882,-0.0667,1.5257,0.000,13.711,-173.891,0,0,340,68,125,137
1778098546.705916,0,0.962282,0.624911,0.601340,0.7882,-0.0667,1.5257,0.000,13.711,-173.891,0,0,340,68,125,137
1778098546.739285,0,0.959602,0.625451,0.600184,0.7879,-0.0667,1.5271,0.000,14.277,-173.942,0,0,340,68,125,136
1778098546.806041,0,0.961409,0.624911,0.600795,0.7879,-0.0667,1.5271,-0.000,14.043,-173.985,0,0,341,68,126,136
1778098546.806041,0,0.960850,0.624891,0.600427,0.7879,-0.0667,1.5271,-0.000,14.043,-173.985,0,0,341,68,125,136
1778098546.839393,0,0.961354,0.624891,0.600742,0.7879,-0.0681,1.5271,0.000,13.902,-174.104,0,0,342,68,126,137
1778098546.872762,0,0.966175,0.624871,0.603735,0.7879,-0.0681,1.5271,0.000,13.922,-174.289,0,0,341,68,125,137
1778098546.939494,0,0.961988,0.624349,0.600616,0.7861,-0.0680,1.5261,0.000,14.131,-174.183,0,0,341,68,125,137
1778098546.939494,0,0.963677,0.624349,0.601671,0.7861,-0.0680,1.5261,0.000,14.131,-174.183,0,0,342,68,124,136
1778098546.972870,0,0.964339,0.624329,0.602065,0.7861,-0.0680,1.5261,0.000,14.305,-174.623,0,0,342,68,125,137
1778098547.039608,0,0.965131,0.624329,0.602560,0.7861,-0.0694,1.5261,-0.000,14.720,-174.624,0,0,342,68,125,136
1778098547.072990,0,0.964384,0.624329,0.602093,0.7861,-0.0694,1.5261,0.000,14.511,-174.665,0,0,342,68,125,136
1778098547.072990,0,0.963941,0.624329,0.601817,0.7861,-0.0694,1.5261,0.000,14.511,-174.665,0,0,342,68,125,136
1778098547.106347,0,0.964183,0.624329,0.601968,0.7861,-0.0694,1.5261,-0.000,14.397,-174.674,0,0,342,68,125,136
1778098547.139716,0,0.959696,0.624329,0.599166,0.7861,-0.0694,1.5261,0.000,14.580,-174.447,0,0,342,68,125,136
1778098547.173085,0,0.962768,0.624871,0.601606,0.7861,-0.0694,1.5261,-0.000,13.718,-174.048,0,0,342,68,125,136
1778098547.239790,0,0.962550,0.624871,0.601469,0.7879,-0.0695,1.5271,-0.000,14.234,-174.348,0,0,342,68,125,137
1778098547.239790,0,0.962328,0.624871,0.601331,0.7879,-0.0695,1.5271,-0.000,14.234,-174.348,0,0,342,68,125,137
1778098547.306528,0,0.960025,0.624329,0.599372,0.7861,-0.0694,1.5261,0.000,13.632,-174.351,0,0,343,68,126,136
1778098547.306528,0,0.961552,0.624850,0.600826,0.7861,-0.0694,1.5261,0.000,13.632,-174.351,0,0,343,68,126,137
1778098547.339897,0,0.960148,0.624309,0.599429,0.7879,-0.0709,1.5271,0.000,14.009,-174.425,0,0,343,69,126,138
1778098547.373267,0,0.962101,0.625242,0.601545,0.7861,-0.0708,1.5261,0.000,13.754,-174.281,0,0,343,69,126,138
1778098547.440017,0,0.961043,0.625783,0.601404,0.7901,-0.0710,1.5267,0.000,14.141,-173.811,0,0,342,69,125,139
1778098547.440017,0,0.957249,0.625803,0.599050,0.7901,-0.0710,1.5267,0.000,14.141,-173.811,0,0,342,69,126,139
1778098547.506744,0,0.959276,0.625803,0.600318,0.7901,-0.0696,1.5267,0.000,13.747,-173.659,0,0,342,69,125,139
1778098547.540113,0,0.960498,0.625803,0.601082,0.7901,-0.0696,1.5267,0.000,13.799,-174.079,0,0,342,69,125,138
1778098547.573478,0,0.958870,0.625803,0.600064,0.7901,-0.0696,1.5267,-0.000,13.580,-173.785,0,0,342,69,125,139
1778098547.606843,0,0.957296,0.626073,0.599337,0.7910,-0.0696,1.5272,0.000,13.281,-173.671,0,0,342,69,125,139
1778098547.606843,0,0.958650,0.626073,0.600185,0.7910,-0.0696,1.5272,0.000,13.281,-173.671,0,0,342,69,125,139
1778098547.673542,0,0.956637,0.626073,0.598925,0.7910,-0.0696,1.5272,0.000,13.278,-173.410,0,0,342,69,125,139
1778098547.673542,0,0.959421,0.626073,0.600668,0.7910,-0.0696,1.5272,0.000,13.278,-173.410,0,0,342,69,125,139
1778098547.706911,0,0.959108,0.626073,0.600471,0.7910,-0.0696,1.5272,0.000,13.627,-173.932,0,0,342,69,125,139
1778098547.773644,0,0.957635,0.626073,0.599549,0.7910,-0.0696,1.5272,-0.000,13.564,-173.312,0,0,342,69,125,139
1778098547.807014,0,0.959673,0.626073,0.600825,0.7910,-0.0696,1.5272,-0.000,13.770,-173.782,0,0,342,69,125,138
1778098547.840388,0,0.958292,0.626073,0.599961,0.7910,-0.0696,1.5272,-0.000,13.729,-173.293,0,0,342,69,125,138
1778098547.873757,0,0.960871,0.626073,0.601576,0.7910,-0.0696,1.5272,0.000,14.134,-173.649,0,0,342,69,125,139
1778098547.907127,0,0.958347,0.626073,0.599995,0.7910,-0.0696,1.5272,0.000,13.530,-173.658,0,0,342,69,125,139
1778098547.907127,0,0.958601,0.626073,0.600154,0.7910,-0.0696,1.5272,0.000,13.530,-173.658,0,0,342,69,125,139
1778098547.940496,0,0.957126,0.626073,0.599231,0.7910,-0.0696,1.5272,0.000,13.548,-173.731,0,0,342,69,125,139
1778098547.973865,0,0.959590,0.626612,0.601291,0.7910,-0.0696,1.5272,0.000,13.569,-173.104,0,0,342,69,125,139
1778098548.040608,0,0.957536,0.626612,0.600004,0.7928,-0.0697,1.5281,0.000,13.368,-173.614,0,0,342,69,125,138
1778098548.040608,0,0.958510,0.627150,0.601129,0.7928,-0.0697,1.5281,0.000,13.368,-173.614,0,0,342,69,125,139
1778098548.107361,0,0.957640,0.626612,0.600069,0.7928,-0.0697,1.5281,0.000,13.534,-173.367,0,0,342,69,125,139
1778098548.140730,0,0.959127,0.627150,0.601516,0.7947,-0.0698,1.5291,0.000,13.721,-173.642,0,0,342,69,125,138
1778098548.174100,0,0.958494,0.627686,0.601634,0.7965,-0.0699,1.5301,0.000,13.449,-173.864,0,0,342,69,125,139
1778098548.207454,0,0.960050,0.627686,0.602610,0.7965,-0.0699,1.5301,0.000,14.007,-173.528,0,0,342,69,124,139
1778098548.207454,0,0.958586,0.627686,0.601691,0.7965,-0.0699,1.5301,0.000,14.007,-173.528,0,0,342,69,126,139
1778098548.240820,0,0.957645,0.627686,0.601101,0.7965,-0.0699,1.5301,0.000,13.458,-173.887,0,0,342,70,126,140
1778098548.274189,0,0.954328,0.628616,0.599906,0.7965,-0.0699,1.5301,-0.000,13.552,-173.337,0,0,341,70,125,140
1778098548.307549,0,0.957045,0.628616,0.601614,0.7986,-0.0700,1.5297,0.000,12.927,-172.961,0,0,342,70,126,140
1778098548.374273,0,0.956722,0.628616,0.601411,0.7986,-0.0700,1.5297,-0.000,13.236,-173.489,0,0,342,70,125,140
1778098548.374273,0,0.958435,0.628616,0.602488,0.7986,-0.0700,1.5297,0.000,12.961,-173.854,0,0,342,70,125,140
1778098548.407639,0,0.956666,0.628616,0.601376,0.7986,-0.0700,1.5297,0.000,13.244,-174.051,0,0,342,70,126,140
1778098548.441003,0,0.956034,0.628616,0.600979,0.7986,-0.0700,1.5297,0.000,13.103,-173.572,0,0,342,70,126,141
1778098548.507736,0,0.954941,0.629151,0.600802,0.8005,-0.0701,1.5306,-0.000,12.634,-173.725,0,0,342,71,126,143
1778098548.541103,0,0.954810,0.629547,0.601098,0.8008,-0.0701,1.5293,0.000,12.486,-173.778,0,0,342,71,126,142
1778098548.541103,0,0.951291,0.629547,0.598883,0.8008,-0.0701,1.5293,0.000,12.486,-173.778,0,0,342,71,125,142
1778098548.607840,0,0.953627,0.629547,0.600353,0.8008,-0.0701,1.5293,0.000,12.003,-174.223,0,0,342,71,126,142
1778098548.641193,0,0.950668,0.630081,0.598997,0.8026,-0.0702,1.5302,0.000,11.565,-173.852,0,0,342,71,126,143
1778098548.641193,0,0.950083,0.630347,0.598882,0.8026,-0.0702,1.5302,0.000,11.565,-173.852,0,0,342,72,125,144
1778098548.674562,0,0.950691,0.630478,0.599390,0.8035,-0.0703,1.5307,-0.000,11.361,-174.021,0,0,342,72,126,144
1778098548.707948,0,0.951196,0.630745,0.599962,0.8029,-0.0702,1.5288,0.000,11.325,-174.167,0,0,342,72,126,144
1778098548.774659,0,0.952654,0.630745,0.600882,0.8038,-0.0703,1.5293,0.000,11.585,-174.477,0,0,342,71,125,143
1778098548.808019,0,0.949018,0.630879,0.598715,0.8054,-0.0704,1.5317,-0.000,11.018,-174.290,0,0,342,71,125,143
1778098548.808019,0,0.949217,0.630879,0.598841,0.8054,-0.0704,1.5317,-0.000,11.018,-174.290,0,0,342,71,125,143
1778098548.841389,0,0.951605,0.630879,0.600347,0.8054,-0.0704,1.5317,0.000,11.194,-174.002,0,0,342,71,125,143
1778098548.908128,0,0.949939,0.630879,0.599297,0.8054,-0.0704,1.5317,-0.000,11.130,-174.452,0,0,342,71,125,143
1778098548.941497,0,0.945338,0.630879,0.596394,0.8054,-0.0704,1.5317,0.000,10.096,-174.750,0,0,342,71,125,142
1778098548.974867,0,0.952448,0.630879,0.600879,0.8054,-0.0704,1.5317,0.000,11.255,-175.335,0,0,343,69,124,139
1778098548.974867,0,0.954253,0.630062,0.601238,0.8054,-0.0704,1.5317,0.000,11.255,-175.335,0,0,344,69,124,137
1778098549.041627,0,0.952487,0.630040,0.600105,0.8048,-0.0732,1.5344,-0.000,11.158,-176.278,0,0,344,69,125,138
1778098549.041627,0,0.954923,0.630040,0.601640,0.8048,-0.0732,1.5344,-0.000,11.158,-176.278,0,0,345,70,125,141
1778098549.075001,0,0.949073,0.630040,0.597954,0.8048,-0.0732,1.5344,0.000,11.424,-176.922,0,0,347,71,126,142
1778098549.141740,0,0.952841,0.630769,0.601023,0.8054,-0.0774,1.5317,0.000,10.701,-177.596,0,0,348,72,125,144
1778098549.175109,0,0.956488,0.631144,0.603682,0.8057,-0.0788,1.5303,0.000,11.368,-177.630,0,0,350,71,126,143
1778098549.208478,0,0.954645,0.630698,0.602093,0.8054,-0.0817,1.5317,0.000,11.142,-177.648,0,0,352,72,126,144
1778098549.241843,0,0.956287,0.631047,0.603462,0.8057,-0.0845,1.5303,0.000,11.383,-177.859,0,0,353,72,125,144
1778098549.275212,0,0.956872,0.631022,0.603807,0.8057,-0.0859,1.5303,-0.000,11.193,-178.950,0,0,356,71,126,143
1778098549.308581,0,0.955468,0.630545,0.602466,0.8054,-0.0901,1.5317,0.000,11.135,-178.779,0,0,358,70,125,141
1778098549.341950,0,0.958128,0.630622,0.604217,0.8069,-0.0931,1.5340,0.000,11.601,-179.558,0,0,361,71,126,143
1778098549.341950,0,0.959446,0.630407,0.604841,0.8069,-0.0931,1.5340,0.000,11.601,-179.558,0,0,364,70,126,141
1778098549.375320,0,0.958379,0.630449,0.604209,0.8054,-0.0972,1.5317,-0.000,11.792,-179.825,0,0,366,70,125,141
1778098549.442063,0,0.959426,0.630915,0.605316,0.8088,-0.1046,1.5350,0.000,11.978,-179.973,0,0,369,70,126,141
1778098549.475439,0,0.955147,0.630820,0.602526,0.8088,-0.1089,1.5350,0.000,10.956,179.288,0,0,372,70,127,141
1778098549.475439,0,0.958423,0.630721,0.604498,0.8088,-0.1089,1.5350,0.000,10.956,179.288,0,0,375,71,126,143
1778098549.542161,0,0.958006,0.630491,0.604014,0.8072,-0.1172,1.5326,0.000,11.385,178.518,0,0,378,70,127,141
1778098549.542161,0,0.960386,0.629461,0.604526,0.8072,-0.1172,1.5326,0.000,11.385,178.518,0,0,381,70,127,141
1778098549.575525,0,0.959217,0.629878,0.604190,0.8051,-0.1212,1.5331,0.000,11.735,177.319,0,0,384,70,127,140
1778098549.642260,0,0.953886,0.629240,0.600223,0.8051,-0.1296,1.5331,-0.000,10.255,176.051,0,0,388,70,128,139
1778098549.675629,0,0.954425,0.629084,0.600413,0.8051,-0.1353,1.5331,-0.000,10.317,175.514,0,0,391,70,128,139
1778098549.708998,0,0.957013,0.628962,0.601925,0.8051,-0.1395,1.5331,0.000,10.789,175.075,0,0,393,69,128,139
1778098549.742367,0,0.957452,0.628485,0.601744,0.8048,-0.1423,1.5344,0.000,10.970,174.935,0,0,397,69,130,138
1778098549.775737,0,0.958366,0.626472,0.600389,0.7984,-0.1470,1.5310,0.000,11.163,174.687,0,0,398,69,133,138
1778098549.775737,0,0.962756,0.625812,0.602505,0.7984,-0.1470,1.5310,0.000,11.163,174.687,0,0,400,69,132,138
1778098549.842475,0,0.956162,0.625812,0.598378,0.7965,-0.1509,1.5301,-0.000,10.558,173.539,0,0,401,69,134,138
1778098549.875844,0,0.959305,0.624174,0.598773,0.7910,-0.1514,1.5272,-0.000,11.159,173.265,0,0,402,69,134,138
1778098549.875844,0,0.957871,0.623328,0.597068,0.7910,-0.1514,1.5272,-0.000,11.159,173.265,0,0,401,69,135,139
1778098549.909213,0,0.969195,0.623372,0.604168,0.7882,-0.1523,1.5257,-0.000,10.867,173.204,0,0,401,69,134,139
1778098549.942579,0,0.967821,0.622297,0.602272,0.7882,-0.1509,1.5257,0.000,13.215,172.422,0,0,400,70,133,140
1778098549.975947,0,0.968447,0.623266,0.603600,0.7845,-0.1503,1.5238,0.000,12.836,171.700,0,0,398,70,133,140
1778098550.009315,0,0.963542,0.622813,0.600106,0.7866,-0.1492,1.5234,0.000,12.899,171.877,0,0,396,70,133,140
1778098550.076048,0,0.966553,0.622896,0.602062,0.7848,-0.1434,1.5224,0.000,12.618,173.506,0,0,394,69,133,138
1778098550.109421,0,0.969217,0.622592,0.603426,0.7845,-0.1407,1.5238,0.000,13.370,173.939,0,0,391,68,133,136
1778098550.109421,0,0.967706,0.621785,0.601705,0.7845,-0.1407,1.5238,0.000,13.370,173.939,0,0,389,67,132,135
1778098550.176160,0,0.970752,0.620665,0.602512,0.7794,-0.1332,1.5240,0.000,13.953,174.475,0,0,386,67,132,134
1778098550.176160,0,0.972112,0.620344,0.603044,0.7794,-0.1332,1.5240,0.000,13.953,174.475,0,0,383,67,132,134
1778098550.242894,0,0.971578,0.620344,0.602713,0.7775,-0.1247,1.5231,0.000,14.205,174.262,0,0,380,67,132,135
1778098550.276257,0,0.971356,0.619084,0.601351,0.7729,-0.1201,1.5206,-0.000,14.028,174.495,0,0,377,67,132,134
1778098550.342991,0,0.974101,0.619448,0.603405,0.7745,-0.1122,1.5229,-0.000,14.805,174.832,0,0,374,66,132,133
1778098550.376360,0,0.970730,0.618964,0.600847,0.7727,-0.1093,1.5219,0.000,14.045,175.665,0,0,372,66,132,133
1778098550.409718,0,0.969858,0.618859,0.600205,0.7711,-0.1064,1.5196,0.000,13.669,174.907,0,0,370,67,133,134
1778098550.409718,0,0.971535,0.618889,0.601272,0.7711,-0.1064,1.5196,0.000,13.669,174.907,0,0,369,67,132,135
1778098550.476458,0,0.971167,0.619853,0.601980,0.7732,-0.1039,1.5193,0.000,13.895,175.078,0,0,368,68,133,136
1778098550.509827,0,0.972289,0.620402,0.603210,0.7750,-0.1041,1.5203,0.000,14.185,175.338,0,0,368,68,133,136
1778098550.543196,0,0.971406,0.619439,0.601727,0.7729,-0.1052,1.5206,0.000,14.025,174.621,0,0,369,67,132,135
1778098550.576566,0,0.971144,0.620261,0.602363,0.7757,-0.1055,1.5221,0.000,13.968,174.785,0,0,369,67,133,135
1778098550.576566,0,0.973846,0.620200,0.603979,0.7757,-0.1055,1.5221,0.000,13.968,174.785,0,0,371,67,133,134
1778098550.609935,0,0.971194,0.620683,0.602804,0.7757,-0.1082,1.5221,-0.000,14.608,173.877,0,0,373,67,132,135
1778098550.643312,0,0.968158,0.621549,0.601758,0.7775,-0.1111,1.5231,0.000,13.958,173.002,0,0,375,68,132,137
1778098550.676673,0,0.970172,0.620742,0.602226,0.7796,-0.1141,1.5227,0.000,13.181,172.152,0,0,378,69,133,138
1778098550.743412,0,0.972756,0.621185,0.604261,0.7781,-0.1220,1.5204,0.000,14.333,170.125,0,0,381,69,133,139
1778098550.776781,0,0.971202,0.621972,0.604060,0.7802,-0.1277,1.5200,0.000,13.905,169.310,0,0,385,70,133,140
1778098550.776781,0,0.968648,0.622674,0.603152,0.7802,-0.1277,1.5200,0.000,13.905,169.310,0,0,388,70,133,140
1778098550.810150,0,0.965174,0.622207,0.600538,0.7830,-0.1322,1.5215,-0.000,13.430,168.257,0,0,393,70,133,140
1778098550.876852,0,0.967862,0.621459,0.601487,0.7802,-0.1454,1.5200,-0.000,13.679,165.481,0,0,398,70,134,140
1778098550.876852,0,0.967259,0.620860,0.600533,0.7802,-0.1454,1.5200,-0.000,13.679,165.481,0,0,403,69,134,139
1778098550.910221,0,0.966704,0.621446,0.600754,0.7799,-0.1523,1.5214,0.000,13.659,164.748,0,0,408,69,135,139
1778098550.976954,0,0.965247,0.620403,0.598842,0.7799,-0.1659,1.5214,-0.000,13.498,162.679,0,0,413,69,135,138
1778098551.010324,0,0.965875,0.619728,0.598580,0.7796,-0.1741,1.5227,0.000,13.845,161.689,0,0,419,68,136,137
1778098551.043693,0,0.964965,0.618885,0.597202,0.7778,-0.1819,1.5217,0.000,13.352,161.582,0,0,425,68,137,136
